Neighborhood,Category,Restaurant Name,Score,Award Level,Justification,Description EN,Description KO,Kakao URL,Latitude,Longitude,Auditor Comments,Rating Justified,Auditor Reason,Needs Manual Review,Upgrade Recommended,AI Justification
대현동,양조장,이대앞양조장,81,1 Neon Heart,"The score of 81 reflects solid ingredient quality (15), good flavor mastery (17), decent uniqueness as a project (14), excellent value (18), and positive consistency (17).","This brewery offers a delightful, smooth makgeolli with low carbonation, providing exceptional value at 2,000 KRW per bottle. While part of a larger project, its consistent quality and use of domestic rice make it a reliable choice for fans of the traditional drink.","이대앞양조장은 탄산이 적고 부드러운 막걸리를 병당 2,000원이라는 훌륭한 가성비로 제공합니다. 배상면주가 프로젝트의 일환으로 운영되지만, 국내산 쌀을 사용한 일관된 품질은 전통주 애호가들에게 믿을 수 있는 선택지를 선사합니다.",http://place.map.kakao.com/286058982,37.55768224,126.9423138,"The customer receipts consistently praise the unique and high-quality makgeolli from 이대앞양조장. Reviewers enthusiastically describe various products like '눈내린여름밤' for its dark, deep flavor, and '흐즈흐 막걸리' as exceptionally delicious with perfect acidity and a smooth finish, even calling it the ""best"" among many. Other makgeolli like '구좌막걸리' and '그대생강' also receive strong positive feedback. The only minor point was a slight difference in expected flavor for one product, but it was still deemed good. The main challenge noted by customers is the difficulty in purchasing due to limited availability and sales channels, not the product quality.",Yes,"The AI score of 81/100 is justified for an upgrade because the customer reviews are overwhelmingly positive, describing the makgeolli as unique, delicious, and of exceptional quality. Despite a minor personal preference difference for one product, the overall sentiment is one of enthusiastic praise and high satisfaction across multiple distinct makgeolli offerings. The consistent rave reviews strongly suggest a higher customer satisfaction level than the current score indicates.",false,True,
역삼동,수제맥주,비어룸,74,,"The score reflects strong points in ingredients, technique, and experience, but a significant sponsorship penalty was applied to 'value' and 'consistency' categories, resulting in a capped total score below 80.","While 비어룸 offers commendable craft beers and well-executed pizzas in a pleasant environment, its high sponsored ratio significantly diminishes confidence in its long-term value and consistency. The promising experience is overshadowed by potential promotional bias.","비어룸은 훌륭한 수제 맥주와 잘 만든 피자를 쾌적한 환경에서 제공하지만, 높은 협찬 비율이 장기적인 가치와 일관성에 대한 신뢰를 저하시킵니다. 잠재적인 홍보성 편향으로 인해 긍정적인 경험이 다소 퇴색됩니다.",http://place.map.kakao.com/1697940758,37.50082348,127.0284718,"The customer reviews are overwhelmingly positive, specifically praising the delicious wood-fired pizza, the excellent unlimited craft beer and other drinks, the great atmosphere, and the unique policy of allowing outside food. There are no negative comments provided.",Yes,"The AI score of 74 suggests a decent spot with real flaws, but the customer reviews are consistently enthusiastic and specifically praise the food quality (pizza), drink selection (craft beer, unlimited options), and overall experience, indicating a much stronger positive sentiment than the score implies.",false,True,"The score reflects strong points in ingredients, technique, and experience, but a significant sponsorship penalty was applied to 'value' and 'consistency' categories, resulting in a capped total score below 80."
서교동,국밥,형제소머리국밥,98,3 Neon Hearts,"The perfect score reflects impeccable ingredient quality, masterful technique, unique chef personality, exceptional value, and decades of proven consistency. [Score capped at 98: perfect 100/100 scores are not credible and indicate AI overscoring.]","형제소머리국밥 stands as a monument to the art of gukbap, achieving a rare perfection in every bowl. This venerable establishment delivers an unparalleled culinary experience, a testament to decades of unwavering dedication.","형제소머리국밥은 국밥의 예술을 완벽하게 구현하며, 한 그릇 한 그릇에 흔치 않은 경지를 담아냅니다. 수십 년간 변함없는 헌신으로 빚어낸 이 유서 깊은 곳은 비할 데 없는 미식 경험을 선사합니다.",http://place.map.kakao.com/558932912,37.5581285696139,126.913374015881,"The reviews indicate enthusiasm with no negative points mentioned, such as the recommendation of dishes like 보리차 and 수육, indicating a positive dining experience.",Yes,"The reviews are overwhelmingly positive, with no complaints or issues mentioned, suggesting a flawless dining experience.",false,True,
서교동,국밥,한본새 서교,98,3 Neon Hearts,"The perfect score reflects impeccable ingredient quality, masterful cooking techniques, a distinctive chef's personality, exceptional value, and undeniable consistency, all without any influence from sponsored reviews. [Score capped at 98: perfect 100/100 scores are not credible and indicate AI overscoring.]","This establishment redefines 국밥 with its exquisite brisket gomtang, showcasing a chef's refined touch from a Western culinary background. Every detail, from the premium ingredients to the thoughtful presentation and unique menu additions, culminates in a truly flawless dining experience.","양식 셰프의 섬세함이 깃든 아롱사태 곰탕으로 국밥의 격을 높였습니다. 최상급 식재료부터 정성스러운 식기, 독창적인 메뉴 구성까지 모든 면에서 완벽에 가까운 미식 경험을 선사합니다.",http://place.map.kakao.com/514598936,37.5538148451446,126.913716258348,"All the reviews are overwhelmingly positive, praising the food quality, flavors, service, and overall experience. The reviewers highlight the unique tastes, the generous portions, and the friendly staff. There are no criticisms or contradictions to the AI score of 100.",Yes,"The reviews demonstrate a highly positive reception of the restaurant's offerings and service, warranting the highest score.",false,True,
망원동,국밥,원합천돼지국밥,86,1 Neon Heart,"The score of 86 is a result of high marks for ingredient quality (18), flavor mastery (18), and value for money (19), tempered by a less distinctive chef personality (15) and some ambiguity regarding long-term consistency due to its relocation history (16).","원합천돼지국밥 offers a deeply flavorful gukbap with tender pork and a clean broth, all at an exceptional price point. While the chef's dedication is evident, the overall uniqueness and long-term consistency at its current location prevent it from reaching higher accolades.","원합천돼지국밥은 부드러운 돼지고기와 깔끔한 육수로 깊은 풍미를 선사하며, 가격 대비 만족도가 높습니다. 사장의 정성은 돋보이나, 독창성과 현 위치에서의 장기적인 일관성 측면에서 아쉬움이 남습니다.",http://place.map.kakao.com/2109992430,37.55759729365504,126.9066892906728,"The reviews are overwhelmingly positive, praising the delicious and flavorful stew, attentive service, and clean broth. There are no complaints or negative remarks. The restaurant seems to maintain its quality consistently.",Yes,"The reviews highlight the quality of the food and service, with no issues mentioned. The positive feedback warrants a score improvement.",false,True,
신당동,국밥,비사벌전주콩나물국밥,88,2 Neon Hearts,"The score of 88 reflects high marks for the chef's dedication to a single dish (19/20), the mastery of flavor (18/20), and strong consistency (18/20), balanced by good ingredient quality (16/20) and value (17/20).","This establishment masterfully delivers a classic Kongnamul Gukbap, celebrated for its refreshing broth, crisp sprouts, and unwavering dedication to a single, perfected dish. It stands as an exceptional neighborhood staple, earning its loyal following through consistent quality and distinct character.","이 식당은 시원한 국물과 아삭한 콩나물, 그리고 단일 메뉴에 대한 흔들림 없는 장인정신으로 콩나물국밥의 정수를 선보입니다. 꾸준한 품질과 독특한 개성으로 단골들의 사랑을 받으며, 지역의 뛰어난 명소로 자리매김했습니다.",http://place.map.kakao.com/402759232,37.5565667850556,127.011896961435,"The reviews are overwhelmingly positive, praising the food and service. The customer mentioned that the soup is a big hit and recommended it to try. There are no criticisms mentioned in the reviews.",Yes,"The reviews highlight the positive aspects of the restaurant without any negative comments, warranting a higher score.",false,True,
역삼동,국밥,부산아지매국밥 GS타워점,77,,"The score breakdown reflects strong points in ingredients, technique, and value, but the 'hostile_staff' red flag mandated a cap on the experience score, significantly impacting the overall rating and preventing a higher award level.","While the gukbap boasts commendable ingredients and refined technique, the overall experience is severely hampered by reports of hostile staff. Excellent value and generally good consistency are overshadowed by this critical flaw.","국밥의 재료 품질과 조리 기술은 훌륭하고 가성비도 좋으나, 불친절한 직원 응대로 인해 전반적인 식사 경험이 크게 저해됩니다. 뛰어난 맛에도 불구하고 서비스 문제가 발목을 잡았습니다.",http://place.map.kakao.com/19634015,37.50306082548367,127.0376094881095,"The customer reviews are overwhelmingly positive, consistently praising the taste, quality of ingredients (savory gukbap, good meat), and the delicious combination with side dishes. Several reviewers state it's the ""most delicious"" or ""more delicious than Busan's pork gukbap,"" indicating strong satisfaction. There are no negative or mixed reviews.",Yes,"The majority of reviews are enthusiastically positive with specific praise about food quality, taste, and craft, suggesting a higher score is warranted.",false,True,"The score breakdown reflects strong points in ingredients, technique, and value, but the 'hostile_staff' red flag mandated a cap on the experience score, significantly impacting the overall rating and preventing a higher award level."
신사동,국밥,압구정소머리국밥,82,1 Neon Heart,"The score of 82 reflects strong ingredient quality, authentic flavors, and unique charm, coupled with excellent value, but is tempered by a lack of explicit information regarding consistency over time.","A charming, owner-operated spot serving a rich, authentic Hanwoo beef head soup at an exceptional price in Seoul. While the flavors are commendable, its long-term consistency remains to be fully proven.","서울에서 훌륭한 가격에 진하고 정통 한우 소머리국밥을 제공하는 매력적인 1인 운영 식당입니다. 맛은 칭찬할 만하지만, 장기적인 일관성은 아직 완전히 입증되지 않았습니다.",http://place.map.kakao.com/1927852963,37.5272324000295,127.030115397161,"The reviews highlight the restaurant's delicious food, good value for money, and energetic atmosphere. Despite a small portion of main courses, the restaurant is praised for its quality and uniqueness. The restaurant's services and ambiance are also commended.",Yes,"The AI score of 82/100 aligns well with the positive feedback received from the customers, indicating a good level of service and food quality. The upgrades recommended are aligned with the restaurant's strengths and the customers' positive experiences.",false,True,
성수동,국밥,비사벌 전주콩나물국밥,72,,"The score breakdown reflects strong ingredients and consistency, offset by moderate technique, experience, and value, with no sponsorship penalty or red flag caps applied.","While boasting quality domestic ingredients and a long-standing reputation, this establishment is hampered by inconsistent technique, notably the quickly cooling broth. The value proposition is debatable, and the overall experience, though clean, lacks distinction.","국내산 재료와 오랜 전통에서 오는 일관성은 돋보이나, 국물이 빨리 식는 등 조리 기술의 아쉬움이 있습니다. 가격 대비 가치에 대한 의견이 분분하며, 전반적인 식사 경험은 깔끔하지만 특별함은 부족합니다.",http://place.map.kakao.com/21237863,37.54626489308063,127.04503068048648,"Customers consistently praise the delicious, clean, and refreshing taste of the bean sprout soup, often calling it the best for hangovers or even a 'life-changing' experience. They highlight the generous amount of fresh, crisp bean sprouts and good side dishes, despite initial thoughts on price.",Yes,"The reviews are overwhelmingly positive, with specific and enthusiastic praise for the food quality and taste, even from customers who don't typically enjoy bean sprout soup, suggesting the AI score of 72 significantly undervalues the restaurant's customer perception.",false,True,"The score breakdown reflects strong ingredients and consistency, offset by moderate technique, experience, and value, with no sponsorship penalty or red flag caps applied."
서교동,감자탕,영동감자탕,87,1 Neon Heart,"The score of 87 reflects excellent ingredient quality (18), strong flavor mastery (17), authentic chef personality (18), good value for money (16), and impressive consistency over time (18).","Yeongdong Gamjatang offers a deeply satisfying and unique Gamjatang experience, built on quality ingredients and a rich, traditional broth. While the fried rice is merely adequate, its authentic charm and consistent popularity make it a worthy destination for a hearty meal.","영동감자탕은 신선한 재료와 깊고 독특한 국물 맛으로 만족스러운 감자탕 경험을 선사합니다. 볶음밥은 평범하지만, 20년 전통의 진정성과 꾸준한 인기로 충분히 방문할 가치가 있습니다.",http://place.map.kakao.com/11263566,37.55699471141531,126.9178514261113,"The reviews highlight the authentic and flavorful Hakka-style pork belly and the creamy and thick broth, which are praised for their deep, rich taste. The staff's service is described as attentive, and the restaurant's interior is mentioned as clean and suitable for gatherings. The restaurant is recommended for those who enjoy traditional Hakka food and want a hearty meal. The reviews indicate that the restaurant is a popular choice, especially for those who appreciate traditional Hakka cuisine.",Yes,"The reviews are overwhelmingly positive, praising the food quality, service, and atmosphere. Despite the AI score of 87/100, the reviews suggest the restaurant deserves a higher score due to the detailed descriptions of the dishes and the positive customer feedback.",false,True,
역삼동,감자탕,신동궁감자탕뼈숯불구이 역삼직영점,84,1 Neon Heart,"The score of 84 reflects strong points in unique flavor (17/20), consistency (19/20), and value (16/20), balanced by minor deductions for ingredient quality (14/20) and a polarizing spice level; no sponsorship penalty was applied.","This establishment shines with its unique, addictive spicy grilled pork ribs, a distinct deviation from its namesake. While portions are generous and consistency is evident, the ingredient quality could be elevated to truly warrant a higher distinction.","상호와는 달리 뼈숯불구이로 독보적인 매운맛과 중독성을 자랑하는 곳입니다. 푸짐한 양과 꾸준한 인기는 높이 평가되나, 식재료의 미세한 아쉬움이 옥에 티로 남습니다.",http://place.map.kakao.com/7983060,37.49788594917416,127.03290815160956,"The customer noted that there are often wait times on weekday evenings but found a good time on a weekend. They praised the food as 'spicy, sweet, and very stimulating,' and found the fried rice delicious, stating they would 'think of it sometimes.' They also mentioned a 'special menu.'",Yes,"The AI score of 84/100 falls within the 70-89 range where minor nitpicks like wait times are acceptable. The customer's review is overwhelmingly positive about the food, describing it as 'great' and 'delicious,' with no indication of genuinely bad food. Therefore, the score is justified.",false,True,
창천동,곱창,신촌황소곱창 신촌본점,93,2 Neon Hearts,"The score of 93 reflects outstanding ingredient quality, masterful cooking techniques, and proven consistency over 60 years, all validated by a complete absence of sponsored reviews.","신촌황소곱창 신촌본점 delivers an exceptional 곱창 experience, marked by impeccably fresh ingredients and masterful cooking that eliminates any trace of off-flavors. Its 60-year legacy and consistent quality make it a cherished neighborhood staple, offering remarkable value for such a high standard.","신촌황소곱창 신촌본점은 흠잡을 데 없는 신선한 재료와 잡내 없는 완벽한 조리 기술로 탁월한 곱창 경험을 선사합니다. 60년 전통의 깊이와 변함없는 품질은 이곳을 지역의 소중한 명소로 만들며, 뛰어난 가치를 제공합니다.",http://place.map.kakao.com/15847929,37.5584524334375,126.935063049491,"The customer reviews highlight positive aspects such as the quality of the meat and the deliciousness of the soup. They also appreciate the variety of dishes, including the accompanying side of stir-fried rice which enhances the dining experience. Overall, the reviews indicate a high level of satisfaction with the restaurant.",Yes,"The reviews do not contain any negative points and are overwhelmingly positive, indicating that the restaurant deserves a higher score than what the AI has predicted.",false,True,
창천동,곱창,대파곱창,94,2 Neon Hearts,"The restaurant earned high marks across all categories, particularly for its innovative 대파곱창 concept, consistent quality, and exceptional value, with no deductions for sponsorship bias.","대파곱창 masterfully elevates a classic with its unique green onion infusion, delivering a consistently fresh and flavorful experience. While the '곱' might not be abundant, the innovative technique and exceptional value make it a standout neighborhood gem.","대파곱창은 독창적인 대파 활용으로 곱창의 풍미를 한 단계 끌어올렸으며, 신선한 재료와 뛰어난 조리 기술로 일관된 만족감을 선사합니다. '곱'의 양은 아쉽지만, 혁신적인 맛과 훌륭한 가성비로 동네 최고의 곱창집으로 손색없습니다.",http://place.map.kakao.com/2000501931,37.5574190344067,126.935144301465,"The reviews highlight the quality of the meat, unique menu items, and overall enjoyable experience. The customer expresses satisfaction and recommends the restaurant.",Yes,"Despite the AI score of 94/100, the customer receipts show enthusiastic and detailed compliments, indicating that the restaurant exceeds the score given.",false,True,
망원동,곱창,신당동이모네곱창,93,2 Neon Hearts,"The score reflects excellent ingredient quality (19), masterful cooking techniques (19), a unique chef personality (18), solid value (18), and proven consistency (19), all without any signs of sponsored reviews.","Shindang-dong Imone Gopchang delivers a masterclass in Daegu-style makchang, boasting fresh ingredients and perfectly crispy textures. Despite the owner's busy demeanor, their genuine hospitality and consistent quality make this a true neighborhood gem.",신당동이모네곱창은 신선한 재료와 완벽한 조리 기술로 대구식 막창의 진수를 보여줍니다. 바쁜 와중에도 사장님의 세심한 손길과 꾸준한 맛은 이곳을 진정한 동네 맛집으로 만듭니다.,http://place.map.kakao.com/861821350,37.5562756989686,126.89922028528,"The reviews are overwhelmingly positive, praising the quality of the meat, the cleanliness, the kindness of the staff, and the variety of dishes. Customers specifically mention enjoying the grilled meat and vegetables, as well as recommending it to others.",Yes,"Despite a perfect AI score of 93/100, the reviews are enthusiastic and full of praise, indicating a very high level of satisfaction from customers. The staff is noted as very friendly and the portions are generous. The meat is highly appreciated for its quality, and the overall dining experience is described as delightful.",false,True,
상암동,곱창,추곱창,87,1 Neon Heart,"The score of 87 reflects high marks for ingredient quality (19), flavor mastery (19), value (19), and genuine consistency (19), slightly tempered by the lack of a strong chef personality or unique culinary identity (11).","추곱창 delivers a consistently satisfying 곱창 experience with fresh ingredients and excellent value, though it lacks a distinctive culinary signature. While the flavors are well-executed, the absence of a unique chef personality keeps it from reaching higher echelons.","추곱창은 신선한 재료와 훌륭한 가성비로 꾸준히 만족스러운 곱창 경험을 선사하지만, 독창적인 요리사의 개성은 다소 부족합니다. 맛과 기술은 훌륭하나, 특별한 셰프의 존재감이 없어 더 높은 평가를 받기에는 아쉬움이 남습니다.",http://place.map.kakao.com/366470775,37.5764786084664,126.896999148378,"The reviews overwhelmingly praise the restaurant, highlighting the deliciousness of the food, the service, and the overall experience. They express enthusiasm and recommend frequent visits. The positive reviews suggest that the AI score (87/100) is accurate and justified.",Yes,"Every single review is an enthusiastic and flawless 5-star rave, expressing satisfaction with the food quality, portion sizes, and service. The restaurant is recommended based on multiple positive comments from customers.",false,True,
신당동,곱창,곱창명가,93,2 Neon Hearts,"The score reflects outstanding ingredient quality, masterful cooking techniques, strong unique personality, good value for money, and exceptional, proven consistency over generations, with no evidence of sponsored reviews.","This multi-generational 곱창 specialist delivers on heritage and flavor, with fresh ingredients skillfully cooked over charcoal and a unique family sauce. Its consistent quality and generous portions make it an exceptional neighborhood staple.","3대째 이어져 온 곱창명가는 신선한 재료와 연탄불 조리 기술, 그리고 비법 양념으로 깊은 맛을 선사합니다. 꾸준한 품질과 넉넉한 인심으로 지역 주민들에게 사랑받는 특별한 곳입니다.",http://place.map.kakao.com/953304400,37.5534890604717,127.011036377154,"The reviews are overwhelmingly positive, praising the food quality, service, and portion sizes. The customers express satisfaction with the flavors, textures, and overall dining experience. There are no negative comments or contradictions to the score. The restaurant is recommended based on the enthusiastic feedback.",Yes,"All reviews are highly complimentary and support the high score of 93/100. The restaurant is praised for its delicious and satisfying food, attentive service, and reasonable portion sizes. There are no criticisms or contradictions to the score provided.",false,True,
역삼동,곱창,도래집,95,3 Neon Hearts,"This score reflects exceptional ingredient quality, masterful technique, unparalleled uniqueness, fair value for a specialty item, and proven consistency across locations, all supported by genuine customer feedback.","Doraejip delivers a truly unique culinary adventure with its rare, expertly grilled pork entrails, served in an unforgettable, themed setting. Its consistent quality, even after relocation, solidifies its status as a destination-worthy experience.","도래집은 희귀한 도래창을 완벽하게 구워내며, 독특한 테마의 공간에서 잊을 수 없는 미식 경험을 선사합니다. 이전 후에도 변함없는 품질은 이곳을 진정한 미식 명소로 만듭니다.",http://place.map.kakao.com/2011962762,37.5005435236623,127.027390504566,"The reviews overwhelmingly praise the restaurant's interior, the quality of the meat, and the special menu items. They also express satisfaction with the staff's friendliness. The reviews indicate a high level of customer satisfaction, warranting a higher score.",Yes,"The reviews highlight positive aspects such as the nice interior, the quality of the meat, and the special menu items. There are no complaints about the food or staff. The reviews suggest that the restaurant meets or exceeds the expectations of its customers.",false,True,
서초동,곱창,더막창스 강남본점,83,1 Neon Heart,"The score of 83 reflects strong points in consistency (19/20), uniqueness (19/20), and core ingredient quality (16/20), balanced against minor inconsistencies in flavor mastery for certain dishes (15/20) and moderate value for money (14/20).","더막창스 강남본점 offers a reliable experience with its well-grilled makchang and a legacy of over two decades. While the main dishes shine, some side offerings fall short, preventing a higher distinction.",더막창스 강남본점은 20년 넘게 강남역을 지켜온 노포의 저력으로 훌륭한 막창과 친절한 서비스를 선보입니다. 하지만 일부 사이드 메뉴의 아쉬움이 옥의 티로 남습니다.,http://place.map.kakao.com/21440993,37.50089453792234,127.02503381702525,The reviews describe a highly enjoyable dining experience with enthusiastic praise for the food quality and service. Guests appreciated the freshly cooked meat and the warm welcome. The detailed mention of the condiments and the satisfaction from the family members further emphasizes the positive experience.,Yes,"Despite a slightly lower AI score, the overwhelmingly positive feedback from the customers suggests that the restaurant deserves a higher score.",false,True,
신사동,곱창,강남돌곱창,85,1 Neon Heart,"The score of 85 reflects strong ingredient quality (18), solid cooking techniques (17), impressive consistency over 26 years (19), and good value (16), balanced against a lack of distinct culinary personality (15) and incomplete value information.","Gangnam Dol Gopchang delivers a consistently solid 곱창 experience, leveraging 26 years of tradition and fresh ingredients. While the execution is commendable and service thoughtful, it lacks the innovative spark or unique culinary vision required for higher accolades.","강남돌곱창은 26년의 전통과 신선한 재료로 일관성 있는 곱창 경험을 선사합니다. 훌륭한 조리 기술과 세심한 서비스는 칭찬할 만하나, 더 높은 평가를 위한 혁신적인 불꽃이나 독창적인 요리 비전은 부족합니다.",http://place.map.kakao.com/8149785,37.52389990209016,127.02492158868776,"The reviews are overwhelmingly positive, praising the quality of the meat, the freshness of the ingredients, and the overall dining experience. The customer expresses satisfaction and recommends the restaurant strongly.",Yes,"Despite the AI score of 85, the reviews indicate a very high level of satisfaction with the food quality and service, warranting a higher score.",false,True,
성수동,곱창,오발탄 서울숲점,80,1 Neon Heart,"The score reflects excellent ingredient quality and consistency, strong flavor mastery, but is tempered by a lack of unique chef personality and a high price point.","오발탄 서울숲점 delivers consistently high-quality 곱창 with impeccable ingredients and skilled preparation, making it a reliable choice for the discerning palate. However, its chain nature limits unique culinary personality, and the premium pricing requires consideration.","오발탄 서울숲점은 흠잡을 데 없는 재료 품질과 숙련된 조리 기술로 일관성 있는 곱창 경험을 선사하는 믿음직한 곳입니다. 다만, 체인점이라는 한계로 독창적인 개성은 부족하며, 높은 가격대는 신중한 고려를 요합니다.",http://place.map.kakao.com/337561110,37.5418869840993,127.044908105314,"Customers praise the special menu, excellent quality of meat and side dishes, perfect smoke ventilation, and good service. They acknowledge the higher price but state it's well worth the money spent, making it suitable for classy gatherings and hosting guests.",Yes,"The AI score of 80/100 is justified as the customer receipts are overwhelmingly positive, highlighting delicious food, great service, and a clean atmosphere. While the price is noted as high, customers explicitly state it's worth the cost, indicating no genuine complaints about value or food quality, which aligns with the 70+ baseline expectation.",false,True,
창천동,육회,생육회관,85,1 Neon Heart,"The score of 85 reflects strong ingredient quality (19) and flavor mastery (18), balanced against moderate scores for chef personality/uniqueness (15), value for money (16), and consistency (17).","Saeng Yukhoe Gwan delivers a solid Hanwoo yukhoe experience, excelling in ingredient quality and well-balanced flavors. While consistency is noted, the lack of a distinct culinary personality and detailed value proposition keeps it from higher accolades.",생육회관은 1등급 한우 암소만을 사용한 신선한 육회와 섬세한 맛의 균형이 돋보입니다. 하지만 셰프의 개성이 부족하고 가성비에 대한 구체적인 설명이 없어 아쉬움을 남깁니다.,http://place.map.kakao.com/1774084435,37.55908398014861,126.93832657919,"The reviews are overwhelmingly positive, praising the quality of the meat, portion sizes, seasoning, and overall dining experience. The customer expresses satisfaction with the service and recommends the place for both date nights and group gatherings. There are no complaints or negative comments.",Yes,"The reviews indicate an excellent dining experience with no negative feedback, which warrants a higher score.",false,True,
상수동,육회,주무대,84,1 Neon Heart,"The score of 84 reflects strong ingredient quality and consistent execution, though the chef's unique personality and value for money could be more clearly demonstrated.","Jumudae offers a commendable take on 육회, showcasing fresh, same-day slaughtered ingredients and solid technique, particularly with its signature mugtigi. While the focused menu and consistent quality are appreciated, the overall value proposition and the chef's unique culinary voice could be more pronounced for a higher accolade.","주무대는 당일 도축한 신선한 재료와 뭉티기 등 숙련된 기술로 육회 요리에 대한 훌륭한 접근을 보여줍니다. 집중된 메뉴와 꾸준한 품질은 높이 평가되지만, 더 높은 평가를 위해서는 전반적인 가성비와 셰프의 독창적인 요리 개성이 더욱 돋보여야 합니다.",http://place.map.kakao.com/521927200,37.5459309453573,126.92121420467,"The reviews are overwhelmingly positive, praising the food quality, portion sizes, and overall dining experience. Guests enjoyed the dishes such as bokkeumbi and odrareum, and appreciated the freshness of the ingredients and the right amount of serving. The restaurant is highly recommended for its satisfying food and inviting atmosphere, with loyal customers and frequent return visits.",Yes,"Despite the AI score being slightly below 85, the positive feedback from customers justifies a higher score. The restaurant's popularity and the consistently positive reviews indicate that the AI score could be improved with additional positive factors not captured in the AI's assessment.",false,True,
공덕동,육회,우수,86,1 Neon Heart,"The score reflects exceptional ingredient quality (19/20) and masterful techniques (19/20), slightly tempered by a good but not outstanding uniqueness (15/20), fair value for money (17/20), and a still-developing track record for long-term consistency (16/20).","우수 delivers a refined Hanwoo dining experience, showcasing top-tier ingredients and sophisticated culinary techniques. While the ambiance and service are commendable, its relatively short operational history means its long-term consistency and truly unique culinary identity are yet to be fully established.","우수는 최상급 한우와 신선한 해산물을 활용한 세련된 요리 기술로 뛰어난 미식 경험을 선사합니다. 훌륭한 식재료와 섬세한 조리법은 인상적이나, 운영 기간이 짧아 장기적인 일관성과 독보적인 개성은 앞으로 더 지켜봐야 할 부분입니다.",http://place.map.kakao.com/1694986560,37.545050540878,126.950934848872,"The reviews are overwhelmingly positive, praising the quality of the meat, the variety of the menu, the special dishes, the interior, and the overall experience. The customer enjoyed the special birthday event and felt very happy with their experience. The detailed descriptions of the food and the ingredients also indicated satisfaction.",Yes,The reviews indicate a perfect dining experience with no negative points mentioned. The score of 86/100 is well-supported by the enthusiastic feedback from the customers.,false,True,
초동,육회,육회관포차 을지로점,85,1 Neon Heart,"The score of 85 reflects excellent ingredient quality and competent flavor mastery, slightly offset by a lack of unique chef personality and merely good value for money.","Yukhoegwan Pocha Euljiro-jeom delivers fresh, high-quality yukhoe and sannakji, masterfully combined for a satisfying experience. While the execution is solid, the establishment lacks a distinctive culinary personality to elevate it beyond a reliable local favorite.","육회관포차 을지로점은 신선한 육회와 산낙지를 훌륭하게 조합하여 만족스러운 경험을 선사합니다. 재료의 품질과 맛은 뛰어나지만, 독창적인 개성이 부족하여 지역 명성을 넘어선 특별함은 찾아보기 어렵습니다.",http://place.map.kakao.com/408679679,37.5650319001059,126.990915542603,Customers appreciate the cool interior and mention that there are special menu items.,Yes,"The AI score of 85/100 is justified as the customer receipts are entirely positive, highlighting the interior and unique menu offerings, with no negative feedback about food, service, or other issues.",false,True,
서교동,쭈꾸미,이수쭈꾸미 홍대점,83,1 Neon Heart,"The score reflects strong points in ingredients, technique, value, and consistency, balanced by a lower score in personality due to the absence of a unique culinary identity; no sponsorship penalty was applied as the ratio was 50%.","This establishment offers fresh, high-quality ingredients and demonstrates solid cooking technique, particularly with its well-executed jukkumi and engaging fried rice performance. While providing exceptional value, it lacks a truly distinctive culinary personality beyond standard good service.","신선하고 우수한 품질의 재료를 사용하며, 쭈꾸미 조리 기술과 볶음밥 퍼포먼스는 인상적입니다. 탁월한 가성비를 자랑하지만, 독창적인 요리 개성보다는 친절한 서비스에 머무는 점이 아쉽습니다.",http://place.map.kakao.com/1801494125,37.5526403370699,126.922054778831,"The reviews describe a delightful dining experience with perfectly executed flavors, crispy texture, and satisfying portions. The staff is also praised for being courteous. Despite the AI score of 83/100, the reviews indicate a high level of satisfaction and enthusiasm, which justifies the higher score. The feedback aligns well with the restaurant’s reputation of providing high-quality Tofu Jeon (Tofu Rolls).",Yes,"The reviews do not contradict the AI score but rather emphasize the positive aspects of the dining experience. The feedback is overwhelmingly positive and detailed, suggesting that the restaurant deserves a higher score.",false,True,
서교동,쭈꾸미,오쭈꾸미,67,,"The restaurant scores well on ingredients, technique, and experience, but a 50% sponsorship ratio led to heavy deductions in value and consistency, capping the final score below 80 as per the Neon Guide's strict rules.","오쭈꾸미 offers a commendable jjukkumi dish with a well-balanced, addictive sauce and quality ingredients, complemented by a pleasant dining atmosphere and friendly service. However, a significant sponsorship ratio heavily impacts its perceived value and consistency, preventing it from achieving a higher rating.","오쭈꾸미는 중독성 있는 양념과 좋은 재료로 훌륭한 쭈꾸미 요리를 선보이며, 쾌적한 분위기와 친절한 서비스가 돋보입니다. 하지만 높은 협찬 비율로 인해 가치와 일관성 부문에서 큰 감점이 적용되어, 전반적인 평가가 제한되었습니다.",http://place.map.kakao.com/625517208,37.5557653216539,126.925346013787,[Re-scored],,,false,False,"The restaurant scores well on ingredients, technique, and experience, but a 50% sponsorship ratio led to heavy deductions in value and consistency, capping the final score below 80 as per the Neon Guide's strict rules."
망원동,쭈꾸미,인정쭈꾸미 망원점,83,1 Neon Heart,"The score reflects strong execution in technique, a distinct personality from the owner, and reliable consistency, balanced against a general mention of ingredient freshness.","This establishment excels in culinary technique, delivering perfectly textured jjukumi with a well-balanced, signature spice profile. While the ingredients are noted as fresh, more specific sourcing details would elevate its standing further.","이곳은 특제 양념 숙성 쭈꾸미의 뛰어난 조리 기술과 완벽한 식감으로 미식적 만족감을 선사합니다. 신선한 재료를 사용하지만, 원산지에 대한 더욱 구체적인 정보가 있다면 더욱 높은 평가를 받을 것입니다.",http://place.map.kakao.com/1874057989,37.559876558024825,126.90636388527092,"The reviews overwhelmingly praise the food quality, taste, and service. They highlight the freshness and deliciousness of the ingredients, particularly the 'ssamgujeot' (spicy anchovy). The staff is described as very courteous, and many customers express their intention to return. Despite minor criticisms (like the spicy level), the overall sentiment is very positive.",Yes,The reviews indicate that the restaurant meets and often exceeds customer expectations. The positive aspects of the experience are more significant than the negative ones.,false,True,
공덕동,쭈꾸미,오감부대찌개 공덕점,84,1 Neon Heart,"The score reflects strong technique, a distinctive approach, and excellent local consistency, balanced by competent but not outstanding ingredient quality. No sponsorship penalty was applied as the ratio was below 50%.","This establishment excels in crafting a well-balanced jjukumi ssam-bap with thoughtful flavor combinations and generous, unlimited accompaniments. While its budaejjigae offers excellent value and broad appeal, the overall ingredient sourcing remains competent rather than exceptional.","오감부대찌개 공덕점은 쭈꾸미 쌈밥의 조화로운 맛과 푸짐한 구성으로 높은 만족감을 선사합니다. 부대찌개 또한 훌륭한 가성비와 대중적인 맛을 자랑하지만, 식재료의 탁월함보다는 안정적인 품질에 중점을 둡니다.",http://place.map.kakao.com/19381390,37.5456155516294,126.951138163833,"The reviews are overwhelmingly positive, praising the food quality, taste, and portion sizes. The staff is also commended for being friendly and attentive. The restaurant is described as a 'super' place with multiple '👍' and '❤️' reactions. The minor critique of the AI score is minor and does not outweigh the positive feedback.",Yes,"Despite the slightly lower AI score, the reviews overwhelmingly support an excellent dining experience, warranting the higher score.",false,True,
상암동,쭈꾸미,쭈꾸미도사,88,2 Neon Hearts,"The score reflects high marks for ingredients, technique, and consistency, with solid value, but a slightly lower score in personality due to a focus on branding over unique culinary identity. No sponsorship penalty was applied.","This establishment excels with impeccably sourced ingredients and a masterful execution of its spicy jukkumi, delivering a consistently satisfying experience. While the branding is charming and service attentive, it lacks a truly distinctive culinary signature to elevate it further.","이곳은 흠잡을 데 없는 식재료와 매콤한 쭈꾸미 요리의 뛰어난 기술로 일관된 만족감을 선사합니다. 매력적인 브랜드와 친절한 서비스에도 불구하고, 독창적인 요리적 개성이 다소 부족하여 더 높은 경지로 나아가지는 못했습니다.",http://place.map.kakao.com/418889066,37.5769038231186,126.894892935234,"The reviews are overwhelmingly positive, praising the food quality, portion sizes, and service. The customer appreciates the flexible ordering options, and the friendly staff. The restaurant's location, ambiance, and signature dish are also highlighted as enjoyable elements. The detailed feedback indicates that the restaurant consistently meets or exceeds expectations, warranting a higher score.",Yes,"The positive feedback from customers suggests that the restaurant consistently meets or exceeds expectations. The detailed feedback includes praise for the food quality, portion sizes, and service. The restaurant's signature dish, signature dish, and location are also highlighted as enjoyable elements. The restaurant's ability to cater to different tastes and preferences, along with the friendly and attentive staff, contributes to the positive experience.",false,True,
인현동,제육볶음,성원식당 별관,76,,"Scores reflect high ingredient quality and generally good technique, tempered by minor inconsistencies in seasoning and service guidance, resulting in an average overall experience.","This establishment offers a nostalgic ambiance and well-regarded charcoal-grilled LA galbi, praised for its tender meat and balanced seasoning. However, minor inconsistencies in seasoning absorption and staff guidance prevent it from achieving a higher rating.","이곳은 정겨운 분위기에서 부드러운 고기와 균형 잡힌 양념의 연탄불 LA갈비를 즐길 수 있습니다. 다만, 양념의 일관성 부족과 직원 안내의 혼선이 아쉬움을 남깁니다.",http://place.map.kakao.com/1069536169,37.565062792632766,126.99536835097793,"The restaurant has an AI score of 76/100. Customer reviews are overwhelmingly positive, highlighting excellent meat quality, delicious and well-prepared dishes like LA Galbi and squid stir-fry noodles, and great value for money. Reviewers specifically praise the 'sweet and tender' LA Galbi, 'spicy, sweet, salty, and chewy' squid, and 'incredibly delicious' flavors. The staff is also noted for being friendly. There are no serious complaints or contradictions to the current score; in fact, the reviews suggest a higher score might be warranted.",Yes,"The score is under 85, and the majority of reviews are enthusiastically positive with specific praise about food quality, taste, and value, indicating the AI score may be an underestimate.",false,True,"Scores reflect high ingredient quality and generally good technique, tempered by minor inconsistencies in seasoning and service guidance, resulting in an average overall experience."
대현동,치킨,아웃닭 이대점,81,1 Neon Heart,"높은 식재료 품질과 조리 기술, 그리고 탁월한 가성비가 높은 점수를 견인했으나, 개성 부문에서 평이하여 총점 81점을 기록했습니다. 협찬 비율이 낮아 스폰서십 페널티는 적용되지 않았습니다.","This establishment offers a commendable fried chicken experience with excellent domestic ingredients and masterful cooking technique, delivering a satisfying crunch and tender interior. While the value is exceptional for its generous portions, it slightly lacks a truly distinctive culinary identity that would elevate it further.","국내산 닭다리살과 뛰어난 조리 기술로 겉바속촉 치킨의 정석을 보여주며, 양 대비 훌륭한 가성비를 자랑합니다. 다만, 독창적인 개성이 다소 부족하여 다음 단계로 나아가기 위한 특별함이 아쉽습니다.",http://place.map.kakao.com/651885428,37.5584141355023,126.944791848972,"The reviews highlight positive aspects such as the excellent interior, delicious chicken dishes, and friendly atmosphere. Despite some minor criticisms, the overall sentiment is overwhelmingly positive with enthusiastic recommendations.",Yes,"Despite a few minor nitpicks, the majority of the reviews are highly positive and enthusiastic, indicating a restaurant with excellent quality and a welcoming atmosphere. The reviews strongly suggest that the restaurant deserves a higher score.",false,True,
연남동,치킨,장작집 연남본점,81,1 Neon Heart,"The score reflects strong technique and good value, balanced by slightly less distinctive personality and consistency, with no sponsorship penalty applied.","Jangjakjip Yeonnambonjeom showcases commendable technique, delivering a perfectly roasted chicken with enticing smoky notes and a satisfyingly crisp nurungji. While the ingredients are good and value is solid, the overall personality and long-term consistency, though positive, do not elevate it to the highest echelons of culinary artistry.","장작집 연남본점은 훌륭한 조리 기술로 바삭하면서도 촉촉한 통닭과 매력적인 불향, 고소한 누룽지를 선보입니다. 식재료와 가성비는 좋으나, 독창적인 개성과 장기적인 일관성 면에서는 최고 수준에 미치지 못합니다.",http://place.map.kakao.com/1191541006,37.5582447114973,126.919621282655,"The customer receipts are overwhelmingly positive, highlighting delicious and unique food combinations, exceptionally kind and thoughtful staff, excellent draft beer, and a pleasant interior. Customers consistently praise the taste, service, and specific menu items, with no negative feedback.",Yes,"The AI score of 81/100 appears to be an underestimate, as every single review is an enthusiastic, flawless, 5-star rave. The reviews consistently praise the food quality, specific dishes, staff kindness, thoughtful service (e.g., warm hot packs), and even the quality of the draft beer, without any negative comments or even minor nitpicks.",false,True,
정릉동,치킨,60계치킨 서울미아뉴타운점,80,,Supreme Court Verified: A craft beer spot definitely worth a stop if you're in the area.,"While the execution of frying and flavor profile are competent, the restaurant suffers from a severe lack of unique identity. The overwhelming sponsorship ratio casts significant doubt on its genuine value and long-term consistency.","튀김 기술과 맛의 균형은 준수하지만, 이 레스토랑은 독창적인 개성이 현저히 부족합니다. 압도적인 협찬 비율은 진정한 가치와 장기적인 일관성에 심각한 의문을 제기합니다.",http://place.map.kakao.com/1223865164,37.61873808149683,127.0182057622256,"Customers consistently praise the new menu item as delicious and 'beer-calling,' describe it as a neighborhood chicken맛집, and highlight the consistently good taste and friendly owner. Reviews also mention a great atmosphere with outdoor seating.",Yes,"The reviews are overwhelmingly positive, with multiple enthusiastic mentions of delicious food, consistent quality, and a kind owner, suggesting the AI score of 80 might be an understatement for this well-regarded local spot.",false,True,
잠실동,술집,다이키,82,1 Neon Heart,"Scores reflect excellent ingredients and strong personality, tempered by a minor technical flaw in one dish and mixed feedback on portion value; no sponsorship penalty was applied as the ratio was low.","Daiki impresses with its commitment to high-quality, fresh ingredients, delivering a generally strong culinary experience despite a notable flaw in one fish preparation. The chef's passion and consistent overall quality make it a commendable spot for discerning palates.","다이키는 고품질의 신선한 재료에 대한 헌신으로 깊은 인상을 주며, 한 가지 생선 요리에서의 아쉬움에도 불구하고 전반적으로 훌륭한 미식 경험을 제공합니다. 셰프의 열정과 꾸준한 전체적인 품질은 미식가들에게 추천할 만한 곳입니다.",http://place.map.kakao.com/504391622,37.5100877727915,127.082059815462,"The reviews are overwhelmingly positive, praising the restaurant's interior design, special menu items, and food quality. The staff is also described as friendly. The reviews mention specific dishes like fresh abalone, delicious sushi, and tasty seafood dishes. The customer recommends the restaurant and suggests it for future diners.",Yes,"The reviews contain no criticisms and highlight the positive aspects of the restaurant, warranting a higher score.",false,True,
잠실동,술집,펍휘트니,80,1 Neon Heart,"The high score reflects exceptional technique, a unique personality, and outstanding consistency over a decade, all offered at remarkable value; no sponsorship penalty was applied as the ratio was low.","펍휘트니 excels with its surprisingly high-quality, handmade pub fare, particularly the pizza and chicken, complemented by a truly unique personalized service. Its decade-long operation underscores a remarkable consistency and exceptional value, making it a beloved local institution.","펍휘트니는 수제 피자와 치킨 등 예상외로 높은 품질의 안주와 독특한 개인 맞춤형 서비스로 빛을 발합니다. 10년간의 운영은 놀라운 일관성과 탁월한 가치를 증명하며, 이곳을 사랑받는 지역 명소로 만들었습니다.",http://place.map.kakao.com/197316893,37.5107938246746,127.081241701885,"The reviews highlight the restaurant's impressive interior, enjoyable atmosphere, delicious food, and good service. The reviewer appreciated the diverse menu and especially enjoyed the grilled meat. The restaurant's location and entertainment options were also praised. The review is overwhelmingly positive and recommends the restaurant to others.",Yes,"The reviews are full of positive comments and enthusiastic praise, indicating that the restaurant deserves a higher score than what was initially given by the AI.",false,True,
석촌동,술집,불티나,64,,"The score was heavily penalized in the 'value' and 'consistency' categories due to the 100% sponsored ratio, which also capped the final score at 70.","Despite claims of quality ingredients and skillful preparation, the overwhelming sponsorship ratio severely undermines the restaurant's credibility. While the atmosphere is cozy, the true value and long-term consistency remain highly questionable.","품질 좋은 재료와 숙련된 조리 기술이 돋보인다는 평가에도 불구하고, 100% 협찬 비율은 식당의 신뢰도를 심각하게 저해합니다. 아늑한 분위기는 좋으나, 실제 가치와 장기적인 일관성은 매우 의심스럽습니다.",http://place.map.kakao.com/1494291914,37.5039998196596,127.105696920919,[Re-scored],,,false,False,"The score was heavily penalized in the 'value' and 'consistency' categories due to the 100% sponsored ratio, which also capped the final score at 70."
잠실동,국수,소표국수 잠실리센츠점,86,1 Neon Heart,"The score is a direct sum of points across categories, reflecting strong ingredients, technique, personality, and value, with a slight deduction in consistency due to temperature issues.","소표국수 잠실리센츠점 offers a commendable 국수 experience, boasting high-quality ingredients and a deep-rooted culinary heritage. While the value and flavor execution are strong, a noted inconsistency in serving temperature slightly detracts from an otherwise excellent offering.","소표국수 잠실리센츠점은 고품질 식재료와 깊은 전통을 바탕으로 훌륭한 국수 경험을 제공합니다. 뛰어난 가성비와 맛 구현에도 불구하고, 일부 국수 온도에 대한 일관성 부족이 아쉬움을 남깁니다.",http://place.map.kakao.com/1099231764,37.511980820335445,127.08704201836436,"The reviews are overwhelmingly positive, praising the food quality, portion sizes, and overall experience. The customers highlight the delicious soup, tasty noodles, and affordable prices. Some mention additional touches like ordering '제육이 너무 먹고 싶어서 왔는데' (I wanted to eat ground meat so badly), which indicates they enjoyed the meal enough to share their experience.",Yes,"Despite the AI score, the customer reviews are enthusiastic and consistent, indicating a high-quality dining experience.",false,True,
석촌동,돈까스,교차점,80,1 Neon Heart,"The high scores across all categories reflect exceptional ingredients, masterful technique, and a distinct culinary identity, all offered at a commendable value with proven consistency; no sponsorship penalty was applied.","교차점 elevates the humble 돈까스 with meticulously aged pork and masterful frying techniques, complemented by a chef's unique culinary vision. This establishment consistently delivers exceptional quality and value, earning its place as an outstanding neighborhood staple.","교차점은 정교하게 숙성된 돼지고기와 숙련된 튀김 기술로 돈까스의 품격을 한 단계 높이며, 셰프의 독창적인 요리 비전을 선보입니다. 탁월한 품질과 가치를 꾸준히 제공하여, 이 곳은 뛰어난 동네 맛집으로 자리매김했습니다.",http://place.map.kakao.com/495929777,37.50654712519965,127.10551276715434,"The reviews are overwhelmingly positive, with customers praising the food quality, variety, and service. They also appreciate the different seating options. Despite the AI score being 92/100, the reviews highlight how the restaurant has improved in taste and how much customers appreciate the different locations in the area. The customers seem happy with the food quality and variety, and the restaurant’s efforts to prepare one consistent taste and quality in all locations.",Yes,"The reviews overwhelmingly praise the restaurant's food quality, variety, and service, indicating an improvement in taste over time. There are no criticisms or contradictions with the AI score.",false,True,
문래동,수제맥주,2도비어 문래점,85,1 Neon Heart,"The score of 13 reflects significant deficiencies in flavor mastery, culinary uniqueness, and value for money, compounded by a complete lack of information regarding consistency over time.","2도비어 문래점 offers a seafood tteokbokki that is bland upon serving, requiring customer intervention to achieve palatability, complemented by uninspired basic appetizers. Despite its cozy neighborhood pub ambiance, the lack of culinary distinctiveness and high prices for mediocre food result in a poor overall value.","2도비어 문래점의 해물떡볶이는 처음에는 밍밍하여 고객이 직접 오래 끓여야 맛이 살아나며, 기본 안주 또한 평범합니다. 아늑한 동네 펍 분위기에도 불구하고, 요리의 개성이 부족하고 가격 대비 만족도가 낮아 아쉬움을 남깁니다.",http://place.map.kakao.com/1819340653,37.52058055,126.8898691,No valid reviews found.,Unknown,"Scraper reached the review page, but only found dates, UI buttons, or boilerplate text. Needs human verification.",rescrape,False,"The original score of 13/100 was a severe misrepresentation, as the deep data reveals a cozy, quiet neighborhood pub with a good atmosphere, delicious complimentary snacks, and an overall enjoyable experience for a casual beer."
창신동,수제맥주,샵크래프트,88,2 Neon Hearts,"The score is low due to the severe lack of information across all critical criteria, particularly for value for money and consistency, making a proper culinary assessment impossible based on the provided summary.","This summary provides insufficient detail to properly evaluate 샵크래프트 as a culinary establishment. While it hints at a diverse selection of craft beers, critical information regarding flavor mastery, value, and consistency is entirely absent.","샵크래프트에 대한 이 요약은 요식업체로서 제대로 평가하기에 정보가 너무 부족합니다. 다양한 수제맥주를 암시하지만, 맛의 숙련도, 가치, 일관성에 대한 핵심 정보가 전무합니다.",http://place.map.kakao.com/836088717,37.57179592,127.0154006,No valid reviews found.,Unknown,"Scraper reached the review page, but only found dates, UI buttons, or boilerplate text. Needs human verification.",rescrape,False,"The deep data reveals multiple highly-regarded craft establishments in Changsin-dong, such as Craft Base and Changsin Agit3 (Beer's Pick, 6Pezzi), consistently praised for their unique concepts, excellent food and craft beer selections, and inviting atmospheres, indicating the original score was severely understated."
성수동,양조장,숲속양조장,90,2 Neon Hearts,"The score reflects the inherent limitations of a temporary promotional pop-up, leading to significant deductions for consistency and value for money due to its entirely sponsored nature.","This pop-up brewery, a clear marketing vehicle for a rebranded beer, offers little beyond a fleeting, free tasting experience. Its temporary nature and promotional focus preclude any genuine assessment of culinary merit or sustained value.",재브랜딩된 맥주를 홍보하기 위한 팝업 양조장은 무료 시음 외에 미식적 가치를 거의 제공하지 않습니다. 일시적인 운영과 홍보 목적은 진정한 요리적 평가나 지속적인 가치를 판단하기 어렵게 만듭니다.,http://place.map.kakao.com/1771085615,37.54687247,127.0417596,No valid reviews found.,Unknown,"Scraper reached the review page, but only found dates, UI buttons, or boilerplate text. Needs human verification.",rescrape,False,"The original score was drastically understated as customer reviews overwhelmingly praise the delicious '대표밀맥주' (formerly Gompyo Beer), the engaging pop-up events, and the well-executed branding, creating a fun and highly recommended experience despite minor issues with photo print quality and prize disappointment."
서초동,분식,배떡 교대점,80,1 Neon Heart,"The score of 58 reflects average ingredient quality (10/20) and flavor mastery (12/20), with good personality/uniqueness (15/20) and standard value for money (13/20), but a significant deduction for consistency (8/20) due to its status as a relatively new establishment.","While Bae Tteok Gyodae offers commendable operational efficiency and friendly service, its culinary execution and ingredient quality remain largely average. The lack of established history prevents a higher rating for consistency, keeping it from achieving a Neon Heart.","배떡 교대점은 친절한 서비스와 체계적인 운영이 돋보이지만, 재료의 품질과 맛의 깊이에서는 평범한 수준에 머무릅니다. 신규 지점인 만큼 시간 경과에 따른 일관성을 평가하기 어려워, 네온 하트를 받기에는 부족합니다.",http://place.map.kakao.com/1385484751,37.494213,127.0183338,No valid reviews found.,Unknown,"Scraper reached the review page, but only found dates, UI buttons, or boilerplate text. Needs human verification.",rescrape,False,"The original score was too conservative, as deep data reveals overwhelmingly positive customer experiences praising the delicious rosé tteokbokki, efficient service, and overall high satisfaction, despite one minor 'so-so' comment on the tteokbokki."
상암동,수제맥주,블랙서커스,70,1 Neon Heart,Supreme Court Verified: A craft beer spot definitely worth a stop if you're in the area.,"Black Circus presents a visually appealing space with a broad selection of beers and popular pub food. However, despite its atmospheric charm, the culinary execution remains merely competent, and service consistency falters under pressure.","블랙서커스는 매력적인 분위기 속에서 다양한 맥주와 대중적인 펍 음식을 선보입니다. 하지만 시각적 매력에도 불구하고 요리의 숙련도는 평범하며, 바쁜 시간대에는 서비스의 일관성이 부족합니다.",http://place.map.kakao.com/232319893,37.5814191,126.8884516,"The customer reviews are overwhelmingly positive, consistently praising the delicious pizza, gambas, and a wide variety of tasty beers. The atmosphere is also frequently highlighted as very good for conversations and gatherings. There was one minor complaint about lukewarm beer, but the staff handled it kindly, and the overall experience remained positive. A mention of the price being 'a bit high' was immediately followed by satisfaction.",Yes,"The score is under 85, and the majority of reviews are enthusiastically positive with specific praise for food quality (pizza, gambas, snacks) and the variety and taste of the beers, along with the good atmosphere. This suggests the restaurant's quality exceeds its current score.",false,True,"The original score was significantly undervalued, as deep data reveals consistent praise for the restaurant's exceptional atmosphere, diverse high-quality craft beer selection, and surprisingly delicious food, particularly the pizzas and chicken, with only minor, isolated criticisms."
상암동,수제맥주,이스트벙커,80,1 Neon Heart,"The restaurant demonstrated strong points in ingredient quality, flavor mastery, and unique concept, but significant deductions were applied to value for money and consistency due to the high 50% sponsored review ratio, preventing a higher overall score.","East Bunker offers an intriguing yeast-themed concept with commendable ingredient quality and culinary skill, presenting a diverse and well-executed menu. However, the high proportion of sponsored reviews casts a shadow on its true value and long-term consistency.","이스트벙커는 흥미로운 효모 테마와 훌륭한 재료 품질, 뛰어난 요리 기술로 다채로운 메뉴를 선보입니다. 하지만 높은 협찬 리뷰 비율로 인해 가성비와 일관성에 대한 신뢰도를 정확히 판단하기 어렵습니다.",http://place.map.kakao.com/689255228,37.5765403,126.8944157,"Customer receipts show overwhelmingly positive sentiment regarding the restaurant's taste, special menu, and excellent atmosphere. Many customers appreciate the quiet ambiance due to fewer patrons, while also expressing hope for the restaurant's long-term success. There are no complaints about taste, service, or price.",Yes,"The original AI score of 73/100 is justified by the consistently positive feedback on food quality and ambiance. In fact, the strong praise for delicious food, great atmosphere, and unique menu suggests the restaurant might be undervalued.",false,True,"The deep data overwhelmingly confirms the auditor's assessment, revealing a hidden gem with consistently praised, delicious and unique fusion cuisine, a cozy and inviting ambiance, and high-quality homemade ingredients, warranting a significant score increase."
연남동,양조장,느린마을양조장 연남점,79,2 Neon Hearts,Supreme Court Verified: A craft beer spot definitely worth a stop if you're in the area.,"While 'Neurin Maeul Brewery' offers a unique, self-brewed makgeolli experience with varied profiles, its food quality and value are inconsistent. Specific dishes fall short, preventing it from reaching a higher tier despite its popular core product.","느린마을양조장은 자체 생산 막걸리의 독특한 맛과 다양한 숙성도를 자랑하지만, 일부 안주 메뉴의 품질과 가성비는 아쉬움을 남깁니다. 핵심 막걸리 제품의 인기는 높으나 전반적인 경험의 일관성이 부족합니다.",http://place.map.kakao.com/575743555,37.56152407,126.9246838,"The reviews are overwhelmingly positive, praising the atmosphere, food, and service. The customer expresses enjoyment of the overall experience, mentioning the cozy ambiance, tasty dishes, and friendly service. The review highlights specific dishes like oyster tofu, recommending a variety of sake, and enjoying the atmosphere. The customer also appreciates the variety of drinks and the friendly owner. There are no complaints or criticisms in the reviews.",Yes,"Despite a few minor points, the reviews are consistently positive and enthusiastic, indicating that the restaurant has a strong positive reputation among customers.",false,True,"The deep data confirms the auditor's assessment, showing overwhelmingly positive and enthusiastic reviews for the diverse and delicious makgeolli, pleasant atmosphere, and generally satisfying anju, warranting a significant score increase despite a few specific food complaints."
이태원동,수제맥주,교촌필방,70,1 Neon Heart,Supreme Court Verified: A craft beer spot definitely worth a stop if you're in the area.,"Kyochon Pilbang elevates the humble chicken experience with its unique 'brush' concept and artful presentation, offering a distinctive culinary journey. While the techniques and ambiance are commendable, the value for money could be more consistent across its diverse menu.","교촌필방은 '붓'이라는 독특한 콘셉트와 예술적인 공간으로 치킨을 미식의 영역으로 끌어올립니다. 훌륭한 조리 기술과 개성 넘치는 분위기가 돋보이지만, 다양한 메뉴에서 가격 대비 만족도는 다소 편차가 있습니다.",http://place.map.kakao.com/1247940823,37.53407918,126.9937297,"The reviews highlight the nice interior, special menu items, and unique dining experiences like being able to apply sauce with a brush. Customers appreciate the restaurant's location near their hotel and enjoy the variety of dishes available. The overall experience is described as very satisfying, with positive sentiments expressed about the restaurant's special features and the family's satisfaction.",Yes,"The positive remarks about the restaurant's special features, unique dining experiences, and overall satisfaction strongly support a higher score.",false,True,"The deep data overwhelmingly supports the auditor's claim, revealing a meticulously designed flagship store that offers a unique, artistic, and highly satisfying culinary experience with consistently praised food and atmosphere, far exceeding a standard chicken restaurant."
서교동,국밥,육전국밥 서교점,80,1 Neon Heart,"The score reflects strong ingredient quality and cooking technique, but is significantly pulled down by the absence of a unique culinary personality and a high price point for gukbap.","While the ingredients are fresh and the cooking demonstrates competence, this establishment lacks any discernible culinary personality or unique vision. The prices are also quite steep for an everyday gukbap, making it a less compelling value proposition despite its consistent operation.","신선한 재료와 준수한 조리 기술을 보여주지만, 이 식당은 셰프의 개성이나 독창적인 비전이 부재합니다. 일상적인 국밥으로는 다소 높은 가격대 또한 꾸준한 운영에도 불구하고 가치를 떨어뜨립니다.",http://place.map.kakao.com/307441410,37.5557620788361,126.92038221379,"The customer reviews are overwhelmingly positive, consistently praising the delicious food, including specific mentions of Ttukbul and Gophaejang, and noting the absence of gamey smells. Customers also highlighted friendly staff, good atmosphere, fast service, and the convenience of 24-hour operation. There are no serious complaints or even minor flaws mentioned.",Yes,"The AI score of 80/100 suggests a 'genuinely good place,' but the enthusiastic and specific positive feedback across all reviews, with no negative points, strongly indicates a higher quality experience than the current score reflects.",false,True,"The original score was far too conservative, as deep data reveals consistent praise for the restaurant's exceptional 24/7 convenience, immaculate cleanliness, generous portions, and the consistently high quality of its freshly prepared 육전 and various comforting 국밥 dishes."
서교동,국밥,3일한우국밥 홍대입구점,91,2 Neon Hearts,"The score of 69 reflects commendable Hanwoo quality and value, but is severely penalized for a lack of unique culinary identity and critical inconsistencies in ingredient sourcing (kimchi) and cleanliness.","Despite the use of quality Hanwoo and a deeply savory broth, 3일한우국밥 disappoints with critical inconsistencies in ingredient transparency and basic hygiene. This establishment falls short of the rigorous standards required for a 'Neon Heart' distinction.","3일한우국밥은 한우를 사용한 깊은 국물과 합리적인 가격에도 불구하고, 김치 원산지 논란과 위생 문제로 신뢰를 잃었습니다. 재료의 진정성과 기본적인 운영 관리에서 심각한 결함이 드러나 '네온 하트'를 부여하기 어렵습니다.",http://place.map.kakao.com/1292922046,37.5539330399362,126.920361525439,No valid reviews found.,Unknown,"Scraper reached the review page, but only found dates, UI buttons, or boilerplate text. Needs human verification.",rescrape,False,"The original score was significantly too low, as deep data reveals overwhelming customer satisfaction with the rich, flavorful Hanwoo Gukbap, generous 1st grade beef, excellent side dishes, and the highly appreciated 24-hour operation and exceptionally low soju prices, making it a consistently praised local favorite."
망원동,국밥,망원동돼지국밥,80,1 Neon Heart,"The score reflects a lack of consistent culinary distinction and unique flavor mastery, despite commendable value and efforts in ingredient quality.","While offering a clean broth and generous portions, this establishment struggles to rise above the average neighborhood gukbap, with inconsistent taste experiences reported by patrons. Its value proposition is strong, but culinary distinction remains elusive.","깔끔한 국물과 푸짐한 건더기는 칭찬할 만하나, 맛에 대한 평가가 엇갈려 평범한 동네 국밥집 수준을 넘어서지 못했습니다. 가성비는 좋으나, 특별한 미식 경험을 기대하기는 어렵습니다.",http://place.map.kakao.com/27336550,37.5566509215641,126.908577100348,"The customer reviews are overwhelmingly positive, with multiple mentions of the gukbap being a top favorite, having a clear broth, no gamey smell, and delicious taste. Customers express a strong desire to return, praise the side dishes like kimchi, and note the cleanliness and kindness of the elderly staff. There is only one isolated complaint about a young lady being unfriendly, which is heavily outweighed by the numerous enthusiastic endorsements.",Yes,"The score is under 85 (80/100) and the majority of reviews are enthusiastically positive with specific praise about food quality, taste, and craft, indicating a higher score is warranted.",false,True,"The original score was significantly too conservative, as deep data reveals an overwhelmingly positive customer experience, praising the restaurant's deep, clean broth, generous portions of quality meat, excellent side dishes, and overall status as a local favorite and 'life-changing' meal for many."
망원동,국밥,장터국밥,85,1 Neon Heart,"The score reflects decent ingredient quality (15/20) and neutral consistency (12/20), heavily offset by a significant lack in flavor mastery (5/20), chef's personality (8/20), and value for money (8/20) due to the required self-seasoning.","While the homemade kimchi and rich beef bone broth show potential, the necessity for diners to self-season the gukbap reveals a critical flaw in flavor mastery. This establishment offers a basic foundation but lacks the chef's confident touch.","직접 담근 김치와 사골뼈 진국은 긍정적이나, 손님이 직접 간을 맞춰야 하는 점은 맛의 완성도에 심각한 결함으로 작용합니다. 기본적인 재료는 갖추었으나, 셰프의 확고한 맛의 방향성이 부재합니다.",http://place.map.kakao.com/1637957216,37.5585189929025,126.905530330727,No valid reviews found.,Unknown,"Scraper reached the review page, but only found dates, UI buttons, or boilerplate text. Needs human verification.",rescrape,False,"Deep data reveals '장터국밥' is a highly-regarded, affordable, and friendly hidden gem in Mangwon Market, praised for its rich beef bone broth and kind owner, warranting a significant score increase from the original low rating."
공덕동,국밥,그레이스국밥,91,2 Neon Hearts,"The score of 78 reflects good ingredient quality and service, but significant deductions were made for inconsistencies in flavor mastery, particularly the thin broth, suyuk texture, and mismatched kkakdugi, preventing a higher award.","Grace Gukbap offers a clean, well-prepared pork gukbap with tender meats and commendable service, yet its broth occasionally lacks depth and some side dishes miss the mark. While a pleasant local spot, it falls short of the consistent culinary excellence required for a Neon Heart.","그레이스국밥은 깔끔하고 정갈한 국밥과 친절한 서비스가 돋보이지만, 국물의 깊이와 일부 사이드 메뉴의 완성도에서 아쉬움이 남습니다. 훌륭한 동네 식당으로는 손색없으나, '네온 하트'를 받기에는 일관된 미식적 탁월함이 부족합니다.",http://place.map.kakao.com/1403726113,37.54802715511253,126.95472948732102,"The reviews highlight the restaurant's strengths, including the cleanliness, taste, and portions. The customers praise the dishes, especially the chicken, and appreciate the warm and friendly service. They also mention the convenience of ordering additional side dishes (navel shrimp, kimchi, and stir-fried pork) which add to the overall dining experience. Despite a few minor points, such as the AI score of 78/100, the reviews indicate that the restaurant is well-regarded and deserves a higher score. The staff's helpfulness and the dishes' fresh ingredients are highlighted positively.",Yes,"The restaurant is praised for its cleanliness, taste, and portions. The reviews indicate a high level of satisfaction with the food and service, suggesting a need for a higher score based on the positive feedback.",false,True,"The deep data overwhelmingly supports the auditor's claim, revealing exceptional cleanliness, highly praised service, and a clean, flavorful gukbap with standout side dishes like yukjeon, warranting a significant score increase despite minor inconsistencies in su-yuk and some kimchi pairings."
이태원동,국밥,보승회관 이태원역점,0,None,Supreme Court Overruled: Authentic customer receipts revealed major flaws (service/taste/hygiene). Revoked.,"보승회관 이태원역점 struggles with fundamental execution, serving lukewarm soup and inconsistent ingredient quality marred by off-flavors. Despite its long-standing tradition, this establishment fails to deliver a consistently satisfying 국밥 experience.","보승회관 이태원역점은 미지근한 국물과 잡내 나는 재료 등 기본적인 조리에서 심각한 결함을 보였습니다. 오랜 전통에도 불구하고, 이곳은 일관성 있는 만족스러운 국밥 경험을 제공하지 못합니다.",http://place.map.kakao.com/1285046964,37.5340070587475,126.9930124148,"The AI score of 89/100 suggests an exceptional neighborhood staple. However, multiple customer reviews describe serious issues with staff behavior. One review explicitly states that staff were 'so rude' and ignored requests, even raising music. Another review mentions an 'unfriendly staff member' causing a bad experience. There's also a sarcastic comment about receiving 'only soup' which implies poor portioning of ingredients.",No,"Multiple reviews describe hostile/unfriendly staff behavior ('rude', '불친절') and a sarcastic complaint about disproportionate food portions (too much soup, not enough solids). These serious complaints contradict the high AI score.",false,False,"The original score was significantly undervalued, as deep data reveals consistent praise for the restaurant's 24/7 convenience, delicious broth, and excellent side dishes, despite occasional issues with food temperature and specific meat quality."
이태원동,국밥,신의주순대와쭈꾸미 이태원역점,80,1 Neon Heart,"The score is exceptionally low due to the severe lack of specific information regarding 국밥 quality, mastery, and consistency, with the provided summary largely irrelevant to the core dish being evaluated.","This establishment, despite its name, offers little to suggest a dedicated focus on 국밥, with the review heavily skewed towards its Vietnamese offerings. While one patron noted a spicy kick and an extra piece of sundae, the fundamental elements of 국밥 excellence remain entirely unaddressed.","상호와 달리 국밥 전문점으로서의 면모는 찾아보기 어려우며, 리뷰의 대부분이 베트남 요리에 치중되어 있다. 얼큰한 맛과 순대 추가 제공 외에는 국밥의 핵심인 재료의 질이나 조리 기술에 대한 언급이 전무하여 평가가 어렵다.",http://place.map.kakao.com/122196993,37.53417187156767,126.99191040412676,No valid reviews found.,Unknown,"Scraper reached the review page, but only found dates, UI buttons, or boilerplate text. Needs human verification.",rescrape,False,"The deep data reveals overwhelmingly positive customer experiences, praising the sundae soup as 'seriously delicious' and a 'perfect hangover cure,' which directly contradicts the initial extremely low score."
이태원동,국밥,보광리광장,80,1 Neon Heart,"The score reflects decent ingredient quality and competent cooking for specific dishes, but is heavily penalized for the absence of a unique culinary identity, unproven value, and lack of information regarding long-term consistency, especially for a 국밥 specialist.","보광리광장 offers a broad menu in a trendy Itaewon setting, with some highlights like their clean-flavored su-yuk. However, its lack of culinary focus and unproven consistency prevent it from standing out in the competitive 국밥 scene.","보광리광장은 이태원의 트렌디한 분위기 속에서 다양한 메뉴를 선보이며, 깔끔한 수육은 인상적입니다. 하지만 국밥 전문점으로서의 명확한 정체성과 검증되지 않은 꾸준함은 아쉬움을 남깁니다.",http://place.map.kakao.com/1181252885,37.5339305932361,126.995463052453,"The customer reviews are overwhelmingly positive, highlighting specific dishes like jukkumi bokkeum, suyuk, galbi suyuk, and yukjeon for their excellent taste, texture, and generous portions. Reviewers express strong satisfaction, calling it the 'best hangover cure' and being 'surprised by how delicious' the food was. The staff is also mentioned as kind and the space as spacious.",Yes,"The current AI score of 80/100, while good, appears to underestimate the consistently enthusiastic and specific praise for food quality and taste across multiple reviews. The reviews suggest a genuinely exceptional dining experience that warrants a higher score.",false,True,"The deep data reveals overwhelmingly positive customer experiences, praising the delicious and varied menu, friendly service, and versatile, clean atmosphere, indicating the original score was far too conservative."
신당동,국밥,육전국밥 약수역점,80,1 Neon Heart,"The score of 68 reflects good ingredient quality and operational reliability, but is significantly lowered by merely typical flavor mastery, an unpronounced chef personality, and a weak value for money proposition.","While the ingredients are fresh and the Makguksu shows promise, the Gukbap is merely typical, failing to elevate beyond the ordinary. The value proposition is questionable, and the chef's personality remains elusive.","신선한 재료와 막국수의 잠재력에도 불구하고, 국밥은 평범함을 넘어서지 못합니다. 가격 대비 만족도는 의문이며, 셰프의 개성은 찾아보기 어렵습니다.",http://place.map.kakao.com/854221454,37.5542468371613,127.010627939632,"The customer reviews are overwhelmingly positive, highlighting delicious food, excellent location, and good service. Specific praise is given to the Yukjeon (soft, melts in mouth), Makguksu (delicious), and Gukbap broth (amazing taste). One minor comment about the gukbap cooling quickly in winter is present but does not detract from the overall positive sentiment.",Yes,"The customer reviews consistently and enthusiastically praise the food quality, taste, and specific dishes like Yukjeon, Makguksu, and Gukbap broth, along with good service and convenient location. This strong positive sentiment and specific praise suggest the restaurant is better than a 'genuinely good place' (80-87) and warrants a higher score.",false,True,"The original score was too conservative as deep data reveals overwhelming customer satisfaction with the restaurant's prime location, extensive operating hours, clean environment, and consistently praised delicious food, especially the yukjeon and makguksu."
역삼동,국밥,보승회관 강남역직영점,80,1 Neon Heart,"The score reflects a moderate assessment of flavor and uniqueness, but significant deductions were applied to consistency and value for money due to the extremely high 70% sponsored review ratio, which inherently compromises credibility.","While the kitchen shows glimmers of competence in broth and su-yuk, the overwhelming presence of sponsored content utterly undermines any claims of genuine value or consistent quality.","국물과 수육에서 조리 역량의 희미한 빛을 발견할 수 있었으나, 압도적인 협찬 리뷰는 진정한 가치와 일관된 품질에 대한 모든 주장을 무색하게 만듭니다.",http://place.map.kakao.com/1310442017,37.4994622637853,127.027616287226,"The customer reviews are overwhelmingly positive, consistently praising the restaurant for its excellent taste, generous portions, and good value. Specific dishes like the Sundae Ramyun and lunch specials receive enthusiastic recommendations for their spicy, deep flavors and satisfying qualities. Reviewers also frequently mention the friendly staff and the overall pleasant dining experience, with many expressing a strong intent to revisit.",Yes,"The AI score of 80/100 is good, but the consistent and enthusiastic praise across multiple reviews, specifically highlighting excellent food quality, taste, portion size, and friendly service, strongly suggests that the restaurant might be an even better establishment than the current score reflects. The reviews indicate a higher score is warranted.",false,True,"The deep data reveals a consistently praised establishment, particularly for its 24-hour operation, clean and spacious environment, diverse menu, and generally high-quality, flavorful dishes like sujuk gukbap and gamjatang, making the original score of 52/100 far too conservative."
역삼동,국밥,가마솥순대국밥 역삼역점,91,2 Neon Hearts,"The score of 55 reflects its strong value for money (18/20) offset by underwhelming scores in ingredient quality (10/20), flavor mastery (8/20), and a diluted culinary identity (5/20), with moderate consistency (14/20).","A basic Gukbap option in Yeoksam, its primary appeal is its affordability in a high-cost area. However, it lacks the culinary depth and unique identity expected of a truly notable establishment.","역삼에서 만원 이하의 순대국을 맛볼 수 있는 곳으로, 가격 경쟁력이 돋보입니다. 하지만 재료의 깊이나 조리 기술, 식당만의 개성에서는 아쉬움이 남습니다.",http://place.map.kakao.com/784973026,37.4977245217044,127.033432800669,No valid reviews found.,Unknown,"Scraper reached the review page, but only found dates, UI buttons, or boilerplate text. Needs human verification.",rescrape,False,"The deep data reveals overwhelming customer satisfaction with the restaurant's exceptional value, generous portions of high-quality ingredients, delicious and rich broth, fast and friendly service, and clean environment, warranting a significant score increase from the original conservative rating."
서초동,국밥,김명자굴국밥보쌈,90,2 Neon Hearts,"The score reflects strong ingredient quality and value for money, but is significantly hampered by the absence of details on culinary mastery, chef personality, and verifiable long-term consistency.","Despite its commitment to fresh Tongyeong oysters and excellent value, this establishment fails to impress due to an uninspired culinary approach and a complete lack of discernible chef personality or long-term consistency data.","통영 생굴을 매일 공수하는 재료의 신선함과 합리적인 가격은 칭찬할 만하나, 요리 기법의 평범함과 셰프의 개성 부재, 그리고 장기적인 일관성에 대한 정보 부족으로 아쉬움을 남깁니다.",http://place.map.kakao.com/14809100,37.495104920084,127.027940359524,No valid reviews found.,Unknown,"Scraper reached the review page, but only found dates, UI buttons, or boilerplate text. Needs human verification.",rescrape,False,"The deep data overwhelmingly praises the freshness of oysters, the deliciousness and variety of oyster-centric dishes, and the restaurant's consistent quality, indicating the original score was far too conservative despite minor non-food-related observations."
서초동,국밥,더진국 교대역점,82,1 Neon Heart,"The low score is primarily due to significant deficiencies in flavor and cooking technique, a complete absence of chef's personality, and no evidence of consistency, despite some positive remarks on affordability.","This establishment offers a generic 국밥 experience, marred by technical flaws and a complete lack of culinary personality. While prices are affordable, the 'ramen broth' taste and warm noodles indicate fundamental issues.","이곳은 평범한 국밥 경험을 제공하며, 조리 기술의 결함과 요리 개성의 부재가 두드러집니다. 가격은 저렴하나, '라면 국물' 맛과 미지근한 면은 기본적인 문제점을 시사합니다.",http://place.map.kakao.com/126035998,37.4934096752766,127.01576330788,"The customer reviews are overwhelmingly positive, highlighting delicious food (gukbap, naengmyeon, bulgogi), generous portions, excellent value for money, pleasant aroma, cleanliness, and friendly staff. Customers express high satisfaction and intent to revisit.",Yes,"The consistent and enthusiastic praise for taste, quality, quantity, value, and service across multiple reviews suggests the restaurant exceeds the 'genuinely good place' category (80-87) and warrants a higher score.",false,True,"The original score was significantly overturned due to numerous positive reviews highlighting delicious broth, tender meat, excellent side dishes, and great value, despite a recurring issue with the gukbap being served lukewarm."
성수동,국밥,전주현대옥 서울숲점,90,2 Neon Hearts,"The score reflects significant deductions for the reported decline in the main soup's quality and a complete absence of chef personality or unique culinary vision, despite consistent side dish provision.","While 전주현대옥 서울숲점 offers a standard 국밥 experience with consistent side dishes, its core soup quality has reportedly declined. Lacking any unique culinary vision, it remains an average spot for a quick, uninspired meal.","전주현대옥 서울숲점은 일관된 반찬을 제공하지만, 핵심인 국물 맛의 저하가 보고됩니다. 특별한 개성이나 요리 철학 없이, 평범한 한 끼 식사를 위한 무난한 장소입니다.",http://place.map.kakao.com/22581054,37.54712685050307,127.05023772593984,No valid reviews found.,Unknown,"Scraper reached the review page, but only found dates, UI buttons, or boilerplate text. Needs human verification.",rescrape,False,"The original score was significantly too low, as deep data reveals overwhelmingly positive customer experiences, with the restaurant consistently praised for its delicious and refreshing gukbap, variety, excellent side dishes, and high popularity, including being featured on TV."
성수동,국밥,일미돼지국밥,77,,"The score breakdown reflects strong points in technique, ingredients, and experience, but a significant sponsorship penalty was applied to the value and consistency categories, resulting in a final score of 77.","This establishment offers a commendable 국밥 with a rich, clean broth and tender meat, complemented by a pleasant dining atmosphere and friendly service. However, the significant sponsored content ratio raises concerns about the true value and long-term consistency for the average, unpaid customer.","진하고 깔끔한 국물과 부드러운 고기, 친절한 서비스로 쾌적한 식사 경험을 제공합니다. 하지만 높은 협찬 비율로 인해 가성비와 일관성에 대한 객관적인 평가에 의문이 제기됩니다.",http://place.map.kakao.com/16589756,37.54773869975813,127.05415353107809,"The customer reviews are overwhelmingly positive, consistently praising the delicious taste, generous portions, tender meat with no gamey smell, and friendly owner. Many reviewers call it the best pork soup they've had, even better than in Busan or the best in Seoul, and express intentions to revisit.",Yes,"The AI score of 77 suggests a decent spot with flaws, but the customer reviews are almost universally enthusiastic, highlighting exceptional food quality, taste, and value, which strongly suggests a higher score is warranted.",false,True,"The score breakdown reflects strong points in technique, ingredients, and experience, but a significant sponsorship penalty was applied to the value and consistency categories, resulting in a final score of 77."
성수동,국밥,또댓국,80,1 Neon Heart,"The score reflects strong points in ingredient quality (18/20) and flavor mastery (18/20), but significant deductions were applied to consistency (5/20) and value for money (12/20) due to the extremely limited number of reviews, which prevents any reliable assessment of long-term performance or widespread value (personality/uniqueness 15/20).","While 또댓국 shows promise with fresh ingredients and a clean, flavorful broth, its true standing remains unproven. With only three reviews, we cannot confidently assess its consistency or long-term value, leaving us with more questions than answers.","또댓국은 신선한 재료와 깔끔하고 깊은 국물에서 잠재력을 보였으나, 단 세 개의 리뷰만으로는 그 진정한 가치와 일관성을 판단하기 어렵습니다. 아직은 더 많은 검증이 필요한 미지의 영역입니다.",http://place.map.kakao.com/389965011,37.5440862700682,127.053671106874,"The customer reviews are overwhelmingly positive, consistently praising the delicious and clean taste of the broth, the generous portions of meat and ingredients, and the friendly staff. Many reviews express strong satisfaction and intent to revisit, with specific mentions of the food's quality and taste.",Yes,"The AI score of 80 suggests a 'genuinely good place,' but the customer reviews are enthusiastically positive, with specific and repeated praise for the food quality, taste (spicy, savory, rich, clean broth), generous portions, and kind staff, indicating a higher level of customer satisfaction than an 80 might imply.",false,True,"The deep data reveals overwhelmingly positive customer experiences, highlighting exceptional cleanliness, rich and flavorful broth, generous portions of quality ingredients, and overall satisfaction with taste, value, and convenience, which strongly contradicts the original low score."
성수동,국밥,수육국밥 담미온 성수점,0,None,Supreme Court Overruled: Authentic customer receipts revealed major flaws (service/taste/hygiene). Revoked.,"While 수육국밥 담미온 성수점 delivers on consistent quality ingredients and a reliably clean broth, it ultimately lacks the distinctive culinary personality and exceptional value needed to rise above the average. The noted scarcity of meat in some portions further detracts from its overall appeal, preventing it from earning a Neon Heart.","수육국밥 담미온 성수점은 꾸준한 재료 품질과 깔끔한 국물 맛을 선보이지만, 독창적인 요리사의 개성이나 탁월한 가성비는 부족합니다. 일부 아쉬운 고기 양은 평범함을 벗어나지 못하게 하며, '네온 하트'를 받기에는 역부족입니다.",http://place.map.kakao.com/1683788904,37.5449647109236,127.0575677492352,"While many reviews praise the restaurant's 순대국 and other dishes for being tasty, satisfying, and having good portions, there are multiple serious complaints regarding the 뼈해장국. Customers described the 뼈해장국 as 'very bad,' with 'tough and smelly meat,' and one even expressed wanting a refund due to disappointment, also noting small portions for the price.",No,"Multiple serious food quality complaints (bad taste, tough/smelly meat) and dissatisfaction with portion size for the 뼈해장국 severely contradict an AI score of 86, which implies a genuinely good place. The desire for a refund highlights a significant negative experience.",false,False,"The original score was too conservative as deep data reveals consistent praise for the rich broth, tender meat, and excellent self-service side dishes, despite minor concerns about meat quantity and a notable comfort issue with air conditioning in summer."
문래동,국밥,24시전주명가콩나물국밥,80,1 Neon Heart,"The score of 58 reflects low points for ingredient quality (due to Chinese kimchi and lack of premium sourcing), minimal culinary technique, and absence of unique chef personality, despite high marks for value and operational consistency.","While offering undeniable value and convenience around the clock, this establishment falls short on ingredient quality and culinary distinction. It serves as a functional, popular spot for a quick, cheap meal rather than a destination for refined 국밥.","24시간 운영과 뛰어난 가성비는 칭찬할 만하지만, 식재료의 품질과 요리 기술의 독창성 면에서는 아쉬움이 큽니다. 편안하고 대중적인 국밥집이지, 미식의 경험을 선사하는 곳은 아닙니다.",http://place.map.kakao.com/625212488,37.517043482936,126.88824206627,"The customer reviews are overwhelmingly positive, highlighting the restaurant's excellent value, delicious and clean hangover soup, tasty side dishes like kimchi and squid jeotgal, and friendly staff. Many reviews enthusiastically praise the affordability (6,000 won for unlimited rice) and the effectiveness of the soup for hangovers. There are no serious complaints.",Yes,"The AI score of 80/100 is good, but the customer reviews consistently describe an exceptionally positive experience, emphasizing specific aspects like the '깔끔하니 맛있고' (clean and delicious) soup, '초초가성비 끝판왕' (super ultimate value for money) with unlimited rice, and '김치, 젓갈 다 맛있어요' (kimchi, salted seafood are all delicious). The enthusiastic and specific praise for food quality, value, and service suggests the restaurant performs at a higher level than an 80/100 might imply.",false,True,"The original score was far too conservative, as deep data reveals overwhelming customer satisfaction with the restaurant's exceptional value, 24-hour convenience, and consistently praised quality of its main soup dishes and popular anju items, despite minor critiques on non-core menu items."
정릉동,국밥,전주콩나물국밥 본점,80,1 Neon Heart,"The score reflects significant deficiencies in ingredient quality, flavor mastery (especially for the signature dish), chef's personality, and consistency, with only a modest score for value due to its low price.","This establishment offers a basic bean sprout soup, but without any discernible culinary flair or unique character. While the price is low, the lack of ingredient quality, inconsistent flavor mastery, and absence of a chef's personality make it an uninspired choice.","이곳은 기본적인 콩나물국밥을 제공하지만, 특별한 요리 기술이나 개성은 찾아볼 수 없습니다. 저렴한 가격에도 불구하고 식재료의 품질, 맛의 일관성, 그리고 셰프의 개성 부재로 인해 인상 깊지 않은 선택입니다.",http://place.map.kakao.com/15796495,37.6109762502953,127.008666460123,"Customer reviews are consistently positive, praising the delicious, savory, and non-stimulating soup with abundant bean sprouts. Reviewers highlight it as a great spot for a hangover and a comfortable meal. There are no negative comments or serious complaints.",Yes,"The reviews are enthusiastically positive with specific praise for food quality and taste, such as '항상 맛있게 먹는곳입니다. 콩나물도 듬뿍들어가있고 담백하니 맛있어요' and '국물이 담백하고 자극적이지않아 너무 맛있고 콩나물도 많이 들어있어요.', suggesting the restaurant's quality exceeds its current 80/100 score.",false,True,"The deep data reveals the restaurant is highly regarded, featured on a TV show as a 'TOP 5' bean sprout soup restaurant with a 4.4/5 rating, and consistently receives positive customer feedback, warranting a significant score increase from the original low rating."
정릉동,국밥,손가네국밥,80,1 Neon Heart,"The score of 17 reflects a critical lack of verifiable information across all criteria, particularly for ingredient quality, chef's personality, value for money, and consistency, preventing a meaningful evaluation of the restaurant's true merit.","손가네국밥 fails to provide any verifiable evidence of culinary excellence, with critical gaps in information regarding core ingredient quality, value, and consistency. Generic praise and an owner's self-promotion do not meet the rigorous standards of the Neon Guide.","손가네국밥은 핵심 재료의 품질, 가성비, 그리고 일관성에 대한 검증 가능한 정보가 심각하게 부족합니다. 평범한 칭찬과 사장의 자기 홍보는 네온 가이드의 엄격한 기준을 충족시키지 못합니다.",http://place.map.kakao.com/16985050,37.6024158681728,127.017498535741,"The customer reviews are overwhelmingly positive, praising the delicious food, rich broths (gukbap, bone broth kalguksu, bulgogi, tripe soup, seolleongtang), and the kind owner's hospitality. While one review mentions the interior is 'a bit meh,' it still concludes that the food is good and expresses a desire to return. There are no serious complaints.",Yes,"The majority of reviews are enthusiastically positive with specific praise about food quality, taste, and the owner's kindness, suggesting a higher score is warranted than 80/100.",false,True,"The deep data reveals overwhelmingly positive customer experiences, praising the delicious and generously portioned gukbap and suyuk, consistent quality of side dishes, and the warm, traditional atmosphere, indicating the original score was a severe miscalculation."
창천동,순대국,평안도식당 신촌점,80,1 Neon Heart,"The score reflects severe deductions for consistency and value due to the overwhelming 70% sponsored review ratio, compounded by a lack of unique culinary identity and a critical flaw in its signature dish.","This 24-hour establishment offers a clean broth and tender meats, but its signature sundae is disappointingly ordinary. The overwhelming proportion of sponsored reviews severely undermines any claims of genuine value or consistent quality.","24시간 운영되는 이 식당은 깔끔한 육수와 부드러운 고기를 선보이지만, 간판 메뉴인 순대는 실망스러울 정도로 평범합니다. 압도적인 협찬 리뷰 비율은 진정한 가치와 꾸준한 품질에 대한 신뢰를 심각하게 훼손합니다.",http://place.map.kakao.com/1287398091,37.5570492218813,126.937742005752,"The reviews are overwhelmingly positive, praising the good quality and generous portions of meat, the spicy and deep-flavored gamjatang broth, and the excellent value provided by free, unlimited rice. Customers noted the restaurant's popularity and affordable pricing for a satisfying meal.",Yes,"The current score of 80 seems to underestimate the consistently enthusiastic praise for food quality, taste, portion size, and value expressed in multiple customer reviews.",false,True,"The original score was a severe undervaluation, as deep data reveals consistent praise for the restaurant's clean and deep broths, generous portions across various dishes, tender meats, and overall clean and convenient 24-hour operation, making it a highly recommended spot despite one minor negative review."
상암동,순대국,백암순대촌 2호점,89,2 Neon Hearts,"The score reflects strong consistency and good ingredient quality for the main components, but significant deductions were made for the use of foreign-sourced key accompaniments, a lack of unique chef personality, and minor inconsistencies in flavor mastery.","백암순대촌 2호점 delivers a hearty bowl with commendable meat quality and consistent popularity, yet it stumbles on the details. The reliance on foreign-sourced key accompaniments and a lack of distinct culinary personality prevent it from achieving true 'Neon Guide' distinction.","백암순대촌 2호점은 훌륭한 고기 품질과 꾸준한 인기로 든든한 한 그릇을 선사하지만, 세부적인 면에서 아쉬움을 남깁니다. 핵심 재료의 원산지 문제와 독자적인 개성의 부재는 '네온 가이드'의 높은 기준을 충족시키지 못했습니다.",http://place.map.kakao.com/909160045,37.5776604885963,126.896742804816,No valid reviews found.,Unknown,"Scraper reached the review page, but only found dates, UI buttons, or boilerplate text. Needs human verification.",rescrape,False,"The original score was significantly too low, as deep data reveals overwhelming praise for the rich, clean soup, generous portions of tender meat, and delicious sundae, despite one valid concern regarding the origin of some side ingredients."
신당동,순대국,원조호남순대국,80,1 Neon Heart,"The score reflects strong points in ingredient quality (17/20), flavor and technique (18/20), and uniqueness (18/20), but was heavily penalized in 'Value for money' (8/20) and 'Consistency' (5/20) due to the high sponsored ratio (50%), which prevents an accurate assessment of genuine, long-term customer experience.","원조호남순대국 presents a compelling narrative of tradition and skilled technique, particularly with its unique '불맛' broth and tender offal. However, the high volume of sponsored reviews casts a long shadow over its true value and long-term consistency, leaving us with more questions than answers.","원조호남순대국은 오랜 전통과 '불맛' 육수, 부드러운 간 등 뛰어난 조리 기술을 선보입니다. 하지만 높은 협찬 비율은 실제 가치와 꾸준함에 대한 의문을 제기하며, 그 진정성에 대한 비판적 시각을 피할 수 없습니다.",http://place.map.kakao.com/16875396,37.5529123617277,127.011660987891,"Customers enthusiastically praise the restaurant as one of the top 3 Sundaeguk places in the area, highlighting its unique spicy seasoning, delicious kkakdugi, and the clean, pork-smell-free taste of the Sundaeguk soup, which even children enjoyed. While there's a minor mention of one staff member being gruff and the kimchi taste being slightly off, these are isolated and do not detract from the overwhelmingly positive food reviews.",Yes,"The reviews consistently describe the food quality and taste as excellent, with specific praise for the Sundaeguk's clean flavor and the spicy seasoning. The enthusiastic feedback, including children enjoying the takeout, suggests the AI score of 80 might be an understatement for this genuinely good place.",false,True,"The deep data reveals a highly-regarded, multi-generational establishment with consistent praise for its rich broth, generous portions, excellent homemade side dishes, 24/7 operation, and numerous media accolades, warranting a significant score increase despite a minor conflicting review on quantity."
신당동,순대국,약수깡족발순대국,88,2 Neon Hearts,"The score reflects the extreme lack of specific detail in the reviews regarding ingredient quality and cooking mastery, compounded by insufficient data to assess consistency, despite a positive value for money indication.","This establishment, while boasting a 'nopo' ambiance, suffers from a critical lack of detailed review evidence to substantiate claims of culinary excellence or consistent quality. Generic praise for its '얼큰순대국' at a reasonable price cannot compensate for the absence of specific insights into ingredients, technique, or long-term reliability.","노포의 분위기는 엿보이나, 재료의 품질이나 조리 기술에 대한 구체적인 평가가 전무하여 미식의 기준을 충족시키지 못합니다. 합리적인 가격에 '맛있다'는 평만으로는 일관된 우수성을 증명하기에 턱없이 부족합니다.",http://place.map.kakao.com/2087474794,37.5535036578414,127.008886141342,No valid reviews found.,Unknown,"Scraper reached the review page, but only found dates, UI buttons, or boilerplate text. Needs human verification.",rescrape,False,"Despite limited review data, the only relevant customer feedback explicitly praises the restaurant's delicious food and authentic atmosphere, warranting a significant score increase from the original conservative rating."
낙원동,순대국,종로집,0,None,Supreme Court Overruled: Authentic customer receipts revealed major flaws (service/taste/hygiene). Revoked.,"Jongno Jip presents a serviceable 순대국 with fresh ingredients and fair value, yet it utterly fails to demonstrate any unique culinary identity or verifiable consistency. Despite some positive feedback on taste, its lack of distinction and proven reliability places it firmly in the realm of the unremarkable.","종로집은 신선한 재료와 적절한 가격의 순대국을 선보이지만, 독창적인 요리 개성이나 검증된 일관성이 전무합니다. 맛에 대한 긍정적인 평가에도 불구하고, 차별점과 신뢰할 만한 지속성이 없어 그저 평범한 식당에 머무릅니다.",http://place.map.kakao.com/15336302,37.5715450715249,126.989400166155,"Multiple customer reviews describe significant issues with food quality (old smell, bland soup, not tasty, kimchi soup-like fried rice, specific dish to avoid), poor value/portions (stingy, tiny meat pieces), and serious hygiene concerns (unsanitary kitchen, pre-opened water bottle). While some positive reviews exist, the volume and severity of negative feedback contradict an AI score of 80.",No,"The reviews consistently highlight serious food quality issues (old smell, blandness, general lack of taste), inadequate portions/value, and critical hygiene concerns (unsanitary kitchen, pre-opened water bottle), which severely contradict an AI score indicating a 'genuinely good place.'",false,False,"The deep data, specifically aggregated customer reviews, overwhelmingly praises the restaurant's delicious food, good value, and friendly service, indicating the original score was significantly too low."
을지로6가,순대국,꿀꿀진순대국 두타몰점,85,1 Neon Heart,"The score reflects severe deficiencies in ingredient quality, inconsistent flavor mastery, absence of unique culinary personality, questionable value, and particularly poor consistency, as evidenced by the lukewarm revisit intention.","This establishment offers a profoundly uninspired take on Sundaeguk, marred by inconsistent execution and an utter lack of culinary identity. Its forgettable offerings fail to justify a return visit, let alone a recommendation.","이 식당의 순대국은 일관성 없는 조리 기술과 개성 없는 맛으로 깊은 인상을 남기지 못합니다. 재방문을 유도할 만한 특별함이 전혀 없어, 그저 평범함에 머무는 수준입니다.",http://place.map.kakao.com/1360795504,37.5687359261706,127.00865929982,No valid reviews found.,Unknown,"Scraper reached the review page, but only found dates, UI buttons, or boilerplate text. Needs human verification.",rescrape,False,"The deep data reveals that despite some operational flaws like cleanliness and unclear self-service instructions, the restaurant offers generous portions of clear, rich, and broadly appealing sundae soup with friendly staff, indicating the original score was too conservative."
인현동,순대국,을지로 산수갑산 을지로점,82,1 Neon Heart,"The score reflects a severe lack of information regarding ingredient quality, chef's personality, and uniqueness, combined with a concerning implication of declining flavor and consistency over time.","This establishment offers merely 'adequate' 순대국, failing to provide any evidence of culinary distinction or exceptional quality. The implied decline in both taste and value since its earlier days is particularly concerning for a critic of the Neon Guide.","이곳의 순대국은 그저 '적당하다'는 평가에 머물며, 미식의 관점에서 어떠한 특별함도 찾아볼 수 없습니다. 과거에 비해 맛과 가성비가 하락했다는 언급은 '네온 가이드'의 엄격한 기준에 비추어 볼 때 매우 우려스러운 부분입니다.",http://place.map.kakao.com/27072121,37.56537903946138,126.99529702271732,No valid reviews found.,Unknown,"Scraper reached the review page, but only found dates, UI buttons, or boilerplate text. Needs human verification.",rescrape,False,"The original score was overturned because deep data reveals the restaurant is widely recognized as 'Seoul's #1 Sundae restaurant' and offers reasonable taste and price, despite some recent comments suggesting a slight decline from its peak."
역삼동,순대국,장수옥순대국,70,,"The score of 66 reflects solid ingredient quality (18/20) and cooking technique (19/20), but significant deductions were applied to 'Consistency' (5/20) and 'Value for money' (10/20) due to the 100% sponsored review ratio, which severely undermines any claims of genuine, long-term merit and accurate pricing.","Jangsuok Sundaeguk presents a decent bowl with commendable ingredient quality and solid cooking techniques, particularly in its rich broth and tender meats. However, the complete absence of organic reviews casts a long shadow over its true value and long-term reliability.","장수옥순대국은 좋은 재료와 깔끔한 조리 기술로 준수한 순대국을 선보이지만, 모든 리뷰가 협찬이라는 점이 신뢰를 떨어뜨립니다. 진정한 가치와 일관성에 대한 검증이 부족하여 '네온 가이드'의 추천을 받을 수 없습니다.",http://place.map.kakao.com/1007820900,37.490936895932,127.034614811105,"Customers enthusiastically praise the delicious gukbap and soft tofu stew, highlighting its traditional style and the enjoyable addition of garlic and onions. The kimchi and kkakdugi are consistently well-fermented. The presence of many drivers suggests it's a popular and reliable eatery. While there is an acknowledgment from the restaurant apologizing for a customer's disappointing experience, the specific details of that complaint are not provided in the customer receipts, and the other reviews are overwhelmingly positive.",Yes,"The AI score of 70/100 indicates a decent spot with real flaws, but the customer reviews are overwhelmingly positive and enthusiastic, offering specific praise for the food quality, taste, and traditional style. This strong positive sentiment and detailed praise suggest the restaurant's quality warrants a higher score than currently assigned.",false,True,"The deep data reveals overwhelming customer satisfaction, highlighting consistently rich and clean broth, generous portions of tender meat without gamey smell, exceptional and perfectly ripened kimchi, and friendly, efficient service, making the original score of 66/100 far too conservative."
역삼동,순대국,황토감자탕 강남본점,80,1 Neon Heart,"The score is extremely low due to the complete absence of specific information regarding the Sundaeguk's quality, technique, uniqueness, value, or consistency, indicating it is not a focus of the establishment.","This establishment, primarily a Gamjatang house, offers Sundaeguk as a mere afterthought with no discernible quality or unique character. For a true Sundaeguk connoisseur, this is not a destination.","감자탕 전문점으로서 순대국은 그저 구색 맞추기 메뉴에 불과하며, 어떠한 특별한 맛이나 개성도 찾아볼 수 없습니다. 진정한 순대국 미식가에게는 방문할 가치가 없습니다.",http://place.map.kakao.com/13301773,37.49964422590763,127.02779164231518,No valid reviews found.,Unknown,"Scraper reached the review page, but only found dates, UI buttons, or boilerplate text. Needs human verification.",rescrape,False,"The original score of 20/100 was a severe misjudgment, as deep data reveals consistent praise for the restaurant's tender meat, flavorful soup, excellent kimchi, and its highly valued 24-hour operation and accessibility in Gangnam, making it a popular spot for both meals and hangover relief."
서초동,순대국,신토리순대국,88,2 Neon Hearts,"The score reflects the extremely limited information provided, preventing a proper evaluation of ingredient quality (10/20), culinary mastery (9/20), uniqueness (5/20), value (10/20), or consistency (8/20).","Shintori Sundaeguk offers a basic, warm, and substantial bowl, but lacks any discernible culinary distinction or unique character. The scarcity of detailed reviews prevents any assessment of true quality or consistency.","신토리 순대국은 따뜻하고 알찬 한 그릇을 제공하지만, 특별한 요리적 특징이나 개성은 찾아보기 어렵습니다. 상세한 리뷰가 극히 부족하여 진정한 품질이나 일관성을 평가하기 어렵습니다.",http://place.map.kakao.com/1716425912,37.482447108584,127.006019482671,No valid reviews found.,Unknown,"Scraper reached the review page, but only found dates, UI buttons, or boilerplate text. Needs human verification.",rescrape,False,"The original score of 42 was overturned because the only relevant customer feedback described the restaurant as 'warm and substantial' with 'delicious grandmother's homemade Baekban,' indicating a positive experience not reflected in the initial low rating."
신사동,순대국,전주감자탕순대국,84,1 Neon Heart,"The score reflects high marks for technique, experience, and consistency, with good value and ingredients, leading to a solid '1 Neon Heart' rating, despite a minor deduction for potential limitations in 순대 variety.","This establishment offers a deeply satisfying 순대국 with a rich, clean broth and generous portions, making it a reliable choice for a hearty meal. While the specific variety of 순대 may be limited, the overall dining experience and value in a prime location are commendable.","진하고 깔끔한 육수와 푸짐한 건더기가 인상적인 순대국 전문점입니다. 순대 종류의 다양성은 아쉽지만, 압구정 로데오라는 위치와 넉넉한 양을 고려할 때 훌륭한 가치를 제공하며 편안한 식사 경험을 선사합니다.",http://place.map.kakao.com/13074351,37.52833233004627,127.03712439001876,"The customer reviews are overwhelmingly positive, praising the delicious Sundaeguk, tasty side dishes and kimchi, generous portions, and lack of gamey smell. Many express high satisfaction and intent to become regulars. While there's a minor note about the Bbyeohaejangguk soup being a bit disappointing and some mentions of price, these are minor and do not detract from the overall enthusiastic positive sentiment.",Yes,"The majority of reviews are enthusiastically positive with specific praise for food quality, taste (especially Sundaeguk and kimchi), and generous portions, suggesting the restaurant is better than its current 84 score.",false,True,"The score reflects high marks for technique, experience, and consistency, with good value and ingredients, leading to a solid '1 Neon Heart' rating, despite a minor deduction for potential limitations in 순대 variety."
신사동,순대국,탁골감자탕,78,,"The score breakdown reflects strong points in technique, experience, and consistency due to its long history, balanced by a neutral score for ingredients and value given the available information.","This long-standing establishment offers a comforting experience with its clean-tasting 순대국 and generous portions, backed by decades of operation. While the technique and hospitality are commendable, a lack of explicit information on ingredient sourcing prevents a higher critical acclaim.","오랜 세월 운영된 이 식당은 깔끔한 순대국과 넉넉한 인심으로 편안한 식사 경험을 제공합니다. 조리 기술과 서비스는 칭찬할 만하지만, 식재료 품질에 대한 명확한 정보 부족으로 인해 더 높은 평가를 받기에는 한계가 있습니다.",http://place.map.kakao.com/16057721,37.5277399001368,127.038595936967,"The customer reviews are overwhelmingly positive, consistently praising the delicious, home-cooked style food, generous portions, excellent value, and exceptionally kind and friendly owner. Specific dishes like Jeyuk Bokkeum, Ppyeohaejangguk, and Baeknyeongdo Sola Muchim receive high acclaim. Reviewers frequently describe it as their 'favorite place' and compare it to 'mom's cooking,' with no negative feedback whatsoever.",Yes,"The AI score of 78/100 suggests a decent spot with real flaws, but the customer reviews present a picture of an enthusiastically loved restaurant with consistently high praise for food quality, taste, value, and service. The complete absence of any flaws or complaints in the provided reviews strongly contradicts a score in the 70s. The reviews indicate a genuinely excellent place, warranting a higher score.",false,True,"The score breakdown reflects strong points in technique, experience, and consistency due to its long history, balanced by a neutral score for ingredients and value given the available information."
성수동,순대국,수제양정순대국,75,,"The score reflects strong value and experience, balanced against significant inconsistencies in ingredients and technique, particularly concerning the sundae's quality.","This establishment offers good value and a pleasant local dining experience, but suffers from notable inconsistencies in its core ingredients and overall technique. While the broth is praised, the sundae itself receives mixed reviews regarding freshness and flavor.","이곳은 훌륭한 가성비와 편안한 동네 식사 경험을 제공하지만, 핵심 재료와 전반적인 조리 기술에서 일관성이 부족합니다. 국물은 호평을 받으나, 순대 자체의 신선도와 맛에 대한 평가가 엇갈립니다.",http://place.map.kakao.com/24007276,37.53755842625825,127.0538915890145,"Customer reviews frequently praise the restaurant for its excellent value (가성비), generous portions, and delicious sundae-guk, with specific mentions of clean soup and tasty kkakdugi. While there are minor complaints about ramen pricing and kimchi refill convenience, these are outweighed by the overwhelmingly positive feedback on the main dishes and overall value.",Yes,"The majority of reviews are enthusiastically positive, highlighting great value, generous portions, and good taste for the main sundae-guk dishes, suggesting the restaurant is better than its current 75/100 score implies.",false,True,"The score reflects strong value and experience, balanced against significant inconsistencies in ingredients and technique, particularly concerning the sundae's quality."
성수동,순대국,제일참순대국,70,,"The score reflects strong points in ingredient quality, flavor, and chef's personality, but was heavily penalized in 'Value for money' and 'Consistency' due to the 100% sponsored review ratio, which prevents an accurate assessment of these criteria.","제일참순대국 offers a deeply savory sundae-guk with quality ingredients and warm, attentive service. However, the pervasive nature of sponsored reviews casts a significant shadow on its true value and long-term consistency.","제일참순대국은 훌륭한 재료와 따뜻한 서비스로 깊고 구수한 순대국을 선보입니다. 하지만 모든 리뷰가 협찬으로 이루어져 있어, 진정한 가치와 꾸준함에 대한 신뢰는 크게 흔들립니다.",http://place.map.kakao.com/2105646812,37.54546106546167,127.06133743204818,No valid reviews found.,Unknown,"Scraper reached the review page, but only found dates, UI buttons, or boilerplate text. Needs human verification.",rescrape,False,"The original score drastically underestimated this local gem, which is overwhelmingly praised for its top-tier, deeply flavorful sundae-guk, generous portions, exceptional value, and genuinely kind service, making it a beloved institution despite its modest interior."
문래동,순대국,큰맘할매순대국 문래산들바다점,80,1 Neon Heart,"The score reflects decent ingredient quality (14/20) and value for money (17/20), but is significantly pulled down by a complete lack of chef personality (5/20) due to its chain nature, and merely competent rather than masterful flavor and technique (12/20), with consistency (16/20) being average for a chain; no score penalties were applied for the low sponsored ratio.","A reliable chain offering a broad menu, but its mass-market approach sacrifices unique culinary personality and refined technique. While portions are generous and prices fair, the flavors remain largely uninspired.","다양한 메뉴를 제공하는 믿을 수 있는 체인점이지만, 대중적인 접근 방식은 독창적인 요리 개성과 섬세한 기술을 희생시켰습니다. 푸짐한 양과 합리적인 가격에도 불구하고, 맛은 대체로 평범합니다.",http://place.map.kakao.com/999225419,37.51939854163909,126.89822887054164,"Customer reviews are overwhelmingly positive, consistently praising the delicious and warm food, variety of menu options, and the friendly staff. Specific dishes like 순대국밥, 돌솥 제육, and 육개장순대국밥 are highlighted for their taste and quality.",Yes,"The consistently enthusiastic and specific positive feedback from customers regarding food quality, taste, warmth, menu variety, and staff kindness strongly suggests the restaurant's quality exceeds its current 80/100 AI score.",false,True,"The deep data reveals an overwhelmingly positive customer experience, praising the restaurant's diverse and high-quality menu, generous portions, excellent value, and efficient service, indicating the original score was significantly too conservative."
창천동,감자탕,영심이네 감자탕,0,None,Supreme Court Overruled: Authentic customer receipts revealed major flaws (service/taste/hygiene). Revoked.,"This establishment offers a serviceable 감자탕, but lacks any discernible character or culinary ambition, failing to impress on nearly all fronts. Without evidence of quality ingredients, unique techniques, or consistent value, it remains an unremarkable option.","이 식당은 그저 그런 감자탕을 제공하며, 뚜렷한 개성이나 요리적 야망이 부족하여 거의 모든 면에서 인상을 주지 못합니다. 재료의 품질, 독창적인 기술, 또는 일관된 가치에 대한 증거가 없어 평범한 선택지에 머무릅니다.",http://place.map.kakao.com/10647543,37.5562593599667,126.938337961125,"While some reviews praise the taste of the food and call it one of the best in the area, multiple customers report severe hygiene issues, including a cockroach on the table, overall bad hygiene, and sour-tasting mustard sauce. These serious complaints directly contradict an AI score of 85, which suggests a genuinely good place.",No,"Multiple reviews describe serious food safety issues (cockroach on table, bad hygiene, sour sauce) which are inconsistent with a score of 85.",false,False,"The deep data, though limited to one relevant review, strongly indicates a positive experience with the savory and spicy hangover soup, making the original score of 37/100 overly conservative and inaccurate."
대현동,감자탕,무청감자탕 이대점,44,,"The score reflects significant deductions in 'value' and 'consistency' due to the 100% sponsored content, leading to a skeptical assessment of the overall offering despite some positive mentions.","This establishment, heavily reliant on sponsored content, presents a largely unverified picture of its culinary merits. While service appears attentive, the true quality and value remain questionable due to the overwhelming promotional bias.","협찬 비율이 100%에 달해 객관적인 평가가 어렵습니다. 서비스와 분위기는 긍정적으로 묘사되었으나, 음식의 품질과 가성비, 그리고 꾸준함에 대한 신뢰는 매우 낮습니다.",http://place.map.kakao.com/842096140,37.55926083315095,126.94428191825264,[Re-scored],,,false,False,"The score reflects significant deductions in 'value' and 'consistency' due to the 100% sponsored content, leading to a skeptical assessment of the overall offering despite some positive mentions."
이태원동,감자탕,이바돔감자탕 이태원역점,90,2 Neon Hearts,"The score reflects the absence of unique culinary identity (5/20), premium ingredient sourcing (8/20), or masterful technique (8/20) typically found in fine dining, as this is a standardized chain operation with average value (10/20) and consistency (10/20).","This chain establishment offers a predictable, mass-market 감자탕 experience, prioritizing accessibility over culinary distinction. While convenient, it lacks the ingredient integrity, refined technique, or unique vision expected of a truly noteworthy dining spot.","이 체인점은 대중적인 맛과 접근성을 내세우지만, 미식의 관점에서 재료의 진정성, 섬세한 조리 기술, 혹은 독창적인 비전을 찾아보기 어렵습니다. 편리함 외에는 미식가들의 기대를 충족시키기 어려운 평범한 감자탕 경험을 제공합니다.",http://place.map.kakao.com/2009162769,37.5342476501412,126.993433278046,No valid reviews found.,Unknown,"Scraper reached the review page, but only found dates, UI buttons, or boilerplate text. Needs human verification.",rescrape,False,"The deep data, despite being limited to one qualitative review, describes the restaurant as a convenient 24-hour '맛집' (delicious restaurant) with a popular taste, diverse menu, and pleasant terrace seating, indicating the original score was far too low."
충무로,감자탕,한사리감자탕 뼈구이 충무로점,70,,"The score of 52 reflects moderate potential in ingredients, flavor, and uniqueness, but was heavily penalized in 'Value for money' and 'Consistency' due to the 100% sponsored review ratio, which provides no reliable long-term evidence.","Despite a diverse menu and appealing descriptions, the pervasive influence of sponsored reviews casts a long shadow over its true merits. Without genuine, unbiased feedback, the claims of quality and value remain unverified.","다양한 메뉴와 매력적인 설명에도 불구하고, 협찬 리뷰의 만연한 영향은 이 식당의 진정한 가치에 의문을 제기합니다. 진정성 있고 편향되지 않은 피드백 없이는 품질과 가치에 대한 주장을 검증할 수 없습니다.",http://place.map.kakao.com/183356089,37.5615192046972,126.996243471406,"The customer review is overwhelmingly positive, praising the spicy and deep flavor of the soup, the tender and plentiful meat on the bones, the generous amount of dried radish greens, clean side dishes, and friendly staff. The reviewer had a very pleasant dining experience, finding it a hearty and satisfying meal.",Yes,"The AI score of 70 suggests a decent spot with real flaws, but the provided review describes an enthusiastically positive experience with specific praise for food quality, taste, and service, indicating the restaurant might be better than its current score suggests.",false,True,"The deep data reveals overwhelmingly positive feedback regarding the restaurant's delicious and tender bone grill and rich gamjatang, generous portions offering excellent value, highly convenient location, thoughtful amenities, and efficient, customer-friendly service, indicating the original score was far too low."
성수동,감자탕,소문난성수감자탕 별관,89,2 Neon Hearts,"The score of 76 reflects solid ingredient quality (17/20) and consistency (18/20), but is tempered by a lack of unique culinary distinction (12/20), average flavor mastery (14/20), and decent value for money (15/20). The sponsored ratio was not provided, so no deductions were made based on it.","While 소문난성수감자탕 별관 offers tender, clean-tasting meat and a mild broth, it ultimately lacks the distinctive culinary flair or unique vision expected for a higher rating. Its long-standing reputation for consistency is commendable, yet the overall experience remains merely satisfactory rather than exceptional.","소문난성수감자탕 별관은 부드럽고 잡내 없는 고기와 깔끔한 국물로 기본은 하지만, 특별한 맛의 깊이나 독창적인 요리 철학이 부족합니다. 오랜 시간 꾸준한 인기를 유지해 온 점은 높이 평가하나, 전반적인 경험은 만족스러운 수준에 머무를 뿐 미식의 감동을 주지는 못합니다.",http://place.map.kakao.com/729725661,37.5430001371699,127.054606116199,"The reviews highlight the excellent taste and portion size of the 감자탕, with no complaints about food quality or service. The customers appreciate the thick and flavorful broth without being too spicy. The restaurant is popular and well-liked by locals and tourists alike.",Yes,"The reviews describe the dish as delicious and generous, with the taste and quantity being the primary positives. The restaurant is recommended for those looking for a good, traditional Korean dish.",false,True,"The deep data confirms the auditor's assessment, with a strong majority of reviews praising the tender meat, clean broth, and generous portions, solidifying its reputation as a beloved traditional Korean dish despite occasional criticisms regarding wait times or specific side items."
신당동,곱창,곱창박사,82,1 Neon Heart,"The score reflects significant deductions for the use of frozen ingredients and a profound identity crisis, where the namesake dish is overshadowed by a broad, unfocused menu, despite commendable genuine consistency and local popularity.","Despite its misleading name, Gopchang Baksa surprisingly excels in grilling frozen samgyeopsal and a diverse array of other dishes for its loyal late-night clientele. However, the fundamental quality of its core ingredients and its confusing culinary identity prevent it from earning any commendation.",이름과는 달리 곱창박사는 냉동 삼겹살과 다양한 메뉴로 심야 손님들에게 인기를 얻고 있습니다. 하지만 핵심 식재료의 품질과 혼란스러운 정체성은 높은 평가를 받기 어렵게 만듭니다.,http://place.map.kakao.com/15418227,37.5669064477619,127.013524024015,No valid reviews found.,Unknown,"Scraper reached the review page, but only found dates, UI buttons, or boilerplate text. Needs human verification.",rescrape,False,"Despite a notable customer service issue regarding payment methods, the restaurant's consistently praised delicious samgyeopsal, excellent side dishes, and convenient pre-cooking service for its late-night market clientele warrant a significant score increase."
충무로,곱창,광주서울곱창 명동점,85,1 Neon Heart,"The score reflects strong ingredient quality but is significantly pulled down by inconsistent flavor execution, poor value for money, and critical issues with consistency, including reports of the establishment's closure.","While the ingredients show promise with fresh, clean gopchang, the kitchen's execution falters with inconsistent flavors and questionable value. A concerning lack of consistency, including reports of closure, overshadows any potential.","신선한 재료는 칭찬할 만하나, 조리 기술의 일관성 부족과 가성비 문제가 아쉽습니다. 특히 폐업 언급과 본점과의 맛 차이는 심각한 일관성 결여를 보여줍니다.",http://place.map.kakao.com/1955975445,37.561193739716,126.983407511469,No valid reviews found.,Unknown,"Scraper reached the review page, but only found dates, UI buttons, or boilerplate text. Needs human verification.",rescrape,False,"The deep data indicates that while the signature gopchang was highly praised for its unique flavor and texture, and the restaurant offered a clean, foreigner-friendly environment, consistent concerns about high pricing and a perceived slight inferiority to the original Gwangju location, coupled with its eventual closure, warrant a moderate score increase from the original, reflecting its quality during operation."
역삼동,곱창,60년전통신촌황소곱창 강남직영점,70,,"The score reflects severe deductions for consistency and value for money, directly attributable to the 100% sponsored review ratio, which undermines all claims of long-term quality and fair pricing.","Despite claims of tradition and decent technique, this establishment's overwhelming reliance on sponsored reviews casts a long shadow over its true merit. Without genuine, unbiased feedback, any claims of quality or value remain unverified and suspect.","60년 전통을 내세우고 조리 기술도 준수해 보이나, 100% 협찬 리뷰는 진정한 가치를 판단하기 어렵게 만듭니다. 객관적인 평가 없이는 그 어떤 찬사도 공허하게 들릴 뿐입니다.",http://place.map.kakao.com/168079537,37.50180948520512,127.02718174617114,"The customer reviews are overwhelmingly positive, consistently praising the excellent quality and taste of the gopchang, the generous portions, and the exceptional, friendly service from both staff and manager who grill the food perfectly. Many reviews highlight the lack of the typical gopchang smell and declare it the best in Gangnam, with some being long-time repeat customers. There are no negative comments.",Yes,"The current AI score of 70 suggests a decent spot with flaws, but the customer reviews paint a picture of an enthusiastically loved restaurant with consistently high praise for food quality, taste, portion size, and outstanding service, with no mention of any flaws. This strong positive sentiment and specific praise contradict a score in the 70s and warrant a higher evaluation.",false,True,"The deep data reveals an overwhelmingly positive customer experience, consistently praising the exceptional quality of the gopchang (no smell, fresh, tender), the attentive grilling service, and the comfortable atmosphere, indicating the original score was far too low."
역삼동,곱창,창대한곱창 강남직영점,70,,"The score reflects significant deductions in Value for Money and Consistency due to the 100% sponsored review ratio, which prevents any objective assessment of long-term quality or fair pricing.","Claims of fresh 곱창 and attentive service are overshadowed by a complete lack of organic reviews, making any true assessment of culinary merit impossible. This establishment appears to prioritize promotional efforts over verifiable, consistent quality.","신선한 곱창과 세심한 서비스에 대한 주장은 유기적인 리뷰의 부재로 인해 가려지며, 진정한 미식적 평가를 불가능하게 합니다. 이 곳은 검증된 일관된 품질보다는 홍보 활동을 우선시하는 것으로 보입니다.",http://place.map.kakao.com/1532164544,37.4970037785687,127.029836373224,No valid reviews found.,Unknown,"Scraper reached the review page, but only found dates, UI buttons, or boilerplate text. Needs human verification.",rescrape,False,"The deep data overwhelmingly indicates an exceptional dining experience, with customers consistently praising the gopchang's freshness, lack of gamey smell, perfect texture, and the highly attentive grilling service, directly contradicting the extremely low initial score."
서초동,곱창,갑진이네한우곱창 교대점,96,3 Neon Hearts,"The score reflects decent ingredient quality and flavor mastery, but significant deductions were applied to 'Value for money' and 'Consistency' due to the entirely sponsored review base, which inherently undermines claims of genuine long-term quality and fair pricing.","Despite some thoughtful touches and decent flavor combinations, the complete lack of organic reviews makes any claims of value or consistency entirely unsubstantiated. This establishment fails to inspire confidence beyond its sponsored facade.","세심한 배려와 괜찮은 맛의 조합에도 불구하고, 100% 협찬 리뷰는 가성비나 일관성에 대한 어떤 주장도 입증하지 못합니다. 이 식당은 협찬된 외관 너머의 신뢰를 주지 못합니다.",http://place.map.kakao.com/625695300,37.4881850110364,127.013516603887,No valid reviews found.,Unknown,"Scraper reached the review page, but only found dates, UI buttons, or boilerplate text. Needs human verification.",rescrape,False,"The deep data reveals an overwhelmingly positive customer experience, praising generous portions, thoughtful packaging, diverse and delicious food, and excellent service, indicating the original score was far too conservative."
서초동,곱창,감동곱창,80,1 Neon Heart,"The score reflects significant deficiencies in ingredient quality (8/20), flavor mastery (7/20), and chef's personality (5/20), despite reasonable value (10/20) and strong consistency (18/20) from a loyal customer base.","감동곱창 delivers a consistently popular, yet utterly uninspired, vegetable gopchang experience, prioritizing convenience and affordability over genuine culinary craft. While its loyal following ensures consistent demand, the fundamental quality of ingredients and the lack of sophisticated flavor prevent it from rising above mediocrity.","감동곱창은 꾸준히 사랑받지만, 전혀 영감 없는 야채곱창 경험을 제공하며, 진정한 요리 기술보다는 편의성과 저렴한 가격에 중점을 둡니다. 충성도 높은 고객층이 꾸준한 수요를 보장하지만, 기본적인 재료의 품질과 섬세한 맛의 부재는 평범함을 벗어나지 못하게 합니다.",http://place.map.kakao.com/1212385345,37.48691044571383,127.03080589029548,"The reviews are overwhelmingly positive, highlighting the friendly owner and staff, the delicious vegetable gopchang, and the overall pleasant dining experience. Many customers are regulars, praising the taste and convenience of pre-cooked food, and noting the restaurant's popularity. Minor points include a desire for non-alcoholic beer and more menu variety, but these do not detract from the strong positive sentiment.",Yes,"The consistent and enthusiastic praise from multiple regular customers for the food quality (especially gopchang), friendly service, and overall positive experience suggests the restaurant is an exceptional neighborhood staple, potentially warranting a higher score than 80.",false,True,"The original score was significantly underestimated, as deep data reveals '감동곱창' is a highly popular establishment with consistently praised delicious food, fast service, and a welcoming atmosphere, leading to frequent repeat visits and strong recommendations."
신사동,곱창,구미곱창 신사본점,80,1 Neon Heart,"The score reflects decent ingredient quality, strong culinary technique, and unique personality, but was heavily penalized in 'Value for money' and 'Consistency' due to the high sponsored review ratio (70%).","While 구미곱창 신사본점 presents a compelling narrative of premium ingredients and meticulous culinary execution, complete with a unique owner's touch, its high volume of sponsored reviews undermines crucial aspects of its true value and long-term reliability. The dining experience, though potentially pleasant, lacks verifiable, organic endorsement for sustained excellence.","구미곱창 신사본점은 최상급 재료와 세심한 조리 기술, 그리고 개성 있는 사장의 철학을 내세우지만, 높은 협찬 비율은 진정한 가성비와 꾸준한 품질 유지에 대한 신뢰를 크게 저해합니다. 잠재적으로 훌륭한 경험일 수 있으나, 지속적인 우수성을 입증할 독립적인 검증이 부족합니다.",http://place.map.kakao.com/826888949,37.5195288214435,127.021975645065,"Customer reviews are overwhelmingly positive, praising the excellent meat quality, generous portions, absence of gamey smell in the tripe, and tender texture. Specific dishes like Gopdoritang received enthusiastic recommendations for its rich, spicy, and deep-flavored soup, and the combination of ingredients. Side dishes were noted as diverse, fresh, and delicious, with special mention of the complimentary bean sprout soup and unique combinations. The service, including tableside grilling and a 'fire show,' also contributed to a highly positive experience.",Yes,"The AI score of 80/100 is under 85, and the customer reviews are consistently and enthusiastically positive with specific praise for food quality, taste, portions, and overall dining experience, suggesting a higher score is warranted.",false,True,"The original score was significantly underestimated, as deep data reveals a restaurant consistently praised for its high-quality A-grade Hanwoo gopchang, exceptional tableside grilling service, luxurious Hanok-inspired ambiance, and meticulous attention to customer comfort and hygiene, with only one minor flaw noted across numerous overwhelmingly positive reviews."
이태원동,막창,연탄요릿집 이태원,80,1 Neon Heart,"The score of 64 reflects merely adequate ingredient quality and value, overshadowed by significant shortcomings in flavor mastery, unique culinary identity, and consistency, thus failing to earn a Neon Heart.","While 연탄요릿집 이태원 boasts fresh ingredients and reasonable prices for its anju, the culinary execution and unique personality are decidedly unremarkable. The sincerity of the owner is noted, yet the flavors lack the depth and precision required to truly impress a discerning palate.","연탄요릿집 이태원은 신선한 재료와 합리적인 가격을 내세우지만, 요리의 기술적 완성도와 독창성은 지극히 평범합니다. 사장의 진심은 엿보이나, 맛의 깊이와 섬세함이 부족하여 미식가의 기대를 충족시키기 어렵습니다.",http://place.map.kakao.com/1471510247,37.5337186063216,126.991053979379,"The customer reviews are overwhelmingly positive, with enthusiastic and specific praise for various dishes such as makchang, buchu-jeon, kkomjangeo, buchu-kkaennip-jeon, and gukmul dakbal. Reviewers consistently highlight the delicious taste, quality, and variety of the food, the generous basic side dishes, the friendly and clean staff, and the reasonable prices. Many express a strong desire to revisit and try more menu items.",Yes,"The AI score of 80/100 is under 85, and the customer reviews are unanimously and enthusiastically positive, offering specific praise for the food quality, taste, variety, staff, and overall experience. This level of consistent and detailed positive feedback suggests the restaurant is performing at a higher level than its current score indicates.",false,True,"The deep data reveals overwhelmingly positive customer experiences, consistently praising the delicious and fresh food, diverse menu, friendly service, and overall excellent atmosphere, warranting a significant score increase from the original."
창천동,육회,마포차돌박이,80,1 Neon Heart,"The score reflects strong points in ingredient quality, flavor mastery, and the chef's unique background, but was severely penalized in value for money and consistency due to the overwhelmingly high sponsored review ratio.","While 마포차돌박이 boasts fresh ingredients and a unique butcher-owner, the overwhelming sponsored ratio makes it impossible to truly gauge its value or long-term consistency. This establishment, despite its potential, fails to earn a coveted Neon Heart.","마포차돌박이는 신선한 재료와 정육 전문가 사장님의 개성을 내세우지만, 압도적인 협찬 비율로 인해 진정한 가치와 일관성을 판단하기 어렵습니다. 잠재력에도 불구하고, 이 식당은 네온 하트를 획득하기에는 역부족입니다.",http://place.map.kakao.com/1857911964,37.55853775631388,126.93457065108468,"The customer reviews are overwhelmingly positive, highlighting excellent meat quality, great value for money, diverse and satisfying beef platters, delicious side dishes like doenjang jjigae, and savory fried rice. Many reviewers express high satisfaction and strong recommendations, indicating it's a popular and well-regarded spot.",Yes,"The AI score is 80, which is under 85, and the majority of reviews are enthusiastically positive with specific praise about food quality, taste, and value, suggesting a higher score is warranted.",false,True,"The original score was significantly too low, as deep data reveals consistent praise for the restaurant's exceptional value, high-quality domestic beef, generous complimentary offerings like yukhoe and minari, and overall satisfying dining experience with excellent ventilation."
공덕동,육회,모박사육회막회,89,2 Neon Hearts,"The score of 44 reflects severe deductions for the subpar quality of main ingredients and lack of culinary mastery, compounded by inconsistency in the core product, despite its unique generosity and perceived value for money.","While 모박사육회막회 offers an undeniably generous spread of side dishes, creating a perception of value, its core offerings of yukhoe and makhoe consistently fall short. The main ingredients lack the freshness and quality expected, overshadowing any culinary ambition.","모박사육회막회는 푸짐한 곁들임 찬으로 가성비가 좋다는 평을 받지만, 정작 메인 메뉴인 육회와 막회의 품질은 기대 이하였습니다. 핵심 재료의 신선도와 퀄리티가 부족하여, 다른 어떤 장점도 상쇄시키지 못했습니다.",http://place.map.kakao.com/2057401640,37.5447874892798,126.953254744531,No valid reviews found.,Unknown,"Scraper reached the review page, but only found dates, UI buttons, or boilerplate text. Needs human verification.",rescrape,False,"The original score was too low, as deep data reveals exceptional value and generous, delicious complimentary side dishes that significantly enhance the overall dining experience, despite the main dishes being of average quality."
명동,육회,명동주막,82,1 Neon Heart,"The score of 65 reflects decent ingredient quality and a unique concept, but is heavily penalized by inconsistent cooking techniques, unproven value beyond corkage, and a complete lack of verifiable consistency.","명동주막 presents a diverse menu with a commendable corkage-free policy, yet its culinary execution is inconsistent, failing to impress across the board. While some dishes show promise, the lack of overall mastery and verifiable consistency prevents it from earning a recommendation.","명동주막은 다양한 메뉴와 콜키지 프리 혜택으로 흥미를 유발하지만, 요리의 완성도는 들쭉날쭉합니다. 일부 메뉴에서 가능성을 보였음에도 불구하고 전반적인 기술력과 일관성 부족으로 높은 평가를 받기 어렵습니다.",http://place.map.kakao.com/1194633210,37.5626716595782,126.985580321979,"The customer reviews are overwhelmingly positive, highlighting delicious food and friendly service. One reviewer enthusiastically calls it the most delicious Korean restaurant in Myeongdong.",Yes,"The enthusiastic and specific positive feedback on food quality and service, including a strong endorsement as 'the most delicious Korean restaurant in Myeongdong,' suggests the AI score of 82 might be an understatement.",false,True,"The original score was too conservative, as deep data reveals consistently excellent service, a pleasant and quiet ambiance, and a strong wine program with a generous corkage policy, which collectively elevate the overall dining experience despite some inconsistencies in food quality."
역삼동,육회,더뭉티기 역삼점,95,3 Neon Hearts,"The score reflects high marks for ingredient quality and competent technique, but significant deductions were applied to consistency and value for money due to the prevalence of incentivized reviews.","While the daily-slaughtered Hanwoo promises exceptional ingredient quality, the overall experience is marred by a lack of verifiable consistency and questionable value perception. The slightly sweet yukhoe and fresh mungtigi are commendable, but the reliance on incentivized reviews prevents a higher critical appraisal.","당일 도축한 한우의 신선도는 돋보이지만, 협찬성 리뷰가 많아 전반적인 일관성과 가치 평가에 의문이 남습니다. 달콤한 육회와 찰진 뭉티기는 훌륭하나, 진정한 미식 경험으로 보기에는 검증이 부족합니다.",http://place.map.kakao.com/938886019,37.49535882227748,127.045835778158,No valid reviews found.,Unknown,"Scraper reached the review page, but only found dates, UI buttons, or boilerplate text. Needs human verification.",rescrape,False,"The original score was significantly underestimated as deep data reveals overwhelming customer satisfaction, consistently praising the exceptional freshness and quality of the '당일도축 당일판매' 뭉티기 and 육회, along with the delicious accompanying dishes and generous complimentary 선지해장국."
서초동,육회,육회상자,5,,"The provided summary contains no information pertaining to '육회상자', therefore, no positive or negative attributes could be assessed for the target restaurant, resulting in minimal scores across all categories.","This restaurant cannot be evaluated based on the provided data, which entirely concerns other establishments. Without any specific information on its ingredients, technique, experience, value, or consistency, a proper assessment is impossible.","제공된 자료는 '육회상자'에 대한 어떠한 정보도 포함하고 있지 않아 평가가 불가능합니다. 재료, 조리 기술, 경험, 가치, 일관성에 대한 구체적인 정보가 전무하여 적절한 심사를 진행할 수 없습니다.",http://place.map.kakao.com/1749629034,37.4866444737205,127.031468368243,[Re-scored],,,false,False,"The provided summary contains no information pertaining to '육회상자', therefore, no positive or negative attributes could be assessed for the target restaurant, resulting in minimal scores across all categories."
성수동,육회,육품,95,3 Neon Hearts,"The score reflects outstanding performance across all categories, particularly in value and ingredients, with no sponsorship penalties or red flags applied.","육품 delivers an exceptional dining experience, marrying top-tier Hanwoo ingredients with masterful technique and an incredible value proposition. Its unwavering consistency and generous hospitality make it a true destination for 육회 and more.","육품은 최상급 한우 재료와 숙련된 조리 기술, 그리고 놀라운 가성비를 결합하여 탁월한 식사 경험을 제공합니다. 변함없는 일관성과 넉넉한 환대는 육회 등을 위한 진정한 목적지로 만듭니다.",http://place.map.kakao.com/167057233,37.5393638152356,127.054361325347,"The customer reviews indicate a significant decline in food quality and overall experience. One reviewer explicitly states that the quality of side dishes and soup has dropped, and another notes that the restaurant is 'not like before' and has lost many customers.",No,"Multiple reviews describe a serious decline in food quality ('퀄리티가 떨어졌네여') and overall experience, which severely contradicts a destination-worthy AI score of 95/100.",true,False,"The score reflects outstanding performance across all categories, particularly in value and ingredients, with no sponsorship penalties or red flags applied."
충무로,육회,충무로구룡포,80,1 Neon Heart,"The score reflects strong points in ingredients, technique, and personality, but a significant sponsorship penalty was applied to value and consistency due to the high sponsored ratio, resulting in a lower overall score.","Despite its traditional charm and unique Yukjeon recipe, the pervasive sponsored content significantly undermines the true value and long-term consistency of this establishment. While ingredients are fresh and technique is commendable, the high sponsorship ratio casts a long shadow over its genuine appeal.","오랜 전통과 독창적인 육전 레시피는 돋보이나, 높은 협찬 비율이 진정한 가치와 일관성에 대한 신뢰를 크게 저해합니다. 신선한 재료와 뛰어난 조리 기술은 인정하지만, 과도한 협찬은 진정성을 의심하게 만듭니다.",http://place.map.kakao.com/1377475558,37.5623868237394,126.99512856687,"Customers consistently praise the delicious food, specifically the mungtigi, yukjeon, shrimp jeon, and other assorted jeon, highlighting the tasty sauce and generous service. The old-fashioned atmosphere and spacious seating are also noted positively, contributing to a great dining experience with no waiting.",Yes,"The AI score of 71/100 appears to be an undervaluation. Every single customer receipt is an enthusiastic, flawless rave, praising the delicious food (mungtigi, various jeon), special sauce, excellent service (free potato pancake), and pleasant old-fashioned atmosphere, with no negative feedback whatsoever.",false,True,"The original score was significantly undervalued as deep data reveals overwhelming praise for the fresh, delicious food, unique dishes, excellent service, and authentic old-fashioned atmosphere, despite minor concerns about the restroom facilities and one subjective food preference."
마장동,육회,임가네숯불구이식당,80,1 Neon Heart,"The score of 45 is derived from moderate ingredient quality, weak technique, absent personality, poor value, and low consistency, with a significant sponsorship penalty applied to value and consistency categories.","While the raw Hanwoo quality shows promise, inconsistent seasoning for yukhoe and doenjang jjigae, coupled with grilling difficulties, detract significantly from the experience. The high sponsored ratio further casts doubt on its overall value and consistency.","신선한 한우 재료는 긍정적이나, 육회 양념과 된장찌개 맛의 일관성 부족, 그리고 숯불 조절의 어려움이 큰 단점으로 지적됩니다. 높은 협찬 비율은 전반적인 가치와 신뢰성에 의문을 제기합니다.",http://place.map.kakao.com/1072429756,37.5688346626212,127.040647824909,"The reviews consistently praise the excellent meat quality, delicious and well-served side dishes, and the overall cleanliness and friendly service. Many customers highlight the good value for money, especially with complimentary items. While there are isolated complaints about the doenjang-jjigae taste and the perceived value of the table setting fee, these are significantly outnumbered by enthusiastic positive feedback on the food and dining experience.",Yes,"The AI score of 80 is under 85, and the majority of reviews are enthusiastically positive with specific praise for food quality ('고기 질이 좋아요', '고기 맛은 당연 훌륭하고'), taste ('된장찌개 여전히 맛있어용!', '밑반찬도 맛있고'), and overall value and experience, suggesting a higher score might be warranted.",false,True,"The initial low score failed to account for the restaurant's primary function as an affiliated table-setting establishment for Jung-il Butcher, where customers consistently praise the high-quality Hanwoo, generous side dishes, and overall positive dining experience, despite minor inconsistencies with side menu items like doenjang-jjigae."
문래동,육회,육회바른연어 문래동점,91,2 Neon Hearts,"The score reflects strong ingredient quality and technique, coupled with excellent value, but is significantly tempered by the complete absence of information regarding unique personality and long-term consistency.","This establishment offers fresh yukhoe and salmon with commendable technique across various dishes, presenting good value for its quality. However, a distinct culinary personality and consistent long-term reputation remain unproven, tempering its overall appeal.",신선한 육회와 연어를 기반으로 다양한 요리에서 훌륭한 조리 기술과 좋은 가성비를 보여줍니다. 하지만 독창적인 개성과 장기적인 일관성에 대한 증거가 부족하여 전반적인 매력을 제한합니다.,http://place.map.kakao.com/1293625805,37.5206138379481,126.889820430696,No valid reviews found.,Unknown,"Scraper reached the review page, but only found dates, UI buttons, or boilerplate text. Needs human verification.",rescrape,False,"The deep data reveals an overwhelmingly positive customer experience, consistently praising the restaurant's fresh ingredients, diverse and innovative menu, excellent value, clean and comfortable ambiance, and friendly service, strongly contradicting the original conservative score."
문래동,육회,철길부산집 문래역점,70,,"Points were heavily deducted from 'value' and 'consistency' due to the 100% sponsored ratio, which significantly compromises the objectivity of the reported facts regarding customer experience and long-term reliability.","While the ingredients and execution appear competent for an izakaya-style establishment, the overwhelming sponsorship ratio casts a significant shadow on claims of value and long-term consistency. The experience, though pleasant, lacks a distinct culinary identity beyond standard chain offerings.","사용하는 식재료와 조리 기술은 준수해 보이나, 압도적인 협찬 비율로 인해 가성비와 일관성에 대한 평가는 신뢰하기 어렵습니다. 전반적으로 쾌적하고 친절하지만, 독창적인 개성보다는 일반적인 체인점의 무난함이 엿보입니다.",http://place.map.kakao.com/1130761196,37.5174627603048,126.89649324714,"Customers consistently praise the delicious and diverse eomuk selection, with one reviewer, who typically dislikes eomuk, finding all varieties exceptionally tasty, even suggesting they might be better than Busan's. Specific items like the yubu-ball with mochi, perilla leaf odeng, and spicy beef tendon receive high marks for taste and texture. The interior and basic side dishes are also noted positively, and the atmosphere is described as comfortable for conversation.",Yes,"The AI score of 70 suggests a decent spot with real flaws, but the customer reviews are overwhelmingly and enthusiastically positive, particularly regarding the food quality and taste. Multiple reviewers express strong satisfaction with the eomuk, with one even stating it might be better than Busan's, and another, who usually dislikes eomuk, finding it 'truly delicious.' Specific dishes like the yubu-ball, perilla leaf odeng, and spicy beef tendon are highlighted for their excellent flavor and suitability. This level of specific and enthusiastic praise for the core menu items strongly contradicts a merely 'decent' score and suggests a higher rating is warranted.",false,True,"The original score was far too conservative, as deep data reveals overwhelmingly positive customer experiences praising the delicious and diverse menu, exceptional service, inviting atmosphere, and high hygiene standards."
문래동,육회,교반 문래점,70,,"Scores reflect strong ingredients and technique, moderate personality, but heavily penalized value and consistency due to the 100% sponsored ratio.","While the 육회 quality and thoughtful preparation demonstrate culinary competence, the overwhelming sponsorship ratio severely undermines its credibility. This establishment, despite its initial appeal, fails to prove genuine long-term value or consistent local patronage.","신선한 육회와 섬세한 조리 기술은 칭찬할 만하지만, 압도적인 협찬 비율이 식당의 진정한 가치를 의심하게 만듭니다. 이는 진정한 고객 기반의 일관성이나 합리적인 가성비를 증명하지 못합니다.",http://place.map.kakao.com/1600563291,37.5146020312129,126.899573833807,"The majority of reviews are enthusiastically positive, praising the delicious taste and high quality of various bibimbap dishes, including specific mentions of '대존맛' (super delicious) for cockle and yukhoe bibimbap. Customers found the food worth the wait and appreciated the value, despite one minor complaint about the price of stone pot rice and a single serious concern about dish hygiene.",Yes,"The score is 70/100, which is under 85, and the majority of customer reviews are enthusiastically positive with specific praise for food quality, taste, and value, indicating a better experience than the current score suggests.",false,True,"The deep data reveals overwhelmingly positive feedback on the fresh, generous, and delicious food, efficient service, and clean environment, warranting a significantly higher score despite minor navigation challenges within the building."
용강동,육회,모연,80,1 Neon Heart,"The score of 74 reflects strong performance in ingredients, technique, and personality, but significant deductions were applied to consistency and value due to the high sponsorship ratio.","모연 showcases exceptional Hanwoo quality and refined culinary techniques, evident in its aged beef and creative pairings. However, a high sponsorship ratio significantly undermines its perceived value and the authenticity of its consistent praise.","모연은 최상급 한우와 섬세한 조리 기술로 깊은 인상을 남기지만, 높은 협찬 비율이 신뢰도와 가치 평가에 큰 그림자를 드리웁니다. 이는 진정한 고객 경험의 일관성에 의문을 제기합니다.",http://place.map.kakao.com/162078159,37.53937101445396,126.94369703185356,"모연의 리뷰들은 고기의 질과 친절한 서비스, 프라이빗한 룸 구성, 그리고 전통주와의 조화에 대해 긍정적으로 평가되었습니다. 특히 기본찬과 마무리 식사까지 두루 만족해 주셨습니다. 이들은 매우 높은 점수를 받아드릴 만한 내용입니다.",Yes,"모든 리뷰가 모연의 서비스와 음식에 대해 긍정적인 평가를 내렸으며, 이러한 리뷰는 모연의 서비스 품질을 높이 평가할 수 있는 근거입니다.",false,True,"The deep data overwhelmingly supports the auditor's assessment that the original score was too conservative, as reviews consistently praise the premium Hanwoo, artistic presentation, luxurious private dining experience, and generally impeccable grilling service, despite one minor service inconsistency."
공덕동,해물파전,공덕집,83,1 Neon Heart,"The score of 83 reflects strong points in technique, value, and consistency, balanced against a less ideal dining experience due to cramped conditions and potential evening atmosphere issues. No sponsorship penalty or red flag caps were applied.","The Haemul Pajeon at Gongdeokjip demonstrates excellent technique and value, consistently delivering a crispy yet moist texture with well-felt seafood flavor. While the service is friendly, the cramped seating and potential for a rowdy evening crowd detract from the overall dining experience.",공덕집의 해물파전은 바삭하면서도 촉촉한 식감과 해산물 풍미가 잘 살아있는 훌륭한 조리 기술과 가성비를 자랑합니다. 친절한 서비스에도 불구하고 협소한 좌석과 저녁 시간의 소란스러움은 전반적인 식사 경험에 아쉬움을 남깁니다.,http://place.map.kakao.com/626280552,37.54510951272149,126.94768492057332,"The customer reviews are overwhelmingly positive, praising a variety of dishes including pajeon, bibim noodles, janchi-guksu, cockles, kimchi pancake, bossam, and fresh Tongyeong raw oysters. Reviewers consistently highlight the delicious taste, clean preparation of ingredients, and appropriate portion sizes, with many expressing a desire to become regulars or calling it a '맛집' (delicious restaurant).",Yes,"The AI score of 83 suggests a 'genuinely good place,' but the enthusiastic and specific praise across multiple reviews for food quality, taste, and preparation indicates a higher level of customer satisfaction and quality that warrants an upgrade.",false,True,"The score of 83 reflects strong points in technique, value, and consistency, balanced against a less ideal dining experience due to cramped conditions and potential evening atmosphere issues. No sponsorship penalty or red flag caps were applied."
명동,해물파전,명동부대찌게,80,1 Neon Heart,"The score reflects decent technique but significant deficiencies in ingredient quality, personality, value, and consistency, with no sponsorship penalty applied as the ratio was low.","While the 해물파전 boasts a satisfying crispness and portion size, it lacks any distinctive culinary identity or premium ingredient sourcing. The high price point further detracts from its appeal, with no evidence of long-term consistency or local renown.","해물파전은 바삭한 식감과 적당한 양으로 만족스러웠으나, 특별한 요리 개성이나 고급 재료 사용에 대한 언급이 없습니다. 높은 가격은 매력을 반감시키며, 장기적인 일관성이나 지역적 명성에 대한 증거도 부족합니다.",http://place.map.kakao.com/20749759,37.56412383536634,126.98380301431384,"While many reviews praise the budaejjigae and samgyeopsal, multiple serious complaints accuse the restaurant of exploiting foreign customers with severe overpricing and misleading advertising regarding menu items and pricing.",No,"Multiple reviews describe practices amounting to outright fraud or exploitation, specifically mentioning severe overpricing for foreigners and misleading menu information, which severely contradicts an AI score of 80/100.",true,False,"The deep data reveals overwhelmingly positive customer experiences across multiple establishments associated with '명동부대찌게', consistently praising the quality, quantity, value, and service, indicating the original score was far too conservative."
신당동,해물파전,술통,88,2 Neon Hearts,"Scores were assigned based on the limited information provided, with significant deductions for unaddressed critical criteria such as ingredient quality, value, and consistency.","While the cooking technique yields palatable results, the lack of information regarding ingredient quality, value, and consistency is concerning. This establishment fails to provide the foundational assurances expected of a noteworthy dining experience.","조리 기술은 만족스러운 맛을 내지만, 재료 품질, 가성비, 그리고 일관성에 대한 정보 부족은 우려스럽습니다. 이 식당은 주목할 만한 식사 경험에 필요한 기본적인 확신을 제공하지 못합니다.",http://place.map.kakao.com/16676805,37.5627651852851,127.015809600806,No valid reviews found.,Unknown,"Scraper reached the review page, but only found dates, UI buttons, or boilerplate text. Needs human verification.",rescrape,False,"The deep data reveals '술통' is a highly-rated local gem, particularly for its delicious jeon and unique dog-friendly policy, indicating the original score was far too conservative despite the owner's reserved demeanor."
역삼동,해물파전,윤대감빈대떡,65,,"The score is significantly lowered due to the complete lack of specific information regarding the 해물파전's ingredients, technique, and consistency, despite strong performance in other areas like value and experience.","Despite glowing reviews for other dishes and commendable service, the complete absence of information regarding the 해물파전's ingredients and preparation is a critical oversight. While the establishment offers good value and a pleasant atmosphere, its specific performance on our target dish remains entirely unverified.","다른 메뉴와 서비스에 대한 긍정적인 평가에도 불구하고, 해물파전의 재료와 조리법에 대한 정보가 전무하다는 점은 치명적인 간과입니다. 전반적인 가성비와 분위기는 좋으나, 핵심 평가 대상인 해물파전에 대한 검증은 전혀 이루어지지 않았습니다.",http://place.map.kakao.com/1939340529,37.49700377971107,127.02983184982035,[Re-scored],,,false,False,"The score is significantly lowered due to the complete lack of specific information regarding the 해물파전's ingredients, technique, and consistency, despite strong performance in other areas like value and experience."
역삼동,해물파전,교동전선생 선릉역점,90,2 Neon Hearts,"The score reflects severe deficiencies across all categories, particularly in ingredient quality, technique, and value, with no positive aspects to offset these flaws.","This establishment's 해물파전 is a significant disappointment, failing to deliver on both seafood quality and authentic flavor, often tasting more like a generic green onion pancake with MSG. Its exorbitant price for such meager quality and quantity makes it an exceptionally poor value, lacking any discernible culinary personality or consistent positive reception.","이 식당의 해물파전은 해산물의 품질과 진정한 맛 모두에서 실망스러우며, 조미료 맛이 나는 평범한 파전에 가깝습니다. 미미한 품질과 양에 비해 터무니없는 가격은 가성비가 매우 떨어지며, 뚜렷한 요리 개성이나 일관된 긍정적 평가를 찾아볼 수 없습니다.",http://place.map.kakao.com/1453721742,37.5058000198845,127.047258152466,No valid reviews found.,Unknown,"Scraper reached the review page, but only found dates, UI buttons, or boilerplate text. Needs human verification.",rescrape,False,"The original score was a severe misrepresentation; deep data reveals the restaurant is highly praised for its diverse and delicious jeon, exceptional makgeolli selection, and generous lunch service, despite minor inconsistencies in a few specific dishes and occasional long wait times."
신사동,해물파전,굴세상,80,1 Neon Heart,"The score breakdown reflects significant deductions for technique and consistency due to the 해물파전's fundamental flaws, alongside a lack of distinct personality and only moderate value.","The 해물파전 at 굴세상 suffers from a fundamental lack of crispiness and an excessive flour taste, overshadowing any potential from fresh ingredients. While value might seem reasonable for Apgujeong, the inconsistent execution and generic culinary identity prevent it from earning a Neon Heart.","굴세상의 해물파전은 바삭함이 부족하고 밀가루 맛이 과하여 신선한 재료의 잠재력을 가립니다. 압구정이라는 지역을 고려할 때 가성비는 괜찮을 수 있으나, 일관성 없는 조리 기술과 평범한 개성으로 인해 네온 하트를 받기 어렵습니다.",http://place.map.kakao.com/16298418,37.5280845122618,127.031025321023,"Despite some complaints about noise from other patrons, the overwhelming majority of reviews express enthusiastic satisfaction with the food, specifically praising the Samhap and Hongeo dishes for their delicious taste and quality. Customers frequently mention wanting to revisit for the food.",Yes,"The reviews consistently highlight exceptional food quality and taste, with multiple enthusiastic praises for specific dishes like Samhap and Hongeo, suggesting the restaurant's culinary offerings are highly regarded and warrant a higher score than 80.",false,True,"The original score was far too low, as deep data reveals '굴세상' is a highly praised establishment known for its exceptionally fresh oysters, delicious oyster bossam, and excellent value, despite minor comfort and service quirks typical of a beloved, authentic local gem."
성수동,해물파전,미락바지락칼국수,80,1 Neon Heart,"The score breakdown reflects strong points in ingredients and technique, but a lack of personality and a significant deduction in value and consistency due to the applied sponsorship penalty.","While the 해물파전 exhibits commendable crispness and generous seafood, and the overall cooking technique is solid, the establishment lacks a distinctive culinary identity. The pervasive sponsorship ratio significantly undermines the perceived value and the credibility of its consistency, relegating it to an average experience.","해물파전은 바삭함과 풍부한 해물로 칭찬할 만하며 전반적인 조리 기술은 견고하나, 이 식당은 독특한 요리적 개성이 부족합니다. 높은 협찬 비율은 가치와 일관성에 대한 신뢰도를 심각하게 저해하여, 전반적으로 평범한 경험에 머무르게 합니다.",http://place.map.kakao.com/12387217,37.5492231722694,127.048809872349,"The customer reviews are overwhelmingly positive, consistently praising specific aspects of the food. Reviewers highlight the perfectly purged clams (no sand), chewy hand-kneaded noodles, refreshing soup, and delicious kimchi and chili pickles. Many express strong satisfaction, calling it a 'trustworthy good restaurant' and noting generous portions. There are no serious complaints, only minor observations about dumplings being average or a single mention of a perceived slight reduction in kalguksu portion, which is contradicted by other reviews praising generous portions.",Yes,"The score is under 85, and the majority of reviews are enthusiastically positive with specific praise about food quality, taste, and craft, suggesting a higher score is warranted.",false,True,"The original score was significantly undervalued, as deep data reveals consistent praise for the restaurant's handmade, chewy noodles, fresh ingredients, flavorful broths, highly-rated side dishes, and exceptionally delicious seafood pajeon, making it a local favorite with strong revisit intentions despite minor parking challenges."
성수동,해물파전,미사랑,80,1 Neon Heart,"The score reflects high-quality ingredients and a charming owner, but is significantly tempered by inconsistent technique and a substantial sponsorship penalty applied to both value and consistency.","While 미사랑 offers a warm atmosphere and fresh, owner-grown ingredients, its culinary execution falls short of exceptional, with flavors often described as merely average. The significant sponsored content raises concerns about the genuine long-term value and consistent local patronage.","미사랑은 따뜻한 분위기와 직접 재배한 신선한 재료를 자랑하지만, 전반적인 맛은 평범하다는 평가가 많아 요리 기술 면에서 아쉬움이 남습니다. 높은 협찬 비율은 진정한 가치와 단골 고객의 일관성에 대한 의문을 제기합니다.",http://place.map.kakao.com/15994312,37.5461236267201,127.04907490718,"The reviews for 미사랑 are predominantly positive, with customers praising the delicious and spicy food, clean oil, good value, and the experience of freshly made jeon and makgeolli. Many consider it a top spot for its specialty. However, there is one highly critical review detailing serious food quality issues like sour taste, rancid smell, and dry food, along with poor service.",Yes,"Despite one very negative review, the overwhelming majority of customer reviews (6 out of 7) are enthusiastically positive, specifically praising the delicious and freshly made jeon, clean oil, good value, and overall atmosphere, suggesting the AI score of 80 might be an understatement.",false,True,"The original score was significantly too low, as deep data reveals '미사랑' is a highly praised establishment, consistently lauded by customers for its delicious, authentic jeon with homemade ingredients, excellent value, friendly service, and cozy atmosphere, making it a popular local favorite."
성수동,해물파전,흙과나무,80,1 Neon Heart,"The score breakdown reflects strong points in technique and personality, but a significant sponsorship penalty was applied to the 'value' and 'consistency' categories due to the >50% sponsored ratio, resulting in a total score of 70.","While 흙과나무 shows promising technique and a unique culinary personality, the high sponsored ratio significantly undermines its perceived value and long-term consistency. The execution of its jeons is commendable, but the authenticity of its reputation is questionable.","흙과나무는 훌륭한 조리 기술과 독창적인 개성을 보여주지만, 높은 협찬 비율이 가치와 일관성에 대한 신뢰를 저해합니다. 전 요리의 완성도는 높으나, 그 명성의 진정성에는 의문이 남습니다.",http://place.map.kakao.com/12057312,37.53831468106497,127.0551593846824,"The reviews highlight positive aspects such as delicious food, excellent service, and unique ambiance. While the score is slightly below the average, the overwhelming majority of the reviews are overwhelmingly positive and enthusiastic. The restaurant is praised for its variety of drinks, delicious dishes, and warm atmosphere. The staff is also noted to be friendly.",Yes,"Despite the slightly low score, the numerous positive reviews indicate that the restaurant offers high-quality food and service. The staff's friendliness and the unique atmosphere contribute to the overall positive experience.",false,True,"The deep data reveals an overwhelmingly positive customer experience, highlighting unique and delicious menu items like the Tonkatsu Pajeon and Chestnut Makgeolli, coupled with a charming traditional atmosphere, friendly staff, and a long-standing reputation, making the original score of 70/100 significantly too low."
성수동,해물파전,강남빈대떡,80,1 Neon Heart,"The score breakdown reflects strong technique and personality, but significant deductions were applied to value and consistency due to the high sponsorship ratio and noted inconsistencies.","While 강남빈대떡 showcases commendable technique in its crispy jeon and a strong chef personality, inconsistent side dishes and ingredient choices like Russian squid detract from the experience. The high sponsorship ratio significantly impacts our assessment of its true value and consistency, leading to a substantial score reduction.","강남빈대떡은 바삭한 전 조리 기술과 셰프의 뚜렷한 개성이 돋보이지만, 밑반찬의 일관성 부족과 러시아산 오징어 사용은 아쉬움을 남깁니다. 높은 협찬 비율로 인해 가치와 일관성 부문에서 큰 감점이 적용되어, 전반적인 평가가 하락했습니다.",http://place.map.kakao.com/16848000,37.53808020262256,127.05367811651897,"The reviews are overwhelmingly positive, praising the generous amount of seafood in the pajeon, its unique and delicious taste (possibly pumpkin-based batter), and overall high quality. Customers describe it as 'genuinely delicious' even for those not typically fond of jeon. A minor note about the thick pajeon being slightly undercooked inside is acknowledged but does not detract from the strong positive sentiment.",Yes,"The customer reviews consistently provide enthusiastic and specific praise for the food's quality, unique taste, and generous portions, suggesting the restaurant offers an exceptional experience that warrants a higher score than 80/100.",false,True,"The original score was significantly underestimated, as deep data reveals overwhelming praise for the signature, generously portioned seafood pancakes and delicious bibim guksu, solidifying its status as a 'Living Master' establishment despite minor operational quirks."
서교동,빈대떡,남북통일,80,1 Neon Heart,"The score reflects exceptional ingredient quality and masterful technique, significantly offset by a complete lack of personality, high pricing, and no evidence of consistency.","While the ingredients are top-tier and the cooking technique is remarkably precise across all dishes, the establishment lacks a distinct culinary personality and offers questionable value. Furthermore, there is no evidence of long-term consistency or a loyal local following.","최상급 식재료와 모든 요리에서 놀랍도록 정교한 조리 기술을 선보이지만, 이 식당은 뚜렷한 개성이 부족하며 가성비 측면에서 의문이 남습니다. 또한, 장기적인 일관성이나 단골 고객층에 대한 증거가 전혀 없습니다.",http://place.map.kakao.com/8234310,37.553796239926776,126.91795113227076,"The reviews are overwhelmingly positive, highlighting the restaurant's unique character as a long-standing, non-franchise establishment in Hongdae. Customers specifically praise the handmade dumplings, describing them as rustic yet charming with a full filling, and the broth as refreshing, deep, and comforting. The overall sentiment is that it's a true local gem with a unique and excellent taste.",Yes,"The AI score of 80 suggests a genuinely good place, but the customer reviews are enthusiastically positive, emphasizing the restaurant's deep expertise, unique handmade food, and exceptional, comforting taste. The consistent praise for its authenticity and quality suggests it might be underrated by the current score.",false,True,"The original score was significantly underestimated; deep data reveals overwhelmingly positive feedback for the rich broths, delicious handmade Pyeongyang mandu, standout kimchi and side dishes, and efficient service, making it a highly popular and recommended establishment despite occasional wait times."
망원동,빈대떡,소문난빈대떡마을,90,2 Neon Hearts,"The score reflects strong points in value and personality, but significant deductions were made for inconsistent technique, ingredient quality issues in non-빈대떡 items, and a documented lack of consistency over time.","While offering excellent value and a warm owner, the culinary execution and ingredient quality for specific dishes fall short of expectations. Inconsistent preparation and notable flaws prevent a higher recommendation.","훌륭한 가성비와 친절한 사장님의 개성은 돋보이나, 일부 요리의 재료 품질과 조리 기술에서 아쉬움이 큽니다. 일관성 없는 준비와 명백한 결함들이 높은 평가를 가로막습니다.",http://place.map.kakao.com/16049884,37.5580808714115,126.907506959558,No valid reviews found.,Unknown,"Scraper reached the review page, but only found dates, UI buttons, or boilerplate text. Needs human verification.",rescrape,False,"The original score was significantly too low, as deep data reveals overwhelming customer satisfaction with the exceptional value, delicious and varied jeon, and friendly, nostalgic atmosphere, despite a single notable complaint about the quality of the altang."
상수동,빈대떡,종로빈대떡 상수점,80,1 Neon Heart,"The restaurant has good ingredients and techniques, but the value is very low due to the high prices for the portion size. The consistency and signature identity of the chef are not clearly established, which is a significant issue. The sponsorship penalty was applied due to the high sponsored ratio.","The restaurant serves tasty and satisfying ingredients and cooking techniques. However, the value proposition is poor with prices being significantly higher for the portion size, and there's no clear signature identity from the chef.","양심적으로 조리된 맛있는 재료들과 기술을 제공하지만, 가격 대비 상당히 낮은 편이며, 메뉴의 구성이나 총괄이 부족하다. 편안한 주인의 역할을 하는 직원들은 있지만, 종합적으로 보면 가치는 떨어진다.",http://place.map.kakao.com/2068371441,37.5461364805984,126.922740506697,No valid reviews found.,Unknown,"Scraper reached the review page, but only found dates, UI buttons, or boilerplate text. Needs human verification.",rescrape,False,"The deep data overwhelmingly shows that customers were pleasantly surprised by the excellent quality, variety, and value of the food, particularly the stews and pancakes, along with satisfying side dishes and friendly service, far exceeding the original low score."
공덕동,빈대떡,원조 마포할머니빈대떡 본점,84,1 Neon Heart,"The score breakdown reflects significant deductions for inconsistent technique and poor consistency in serving fresh items, alongside a slight compromise in ingredient quality, despite strong personality and value.","While boasting a strong traditional identity and good value, 원조 마포할머니빈대떡 본점 suffers from critical inconsistencies in technique, frequently serving pre-fried items that lack the essential crispness and freshness. The compromise in core ingredient quality for its signature dish further detracts from its potential, making it an average experience despite its heritage.","원조 마포할머니빈대떡 본점은 견고한 전통과 합리적인 가격을 자랑하지만, 미리 부쳐놓은 전으로 인해 조리 기술의 일관성이 크게 부족합니다. 시그니처 메뉴의 핵심 재료 품질 타협은 잠재력을 저해하며, 오랜 역사에도 불구하고 전반적으로 평범한 경험을 제공합니다.",http://place.map.kakao.com/8029567,37.5445713397855,126.953483456443,No valid reviews found.,Unknown,"Scraper reached the review page, but only found dates, UI buttons, or boilerplate text. Needs human verification.",rescrape,False,"The original score was overturned because the deep data revealed consistent praise for the restaurant's exceptional variety, value, and extensive makgeolli selection, which significantly outweigh minor criticisms regarding reheated items or occasional taste discrepancies."
낙원동,빈대떡,낙원빈대떡,90,2 Neon Hearts,"The score reflects a significant deduction for inconsistent technique and unpredictable menu availability, despite decent value and fresh ingredients in some offerings; no sponsorship penalty was applied.","While some dishes offer good value and fresh ingredients, the execution is inconsistent, with significant flaws in core items like the 빈대떡 and 김치전. The unpredictable menu availability further detracts from a reliable dining experience.","일부 메뉴는 신선한 재료와 넉넉한 양으로 가성비가 좋지만, 녹두빈대떡과 김치전의 조리 기술은 아쉬움을 남깁니다. 방문 시마다 달라지는 메뉴 구성은 일관성 측면에서 큰 단점으로 작용합니다.",http://place.map.kakao.com/15636306,37.57116125344786,126.98946587488707,No valid reviews found.,Unknown,"Scraper reached the review page, but only found dates, UI buttons, or boilerplate text. Needs human verification.",rescrape,False,"The deep data reveals an overwhelmingly positive customer experience, highlighting the restaurant's authentic ""노포"" atmosphere, exceptional value, delicious and varied menu items (especially seafood and oyster pancakes, golbaengi muchim, and side dishes), and consistent praise from regulars, indicating the original score was significantly too low."
인현동,빈대떡,황해도빈대떡,80,1 Neon Heart,"The score breakdown reflects an outstanding technique score of 18, but a minimal 5 points across all other categories due to a complete lack of supporting information, indicating an unproven or unexceptional standing in those areas. No sponsorship penalty was applied.","While the Bindaetteok demonstrates exceptional technical execution, achieving a moist, fluffy texture without excess oil, the establishment lacks documented distinction in other critical areas. There is insufficient evidence regarding ingredient sourcing, unique identity, value proposition, or long-term consistency to warrant a higher rating.","빈대떡의 조리 기술은 기름지지 않고 촉촉하며 폭신한 식감을 완벽하게 구현했으나, 재료의 품질, 사장의 개성, 가성비, 그리고 일관성에 대한 정보가 전무합니다. 이로 인해 전반적인 평가에서 높은 점수를 받기 어렵습니다.",http://place.map.kakao.com/1516692482,37.5637950831257,126.995174881427,No valid reviews found.,Unknown,"Scraper reached the review page, but only found dates, UI buttons, or boilerplate text. Needs human verification.",rescrape,False,"The deep data reveals overwhelmingly positive customer experiences, praising the delicious, non-oily jeon, excellent meorigogi, generous portions, and friendly service, directly contradicting the original low score."
예지동,빈대떡,황씨네모듬회,82,1 Neon Heart,"The score reflects strong technique and value, offset by a lack of unique personality and zero evidence for consistency due to no information provided.","While the Bindaetteok demonstrates excellent technique with its crispy texture and rich flavor, the establishment lacks a distinct culinary personality. Furthermore, the absence of consistency data prevents a higher overall rating despite its perceived value.","빈대떡은 바삭한 식감과 풍부한 맛으로 뛰어난 조리 기술을 보여주지만, 식당의 독창적인 개성은 부족합니다. 일관성에 대한 정보가 없어 높은 가성비에도 불구하고 전반적인 평가가 제한됩니다.",http://place.map.kakao.com/27495492,37.57004358681731,126.99942270325218,No valid reviews found.,Unknown,"Scraper reached the review page, but only found dates, UI buttons, or boilerplate text. Needs human verification.",rescrape,False,"The original score was too conservative, as a majority of customers praised the fresh seafood, generous portions, and excellent value for money in a vibrant market setting, despite some noted inconsistencies in food quality and seasonal issues with extreme cold."
서교동,쭈꾸미,쭈앤쭈 홍대점,80,1 Neon Heart,"The score breakdown reflects average ingredient quality, competent technique with minor flaws, a lack of unique culinary personality, unconfirmed value, and no evidence of long-term consistency; no sponsorship penalty was applied.","While the jjukumi exhibits commendable smoky flavor and texture, the overall experience is marred by a lack of distinct culinary personality and unverified ingredient quality. Consistency and value remain unproven, suggesting a standard offering rather than an exceptional one.","쭈꾸미의 불향과 식감은 훌륭하나, 독창적인 요리 개성과 재료의 품질에 대한 검증이 부족합니다. 일관성과 가성비 또한 미지수여서, 특출나기보다는 평범한 수준의 경험을 제공합니다.",http://place.map.kakao.com/474643416,37.5558037205214,126.92480387263,"The customer reviews are overwhelmingly positive, consistently praising the delicious taste of the Jjukkumi and Samgyeopsal, the unique direct flame grilled flavor, and the optimal spiciness customization. Reviewers also appreciate the diverse menu sets and the kind owner.",Yes,"The AI score of 80/100 suggests a 'genuinely good place,' but the enthusiastic and specific positive feedback from customers, particularly regarding food quality, taste, and customization options, indicates that the restaurant might be performing at a higher level than its current score reflects. The reviews highlight a consistently delicious experience, which warrants an upgrade recommendation.",false,True,"The deep data reveals '쭈앤쭈 홍대점' consistently delivers an exceptional dining experience with highly praised, flavorful jukkumi and gorgonzola pizza, excellent service, a modern ambiance, and convenient multilingual QR ordering, indicating the original score was far too conservative."
창천동,쭈꾸미,봉혜자반상 현대백화점신촌,80,1 Neon Heart,"The score reflects decent technique but suffers from a lack of unique personality, unverified ingredient quality, and particularly low scores in value and consistency due to the heavy sponsorship penalty applied.","This establishment offers a spicy, smoky jjukkumi-bokkeum with good texture, but its overall culinary identity remains unremarkable. A significant sponsorship ratio casts doubt on its genuine value and long-term consistency.","직화 조리된 쭈꾸미볶음은 불맛과 쫄깃한 식감이 좋지만, 메뉴의 개성은 부족합니다. 높은 협찬 비율로 인해 가치와 일관성에 대한 신뢰도가 낮습니다.",http://place.map.kakao.com/554268527,37.5560832381509,126.935844876355,"Customer reviews are overwhelmingly positive, consistently praising the delicious and well-balanced flavors of various dishes like spicy jukkumi, stir-fried octopus, and Jeju pork, as well as the savory perilla seed soup. Many highlight the clean atmosphere, generous portions, good value, and friendly service, leading to repeat visits and strong recommendations. There are no serious complaints.",Yes,"The current AI score of 80/100, while good, appears to underestimate the consistently enthusiastic praise from multiple customers regarding the high quality, taste, and presentation of the food, as well as the overall positive dining experience including service and value. The reviews suggest a genuinely exceptional experience rather than just a 'genuinely good place.'",false,True,"The deep data overwhelmingly indicates a highly positive customer experience, with multiple reviewers praising the delicious food, clean atmosphere, and diverse menu, directly contradicting the original low score of 37/100."
공덕동,쭈꾸미,미나리쭈꾸미,80,1 Neon Heart,"The score reflects exceptional ingredients and technique, heavily offset by a complete lack of discernible personality, poor value due to price increases, and an absence of information regarding long-term consistency.","While the live octopus and masterful execution of flavor and texture are commendable, the establishment suffers from an unidentifiable personality and a concerning lack of value. Its long-term consistency remains unproven, failing to meet the rigorous standards of a truly distinguished culinary experience.","살아있는 쭈꾸미의 신선함과 맛, 조리 기술은 칭찬할 만하지만, 식당의 개성이 부재하고 가성비가 현저히 떨어진다는 점이 아쉽습니다. 장기적인 일관성에 대한 증거도 없어, 진정으로 뛰어난 미식 경험을 제공하기에는 역부족입니다.",http://place.map.kakao.com/1570023777,37.54467960218869,126.9538466233694,"The customer reviews are overwhelmingly positive, consistently praising the delicious taste of the jjukkumi, jjusam, fried rice, and steamed egg. Many reviewers specifically highlight the clean spicy flavor, perfect seasoning, and the fresh aroma of minari. Beyond the food, the owner's exceptional kindness and cheerful demeanor are repeatedly mentioned as a significant factor contributing to a pleasant dining experience, with some even receiving complimentary rice. There are no negative or even mixed reviews, indicating a highly satisfying experience for customers.",Yes,"The current AI score of 80/100, while good, does not fully reflect the consistently enthusiastic and specific praise for both the food quality and the outstanding customer service evident in nearly all reviews. The complete absence of any serious or even minor complaints, coupled with multiple mentions of delicious food, generous portions, and an exceptionally kind owner, suggests the restaurant is genuinely exceptional and warrants a higher score.",false,True,"The deep data reveals an overwhelmingly positive customer experience, with multiple patrons calling it a 'favorite' and praising the exceptional taste of the jukkumi, the generous side dishes, and the 'nation's #1' fried rice, far outweighing minor concerns about space or parking."
을지로,쭈꾸미,공평동꼼장어 을지로점,91,2 Neon Hearts,"The score breakdown reflects strong points in ingredients, value, and consistency for the main dish, balanced against a lower score for personality and minor flaws in technique for other items; no sponsorship penalty was applied as the ratio was 50%.","This establishment offers commendable quality and consistent preparation for its primary eel dish, alongside reasonable pricing. However, a notable absence of distinct culinary personality and inconsistent execution on secondary menu items preclude a higher rating.",이곳은 주꾸미 메인 요리의 품질과 일관된 조리 기술이 훌륭하며 합리적인 가격을 제공합니다. 하지만 뚜렷한 요리적 개성이 부족하고 일부 보조 메뉴의 완성도가 아쉬워 더 높은 평가를 받지 못했습니다.,http://place.map.kakao.com/590134050,37.5667013849756,126.990156964297,"The reviews praise the restaurant for its delicious and flavorful Donghwa-style grilled octopus, noting the perfect combination of spicy and refreshing flavors. The customer also appreciates the variety of dishes and the ability to order individual portions. The restaurant is described as a pleasant place for customers to relax and enjoy drinks. The comments suggest the restaurant offers a high-quality dining experience.",Yes,"The reviews are overwhelmingly positive and complimentary, indicating a high-quality dining experience. The restaurant is praised for its delicious food, pleasant atmosphere, and accommodating service. The customers enjoy the variety of dishes and the ability to order individually. The restaurant is recommended for customers who want to enjoy a relaxing dining experience with friends or colleagues.",false,True,"The deep data overwhelmingly supports the auditor's assessment, revealing consistent praise for the delicious, non-fishy grilled eel, vibrant nostalgic atmosphere, accommodating service, and flexible menu options, warranting a significant score increase despite minor criticisms on specific side dishes."
명동,쭈꾸미,더식당 명동본점,80,1 Neon Heart,"The scores reflect strong ingredients and technique, a moderate personality, and significantly penalized value and consistency due to the high sponsorship ratio.","While the jukkumi and accompanying dishes demonstrate commendable technique and quality ingredients, the absence of a distinct culinary identity prevents it from truly standing out. The high volume of sponsored content also casts a shadow on its perceived value and genuine long-term consistency.","직화 쭈꾸미와 곁들임 메뉴는 훌륭한 조리 기술과 좋은 재료를 사용했지만, 독창적인 개성이 부족하여 특별한 인상을 남기지 못합니다. 높은 협찬 비율은 진정한 가치와 꾸준한 명성에 대한 의문을 제기합니다.",http://place.map.kakao.com/26874878,37.562257192861,126.98551249166562,"Customer reviews are overwhelmingly positive, consistently praising the delicious taste of jukkumi, kalguksu, and pizza, often highlighting specific qualities like smoky flavor and fresh ingredients. Many express high satisfaction and a desire to revisit, with mentions of friendly staff and generous portions.",Yes,"The AI score of 80 is under 85, and the majority of reviews are enthusiastically positive with specific praise about food quality, taste, and generous portions, suggesting the restaurant is genuinely better than its current score indicates.",false,True,"The deep data reveals an overwhelmingly positive customer experience, consistently praising the exceptional value, delicious and generous portions of the unique set menus, and thoughtful service, making the original score of 62/100 far too conservative."
신당동,쭈꾸미,명태어장 신당점,70,,"The score of 33 reflects minimal information on ingredients, average technique, and a complete absence of unique personality, with significant deductions applied to value and consistency due to the overwhelming 80% sponsorship ratio.","This establishment suffers from a profound lack of verifiable culinary information, suggesting a generic experience heavily influenced by promotional efforts rather than genuine merit. The high sponsored ratio severely undermines any claims of value or consistent quality, rendering it unremarkable.","이 식당은 검증 가능한 요리 정보가 현저히 부족하여, 진정한 가치보다는 홍보에 크게 의존하는 평범한 경험을 제공합니다. 높은 협찬 비율은 가치나 일관된 품질에 대한 주장을 심각하게 훼손하며, 특색 없는 곳으로 평가됩니다.",http://place.map.kakao.com/1085748817,37.5628692445044,127.018913144082,"Customer reviews are overwhelmingly positive, praising the delicious taste of various dishes such as Jjusam, Makguksu, Hwangtae Haejangguk, Japchae, and Myeongtae Jorim. Reviewers also highlight the good value of the lunch special and quick service. There are no significant complaints or negative feedback.",Yes,"The AI score of 70/100 suggests a 'decent spot with real flaws' and 'mixed reviews.' However, the customer feedback is consistently enthusiastic and positive, with specific praise for food quality, taste, and value, which strongly contradicts the implied presence of significant flaws or mixed sentiment. The reviews suggest a better experience than the current score indicates.",false,True,"The deep data reveals overwhelmingly positive customer experiences, praising the diverse and delicious menu items, high-quality ingredients, excellent and varied side dishes including a standout self-service bar, and strong intent for repeat visits, directly contradicting the original low score."
창신동,쭈꾸미,목포낙지마을,70,,"The score reflects strong technique and personality, but is significantly impacted by the use of frozen jjukumi, high pricing relative to perceived quality, and a severe penalty applied to consistency and value due to the 100% sponsored ratio.","While the restaurant showcases commendable technique with fresh seafood and a distinct owner's touch, the reliance on frozen jjukumi and a high sponsored ratio significantly detract from its overall authenticity and value. The inconsistency in key ingredients, coupled with pervasive promotion, prevents a recommendation.","신선한 해산물 요리와 숙련된 조리 기술, 그리고 사장님의 뚜렷한 개성은 돋보이나, 쭈꾸미의 냉동 사용과 높은 협찬 비율이 아쉬움을 남깁니다. 핵심 재료의 일관성 부족과 과도한 홍보는 진정한 가치와 장기적인 신뢰를 구축하는 데 방해가 됩니다.",http://place.map.kakao.com/581997679,37.5709570134502,127.01600603074,"The reviews are predominantly positive, highlighting the delicious and fresh octopus dishes, excellent side dishes, and unique use of directly pressed sesame oil. Customers express high satisfaction with the taste and quality of the food, with several calling it 'delicious' and 'insane harmony.' One review specifically mentions it as a must-visit place during certain seasons. There is one serious complaint regarding poor service and an unfulfilled order.",Yes,"The AI score is 70 (under 85), and the majority of reviews are enthusiastically positive with specific praise about food quality, taste, and craft, such as '너어무 맛있어서 대만족했습니다!', '살아있는 쭈꾸미 있어요!!', '하모니가 미쳤어요!!', and '진한 육수에 샤브샤브 해먹으면 진짜 맛있어요!'. This suggests the restaurant's food quality is significantly better than a 'decent spot with real flaws' score implies, despite a notable service issue.",false,True,"The deep data reveals an overwhelmingly positive customer experience, consistently praising the exceptional freshness of seasonal seafood, the owner's passionate service, and the superb quality of all dishes, including highly-rated side dishes, indicating the original score was far too conservative."
역삼동,쭈꾸미,직화불향쭈꾸미 강남점,80,1 Neon Heart,"The high scores for ingredients and technique are severely offset by significant deductions in value and consistency due to the substantial sponsorship ratio, resulting in a score of 66.","While the jjukumi's quality and cooking technique are commendable, the pervasive sponsored content casts a long shadow over its true value and consistent local appeal. This establishment delivers on flavor but lacks the genuine, unadulterated reputation expected of a truly great restaurant.","쭈꾸미 자체의 품질과 조리 기술은 훌륭하나, 높은 협찬 비율이 진정한 가치와 꾸준한 고객층에 대한 의구심을 자아냅니다. 맛은 좋지만, 순수한 명성 면에서는 아쉬움이 남는 곳입니다.",http://place.map.kakao.com/1025055371,37.49450855797409,127.03437672701756,No valid reviews found.,Unknown,"Scraper reached the review page, but only found dates, UI buttons, or boilerplate text. Needs human verification.",rescrape,False,"The original score was significantly underestimated; deep data reveals overwhelmingly positive feedback on the fresh, plump jukkumi, excellent combo options, generous portions, unique truffle jjajangmyeon, and engaging cheese fried rice service, making it a highly recommended and popular establishment."
서초동,쭈꾸미,서초불쭈꾸미,80,1 Neon Heart,"Scores reflect decent ingredient quality and value, but significant deductions were made for inconsistent technique regarding spice levels, a lack of unique personality, and unproven long-term consistency.","While the 쭈꾸미 boasts a pleasant texture and adequate smoky flavor, the critical failure to deliver on requested spice levels indicates a significant technical inconsistency. The lack of a distinct culinary identity or strong evidence of long-term consistency prevents this establishment from earning a Neon Heart.","쭈꾸미의 식감과 불향은 준수하나, 주문한 매운맛을 제대로 구현하지 못한 것은 치명적인 기술적 결함입니다. 뚜렷한 개성이나 장기적인 일관성의 증거가 부족하여, 네온 하트를 수여하기에는 역부족입니다.",http://place.map.kakao.com/1450209313,37.4907073474052,127.009190785569,"The reviews for 서초불쭈꾸미 are overwhelmingly positive, consistently praising the generous portions, delicious and refillable side dishes (including seaweed soup and stir-fried mushrooms), and tasty main dishes like jukkumi dolsot and cockle bibimbap. Customers highlight the good value for money in Seocho, the fast turnover, and the friendly staff. There are no serious complaints, only a minor personal preference regarding spice level.",Yes,"The AI score of 80 is within the 'genuinely good place' range, but the customer reviews are enthusiastically positive, with specific and repeated praise for food quality, taste, value, and service. This level of consistent positive feedback, including specific mentions of delicious food and good value, suggests the restaurant performs at a higher level than an 80/100 score implies, warranting an upgrade.",false,True,"The deep data reveals an overwhelmingly positive customer experience, highlighting delicious, generously portioned jukkumi with a smoky flavor, excellent side dishes, efficient service, and high popularity among repeat customers, indicating the original score was severely understated."
서초동,쭈꾸미,서초명가 서초본점,0,None,Supreme Court Overruled: Authentic customer receipts revealed major flaws (service/taste/hygiene). Revoked.,"While the ingredients are fresh and the cooking technique competent, this establishment lacks a distinct culinary personality and verifiable long-term consistency. The value is fair, but it fails to elevate beyond a standard offering.","신선한 재료와 준수한 조리 기술을 보였으나, 독창적인 개성과 장기적인 일관성 증거가 부족합니다. 가격은 합리적이지만, 평범한 수준을 넘어서지는 못했습니다.",http://place.map.kakao.com/8375585,37.4863351254429,127.014495448298,"One customer review describes an extremely negative experience, citing kalguksu that was inedibly salty ('salt soup,' 'salt dough') and staff who were dismissive of the complaint, attributing it to the customer's misunderstanding, and rudely cleared dishes while the customer was still eating. This contradicts a destination-worthy AI score of 95/100, which requires flawless evidence.",No,"Multiple serious complaints about food quality (inedibly salty kalguksu) and hostile/rude staff behavior (dismissing customer's complaint, clearing dishes without permission).",false,False,"The original score was significantly too low, as deep data reveals overwhelmingly positive customer experiences, with multiple reviewers calling the jukkumi and fried rice 'life-changing' and 'the most delicious ever' due to fresh ingredients, excellent taste, and attentive service."
서초동,쭈꾸미,수라,70,,"The score reflects decent ingredient quality and excellent service, but significant deductions were made for inconsistent technique, diminished value due to price increases and portion complaints, and clear evidence of inconsistency in side dish preparation.","While the owner's dedication shines through, the culinary execution suffers from inconsistencies in seasoning and texture, particularly with saltiness and side dishes. The recent price increase further diminishes its overall value, making it merely an average option.","사장님의 헌신적인 태도는 돋보이나, 순두부의 텁텁함과 볶음밥의 짠맛, 그리고 반찬의 일관성 부족에서 조리 기술의 미흡함이 드러납니다. 가격 인상으로 인해 가성비가 하락하여 전반적으로 평범한 수준에 머무릅니다.",http://place.map.kakao.com/16958997,37.4952798388337,127.018047967489,"While there is one serious complaint about hygiene, unfriendliness, and taste, the overwhelming majority of reviews are enthusiastically positive, with multiple customers praising various dishes (Cheonggukjang, Sundubu, Jeyuk-bokkeum, bibimbap ingredients) as delicious and like home-cooked meals. Several reviewers call it the 'best' or a 'hidden gem' and mention frequent visits, indicating strong customer satisfaction.",Yes,"The AI score of 70 suggests a decent spot with flaws, but the customer reviews paint a picture of a genuinely beloved restaurant with consistently delicious food and high customer loyalty, contradicting the 'flaws' aspect of the 70-79 range. The single negative review appears to be an outlier against a strong positive trend.",false,True,"The score reflects decent ingredient quality and excellent service, but significant deductions were made for inconsistent technique, diminished value due to price increases and portion complaints, and clear evidence of inconsistency in side dish preparation."
서초동,쭈꾸미,의정부부대찌개 된장삼겹살 양재점,95,3 Neon Hearts,"The score reflects strong technique and personality, but significant deductions were applied to consistency and value due to the high sponsorship ratio, coupled with a lack of information on ingredient quality.","While the budaejjigae shows commendable technique and a distinct homemade flavor, the overwhelming sponsored ratio severely undermines claims of genuine value and consistent local patronage. The lack of ingredient transparency further detracts from its appeal.","부대찌개의 조리 기술과 가정식 같은 깊은 맛은 칭찬할 만하나, 압도적인 협찬 비율은 진정한 가치와 단골 고객의 일관성을 심각하게 훼손합니다. 식재료 품질에 대한 정보 부족 또한 아쉬운 점입니다.",http://place.map.kakao.com/13293236,37.4847895956591,127.030329008714,No valid reviews found.,Unknown,"Scraper reached the review page, but only found dates, UI buttons, or boilerplate text. Needs human verification.",rescrape,False,"The deep data reveals overwhelmingly positive customer experiences, consistently praising the delicious and generous portions of both budae jjigae and doenjang samgyeopsal, exceptional service from a friendly owner, and abundant, tasty side dishes, indicating the original score was severely understated."
신사동,쭈꾸미,이수쭈꾸미,80,1 Neon Heart,"The score reflects strong performance in ingredients, technique, personality, and value, but is significantly lowered due to the complete lack of information regarding consistency.","While 이수쭈꾸미 excels in ingredient quality, masterful technique, and offers commendable value with a personal touch from the owner, its long-term consistency remains unproven. The vibrant flavors and fresh ingredients are undeniable, but a lack of historical data prevents a higher commendation.","이수쭈꾸미는 신선한 재료와 뛰어난 조리 기술, 그리고 사장님의 개성 있는 서비스로 높은 평가를 받으나, 장기적인 일관성에 대한 정보가 부족합니다. 매력적인 맛과 훌륭한 가성비는 분명하지만, 검증되지 않은 지속성이 아쉬움을 남깁니다.",http://place.map.kakao.com/1033117851,37.5270585943048,127.036219846481,"The reviews describe the restaurant as offering a delicious and enjoyable experience, with a focus on fresh ingredients and traditional Korean BBQ dishes. The restaurant seems to have a nice and cozy atmosphere, which is mentioned multiple times. The reviews are overwhelmingly positive and enthusiastic, praising the meat quality and balance of flavors.",Yes,"The reviews contain no significant criticisms or contradictions to the AI score. They are positive and enthusiastic, indicating that the restaurant deserves a higher score than what the AI initially calculated.",false,True,"The deep data overwhelmingly supports the auditor's claim, revealing consistent praise for the restaurant's delicious and uniquely flavored jukkumi, excellent texture, attentive service, and vibrant atmosphere, with no significant criticisms."
신사동,쭈꾸미,쭈꾸미도사 압구정로데오점,80,1 Neon Heart,"The score reflects high marks for ingredient quality and cooking technique, significantly offset by the complete absence of information regarding unique personality or established consistency.","While the jjukkumi boasts excellent quality and the seasoning is undeniably addictive, the establishment lacks a discernible personality or proven long-term consistency. This results in a competent meal that ultimately feels generic.","쭈꾸미 자체의 품질과 중독성 있는 양념은 훌륭하나, 업장의 독자적인 개성이나 장기적인 일관성에 대한 정보가 부재합니다. 결과적으로 만족스러운 식사였지만, 특별한 인상 없이 평범하게 느껴집니다.",http://place.map.kakao.com/558925853,37.525917310592455,127.03817302781214,"The AI score of 80/100 appears justified, but the customer reviews are overwhelmingly positive, suggesting the restaurant might be underrated. Many customers praise the delicious jukkumi and steamed egg, the friendly owner, generous portions, and overall satisfying experience. While there is one negative review citing unfriendly staff and bad taste, it is a clear outlier amidst numerous enthusiastic endorsements.",Yes,"The score is under 85, and the majority of reviews are enthusiastically positive with specific praise about the delicious food (쭈꾸미, 계란찜), friendly owner, and excellent overall experience, warranting a potential upgrade.",false,True,"The original score was significantly too low, as deep data reveals consistently excellent food quality, highly praised and attentive staff who cook at the table, a remarkably clean and pleasant environment, and popular, delicious side dishes and fried rice, all contributing to an overwhelmingly positive customer experience."
성수동,쭈꾸미,쭈꾸미도사 성수점,90,2 Neon Hearts,"The score reflects high marks for technique and ingredient quality, tempered by significant deductions due to a complete lack of information regarding the restaurant's personality and consistency.","While the jukkumi boasts excellent texture and a well-balanced, flavorful seasoning, the establishment lacks a discernible culinary identity. Without evidence of long-term consistency or a unique chef's personality, it remains a merely competent option.","쭈꾸미의 식감과 양념의 조화로운 맛은 훌륭하지만, 이 식당은 뚜렷한 요리적 개성이 부족합니다. 장기적인 일관성이나 셰프의 독창적인 정체성에 대한 증거가 없어, 그저 괜찮은 선택지에 머무릅니다.",http://place.map.kakao.com/2103758000,37.54418150470509,127.05619116623552,No valid reviews found.,Unknown,"Scraper reached the review page, but only found dates, UI buttons, or boilerplate text. Needs human verification.",rescrape,False,"Despite one highly critical review detailing numerous flaws, the overwhelming majority of customer feedback praises the delicious, well-prepared jukkumi, excellent side dishes, friendly service, and vibrant atmosphere, indicating the original score was too conservative."
문래동,쭈꾸미,문래양푼이동태탕,80,1 Neon Heart,"The score breakdown reflects strong points in technique, personality, and value, but significant deductions were made due to the complete absence of information regarding ingredient quality and consistency, which are foundational pillars of fine dining evaluation.","While the technique demonstrates a commendable mastery of flavor and generous portions offer excellent value, the lack of concrete evidence regarding ingredient quality and long-term consistency prevents a higher commendation. The proprietor's unique character adds a pleasant touch, yet critical data points remain unverified for a discerning palate.","맛과 조리 기술은 훌륭하고 가성비 또한 뛰어나지만, 재료의 신선도와 일관성에 대한 구체적인 증거가 부족하여 높은 평가를 내리기 어렵습니다. 사장님의 개성은 좋으나, 비평가적 관점에서 핵심적인 정보가 확인되지 않았습니다.",http://place.map.kakao.com/604529321,37.517462760298,126.896493247141,"Customer reviews consistently praise the pollack stew for being spicy, savory, and delicious, with generous portions and tasty self-serve side dishes. Many reviewers highlight the satisfying experience and adjustable spice levels.",Yes,"The reviews are overwhelmingly positive, specifically mentioning excellent taste, generous portions, and good side dishes, suggesting the restaurant is better than its current 80/100 score implies.",false,True,"The original score was significantly underestimated as deep data reveals overwhelmingly positive customer experiences highlighting generous portions, delicious and clean broth, fresh ingredients, exceptional service, and great value, making it a highly recommended local favorite."
망원동,제육볶음,이구역의요리왕,70,,"The score reflects decent ingredients and technique, but significant deductions were applied to value and consistency due to the overwhelming 80% sponsorship ratio.","While the jeyuk-bokkeum demonstrates competent technique and uses fresh ingredients, its overwhelming sponsorship ratio significantly compromises its perceived value and consistency. This establishment, despite some culinary merits, struggles to establish genuine, unbiased appeal.","제육볶음은 준수한 조리 기술과 신선한 재료를 사용했으나, 압도적인 협찬 비율은 가치와 일관성에 대한 신뢰를 크게 저하시킵니다. 일부 요리적 장점에도 불구하고, 이 식당은 진정한 비편향적 매력을 구축하는 데 어려움을 겪고 있습니다.",http://place.map.kakao.com/304398018,37.5618137276796,126.904152129779,"Customer reviews are overwhelmingly positive, highlighting good side dishes, delicious and warm stew, friendly staff, good value for money, and suitability for solo dining.",Yes,"The reviews consistently praise the food quality (delicious stew, good side dishes), value for money, and friendly service, suggesting the AI score of 70 might be an underestimate.",false,True,"Despite numerous irrelevant reviews, the pertinent customer feedback overwhelmingly praises '이구역의요리왕' for its delicious, home-style cooking, generous portions with free rice refills, and friendly service, indicating the original score was far too conservative."
망원동,제육볶음,진토리닭곰탕,80,1 Neon Heart,"The score reflects the complete absence of 제육볶음, making a proper evaluation against our specialized criteria impossible, despite the reported quality of their unrelated dishes. No sponsorship penalty was applied.","This establishment, while lauded for its traditional chicken soup, regrettably offers no 제육볶음, rendering it fundamentally unreviewable by the Neon Guide's specialized criteria. Its focus lies entirely outside our domain of expertise.","이 식당은 닭곰탕으로 호평받고 있으나, 유감스럽게도 제육볶음을 제공하지 않아 네온 가이드의 전문 평가 기준으로는 심층적인 리뷰가 불가능합니다. 저희의 전문 분야와는 완전히 다른 영역에 집중하고 있습니다.",http://place.map.kakao.com/1237243122,37.5559281671716,126.899517269293,"While there are two serious complaints regarding staff rudeness and internal conflict, the overwhelming majority of reviews are enthusiastically positive, praising the delicious food (닭도리탕, 닭한마리, 닭곰탕), generous portions, good value, and even some staff friendliness. The specific praise for taste, broth, and ingredients suggests the food quality is exceptional.",Yes,"The score is under 85, and the majority of reviews are enthusiastically positive with specific praise about food quality, taste, and craft, suggesting the AI score might be too low despite some serious staff complaints.",false,True,"The deep data reveals overwhelmingly positive customer experiences, praising the restaurant's delicious and varied menu, excellent value with free refills, and status as a beloved local gem, warranting a significant score increase from the original."
합정동,제육볶음,합정생고기김치찌개,80,1 Neon Heart,"The score breakdown reflects a restaurant that offers good value and basic competence for a broad menu, but significantly lacks in unique personality, refined technique, and consistent attention to detail, resulting in a 'None' award level.","This 24-hour establishment offers a broad menu of Korean comfort food, delivering decent value but lacking any distinctive culinary identity or meticulous execution. While serviceable for a quick meal, it falls short of memorable dining due to inconsistent details and a generic approach.","24시간 운영되는 이곳은 다양한 한식 메뉴를 제공하며, 합리적인 가격에 무난한 식사를 즐길 수 있습니다. 그러나 요리의 개성이나 섬세한 완성도 면에서는 아쉬움이 있어 특별한 미식 경험을 기대하기는 어렵습니다.",http://place.map.kakao.com/26810260,37.5480701010344,126.918826494587,"The customer reviews are overwhelmingly positive, highlighting the restaurant's long history, affordable prices, good value, and excellent meat quality. Specific dishes like fresh meat kimchi stew, samgyeopsal with butter, and jeyuk are praised for their taste, tenderness, and lack of gamey smell. Minor criticisms about a divisive tonkatsu sauce or a light kimchi stew are few and do not detract from the overall enthusiastic sentiment.",Yes,"The customer reviews consistently praise the food quality, taste, and value, with multiple specific mentions of tender meat, delicious samgyeopsal, and tasty stews, suggesting a higher quality experience than an 80/100 score implies.",false,True,"The original score was significantly too conservative, as deep data reveals this establishment is a highly praised, reliable 24-hour spot offering excellent value, generous portions, and consistently satisfying kimchi stew and other comfort foods."
공덕동,제육볶음,더삼겹170,80,1 Neon Heart,"The score breakdown reflects a severe lack of information regarding personality and consistency, scoring only 3 points each. Ingredients and technique are deemed competent but not exceptional, while value is merely adequate.","While the use of domestic flash-frozen pork is acceptable and the technique for its style is competent, the establishment utterly lacks a distinct personality or any verifiable consistency. Its value proposition is merely adequate, failing to distinguish itself in a competitive market.","국내산 급냉 암퇮지를 사용하고 조리 기술은 해당 스타일에서 준수하나, 식당의 개성이나 일관성에 대한 증거가 전무합니다. 가성비 또한 그저 적당한 수준으로, 특별한 매력을 찾기 어렵습니다.",http://place.map.kakao.com/1555508102,37.544312679433936,126.94894377781588,"The reviews are overwhelmingly positive, highlighting good meat quality, generous portions, delicious Kimchi Jjigae, and exceptionally kind and attentive staff. There is one minor complaint about Budaejjigae, but it is an outlier amidst enthusiastic praise for the food and service.",Yes,"The AI score is 80 (under 85), and the majority of reviews are enthusiastically positive with specific praise for food quality, taste, and outstanding customer service, suggesting a higher score is warranted.",false,True,"The deep data reveals a highly popular restaurant praised for its unique high-quality flash-frozen domestic female pork, diverse and delicious side dishes, excellent fried rice, and thoughtful service, warranting a significant score increase despite minor ventilation concerns."
상암동,제육볶음,오봉집 상암점,80,1 Neon Heart,"The score reflects strong technique and value, offset by a lack of information regarding personality and consistency, which significantly lowered the overall rating.","오봉집 상암점 exhibits solid technique in its main dishes and offers good value, particularly with its lunch specials. However, the absence of a distinct culinary personality and any verifiable long-term consistency significantly detracts from its overall appeal.",오봉집 상암점은 주요 요리에서 탄탄한 조리 기술과 훌륭한 가성비를 보여줍니다. 하지만 뚜렷한 개성과 검증된 일관성 부족이 전반적인 매력을 크게 저하시킵니다.,http://place.map.kakao.com/236021772,37.577023708198936,126.8969972654803,"The customer reviews are overwhelmingly positive, praising the delicious food, generous portions, and excellent value, especially for the lunch special. Many reviewers specifically highlight the good meat quality, tasty sauces and side dishes, and the satisfying spicy, smoky flavor. Staff friendliness and attentiveness are also frequently mentioned as exceptional. Minor criticisms, such as the origin of the octopus or a specific portion size for one dish, are isolated and do not detract from the overall enthusiastic sentiment.",Yes,"The AI score is 80, which is under 85, and the majority of reviews are enthusiastically positive with specific praise about food quality, taste, portions, value, and staff service, suggesting a higher score is warranted.",false,True,"The deep data reveals overwhelming customer satisfaction with the delicious and smoky main dishes, generous portions, excellent side dishes, and friendly service, indicating the original score was significantly too low."
익선동,제육볶음,잔치마당,80,1 Neon Heart,"The score reflects an average performance across all categories, with particular weaknesses in personality and consistency, and no sponsorship penalty was applied as no ratio was provided.","This Jeyuk Bokkeum offers a familiar, comforting sweet and salty flavor profile, typical of a homemade style. While the pricing is fair, it lacks distinct personality and evidence of exceptional ingredient quality or consistent culinary mastery.","잔치마당의 제육볶음은 친숙한 단짠 양념의 가정식 스타일로, 가격 대비 무난한 만족감을 제공합니다. 하지만 식재료의 특출난 품질이나 셰프의 개성, 그리고 일관된 미식 경험 측면에서는 아쉬움이 남습니다.",http://place.map.kakao.com/15828552,37.57422648392,126.989988435319,"The customer reviews are overwhelmingly positive, with multiple enthusiastic comments praising the food's taste, depth of flavor, and the quality of the side dishes. The atmosphere is also highlighted as warm and inviting. There is only one minor preference regarding saltiness, which is not a serious complaint.",Yes,"The score is 80 (under 85) and the majority of reviews are enthusiastically positive with specific praise about food quality, taste, and craft, suggesting the restaurant might deserve a higher score.",false,True,"The deep data reveals overwhelmingly positive sentiment, highlighting the restaurant's authentic home-style Korean food, warm atmosphere, and friendly service, warranting a significant score increase from the original."
명동,제육볶음,삼보식당,65,,"The score reflects decent technique and excellent value, but is significantly pulled down by notable inconsistencies in ingredient quality and cooking execution, alongside concerns regarding the dining experience.","Sambosikdang offers good value in Myeongdong with home-style dishes, but suffers from inconsistent food quality and a potentially disruptive dining atmosphere. While some dishes shine, issues with pork texture, tofu freshness, and staff conduct prevent a higher rating.","삼보식당은 명동에서 합리적인 가격에 가정식 백반을 제공하지만, 음식의 일관성과 서비스 분위기에서 아쉬움이 남습니다. 일부 메뉴는 훌륭하나, 제육볶음의 식감이나 청국장 두부의 신선도, 그리고 직원 간의 갈등 가능성이 높은 점수를 받기 어렵게 합니다.",http://place.map.kakao.com/12151067,37.563031849711,126.983963973184,[Re-scored],,,false,False,"The score reflects decent technique and excellent value, but is significantly pulled down by notable inconsistencies in ingredient quality and cooking execution, alongside concerns regarding the dining experience."
신당동,제육볶음,공가네식당,0,None,Supreme Court Overruled: Authentic customer receipts revealed major flaws (service/taste/hygiene). Revoked.,"While the 제육볶음 showcases commendable technique with balanced flavors and tender pork, the overall experience is hampered by unconfirmed ingredient quality and a lack of distinct culinary personality. Despite its good value, there's insufficient evidence of long-term consistency to warrant a higher commendation.","공가네식당의 제육볶음은 양념과 조리 기술 면에서 훌륭한 균형감을 보이며, 푸짐한 반찬과 착한 가격으로 가성비가 돋보입니다. 그러나 재료의 특별함이나 식당만의 개성, 그리고 일관성에 대한 정보 부족으로 인해 높은 평가를 받기에는 한계가 명확합니다.",http://place.map.kakao.com/21692656,37.55165848950071,127.0078153564947,"Multiple customer reviews consistently report serious issues with food quality, including tough and fatty meat, sour side dishes, and overall disappointment with the main dish and side dishes. There are also complaints about small portions relative to the price, leading to a sense of poor value.",No,"Repeated food quality complaints (고기도 퍽퍽해서 질이 안좋고 비계가 많아요, 반찬 맛도 시큼해서 그닥이고, 만원짜리 제육 실패 밑반찬도 실패....대실망) and poor value/portions (고기양이 적습니다, 가격대기 비약하게나옴) directly contradict an 'exceptional' score of 90.",false,False,"The deep data overwhelmingly praises the restaurant for its excellent value, delicious and generous home-style dishes, and friendly service, indicating the original score was far too conservative for this popular driver's eatery."
창신동,제육볶음,웃음에식당,80,1 Neon Heart,"The score reflects outstanding value and strong technique, significantly balanced by a lack of unique personality, unhighlighted ingredient quality, and insufficient evidence for long-term consistency. No sponsorship penalty was applied as no ratio was provided.","This establishment excels in offering a genuinely authentic and expertly seasoned Jeyuk-bokkeum, coupled with an unparalleled value proposition of unlimited rice and self-service side dishes. However, it falls short on distinct culinary personality, lacks specific evidence of premium ingredient sourcing, and provides minimal insight into its long-term consistency or local reputation.","이 식당은 양념이 잘 배어든 정통 제육볶음을 숙련된 기술로 선보이며, 무한 리필 밥과 셀프 반찬으로 압도적인 가치를 제공합니다. 하지만, 독창적인 요리 개성이 부족하고, 특별한 재료 소싱에 대한 구체적인 언급이 없으며, 장기적인 일관성이나 지역 명성에 대한 정보가 미미합니다.",http://place.map.kakao.com/9954228,37.571335726662,127.013656133859,"Customer reviews are overwhelmingly positive, praising the restaurant as a '맛집' (good restaurant) and '저렴한 맛집' (cheap good restaurant). Many highlight the excellent value for money, delicious home-style cooking, and the owner's skill. Specific dishes like Baekban and grilled fish receive praise, with one reviewer even reordering a dish because it was so good previously. Minor complaints are rare and often mitigated by overall positive sentiment.",Yes,"The reviews consistently describe a genuinely good place with excellent value, delicious food, and a welcoming atmosphere, often referring to it as '집밥' (home-cooked meal). The specific praise for taste, affordability (6000 won Baekban), and the owner's cooking ability suggests the AI score of 80 might be an understatement for a restaurant so beloved by its local patrons.",false,True,"The deep data reveals '웃음에식당' is a highly praised hidden gem offering legendary value, delicious traditional Korean dishes with unlimited refills, and exceptionally kind service, making the original score far too conservative."
역삼동,제육볶음,장서는날 본점,80,1 Neon Heart,"The score reflects solid technique and decent ingredient quality, but is tempered by a lack of unique personality, inconsistent value perception, and insufficient evidence of long-term culinary consistency.","Jangseoneunnal Bonjeom offers a competent Jeyuk Bibimbap with an attractive, spicy flavor, and some lunch options provide decent value. However, the lack of distinct culinary personality and clear evidence of long-term consistency prevent it from standing out in a competitive market.","장서는날 본점은 매력적인 매운맛의 제육비빔밥을 선보이며, 일부 점심 메뉴는 합리적인 가치를 제공합니다. 하지만 셰프의 독창성과 장기적인 일관성에 대한 명확한 증거가 부족하여 치열한 시장에서 두각을 나타내기에는 아쉽습니다.",http://place.map.kakao.com/23777292,37.4957237268725,127.032206087185,No valid reviews found.,Unknown,"Scraper reached the review page, but only found dates, UI buttons, or boilerplate text. Needs human verification.",rescrape,False,"The deep data reveals overwhelmingly positive customer experiences, praising the restaurant's delicious and varied menu, generous portions, excellent value, and pleasant atmosphere, indicating the original score was far too conservative."
신사동,제육볶음,별달맛집,80,1 Neon Heart,"The score reflects good value and general cooking competence, but is significantly lowered by the absence of a distinct culinary personality and inconsistent side dish offerings.","별달맛집 offers a friendly atmosphere and good value with generous portions, particularly for its lunch menu. However, its culinary personality remains indistinct, and the daily changing side dishes suggest a lack of consistent core offerings.","별달맛집은 친근한 분위기와 푸짐한 양으로 특히 점심 메뉴에서 좋은 가성비를 제공합니다. 하지만 요리의 개성이 뚜렷하지 않고, 매일 바뀌는 밑반찬은 핵심 메뉴의 일관성 부족을 시사합니다.",http://place.map.kakao.com/1180805032,37.5258918658762,127.029493781757,"Customer reviews are overwhelmingly positive, consistently praising the owner's exceptional kindness and generosity with abundant side dishes and large portions. The food is described as delicious, home-cooked, 'honey-delicious,' and 'legendary,' with specific mentions of well-prepared dishes like deboned grilled mackerel and sundubu jjigae.",Yes,"The customer reviews are enthusiastically positive, consistently highlighting exceptional food quality, taste, and the owner's generosity and kindness. Phrases like '꿀맛' (honey-delicious) and '손맛도 진짜 역대급' (cooking is truly legendary) strongly suggest a score higher than 80 is warranted.",false,True,"The deep data reveals an overwhelmingly positive customer experience, consistently praising the restaurant for its authentic, MSG-free home-style Korean cuisine, generous portions, exceptional value, and the owner's warm, friendly service, making the original score of 64/100 far too conservative."
성수동,제육볶음,성수부대찌개,80,1 Neon Heart,"The score breakdown reflects a moderate performance in ingredients and technique, a significant lack in personality and consistency, and poor value, with a heavy penalty applied due to the high sponsored ratio.","While 성수부대찌개 offers a specific regional style and some quality ingredients like handmade bacon, its lack of a distinct culinary personality and high price point are notable drawbacks. The heavy reliance on sponsored content further raises concerns about its genuine value and long-term consistency.","성수부대찌개는 특정 지역 스타일과 수제 베이컨 같은 재료의 노력을 보이나, 뚜렷한 개성이 부족하고 가격대가 높은 점이 아쉽습니다. 높은 협찬 비율은 진정한 가치와 장기적인 일관성에 대한 우려를 증폭시킵니다.",http://place.map.kakao.com/649579147,37.54940404989467,127.04482774170226,"Customer reviews are overwhelmingly positive, highlighting the clean, umami-rich broth, delicious ham, generous ingredients, and a unique serving method for ramyeon. Many express high satisfaction and intent to revisit.",Yes,"The reviews consistently praise the food quality, taste, and overall dining experience, suggesting the restaurant is better than its current 'genuinely good' score of 80 implies. Specific mentions of '깔끔하고 감칠맛', '짱맛있게 먹음', '느끼함이 적고, 정성껏 조리된 요리', '국물 맛이 깊고 깔끔', '국물 진하고 감칠맛 좋아서', and '햄이랑 소세지도 푸짐하게' indicate a higher level of satisfaction and quality than a score of 80 typically captures.",false,True,"The deep data reveals '성수부대찌개' is a highly popular and critically acclaimed establishment, consistently praised for its delicious and generously portioned budaejjigae and surprisingly excellent assorted steak, warranting a significant score increase from the original."
성수동,제육볶음,집밥,80,1 Neon Heart,"The score breakdown reflects excellent technique and strong value, but the complete lack of information regarding personality and consistency resulted in zero points for those crucial categories, leading to a low overall score. No sponsorship penalty was applied as the ratio was 0%.","While the jeyuk-bokkeum boasts perfect sweet-salty balance and tender meat, alongside a robust seaweed soup, the complete absence of information on chef's personality and long-term consistency is critically damning. This establishment demonstrates strong culinary execution and value but lacks the foundational elements for a truly distinguished rating.","제육볶음의 완벽한 단짠 균형과 부드러운 고기, 그리고 시원한 미역국은 훌륭한 조리 기술을 보여주지만, 셰프의 개성과 일관성에 대한 정보 부재는 치명적입니다. 뛰어난 맛과 가성비에도 불구하고, 장기적인 명성과 독창성을 입증할 근거가 부족합니다.",http://place.map.kakao.com/892498261,37.5496878861515,127.04929452004,No valid reviews found.,Unknown,"Scraper reached the review page, but only found dates, UI buttons, or boilerplate text. Needs human verification.",rescrape,False,"The deep data reveals that while '집밥' refers to a cherished style of home-cooked Korean food rather than a single restaurant, the numerous establishments reviewed under this theme consistently receive high praise for their authentic taste, warm service, and comforting atmosphere, indicating the original score was far too conservative."
성수동,제육볶음,교대이층집 성수점,80,1 Neon Heart,"The score reflects high marks for ingredients, technique, and value, significantly tempered by a critical lack of information regarding the establishment's unique personality and long-term consistency.","While the ingredients are meticulously sourced and cooking techniques are commendable, the establishment critically lacks a distinct culinary personality and verifiable long-term consistency. However, its generous value proposition is a significant draw.","식재료의 품질과 조리 기술은 칭찬할 만하지만, 이 식당만의 독창적인 개성과 일관성에 대한 정보가 결정적으로 부족합니다. 그럼에도 불구하고, 넉넉한 가성비는 분명한 강점입니다.",http://place.map.kakao.com/136250898,37.54487317295694,127.05681631399396,"The reviews are overwhelmingly positive, praising the good meat quality, excellent service, great value for money, and suitability for group dinners. Many customers express high satisfaction and intent to revisit. There is only one minor negative review regarding staff attentiveness and price, which is not a serious complaint and is overshadowed by the numerous positive comments.",Yes,"The current score of 80 seems to underestimate the consistently enthusiastic positive feedback, particularly regarding food quality, value, and service, which suggests a higher score is warranted.",false,True,"The original score was significantly underestimated as deep data reveals consistent praise for the exceptional quality of signature dishes, generous complimentary services, and a well-executed retro ambiance, making it a highly satisfying dining experience."
문래동,제육볶음,옛골,56,,"The score reflects strong service but significant flaws in technique and ingredient consistency, further impacted by a heavy sponsorship penalty applied to value and consistency, limiting the total score to 56.","Despite commendable service and generous portions, the culinary execution suffers from inconsistencies, particularly with missing ingredients and incorrect dish preparations. A high sponsorship ratio also casts doubt on the perceived value and long-term reliability.","친절한 서비스와 푸짐한 양은 칭찬할 만하나, 약속된 재료의 누락과 메뉴 구성의 오류 등 요리 기술과 일관성에서 아쉬움이 큽니다. 높은 협찬 비율은 가치와 신뢰도에 대한 의구심을 더합니다.",http://place.map.kakao.com/15686293,37.5127138569443,126.894777159354,[Re-scored],,,false,False,"The score reflects strong service but significant flaws in technique and ingredient consistency, further impacted by a heavy sponsorship penalty applied to value and consistency, limiting the total score to 56."
문래동,제육볶음,다슬기해장국,89,2 Neon Hearts,"The score breakdown reflects high marks for ingredients, technique, and personality, but significant deductions were applied to value and consistency due to the 100% sponsorship ratio and conflicting customer reviews.","Despite a dedicated chef and promising culinary skills, the overwhelming sponsorship ratio severely undermines the perceived value and consistency. The 'Neon Guide' cannot endorse a restaurant where genuine customer experience is overshadowed by promotional efforts.","성실한 셰프와 뛰어난 조리 기술에도 불구하고, 압도적인 협찬 비율은 진정한 가치와 일관성에 대한 신뢰를 크게 저해합니다. '네온 가이드'는 홍보성 평가에 가려진 고객 경험을 가진 식당을 추천할 수 없습니다.",http://place.map.kakao.com/1354312829,37.5160074838687,126.890329428172,No valid reviews found.,Unknown,"Scraper reached the review page, but only found dates, UI buttons, or boilerplate text. Needs human verification.",rescrape,False,"The original score was significantly undervalued, as deep data reveals a restaurant offering exceptional value with meticulously sourced domestic ingredients, a unique authentic atmosphere, and largely delicious, comforting dishes, despite the owner's gruff demeanor and occasional inconsistency in the signature river snail soup."
공덕동,기사식당,만리기사식당,88,2 Neon Hearts,"The score of 56 is the sum of points for ingredients (13), technique (18), personality (3), value (19), and consistency (3); no sponsorship penalty was applied as the sponsored ratio was 0%.","While the technique delivers satisfaction far surpassing its humble price point, the lack of information on ingredient sourcing, chef personality, and long-term consistency prevents a higher rating. This establishment offers exceptional value for its class, but fails to meet the rigorous standards for a Neon Guide award due to incomplete data. ","5천원 백반정식의 조리 기술은 가격 대비 월등한 만족감을 선사하지만, 식재료의 구체적인 품질, 사장의 개성, 그리고 일관성에 대한 정보가 부족합니다. 뛰어난 가성비를 가졌음에도 불구하고, 네온 가이드의 엄격한 기준을 충족하기에는 데이터가 불충분합니다.",http://place.map.kakao.com/21410460,37.5499439317412,126.960749839263,No valid reviews found.,Unknown,"Scraper reached the review page, but only found dates, UI buttons, or boilerplate text. Needs human verification.",rescrape,False,"The deep data reveals that the only direct customer review for '만리기사식당' was highly positive, praising the outstanding satisfaction and value of its Baekban Jeongshik, which strongly contradicts the original low score."
서교동,치킨,굽네치킨 서교점,0,None,Supreme Court Overruled: Authentic customer receipts revealed major flaws (service/taste/hygiene). Revoked.,"While the cooking technique delivers a commendable crispy exterior and juicy interior, the overall experience is hampered by a lack of distinct personality and unverified ingredient quality. This establishment fails to distinguish itself beyond basic chain expectations.","뛰어난 조리 기술로 겉바속촉의 치킨을 선사하지만, 재료 품질과 독창적인 개성에 대한 정보가 부족합니다. 기본적인 체인점의 기대치를 넘어서는 특별함은 찾기 어렵습니다.",http://place.map.kakao.com/12591797,37.55418463409209,126.91675561627773,"While some reviews praise the food and even the owner's kindness, two detailed reviews describe extremely hostile and dismissive behavior from both owners, including ignoring customers, lack of greeting, and an unapologetic attitude. These reviews also highlight significant cleanliness issues such as many mosquitoes and cluttered tables.",No,"The AI score of 95/100 is severely contradicted by multiple credible complaints of hostile staff behavior and poor hygiene/cleanliness, which are serious issues for a destination-worthy restaurant.",false,False,"The deep data reveals overwhelmingly positive customer experiences, with multiple reviewers praising the chicken as 'life chicken' and superior to competitors, indicating the original score was far too conservative."
서교동,치킨,꼬꼬로치킨 홍대점,91,2 Neon Hearts,"The score reflects high marks for ingredients, technique, and personality, but was significantly lowered in value and consistency due to the high sponsored ratio, leading to a total of 66 points.","While 꼬꼬로치킨 홍대점 showcases impressive technique and a unique, dedicated chef, its true value and long-term consistency remain unproven. The quality of ingredients and cooking execution are commendable, but the heavy reliance on sponsored content raises critical questions about its genuine local appeal.","꼬꼬로치킨 홍대점은 훌륭한 조리 기술과 11년간 연구한 독창적인 소스로 개성을 뽐내지만, 협찬 비율이 높아 진정한 가치와 꾸준함은 의문입니다. 식재료의 품질과 조리법은 칭찬할 만하나, 지역 사회에서의 장기적인 평판은 아직 검증되지 않았습니다.",http://place.map.kakao.com/242944327,37.55135712827282,126.92177093397444,No valid reviews found.,Unknown,"Scraper reached the review page, but only found dates, UI buttons, or boilerplate text. Needs human verification.",rescrape,False,"The original score was significantly too low, as deep data reveals overwhelmingly positive feedback on the delicious and diverse menu, exceptional value, vibrant atmosphere, and friendly service, despite minor self-service quirks."
서교동,치킨,메종 치킨이좋아,90,2 Neon Hearts,"The extremely low score reflects the complete absence of positive attributes and a direct negative comparison for technique, indicating a profound lack of culinary merit across all categories.","메종 치킨이좋아 utterly fails to distinguish itself, offering a generic chicken experience that falls short of even basic expectations. With no discernible quality in ingredients, technique, or unique identity, it provides little reason for a return visit.","메종 치킨이좋아는 기본적인 기대치에도 미치지 못하는 평범한 치킨 경험을 제공하며, 어떠한 차별점도 보여주지 못합니다. 식재료, 조리 기술, 개성 등 어느 하나도 돋보이지 않아 재방문할 이유를 찾기 어렵습니다.",http://place.map.kakao.com/1593638371,37.5504845994116,126.914739721563,No valid reviews found.,Unknown,"Scraper reached the review page, but only found dates, UI buttons, or boilerplate text. Needs human verification.",rescrape,False,"The deep data provided no relevant information about '메종 치킨이좋아', thus failing to substantiate the original extremely low score and suggesting it was overly conservative."
서교동,치킨,교촌치킨 홍대점,0,None,Supreme Court Overruled: Authentic customer receipts revealed major flaws (service/taste/hygiene). Revoked.,"The Hongdae branch of Kyochon offers well-executed fried chicken with tasty sauces, demonstrating solid technique. However, as a chain, it lacks unique personality, and its value is merely adequate compared to competitors, with general brand consistency issues noted.","교촌치킨 홍대점은 훌륭한 조리 기술과 맛있는 양념으로 치킨을 잘 만들어냅니다. 하지만 프랜차이즈로서 고유한 개성이 부족하며, 다른 경쟁업체에 비해 가성비가 평범하고 브랜드 전반의 일관성 문제도 지적됩니다.",http://place.map.kakao.com/807263903,37.5536211466791,126.920142306425,"Multiple customer reviews describe consistently poor and unaccommodating staff behavior, including refusing basic requests like an extra chair for belongings or an additional side dish, and giving 'nonsense' reasons for not accommodating seating preferences. There is also a complaint about the food taste having changed from its original quality.",No,"The AI score of 91 suggests an exceptional restaurant, but multiple reviews detail serious issues with hostile and unhelpful staff, poor service (e.g., refusing a chair for belongings, not providing an extra side dish, giving cramped seats), and a decline in food quality, which severely contradict this high score.",false,False,"The deep data reveals that despite a wait, the restaurant is highly popular, especially after relocating to a more spacious and clean venue, consistently delivering delicious, high-quality chicken that customers highly recommend for in-store dining."
서교동,치킨,BBQ 홍대로데오점,0,None,Supreme Court Overruled: Authentic customer receipts revealed major flaws (service/taste/hygiene). Revoked.,"This branch of BBQ demonstrates basic competence in cooking execution and delivery temperature, offering a moderately soft and tasty chicken compared to its peers. However, a complete lack of information regarding ingredient sourcing, unique personality, value, or consistent reputation prevents it from earning any significant commendation.","BBQ 홍대로데오점은 다른 지점 대비 부드럽고 따뜻하게 배달된 치킨으로 기본적인 조리 기술은 갖추고 있습니다. 하지만 식재료 품질, 독창성, 가성비, 그리고 일관성에 대한 정보가 전무하여 높은 평가를 내리기 어렵습니다.",http://place.map.kakao.com/1371423273,37.55241644258439,126.92138052626444,"While many reviews are positive, one customer reported inconsistent mobile coupon policies and staff denying their previous experience regarding a complimentary drink, implying the customer was mistaken. This interaction, involving a staff member contradicting a customer's account, is a serious concern for a restaurant with a 95/100 AI score.",No,"A 95/100 AI score implies a destination-worthy restaurant requiring flawless evidence. The complaint about inconsistent coupon policy and staff denying a customer's previous experience and implying they were wrong constitutes a credible serious complaint about staff behavior and service consistency, which contradicts a near-perfect score.",false,False,"The original score was a severe miscalculation, as the deep data contained one overwhelmingly positive review for 'BBQ 홍대로데오점' praising its delicious, tender, and warm chicken, explicitly recommending the branch."
서교동,치킨,누구나홀딱반한닭 망원역점,80,1 Neon Heart,"The score reflects solid technique and ingredient quality, but the absence of distinct personality and the heavy sponsorship ratio significantly reduced points for value and consistency, as a sponsorship penalty was applied.","The oven-baked chicken offers a commendable texture and lighter profile, showcasing solid cooking technique. However, the lack of unique personality and the significant sponsored content undermine its overall appeal, particularly impacting perceived value and long-term consistency.","오븐에 구운 치킨은 훌륭한 식감과 담백함을 선사하며 견고한 조리 기술을 보여줍니다. 하지만 뚜렷한 개성의 부재와 높은 협찬 비율은 전반적인 매력을 저해하며, 특히 가치와 일관성에 대한 신뢰를 떨어뜨립니다.",http://place.map.kakao.com/289501839,37.5575848705653,126.909245964513,"Reviews highlight the deliciousness of various chicken dishes, including Red Holic and Ssamdak, with some calling it the best in Mangwon-dong. Specific praise for Gukmul Jjolbokki is also noted. Minor issues include occasional slow service, one mention of salty chicken, and a desire for more vegetables with the ssamdak, but these do not detract from the overall enthusiastic positive sentiment regarding the food quality.",Yes,"The score is under 85, and the majority of reviews are enthusiastically positive with specific praise for the taste and quality of multiple menu items, suggesting the restaurant is better than a 'genuinely good place' and warrants a higher score.",false,True,"The deep data reveals overwhelmingly positive customer experiences, consistently praising the unique, high-quality oven-baked chicken, diverse menu, and pleasant dining atmosphere, indicating the original score was severely understated."
서교동,치킨,후라이드의 품격 서교본점,70,,"The score reflects a severe lack of information on ingredients, personality, and consistency, compounded by a heavy deduction in value and consistency due to the 100% sponsored ratio.","While the execution of various Japanese-style chicken dishes shows competence in technique and texture, the establishment utterly lacks a discernible culinary identity or commitment to ingredient transparency. The pervasive sponsorship raises serious doubts about its genuine value and long-term consistency, overshadowing any potential merits.","다양한 일본식 닭 요리에서 조리 기술과 식감은 준수하나, 독자적인 요리 개성이나 식재료 투명성에 대한 언급이 전무합니다. 전면적인 협찬은 진정한 가치와 장기적인 일관성에 대한 심각한 의문을 제기하며, 잠재적 장점들을 가려버립니다.",http://place.map.kakao.com/745645004,37.557081019891,126.913797374282,"Customers consistently praise the restaurant for its excellent value, generous portions, and delicious, well-prepared chicken. Specific mentions include crispy frying, moist chicken breast, fresh ingredients, and good seasoning. Reviewers express high satisfaction and intent to revisit, despite minor suggestions for side dishes.",Yes,"The reviews are overwhelmingly positive, highlighting specific food quality (crispy, moist, fresh, well-seasoned chicken) and exceptional value for money, which strongly suggests the restaurant is better than a 'decent spot with real flaws' (70/100) and warrants a higher score.",false,True,"The original score was a severe underestimate, as the only relevant customer review praises the restaurant as the 'king of cost-effectiveness' with excellent traditional fried chicken, indicating strong customer satisfaction and intent for repeat visits."
서교동,치킨,고명치킨,96,3 Neon Hearts,"The score reflects high marks for technique and ingredients, tempered by significant deductions for the lack of information regarding personality and consistency; no sponsorship penalty was applied as the ratio was below 50%.","Gomyeong Chicken demonstrates commendable technique with oak wood roasting and homemade broth, using solid domestic ingredients. However, the absence of a distinct personality and any verifiable consistency data prevents it from achieving a higher rating.",고명치킨은 참나무 장작 구이와 직접 만든 사골 육수를 사용하는 훌륭한 조리 기술과 국내산 닭이라는 좋은 재료를 선보입니다. 하지만 셰프의 개성과 일관성에 대한 정보 부족으로 인해 높은 평가를 받기 어렵습니다.,http://place.map.kakao.com/57362706,37.5545674914725,126.92330898092,No valid reviews found.,Unknown,"Scraper reached the review page, but only found dates, UI buttons, or boilerplate text. Needs human verification.",rescrape,False,"The original score was a severe undervaluation, as deep data reveals '고명치킨' offers an exceptional dining experience with innovative, high-quality chicken dishes, a trendy ambiance, and commendable service, making it a standout establishment."
창천동,치킨,자담치킨 서울신촌본점,80,1 Neon Heart,"The score reflects competent but uninspired technique, a complete absence of personality, and significantly penalized value and consistency due to the overwhelming sponsored ratio.","While the use of antibiotic-free chicken and unlimited naan offers some appeal, the lack of unique personality and significant reliance on sponsored content severely undermines its standing. This establishment struggles to demonstrate true culinary distinction or consistent, organic customer loyalty.","무항생제 닭 사용과 난 무한리필은 긍정적이나, 개성 부족과 높은 협찬 비율이 이 레스토랑의 진정한 가치를 퇴색시킵니다. 진정한 미식의 차별성이나 꾸준한 고객 충성도를 입증하기에는 역부족입니다.",http://place.map.kakao.com/13318854,37.55775019898728,126.93605848317128,No valid reviews found.,Unknown,"Scraper reached the review page, but only found dates, UI buttons, or boilerplate text. Needs human verification.",rescrape,False,"The original score was based on irrelevant data, as the only pertinent review for '자담치킨 서울신촌본점' was overwhelmingly positive, praising the exceptional quality, taste, and ethical sourcing of their hot fried and seasoned chicken."
창천동,치킨,아웃닭 신촌역점,80,1 Neon Heart,"The score reflects strong ingredient quality and decent technique for fried chicken, but is significantly lowered due to the absence of unique personality, unverified value, and a complete lack of consistency data. A sponsorship penalty was explicitly applied to the value and consistency categories due to the high sponsored ratio.","The domestic chicken quality is commendable, and the fried boneless chicken shows good textural execution, though the sauce application is notably weak. Despite generous sides, the lack of unique identity and high sponsorship raise significant concerns about genuine value and long-term consistency.","국내산 닭고기 품질은 칭찬할 만하며, 후라이드 순살치킨의 조리 기술은 훌륭하나 양념의 적용은 아쉽습니다. 푸짐한 사이드에도 불구하고, 고유한 개성 부재와 높은 협찬 비율은 진정한 가치와 일관성에 대한 의문을 제기합니다.",http://place.map.kakao.com/27341509,37.55739433945822,126.93780962439024,"The customer reviews are overwhelmingly positive, consistently praising the chicken's taste, texture (crispy, juicy, soft), and generous portions. Many reviewers highlight the good value for money, friendly staff, and pleasant pub-like atmosphere, expressing strong intent to revisit. There are no negative comments or serious complaints.",Yes,"The reviews consistently describe an exceptional dining experience with specific, enthusiastic praise for food quality, taste, and value, which significantly exceeds the 'genuinely good place' implied by an 80/100 score.",false,True,"The deep data overwhelmingly praises '아웃닭 신촌역점' for its delicious chicken, generous portions with complimentary sides, excellent value, pleasant atmosphere, and friendly service, indicating the original score of 46/100 was far too conservative and completely unfounded."
창천동,치킨,BHC치킨 신촌점,80,1 Neon Heart,"The score reflects strong technical execution, but the lack of unique personality and the heavy sponsorship penalty significantly impacted the value and consistency scores, as explicitly stated.","The technical execution of frying and seasoning is commendable, particularly the sustained crispness of the chicken. However, the pervasive sponsorship casts a significant shadow, undermining the perceived value and the authenticity of its local appeal.","튀김 기술과 양념의 조화는 칭찬할 만하며, 특히 배달 후에도 유지되는 바삭함은 인상적입니다. 하지만 높은 협찬 비율은 가치와 지역 내 진정한 일관성에 대한 신뢰를 크게 저해합니다.",http://place.map.kakao.com/608437809,37.555889841058914,126.93812776194278,"The customer reviews are overwhelmingly positive, praising the restaurant's cleanliness, the exceptional quality of the fried chicken (crispy, clean oil), the amazing flavor of specific dishes like Mat-cho-king with fresh ingredients, and the friendly, efficient staff. Customers express high satisfaction, with some stating it's the best chicken they've had recently and that they visit weekly.",Yes,"The customer reviews consistently provide enthusiastic and specific praise for the food quality, taste, and freshness of ingredients, as well as the cleanliness of the establishment and the friendliness of the staff. This level of consistent, high praise suggests the restaurant is better than a 'genuinely good place' (80/100) and warrants a higher score.",false,True,"The original score of 48/100 is a severe undervaluation, as the most relevant and detailed customer reviews consistently highlight the restaurant's cleanliness, spacious ambiance, friendly service, and the high quality and taste of various chicken and side dishes, indicating a highly positive dining experience."
창천동,치킨,기영이숯불두마리치킨 신촌점,80,1 Neon Heart,"The score breakdown reflects strong culinary technique and owner passion, but a significant sponsorship penalty was applied to the 'value' and 'consistency' categories due to the high sponsored ratio, resulting in a total score below 89 as mandated.","While the chef's dedication to quality ingredients and diverse cooking techniques is commendable, the high sponsored ratio significantly undermines the perceived value and long-term consistency. The initial promise of a unique culinary experience is overshadowed by concerns regarding genuine customer loyalty.","신선한 재료와 다양한 조리 기술에 대한 셰프의 헌신은 칭찬할 만하지만, 높은 협찬 비율은 인지되는 가치와 장기적인 일관성을 크게 저해합니다. 독특한 미식 경험에 대한 초기 기대는 진정한 고객 충성도에 대한 우려로 가려집니다.",http://place.map.kakao.com/842278760,37.5590239109091,126.93551074139,"All customer reviews are overwhelmingly positive, highlighting excellent food quality (crispy, juicy charcoal chicken, delicious sauces), great value, friendly staff, and exceptional cleanliness of the kitchen and dining area. Many reviewers express high satisfaction and strong recommendations, with several mentioning they will revisit.",Yes,"The reviews consistently praise specific aspects of the food, service, and hygiene, suggesting the restaurant exceeds the 'genuinely good place' implied by an 80 score and warrants a higher rating.",false,True,"The original score was significantly too low, as deep data reveals an overwhelmingly positive customer experience, consistently praising the delicious charcoal chicken, diverse menu, friendly service, clean atmosphere, and excellent value, making it a highly recommended local favorite."
창천동,치킨,신촌누룽지통닭,80,1 Neon Heart,"The score reflects strong technique and acceptable ingredients, but personality is diluted by the composite nature. A significant sponsorship penalty was applied, heavily deducting points from value and consistency due to the >50% sponsored ratio.","This composite '신촌누룽지통닭' concept presents promising culinary techniques and decent ingredient sourcing, with various establishments offering well-executed chicken dishes. However, its overall identity is fragmented, and a high sponsorship ratio severely undermines confidence in its value and long-term consistency.","'신촌누룽지통닭'은 다양한 조리 기술과 준수한 재료 품질을 보여주며, 여러 곳에서 훌륭하게 조리된 치킨 요리를 제공합니다. 하지만 전반적인 개성이 부족하고, 높은 협찬 비율로 인해 가치와 일관성에 대한 신뢰도가 크게 저하됩니다.",http://place.map.kakao.com/1153679787,37.55759226534219,126.9372548946278,"The customer reviews are overwhelmingly positive, highlighting the delicious and tender chicken, crispy scorched rice, and fresh draft beer. Many customers express high satisfaction, with some traveling from afar for takeout and planning exclusive revisits. While there is one review mentioning the chicken was tasteless and another noting issues with side fries, these are isolated complaints amidst widespread praise for food quality and friendly service.",Yes,"The consistent and enthusiastic praise for the main dishes' taste, texture, and overall quality, along with positive mentions of service, strongly suggests the restaurant's quality exceeds a score of 80.",false,True,"The original score was a severe undervaluation; deep data reveals overwhelmingly positive feedback on the tender, flavorful roasted chicken, delicious scorched rice, excellent side dishes, refreshing ice-cold beer, and pleasant atmosphere across multiple establishments offering '누룽지통닭' in Sinchon."
창천동,치킨,자담치킨 서울홍대점,80,1 Neon Heart,"Ingredients and technique showed promise, but personality was merely service-oriented, and both value and consistency were heavily penalized due to the high sponsored ratio and noted inconsistencies in new menu items.","While 자담치킨 서울홍대점 uses commendable animal welfare chicken and showcases some inventive techniques, the overall experience is marred by significant inconsistencies and a perception of inflated value. The high sponsored ratio heavily impacts our assessment of its reliability and genuine customer appeal.","자담치킨 서울홍대점은 동물복지 닭을 사용하는 등 좋은 재료와 일부 창의적인 조리법을 선보이지만, 전반적인 경험은 상당한 일관성 부족과 가치에 대한 과대평가로 인해 손상됩니다. 높은 협찬 비율은 신뢰성과 진정한 고객 매력에 대한 평가에 크게 영향을 미쳤습니다.",http://place.map.kakao.com/1892965420,37.55389814472635,126.92923190483332,"The customer reviews are overwhelmingly positive, consistently praising the delicious chicken, other tasty menu items, and the exceptional kindness and hospitality of the owners. Reviewers specifically mention the spicy-sweet Mapshullang, crispy fried gizzards, and the good quality of ingredients like pickled radish. Many express strong intent for repeat visits due to the positive experience.",Yes,"The AI score of 80/100 suggests a 'genuinely good place,' but the customer reviews are enthusiastically positive with specific and repeated praise for food quality, taste, and the outstanding service provided by the owners. This level of consistent, specific, and enthusiastic praise suggests the restaurant's quality and customer experience exceed the current score, warranting an upgrade.",false,True,"The original score was significantly too low, as deep data reveals overwhelmingly positive customer experiences, consistently praising the high quality of the chicken, delicious core menu items like Mepshullang, and exceptionally friendly and thoughtful service from the owner."
대현동,치킨,60계치킨 서울이대역점,80,1 Neon Heart,"The score reflects inconsistent technique, average ingredient quality, a complete lack of unique personality and local consistency, and poor value due to high prices. No sponsorship penalty was applied as the sponsored ratio was 0%.","60계치킨 presents a mixed bag of culinary execution, with some flavor profiles hitting the mark while others suffer from fundamental flaws like overly thick batter. Lacking any discernible chef personality or proven local consistency, its high price point offers poor value for the inconsistent quality received.","60계치킨은 일부 메뉴에서 긍정적인 맛을 보였으나, 두꺼운 튀김옷과 같은 기본적인 조리 기술의 결함이 아쉬움을 남깁니다. 셰프의 개성이나 지역 단골층의 일관성 증거가 부재하며, 높은 가격은 제공되는 품질 대비 가성비가 떨어진다고 판단됩니다.",http://place.map.kakao.com/416744882,37.55865487199941,126.94515723692903,"Despite one review mentioning cold chicken, the majority of reviews are enthusiastically positive, highlighting the delicious taste, unique crispy texture of the Kkoreureu and Krang-i chicken, and flavorful sauces. The owner's friendliness is also praised.",Yes,"The consistent and specific praise for the chicken's taste, texture, and sauces, along with positive comments about service, suggests the restaurant performs better than an 80/100 score indicates, despite a single complaint about cold food.",false,True,"The deep data overwhelmingly reveals high customer satisfaction with diverse menu items, praising their taste, crispiness, and unique flavors, alongside a clean store environment and friendly service, directly contradicting the initial low score."
대현동,치킨,BHC치킨 이대역점,0,None,Supreme Court Overruled: Authentic customer receipts revealed major flaws (service/taste/hygiene). Revoked.,"BHC Ewha Womans University Station branch offers a predictable chain experience, with some dishes like 마법클 suffering from an unbalanced flavor profile. Despite appealing promotional value, the lack of verified ingredient quality, unique culinary personality, and local consistency severely limit its critical standing.","BHC 이대역점은 예측 가능한 체인 맛을 제공하며, 특히 마법클은 단맛과 짠맛의 불균형이 두드러집니다. 매력적인 프로모션에도 불구하고, 식재료 품질, 고유한 개성, 그리고 지역 내 일관성에 대한 정보 부족이 비판적 평가를 낮춥니다.",http://place.map.kakao.com/11794576,37.55750131500595,126.94650940921936,"The AI score of 90/100 is severely contradicted by a detailed customer review. This review highlights serious food quality issues, specifically chicken being re-fried after being left out, resulting in tough texture and excessive seasoning to compensate. More critically, it exposes a significant food safety and hygiene problem with poorly managed beer kegs leading to musty, sour draft beer, a complaint that was also noted in a previous review from June, indicating a persistent issue.",No,"The reviews describe serious and consistent food quality and hygiene issues, including re-fried, tough chicken and unsanitary beer kegs resulting in spoiled draft beer, with evidence of this being a recurring problem. This directly contradicts an 'exceptional' AI score of 90/100.",false,False,"The original score was significantly too low, as deep data reveals excellent hygiene, a popular ambiance, generous promotions, and consistently praised core menu items like Ppuringkle, despite a reported service lapse and a new menu item (Magic-cle) being overly salty."
대현동,치킨,프랑킨바베큐치킨 신촌점,80,1 Neon Heart,"The score reflects strong ingredient quality and competent technique, but is significantly lowered by the complete absence of information regarding the establishment's unique personality and long-term consistency.","This establishment offers a decent charcoal-grilled chicken with quality domestic ingredients and a well-balanced spicy-sweet sauce. However, its lack of a distinct culinary identity and unproven consistency prevent it from earning a higher recommendation.",국내산 냉장 닭다리살을 숯불에 구워 담백하고 매콤달콤한 양념이 돋보입니다. 하지만 고유한 개성과 일관성에 대한 정보가 부족하여 높은 평가를 받기에는 한계가 있습니다.,http://place.map.kakao.com/1697301957,37.5535599931226,126.945723427986,No valid reviews found.,Unknown,"Scraper reached the review page, but only found dates, UI buttons, or boilerplate text. Needs human verification.",rescrape,False,"The deep data reveals overwhelmingly positive customer experiences, consistently praising the smoky flavor, tender 100% thigh meat, generous portions, and versatile, delicious sauces, indicating the original score was significantly too low."
대현동,치킨,잉치킨 마포프레스티지자이점,80,1 Neon Heart,"The score reflects strong technical execution and exceptional value, but is significantly hampered by a complete absence of information regarding ingredient quality, unique personality, and consistency; no sponsorship penalty was applied.","This establishment offers technically sound fried chicken with excellent value, particularly for its crispy, well-seasoned wings and affordable beer. However, a significant lack of information regarding ingredient sourcing, chef's personality, and long-term consistency prevents it from achieving a higher rating.","잉치킨 마포프레스티지자이점은 바삭하고 간이 잘 된 닭날개튀김과 저렴한 생맥주로 뛰어난 가성비를 자랑합니다. 하지만 식재료 품질, 독창적인 개성, 그리고 장기적인 일관성에 대한 정보 부족으로 인해 높은 평가를 받기 어렵습니다.",http://place.map.kakao.com/1964790794,37.55214864713915,126.94686179349593,"Customer reviews are overwhelmingly positive, highlighting delicious food (BBQ chicken, crispy chicken, tteokbokki), reasonable prices, generous portions, a clean environment, and a family-friendly atmosphere with good music. Reviewers express high satisfaction and frequent visits, with specific praise for the unique BBQ sauce and charcoal flavor.",Yes,"The reviews consistently provide enthusiastic and specific praise for the taste, quality, and value of the food, suggesting the restaurant might be even better than its current 80/100 score indicates.",false,True,"The deep data, specifically the first customer review, reveals an overwhelmingly positive experience, praising the restaurant's cleanliness, excellent value, delicious chicken wings, and refreshing draft beer, directly contradicting the original low score of 48/100."
연남동,치킨,연남장작,95,3 Neon Hearts,"The score reflects strong technique overshadowed by a lack of information regarding ingredients, personality, and consistency, alongside an average value proposition.","While 연남장작 demonstrates commendable mastery in its wood-fired technique, delivering a satisfying crispy-yet-juicy chicken, the establishment suffers from an opaque ingredient sourcing and a lack of discernible culinary personality. Its average value proposition and unproven consistency prevent it from earning a Neon Heart.","연남장작은 장작구이 기술로 바삭하면서도 촉촉한 통닭을 훌륭하게 선보이지만, 식재료의 투명성 부족과 뚜렷한 개성이 결여되어 있습니다. 평범한 가성비와 검증되지 않은 일관성으로 인해 네온 하트를 부여하기 어렵습니다.",http://place.map.kakao.com/1955021175,37.56234629606809,126.92549337755096,No valid reviews found.,Unknown,"Scraper reached the review page, but only found dates, UI buttons, or boilerplate text. Needs human verification.",rescrape,False,"The original score of 53 is a severe misrepresentation, as deep data reveals overwhelming customer satisfaction with the exceptionally tender and flavorful scorched rice chicken, outstanding draft beer, generous portions, and attentive service, making it a highly recommended and popular establishment."
연남동,치킨,청년치킨 서교점,80,1 Neon Heart,"The score reflects strong technique and exceptional value, offset by a complete absence of information on ingredient quality and a generic brand personality, with limited evidence for long-term consistency.","Cheongnyeon Chicken Seogyo Branch delivers competently executed chicken with notable value, particularly for pickup orders. However, a lack of transparency regarding ingredient sourcing and a generic identity prevent it from achieving higher critical acclaim.","청년치킨 서교점은 훌륭한 조리 기술과 뛰어난 가성비를 자랑하지만, 식재료 품질과 독창성 면에서는 아쉬움이 남습니다. 전반적으로 만족스러운 맛을 제공하나, 장기적인 명성을 입증할 근거는 부족합니다.",http://place.map.kakao.com/1615765440,37.558608271085255,126.91265477957003,"The customer reviews are overwhelmingly positive, consistently praising the restaurant for its excellent value, fresh ingredients, delicious taste, and crispy, non-greasy chicken. Customers frequently mention the food quality and affordability with high satisfaction.",Yes,"The AI score of 80 suggests a 'genuinely good place,' but the customer reviews provide enthusiastic and specific praise for the food's quality, taste, and preparation (freshly fried, fresh ingredients, crispy, thin batter), along with great value. This level of consistent, specific positive feedback suggests the restaurant exceeds the 'genuinely good' category and warrants a higher score.",false,True,"The deep data overwhelmingly indicates exceptional taste across multiple chicken flavors, excellent value, fast delivery, and strong customer loyalty, warranting a significant score increase from the original conservative rating."
망원동,치킨,큐큐치킨,80,1 Neon Heart,"The score breakdown reflects high marks for ingredients and technique, moderate for value, but zero for personality and consistency due to a complete lack of supporting information in these critical areas.","While 큐큐치킨 excels in ingredient quality and culinary execution, its complete lack of discernible personality and unproven consistency severely hinder its overall standing. The absence of a unique identity or established reputation prevents it from earning a recommendation despite its well-prepared food.","큐큐치킨은 식재료의 품질과 조리 기술 면에서 탁월하지만, 뚜렷한 개성과 검증된 일관성 정보가 전무하여 종합적인 평가가 낮습니다. 독창적인 정체성이나 확고한 명성이 부족하여 훌륭하게 조리된 음식에도 불구하고 높은 점수를 받지 못했습니다.",http://place.map.kakao.com/967541611,37.55588850135416,126.89739644216915,"The majority of customer reviews are overwhelmingly positive, praising the deliciousness of all menu items, especially the chicken, golbaengi, and fries. Reviewers consistently highlight the fresh ingredients, great sauce, kind owners, and good value for money. There are two strong complaints about 'stale peanuts' being awful and 'cancer-causing', but these are isolated compared to the overall positive sentiment.",Yes,"The AI score of 80 is under 85, and the customer reviews are enthusiastically positive, detailing specific praise for food quality, taste, freshness, and service, suggesting the restaurant is better than its current score indicates despite a few serious complaints about a specific side item.",false,True,"The deep data reveals overwhelmingly positive sentiment regarding the chicken's quality, taste, value, and the restaurant's excellent location and suitability for groups, warranting a significant score increase from the original."
망원동,치킨,계림원 망원점,80,1 Neon Heart,"The score of 80 reflects strong culinary execution and ingredient quality, balanced by a notable deduction for inconsistent service and general branch consistency. No sponsorship penalty or red flags were applied.","This rotisserie chicken spot offers well-executed dishes with quality domestic ingredients and a unique 누룽지 base. While the atmosphere is clean and popular with locals, the service can be inconsistent, with some staff noted as aloof.","국내산 닭과 참나무 장작 구이로 겉바속촉의 맛을 자랑하며, 누룽지 등 독특한 구성이 돋보입니다. 깔끔한 분위기와 지역 주민들의 사랑을 받지만, 일부 직원의 서비스 태도는 개선이 필요합니다.",http://place.map.kakao.com/21409871,37.5568230889002,126.903026768401,"The customer reviews are overwhelmingly positive, consistently praising the unique and delicious combination of roasted chicken and scorched rice. Reviewers highlight the savory, chewy texture, the filling nature of the meal, and the overall satisfying experience. Specific mentions of the 'health boost' feeling, 'twice as delicious' scorched rice, and 'amazing collaborative taste' indicate a high level of satisfaction. Friendly service and tasty side dishes are also noted. There are no serious complaints or negative feedback.",Yes,"The score is 80/100 (under 85) and the majority of reviews are enthusiastically positive with specific praise about the food's quality, taste, and unique combination, suggesting a higher score is warranted.",false,True,"The score of 80 reflects strong culinary execution and ingredient quality, balanced by a notable deduction for inconsistent service and general branch consistency. No sponsorship penalty or red flags were applied."
망원동,치킨,또래오래 마포망원점,80,1 Neon Heart,"The score reflects strong technique and reasonable value, balanced by a lack of distinct personality and unconfirmed ingredient quality. No sponsorship penalty was applied.","While the Mangwon branch of Ttoraeorae delivers commendably crispy fried chicken and a devilishly addictive hot seasoning, its generic chain identity and unconfirmed ingredient sourcing prevent it from achieving higher critical acclaim. The friendly service is a plus, but not enough to elevate its culinary standing.","또래오래 마포망원점은 바삭한 후라이드와 마성의 핫양념으로 훌륭한 조리 기술을 선보이지만, 식재료 정보 부재와 체인점의 한계로 개성 점수가 낮습니다. 친절한 서비스는 좋으나, 전반적인 미식 경험을 크게 끌어올리지는 못했습니다.",http://place.map.kakao.com/18941529,37.5568028580311,126.904738006176,"Customers consistently praise the restaurant, calling it an 'always delicious chicken place' and a 'chicken restaurant you'll never regret.' Reviews specifically highlight the delicious chicken and tteokbokki, good value, and overall satisfaction with taste, quantity, and price. Many express intent to reorder.",Yes,"The AI score is 80, which is under 85, and the customer reviews are overwhelmingly positive and enthusiastic, with specific praise for food quality (chicken, tteokbokki), taste, and value, indicating the restaurant may deserve a higher score.",false,True,"The deep data overwhelmingly shows '또래오래 마포망원점' is a highly-regarded establishment with loyal customers praising its delicious chicken, excellent service, and friendly owners, warranting a significant score increase from the original."
망원동,치킨,티바두마리치킨 망원점,0,None,Supreme Court Overruled: Authentic customer receipts revealed major flaws (service/taste/hygiene). Revoked.,"While the frying technique and flavor profiles demonstrate competence, the complete lack of transparency regarding ingredient sourcing and long-term consistency is critically concerning. The absence of a distinct culinary personality further relegates this establishment to an average, uninspired offering.","튀김 기술과 맛의 균형은 준수하나, 재료의 출처와 장기적인 일관성에 대한 정보가 전무하여 비판적 관점에서 신뢰하기 어렵습니다. 셰프의 개성 또한 부재하여, 평범한 수준을 넘어서지 못하는 치킨집입니다.",http://place.map.kakao.com/1732440983,37.5558916414911,126.898948053191,"Most reviews are highly positive, praising the owner's exceptional kindness, great service, and delicious chicken, with specific mentions of menu items like Gochumayo chicken. However, one review details a severe food quality issue, reporting a strong gamey smell (잡내) in the chicken, leading to more than half being discarded and a child refusing to eat it.",No,"The AI score of 95/100 implies destination-worthy quality requiring flawless evidence. A credible and serious complaint about a strong gamey smell (잡내) in the chicken, which resulted in the customer discarding most of the meal, constitutes a significant food quality issue that contradicts such a high score.",false,False,"The original score of 41/100 was a severe misjudgment, as deep data reveals overwhelming customer satisfaction with the delicious, non-greasy chicken, friendly service, and fast delivery, earning enthusiastic recommendations."
망원동,치킨,탐스바베큐 TOM'S B.B.Q,90,2 Neon Hearts,"The score reflects solid ingredients and generally good technique, offset by inconsistent cooking execution and a problematic value proposition for smaller groups, resulting in an average rating with no sponsorship penalty applied.","TOM'S B.B.Q offers decent quality ingredients and generally good flavors, though execution suffers from occasional burnt meats. While individual items are reasonably priced, the set menus for smaller parties present a notable value concern.","탐스바베큐는 괜찮은 식재료와 전반적으로 좋은 맛을 제공하지만, 일부 육류에서 탄 부분이 발견되어 조리 기술에 아쉬움이 있습니다. 단품 메뉴의 가격은 합리적이나, 소규모 인원을 위한 세트 구성은 가성비 측면에서 고려할 점이 많습니다.",http://place.map.kakao.com/797472816,37.5540143541986,126.896282012457,No valid reviews found.,Unknown,"Scraper reached the review page, but only found dates, UI buttons, or boilerplate text. Needs human verification.",rescrape,False,"The deep data reveals a highly praised outdoor dining experience with delicious BBQ, pizza, and a family/pet-friendly atmosphere, significantly outweighing minor inconveniences like self-service or outdoor elements."
망원동,치킨,후라이드참잘하는집 마포점,80,1 Neon Heart,"The score reflects high marks for ingredients and technique, severely offset by a lack of personality, and heavily penalized value and consistency due to the high sponsorship ratio.","While the chicken boasts commendable freshness and expert frying techniques, the establishment lacks a distinct culinary identity. Significant promotional activity raises concerns about genuine long-term value and consistent local patronage.","닭고기의 신선도와 튀김 기술은 칭찬할 만하지만, 이 식당은 뚜렷한 개성이 부족합니다. 과도한 협찬 비율은 진정한 가치와 꾸준한 단골 고객 확보에 대한 의구심을 불러일으킵니다.",http://place.map.kakao.com/1528768693,37.55862262218206,126.90442897677757,"Customer reviews are overwhelmingly positive, highlighting delicious food, good value, and exceptional staff friendliness. Patrons praise specific dishes like 'Dijinda Chicken' for its authenticity and appreciate the personalized service, including remembering preferences and providing extra sauce.",Yes,"The reviews consistently describe a genuinely good experience with specific praise for taste, affordability, appropriate portions, and highly friendly and attentive staff, suggesting the AI score of 80 might be an underestimate.",false,True,"The original score was far too conservative, as deep data reveals overwhelming customer satisfaction with the restaurant's exceptional value, consistently crispy and flavorful fried chicken, generous portions, and diverse, delicious side menus, making it a highly recommended choice despite minor, preference-based critiques."
망원동,치킨,화락바베큐치킨 망원역점,90,2 Neon Hearts,"The score reflects strong technique and good service, offset by average ingredient quality, moderate value, and limited evidence of long-term consistency.","The direct flame cooking technique delivers smoky, well-balanced flavors, complemented by excellent draft beer management. However, the ingredient sourcing lacks distinction, and evidence for long-term consistency is minimal, making it an average choice.","직화 조리 기술로 훌륭한 불향과 균형 잡힌 맛을 선사하며, 생맥주 관리 또한 탁월합니다. 하지만 식재료의 특별함이 부족하고 장기적인 일관성에 대한 증거가 미미하여, 전반적으로 평범한 수준에 머뭅니다.",http://place.map.kakao.com/1882074751,37.5560989526039,126.909020286223,No valid reviews found.,Unknown,"Scraper reached the review page, but only found dates, UI buttons, or boilerplate text. Needs human verification.",rescrape,False,"The deep data, though limited to two relevant reviews, reveals overwhelmingly positive customer experiences regarding food quality, thoughtful service, and cleanliness, indicating the original score was significantly too low."
망원동,치킨,BHC치킨 망원점,70,,"Scores are heavily penalized across the board, particularly for consistency and value, due to the 100% sponsored ratio and complete absence of objective information regarding ingredients, personality, and long-term reputation.","BHC Mangwon-jeom offers competently fried chicken and popular sides, but its complete lack of transparency regarding ingredients and chef's identity is concerning. The overwhelming sponsorship ratio severely undermines any claims of independent value or consistent local appeal.","BHC 망원점은 바삭한 치킨과 인기 사이드 메뉴를 무난하게 제공하지만, 식재료 품질이나 셰프의 개성에 대한 정보가 전무합니다. 100% 협찬 비율은 독립적인 가치나 지역 고객의 꾸준한 지지를 전혀 입증하지 못합니다.",http://place.map.kakao.com/228017396,37.55895160658641,126.90021831206327,"The customer reviews are overwhelmingly positive, highlighting a special menu, reasonable wait times, and enthusiastic enjoyment of the chicken, specifically noting it was delicious.",Yes,"The reviews consistently express high satisfaction and specific praise for the taste and overall experience ('맛있었따', '꺄아아아'), suggesting the restaurant is better than a 'decent spot with real flaws' indicated by the 70/100 AI score.",false,True,"The deep data reveals overwhelmingly positive customer experiences for BHC치킨 망원점, praising its delicious chicken, excellent sides, fast delivery, and friendly service, which directly refutes the original extremely low score."
망원동,치킨,BBQ 망원점,70,,"The score reflects strong technique and good ingredients, but severe deductions were applied to personality, value, and consistency due to a complete lack of information and the explicit 100% sponsorship penalty.","While the culinary execution demonstrates notable skill in flavor balance and texture, the complete absence of information regarding personality, value, and consistency, coupled with 100% sponsorship, raises serious concerns about its authenticity and long-term viability. This establishment, despite its technical merits, fails to provide the foundational trust expected of a genuine culinary destination.","조리 기술과 맛의 균형은 칭찬할 만하지만, 사장의 개성, 가성비, 일관성에 대한 정보가 전무하며 100% 협찬이라는 점은 신뢰도를 크게 저해합니다. 기술적 완성도에도 불구하고, 진정한 미식 경험에 필요한 근본적인 신뢰를 구축하지 못했습니다.",http://place.map.kakao.com/18900613,37.5592344324727,126.903363180527,"The reviews are overwhelmingly positive, praising the fresh ingredients, crispy-juicy texture (겉바속촉), delicious old-school seasoned chicken, and crispy fried chicken. Many reviewers express strong satisfaction and recommend it as a local chicken spot. There is one mixed review mentioning an off experience with fries and chicken texture on a specific visit, but it also notes the chicken was fresh and implies previous good experiences. The owner's kindness is also highlighted.",Yes,"The current AI score of 70 suggests a decent spot with real flaws, but the customer reviews are predominantly enthusiastic, highlighting specific excellent qualities of the food (freshness, texture, taste, no gamey smell) and friendly service. The single mixed review is an isolated incident rather than a consistent problem, and it doesn't outweigh the strong positive sentiment and repeated praise for the food's core qualities. This suggests the restaurant's quality is consistently higher than a 70/100 score implies.",false,True,"The deep data reveals multiple enthusiastic customer reviews praising the deliciousness of the chicken, indicating the original score was far too conservative."
망원동,치킨,바베큐치킨 참잘하는집,80,1 Neon Heart,"The score breakdown reflects competent ingredients and technique, but a lack of unique personality. A significant sponsorship penalty was applied to both 'value' and 'consistency' categories due to the >50% sponsored ratio, resulting in a total score of 60.","While the chicken demonstrates solid technique with crispy textures and juicy meat, its overall personality remains generic, lacking a distinctive culinary vision. The high sponsorship ratio severely undermines the perceived value and long-term consistency, making it difficult to trust its reputation.","바삭한 튀김옷과 육즙 가득한 살코기 등 조리 기술은 준수하나, 독창적인 개성이 부족하여 평범한 인상을 줍니다. 높은 협찬 비율로 인해 가치와 일관성에 대한 신뢰도가 크게 하락합니다.",http://place.map.kakao.com/1455353823,37.5560989525976,126.909020286223,No valid reviews found.,Unknown,"Scraper reached the review page, but only found dates, UI buttons, or boilerplate text. Needs human verification.",rescrape,False,"The deep data reveals an overwhelmingly positive customer experience, consistently praising the exceptional value, generous portions, delicious fried and seasoned chicken, diverse menu options, and attentive service, which strongly contradicts the original conservative score."
망원동,치킨,동근이숯불두마리치킨 망원점,80,1 Neon Heart,"The score reflects strong personality and value, offset by significant inconsistencies in technique and a noted decline in flavor over time; no sponsorship penalty was applied.","While the owner's meticulousness and the generous portions offer undeniable charm and value, the fundamental inconsistency in cooking technique and a noted decline in flavor prevent this establishment from achieving a higher rating.","친절하고 넉넉한 사장님의 인심과 합리적인 가격은 긍정적이나, 조리 기술의 일관성 부족과 맛의 하향세는 아쉬움을 남깁니다.",http://place.map.kakao.com/1773681412,37.56033398186376,126.90377147458273,"The customer reviews are overwhelmingly positive, highlighting the delicious taste, generous portions, and frequent patronage. One minor comment mentioned the fried chicken being a bit overcooked on one occasion, but this is an isolated remark amidst strong praise for the food quality and overall experience.",Yes,"The reviews consistently praise the food quality ('맛있고', '맛있어서', '더 맛있어졌어요') and portions ('양많고'), indicating a higher level of satisfaction than an 80/100 score might suggest.",false,True,"The deep data reveals an overwhelmingly positive customer experience for the seasoned charcoal chicken, praised for its exceptional sauce and versatility, despite some criticisms regarding the salt-grilled option and occasional inconsistencies."
망원동,치킨,베이직프라이드치킨 망원직영점,80,1 Neon Heart,The score reflects strong technique but is significantly impacted by inconsistent ingredient quality and a heavy deduction in value and consistency due to the high sponsored ratio.,"While the chicken itself demonstrates commendable technique with its crispy exterior and juicy interior, the inconsistent ingredient quality, particularly the bitter cabbage, detracts from the overall experience. The pervasive sponsored content further undermines trust in its purported value and consistency.","바삭하고 촉촉한 치킨 조리 기술은 훌륭하나, 쓴맛 나는 양배추 샐러드 등 식재료 품질에 아쉬움이 남습니다. 높은 협찬 비율은 가치와 일관성에 대한 신뢰를 저해하며, 진정한 미식 경험을 기대하기 어렵게 만듭니다.",http://place.map.kakao.com/579039233,37.56050733217902,126.90646043152717,"The customer reviews are overwhelmingly positive, with multiple enthusiastic mentions of delicious and high-quality chicken, including specific praise for crispy batter, tasty sauce, and excellent tenders. Reviewers describe the chicken as '1st tier' and 'best,' and express a strong desire to revisit. The staff are also noted as kind and the atmosphere good for sports and family.",Yes,"The AI score of 80, while good, does not fully reflect the consistent and enthusiastic praise for the food quality, taste, and overall experience found in the customer reviews. Many reviews use superlatives and strong recommendations, suggesting a higher score is warranted.",false,True,"The original score was significantly too low, as deep data reveals overwhelming customer satisfaction with the consistently high-quality, fresh chicken, excellent golbaengi, and a welcoming, clean atmosphere perfect for sports viewing, despite minor, isolated critiques on some side dishes."
망원동,치킨,훌랄라참숯치킨 성산1점,70,,"The score reflects strong technique overshadowed by a complete lack of transparency on ingredients and personality, compounded by heavy deductions in value and consistency due to the 100% sponsored ratio.","While the charcoal grilling technique delivers a clean, smoky flavor and excellent texture, the complete lack of information regarding ingredient sourcing and chef personality is concerning. Furthermore, the 100% sponsored nature severely undermines trust in its value and long-term consistency.","1,000℃ 참숯 직화 조리 기술은 훌륭한 훈제향과 깔끔한 맛을 선사하지만, 식재료 품질과 사장의 개성에 대한 정보는 전무합니다. 특히 100% 협찬 비율은 가성비와 일관성에 대한 신뢰를 심각하게 저해합니다.",http://place.map.kakao.com/253849980,37.558918198401,126.907891863467,"Customers enthusiastically praise the delicious chicken, cold noodles, and fish cake soup, stating that all menu items are tasty. The owner is described as very friendly, and beer prices are noted as reasonable. Minor complaints include the noise level and dim lighting, which are not serious issues.",Yes,"The AI score is 70 (under 85), and the majority of reviews are enthusiastically positive with specific praise for food quality (chicken, cold noodles, fish cake soup), overall taste of all menus, exceptional staff friendliness, and good value. These strong positive aspects, with only minor, non-serious complaints, suggest the restaurant is better than its current score.",false,True,"The deep data reveals overwhelmingly positive customer experiences, praising the unique charcoal flavor, delicious sauces, excellent ambiance, and attentive service, indicating the original score was severely understated."
합정동,치킨,누구나홀딱반한닭 합정역점,0,None,Supreme Court Overruled: Authentic customer receipts revealed major flaws (service/taste/hygiene). Revoked.,"While ingredients are fresh and cooking technique for the oven-baked chicken is commendable, the establishment utterly lacks a discernible personality or evidence of consistent long-term reputation. The innovative 'Ssamdak' concept is intriguing but cannot compensate for the absence of a unique identity.","신선한 재료와 오븐구이 치킨의 조리 기술은 칭찬할 만하지만, 이 식당은 뚜렷한 개성이나 일관된 명성에 대한 증거가 전무합니다. 흥미로운 쌈닭 콘셉트만으로는 고유한 정체성 부재를 상쇄할 수 없습니다.",http://place.map.kakao.com/1561911293,37.5503978657169,126.910759783062,"While many reviews praise the chicken and beer, specific complaints about the quality/portion of side dishes (fries and cheese powder) and a review implying only the staff is friendly, not the food, contradict a destination-worthy score.",No,"Multiple reviews describe issues with food quality/preparation ('감튀는 주다가 만건지 치즈가루는 뿌리다 만건지') and imply mediocre food quality overall ('그냥 친절만한 가게같내요'), which are serious complaints for a restaurant with an AI score of 95/100.",false,False,"The deep data reveals an overwhelmingly positive customer experience, consistently praising the restaurant's unique healthy chicken concept, delicious food, diverse menu, clean and trendy atmosphere, excellent service, and suitability for various gatherings, indicating the original score was significantly too conservative."
합정동,치킨,치킨뱅이 합정점,0,None,Supreme Court Overruled: Authentic customer receipts revealed major flaws (service/taste/hygiene). Revoked.,"The fundamental quality of the chicken itself is frequently compromised by dryness and a lack of plumpness, despite some technically interesting traditional sauces. Inconsistent execution and a negligible culinary personality prevent this establishment from achieving a higher standing.","닭 자체의 품질이 아쉽고 건조하다는 평가가 많아 요리의 기본이 흔들리며, 독특한 전통 소스에도 불구하고 일관성 없는 조리 기술과 뚜렷한 개성 부족이 아쉬움을 남깁니다.",http://place.map.kakao.com/16791819,37.5497226645318,126.911487105233,"The restaurant, despite some positive mentions of staff and food, receives multiple serious complaints. These include inconsistent and potentially deceptive portioning (giving fewer chicken pieces than standard or to other tables while charging full price), overtly hostile staff behavior (pressuring customers to leave when they intended to order more), and significant issues with food quality (dried-out chicken), small portions, and an additional charge for a basic side dish. There's also a warning to check the bill.",No,"The AI score of 89 suggests an 'exceptional neighborhood staple,' but the reviews reveal consistent serious complaints about deceptive portioning, hostile staff, poor food quality combined with small portions and extra charges, and potential billing issues. These directly contradict the expectation of an exceptional establishment.",false,False,"The original score was significantly too low, as deep data reveals a popular local spot praised for its unique herbal fried chicken, excellent golbaengi, and nostalgic atmosphere, with only minor, isolated criticisms."
합정동,치킨,또바기치킨호프 상수홍대점,80,1 Neon Heart,"The score reflects strong technical execution and value, significantly offset by the absence of details regarding ingredient quality and overall consistency, alongside a generic culinary personality.","While the technical execution of the chicken is commendable and offers exceptional value, the lack of information on ingredient sourcing and overall consistency is concerning. The restaurant fails to establish a unique culinary identity beyond basic hygiene standards.","치킨의 조리 기술과 가성비는 매우 훌륭하나, 재료의 품질과 전반적인 일관성에 대한 정보가 부족합니다. 위생 관리 외에 독창적인 요리 개성을 찾아보기 어렵습니다.",http://place.map.kakao.com/10373351,37.5469014776442,126.922815534647,No valid reviews found.,Unknown,"Scraper reached the review page, but only found dates, UI buttons, or boilerplate text. Needs human verification.",rescrape,False,"The deep data reveals an overwhelmingly positive customer experience, consistently praising the exceptional taste, value, and nostalgic atmosphere of the freshly fried chicken and delicious sides, making the original score of 59/100 far too conservative."
상수동,치킨,바른치킨 서강대로봇점,80,1 Neon Heart,"The score reflects a severe lack of information on ingredient quality and culinary personality, compounded by mixed value perceptions and specific inconsistencies in execution, despite the benefits of robot automation.","While automated cooking ensures some consistency in execution, the lack of information on ingredient quality and a generic culinary identity severely limit its appeal. Mixed value perceptions and specific product inconsistencies further detract from its overall standing.","로봇 조리 시스템이 일정 수준의 맛 일관성을 제공하지만, 식재료 품질에 대한 정보 부재와 개성 없는 요리 정체성이 큰 단점입니다. 가격에 대한 엇갈린 평가와 일부 메뉴의 일관성 부족 또한 아쉬움을 남깁니다.",http://place.map.kakao.com/1446748474,37.54900011237012,126.93851595027311,"Customer reviews consistently highlight the deliciousness of all menu items, including specific praise for tteokbokki, crispy and juicy chicken, and a new crunchy menu item. Reviewers also express deep gratitude for the exceptionally kind and attentive staff, especially towards solo diners, which significantly enhanced their experience during a stressful personal time.",Yes,"The reviews are overwhelmingly positive, with specific and enthusiastic praise for both the food quality (taste, texture, variety) and the outstanding, empathetic customer service. This level of consistent positive feedback and specific appreciation for both product and service strongly suggests the restaurant is better than a 'genuinely good place' (80-87) and warrants a higher score.",false,True,"The original score was significantly undervalued, as deep data reveals consistent customer satisfaction with the unique robot-fried chicken, excellent ambiance, and diverse menu, despite minor criticisms on specific side dishes or menu items."
공덕동,치킨,지코바치킨 공덕점,90,2 Neon Hearts,"The scores are uniformly low across all categories due to a complete absence of data supporting any positive attributes, with no sponsorship penalty applied.","With no discernible information regarding its core culinary aspects, 지코바치킨 공덕점 presents as an entirely unremarkable establishment. There is absolutely no evidence to suggest any adherence to fine dining standards, nor even basic quality control.",지코바치킨 공덕점은 핵심적인 미식 요소에 대한 어떠한 정보도 제공되지 않아 전혀 주목할 만한 점이 없습니다. 고급 식당의 기준은 물론 기본적인 품질 관리조차 입증할 만한 증거가 전무합니다.,http://place.map.kakao.com/798668492,37.5512193760613,126.962383301312,No valid reviews found.,Unknown,"Scraper reached the review page, but only found dates, UI buttons, or boilerplate text. Needs human verification.",rescrape,False,"The original score of 15/100 was unsubstantiated by any customer reviews in the deep data, and the auditor's 'nan' reason suggests a lack of supporting information, indicating the automated system was overly conservative in its initial low rating."
공덕동,치킨,BBQ 마포공덕점,80,1 Neon Heart,"The score reflects strong technique and decent ingredients, but is heavily penalized for poor value, low consistency, and lack of personality, exacerbated by the applied sponsorship penalty.","While the chicken boasts commendable technique with crispy exteriors and moist interiors, its exorbitant pricing and reported small portions severely undermine its appeal. Coupled with inconsistent service and a lack of unique identity, this establishment fails to justify its premium cost.","겉바속촉의 훌륭한 조리 기술을 선보이지만, 터무니없이 높은 가격과 적은 양은 큰 단점입니다. 불친절한 서비스와 개성 부족이 더해져, 이 식당은 높은 비용을 정당화하지 못합니다.",http://place.map.kakao.com/258150156,37.54510940467912,126.94744163155842,"Customers consistently praise the chicken's taste, quality, and preparation. Reviews highlight excellent marination, tender and moist meat (even breast), absence of gamey smell, and perfect frying. One reviewer enthusiastically called it the 'best BBQ hall' with generous portions. Minor inconveniences like coupon usage or delivery area did not diminish the high praise for the food itself.",Yes,"The score is under 85, and the majority of reviews are enthusiastically positive with specific praise about food quality, taste, and craft. Customers describe the chicken as 'truly delicious,' 'honey-like taste,' with 'no gamey smell,' 'soft and moist' meat, and 'perfect seasoning,' indicating a higher score is warranted.",false,True,"The deep data reveals overwhelmingly positive feedback on the delicious, crispy chicken, excellent draft beer, clean and spacious interior with sports screens, and convenient location, despite a few mentions of less-than-friendly service."
공덕동,치킨,바른치킨 공덕파크자이점,80,1 Neon Heart,"The score reflects solid technique and ingredients, but is significantly hampered by a complete lack of personality and consistency information, further compounded by a heavy sponsorship penalty applied to value and consistency.","A competent but uninspired chicken joint, suffering from a severe lack of unique identity and reliable long-term consistency data. Despite decent execution of its fried chicken and sides, the heavy reliance on sponsored content raises significant concerns about genuine value and local reputation.","무난한 조리 기술을 선보이지만, 개성과 일관성 정보가 부족한 치킨집입니다. 후라이드와 사이드 메뉴는 괜찮으나, 높은 협찬 비율은 진정한 가치와 지역 내 명성에 대한 의문을 제기합니다.",http://place.map.kakao.com/27607663,37.54517699721369,126.94748118934118,"The customer reviews are overwhelmingly positive, with multiple patrons praising the delicious chicken, cheese chicken, beer, whelk, and dried squid. Reviewers describe the food as 'excellent and delicious,' 'very delicious,' and even 'the most delicious chicken in Korea.' The owner is also commended for being kind. There are no negative comments or serious complaints.",Yes,"The score of 80/100, while good, appears to be an understatement given the consistent and enthusiastic praise for the food quality, taste, and overall experience. Multiple reviews explicitly state it's the 'best' or 'most delicious' chicken, suggesting a higher score is warranted.",false,True,"The original score was significantly too conservative, as deep data reveals consistent praise for the restaurant's exceptional cleanliness, fresh oil usage, delicious and highly-rated side dishes (especially potatoes and donkatsu), unique 'chicken cake' offering, pleasant ambiance, and even a notable celebrity endorsement."
공덕동,치킨,어거스트치킨 공덕점,70,,"The score reflects strong technique and service personality, but a severe sponsorship penalty was applied to the consistency and value categories due to the 100% sponsored ratio, significantly lowering the overall score.","While the cooking technique delivers a satisfyingly crispy and moist fried chicken, the pervasive sponsorship casts a long shadow over its true value and long-term consistency. Despite pleasant service, the lack of organic customer validation prevents any meaningful recognition.","조리 기술은 바삭하고 촉촉한 치킨을 훌륭하게 구현했지만, 전반적인 협찬 비율이 진정한 가치와 장기적인 일관성에 의문을 제기합니다. 친절한 서비스에도 불구하고, 유기적인 고객 검증의 부재로 인해 어떠한 유의미한 평가도 어렵습니다.",http://place.map.kakao.com/2080700716,37.5471477670822,126.952404564688,"Customer reviews are overwhelmingly positive, praising the delicious and crispy old-fashioned chicken, juicy and fresh meat, and well-balanced spicy sauce. Multiple reviewers highlight the exceptional kindness and attentiveness of the staff, including specific examples of going above and beyond. There is one minor comment about portions being smaller than expected and another about tteokbokki being spicy, but these are isolated and do not detract from the overall enthusiastic sentiment.",Yes,"The majority of reviews are enthusiastically positive with specific praise for food quality (crispy, juicy, fresh chicken, good sauce) and excellent, friendly service, suggesting the AI score of 70 is too low.",false,True,"The original score was a severe undervaluation, as deep data reveals consistently high praise for the delicious, crispy chicken, exceptional ""hotel-style"" customer service, and inviting ambiance, making it a highly recommended local favorite despite minor price considerations."
공덕동,치킨,페리카나 공덕동점,80,1 Neon Heart,"The low score reflects significant gaps in information regarding ingredients, personality, and consistency, compounded by a heavy sponsorship penalty applied to both value and consistency categories.","This establishment struggles to present a compelling culinary identity, with critical information regarding ingredient sourcing and long-term consistency entirely absent. While some dishes show flashes of competent technique, the overwhelming sponsorship ratio casts a long shadow over its true value and local standing.","이곳은 식재료의 출처나 장기적인 일관성에 대한 중요한 정보가 전무하여 설득력 있는 요리적 정체성을 보여주지 못합니다. 일부 요리에서 능숙한 기술의 흔적이 보이지만, 압도적인 협찬 비율은 진정한 가치와 지역 내 입지에 큰 의문을 제기합니다.",http://place.map.kakao.com/8133530,37.5473742147072,126.960542970181,"The customer reviews are overwhelmingly positive, with multiple patrons expressing strong satisfaction with the food quality, taste, and specific menu items. Many describe the chicken as 'crispiest and most delicious' they've had, and praise other dishes like the seafood udon stir-fry. Reviewers frequently call it a 'true맛집' (great restaurant) and a neighborhood favorite.",Yes,"The AI score is 80, which is under 85, and the reviews consistently show enthusiastic praise for the food's quality and taste, with specific mentions of '바삭하고 맛있어요' (crispy and delicious) and '해물우동볶음 진심 미쳤으니' (seafood udon stir-fry is truly insane), suggesting a higher score is warranted.",false,True,"The original score was a severe misjudgment, as deep data reveals this is a beloved, bustling neighborhood pub offering a wide array of delicious and generously portioned dishes beyond excellent chicken, all within a welcoming, nostalgic atmosphere."
공덕동,치킨,동근이숯불두마리치킨 서울숙대점,80,1 Neon Heart,"The score reflects strong technique offset by poor ingredient sourcing and a lack of unique identity, with significant deductions applied to 'value' and 'consistency' due to the high sponsorship ratio.","While the cooking technique demonstrates commendable mastery, particularly with the charcoal aroma and moist texture, the reliance on Brazilian-sourced chicken for boneless options is a critical flaw. Furthermore, a high sponsorship ratio severely undermines claims of genuine value and consistent local patronage.","숯불향과 촉촉한 식감 등 조리 기술은 훌륭하나, 순살치킨의 브라질산 원육 사용은 품질 기준에 미달합니다. 높은 협찬 비율은 진정한 가치와 꾸준한 단골 고객층에 대한 신뢰도를 크게 저하시킵니다.",http://place.map.kakao.com/199962195,37.5450589002827,126.96726575472,"The customer reviews are overwhelmingly positive, consistently praising the addictive spicy flavor of the charcoal-grilled chicken, the excellent seasoning, and the exceptional friendliness of the staff and owner. Many express strong cravings and recommend the restaurant highly.",Yes,"The reviews enthusiastically highlight the unique and addictive spicy taste, the quality of the grilled chicken, and the very kind staff/owner, suggesting a higher level of customer satisfaction than an 80/100 score implies. There are no negative or even mixed reviews.",false,True,"The original score was severely understated as deep data reveals overwhelmingly positive customer experiences, particularly praising the unique charcoal flavor, delicious sauce, and the exceptional combination with udon and bunmojasari, leading to high reorder intent and favorable comparisons to competitors."
상암동,치킨,깐부치킨 상암점,80,1 Neon Heart,"The score reflects solid technique and value, but points were deducted for the lack of detailed ingredient sourcing, generic chain personality, and limited explicit evidence of long-term local consistency.","This branch of Kkanbu Chicken offers a competently executed fried chicken experience, with notable crispiness and balanced flavors. While providing good value and consistent technique, it ultimately lacks the unique culinary identity and ingredient transparency required for a higher rating.","깐부치킨 상암점은 바삭한 튀김옷과 균형 잡힌 맛으로 준수한 치킨 경험을 제공합니다. 좋은 가성비와 일관된 조리 기술을 보이지만, 독창적인 개성과 재료의 투명성 부족으로 높은 평가를 받기에는 한계가 있습니다.",http://place.map.kakao.com/12887305,37.57767660296052,126.88965715995504,"Multiple customer reviews enthusiastically praise the taste and quality of the chicken, describing it as 'very good' and 'really delicious', and highlighting its freshness. There is one serious complaint about unfriendly staff, but it does not outweigh the majority of positive feedback regarding the food itself.",Yes,"The AI score is under 85, and the majority of reviews are enthusiastically positive with specific praise about food quality and taste, suggesting a higher score is warranted despite a single serious staff complaint.",false,True,"The deep data reveals overwhelmingly positive customer experiences, consistently praising the crispy and tender chicken, excellent service, and impeccable cleanliness, indicating the original score was far too low."
상암동,치킨,교촌치킨 상암점,0,None,Supreme Court Overruled: Authentic customer receipts revealed major flaws (service/taste/hygiene). Revoked.,"While the Sangam branch excels in its crispy frying technique, offering a consistently satisfying texture, its overall appeal is significantly hampered by uncompetitive pricing and a lack of unique culinary identity. The high volume of sponsored content further casts doubt on genuine customer loyalty and long-term value.","상암점은 바삭한 튀김 기술과 일관된 맛으로 긍정적인 평가를 받지만, 높은 가격과 프랜차이즈의 한계로 개성이 부족합니다. 높은 협찬 비율은 진정한 고객 충성도에 대한 의문을 제기하며, 가치와 지속성에 대한 평가를 낮춥니다.",http://place.map.kakao.com/15931676,37.5767350366069,126.894555820031,"Multiple customer reviews report unfriendly staff and poor food quality (greasy, bad taste) compared to other branches. One customer also noted stingy service regarding complimentary items.",No,"Multiple reviews mention hostile staff ('불친절') and one explicitly states '맛도 별로여서' (taste is not good) and '좀 느끼하고' (a bit greasy), which are serious complaints that contradict a destination-worthy score of 95/100.",false,False,"The original score was a severe misjudgment, as deep data reveals overwhelmingly positive customer experiences praising the consistent quality, exceptional crispiness, friendly service, and spacious, clean environment, making it a highly recommended local favorite."
상암동,치킨,BHC치킨 상암점,80,1 Neon Heart,"The score reflects a chain restaurant with some well-executed side dishes but a lack of unique personality and inconsistent quality, especially for its main offerings.","BHC Sangam-dong offers some well-executed items like the Kwasak King and cheese balls, but its signature Sweet Chili King falls short of expectations, tasting generic. The inconsistent quality, particularly for the Sweet Chili King, prevents it from earning a recommendation.","BHC 상암점은 콰삭킹과 치즈볼 등 일부 메뉴에서 준수한 조리 기술을 보였으나, 시그니처 메뉴인 스윗칠리킹은 평범하여 기대를 충족시키지 못했습니다. 특히 스윗칠리킹의 맛에 대한 일관성 부족은 높은 평가를 받기 어렵게 만듭니다.",http://place.map.kakao.com/706748297,37.5777349326926,126.896356666026,"The customer reviews are overwhelmingly positive, praising the excellent taste of the chicken (Bburinkle, Mat-Choking), the owner's strong hygiene practices (wearing a cap, mask, and gloves), and the store's cleanliness and spaciousness. They also highlight its great accessibility and suitability for group gatherings.",Yes,"The reviews provide enthusiastic and specific praise for food quality, taste, hygiene, and overall store environment, suggesting the restaurant is genuinely excellent and potentially warrants a higher score than 80.",false,True,"The deep data reveals an overwhelmingly positive in-store dining experience, praised for its cleanliness, spaciousness, suitability for groups, and delicious core menu items, significantly overturning the original low score which likely failed to account for the superior in-store quality compared to delivery."
상암동,치킨,지코바 상암점,70,,"Scores are critically low due to a lack of information on core culinary criteria, and a severe sponsorship penalty was applied to the value and consistency categories given the 80% sponsored ratio.","Despite claims of hygiene, the establishment offers no discernible culinary personality or evidence of ingredient quality. Heavy sponsorship severely impacts perceived value and long-term consistency, rendering it an uninspired choice.","위생 관리는 언급되었으나, 식재료 품질이나 요리사의 개성에 대한 정보가 전무합니다. 높은 협찬 비율로 인해 가치와 일관성 부문에서 심각한 감점이 적용되어, 전반적으로 인상 깊지 않은 경험을 제공합니다.",http://place.map.kakao.com/1702186324,37.581617710345945,126.88603419130632,"The customer reviews are overwhelmingly positive, highlighting generous portions, delicious taste, especially the smoky flavor of the chicken, and its suitability for '치밥' (chicken with rice). Multiple reviewers also praised the owner's friendliness.",Yes,"The consistent enthusiastic praise for food quality, taste, portions, and service strongly suggests the restaurant is better than a 'decent spot with real flaws' (70/100) and warrants a higher score.",false,True,"The deep data, especially a comprehensive review from an employee, highlights the restaurant's excellent hygiene and delicious, well-prepared chicken, warranting a significant increase from the original low score."
상암동,치킨,BHC치킨 한강공원난지2호점,85,1 Neon Heart,"Scores are low across the board due to a complete lack of information regarding ingredient quality, chef personality, and consistency, coupled with a high price point for a standard product; no sponsorship penalty was applied as the ratio was below 50%.","This establishment offers a generic chicken experience with no discernible quality in ingredients, chef personality, or long-term consistency. The flavor profile of the sauce is acceptable, but the overall high price for a standard offering makes it a poor value.","재료 품질, 셰프의 개성, 또는 일관성에 대한 어떠한 긍정적 언급도 없어 매우 평범한 치킨 경험을 제공합니다. 소스 맛은 괜찮으나, 전반적으로 높은 가격은 가치를 떨어뜨립니다.",http://place.map.kakao.com/1871041009,37.5648333104397,126.8790172397,No valid reviews found.,Unknown,"Scraper reached the review page, but only found dates, UI buttons, or boilerplate text. Needs human verification.",rescrape,False,"The original score was excessively low, as deep data indicates the chicken is consistently praised as delicious and the location is highly convenient for park visitors, despite minor operational limitations such as restricted dine-in hours and occasional long wait times."
상암동,치킨,네네치킨 상암점,80,1 Neon Heart,"The score reflects average ingredient quality, competent but inconsistent technique, and a lack of unique personality, further hampered by reported inconsistencies in product and service. No sponsorship penalty was applied.","네네치킨 상암점 offers competent chain flavors, but its execution suffers from inconsistent delivery temperatures and reported chicken size variations. The establishment inherently lacks the distinct culinary personality expected of a truly noteworthy dining experience.","네네치킨 상암점은 무난한 체인점의 맛을 제공하지만, 배달 온도와 닭 사이즈에서 일관성 문제를 드러냅니다. 본질적으로 독창적인 미식 경험을 기대하기는 어렵습니다.",http://place.map.kakao.com/20706652,37.57443889798243,126.89113129980264,"Most customer reviews are highly positive, praising the chicken's taste, generous portions (for green onion chicken), and overall deliciousness, with some customers stating it's their go-to place. There is one detailed negative review concerning soggy chicken due to delivery packaging, but it is an outlier.",Yes,"The AI score of 80 suggests a genuinely good place, but the overwhelming majority of enthusiastic reviews with specific praise for taste and quality indicate the restaurant might be even better than scored, despite a single negative delivery experience.",false,True,"The deep data, consisting of an overwhelmingly positive customer review that explicitly recommends the restaurant despite minor issues with warmth and sauce quantity, reveals the original score of 50/100 was significantly too conservative."
상암동,치킨,BHC치킨 가재울DMC점,80,1 Neon Heart,"The score reflects average technique and value, severely hampered by a complete lack of unique personality and insufficient evidence of local consistency, alongside unmentioned ingredient quality.","BHC Gajawool DMC branch offers a standard chain experience with competently prepared hot fried wings, yet it fails to distinguish itself. Lacking unique personality and evidence of local consistency, it remains an average offering.",BHC 가재울DMC점은 무난하게 조리된 핫 후라이드 윙을 제공하는 전형적인 체인점입니다. 독창적인 개성이나 지역 고객의 꾸준한 지지를 찾아보기 어려워 평범한 수준에 머무릅니다.,http://place.map.kakao.com/1871849163,37.57459912401261,126.9067416623584,"The customer reviews are overwhelmingly positive, consistently praising the chicken for being crispy, savory, and delicious. Customers express gratitude for enjoyable experiences, clean oil, and specific items like the fried combo and cheese balls are highlighted with enthusiastic love. The staff is also noted as friendly.",Yes,"The score is 80, which is under 85, and the majority of reviews are enthusiastically positive with specific praise for food quality ('바삭하고 고소하고 맛있어요', '기름도 깔끔하고 튀김도 바삭하니 맛있게 잘 먹었습니다!', '후라이드콤보~ 매장에서 먹으니 더 맛있네요😍', '치즈볼은 완전 사랑입니다💕') and overall experience, suggesting the AI score could be higher.",false,True,"The original score was significantly overturned as the sole relevant customer review indicated a highly positive experience with popular food and a good atmosphere, contradicting the initial low rating."
상암동,치킨,처갓집양념치킨 상암점,80,1 Neon Heart,"The score reflects the basic competence in technique overshadowed by a complete lack of information regarding ingredients, personality, and consistency, with no sponsorship penalty applied.","This establishment delivers basic, satisfactory fried chicken and a balanced yangnyeom sauce, but offers no discernible culinary distinction or unique identity. A severe lack of information regarding ingredient sourcing, chef personality, and long-term consistency prevents any higher commendation.","기본에 충실한 후라이드와 마늘 맛이 과하지 않은 양념치킨은 만족스러웠으나, 식재료 품질이나 사장의 개성, 그리고 일관성에 대한 정보가 전무합니다. 특출난 개성이나 장기적인 평판을 찾아볼 수 없어, 평범한 수준을 벗어나지 못했습니다.",http://place.map.kakao.com/572862898,37.57095926180183,126.9080898468915,"The AI score of 80 seems justified, but the customer reviews suggest it could be higher. Multiple customers praise the generous portions, friendly owner, delicious cheese balls, crispy fried chicken, and superior taste compared to other branches. One review mentions portion size being slightly less than expected and a specific flavor profile for a dish, but these are minor compared to the overall enthusiastic positive feedback.",Yes,"The majority of reviews are enthusiastically positive, highlighting specific food quality (taste, sauce, crispiness) and service improvements (friendly owner, generous portions), suggesting the restaurant is genuinely good and potentially better than its current score.",false,True,"The deep data, consisting of one highly positive customer review, overwhelmingly praises the chicken's taste and quality, directly contradicting the original low score and indicating strong customer satisfaction and intent for repeat business."
이태원동,치킨,네키드윙즈,70,,"The score reflects strong technique but severe deficiencies in ingredients, personality, and consistency due to lack of data, compounded by heavy deductions in value and consistency categories due to the 80% sponsored ratio.","Despite commendable technique in flavor execution and cooking, the complete absence of information on ingredient sourcing, chef personality, and consistency, combined with an overwhelming sponsored ratio, significantly diminishes its standing. This establishment falls far short of the rigorous standards for a truly distinguished culinary experience.","맛과 조리 기술은 칭찬할 만하나, 식재료의 품질, 셰프의 개성, 그리고 일관성에 대한 정보가 전무하며 압도적인 협찬 비율이 신뢰도를 크게 저해합니다. 진정으로 뛰어난 미식 경험을 위한 엄격한 기준에는 한참 미치지 못하는 곳입니다.",http://place.map.kakao.com/931679409,37.5338220858695,126.989414558677,"The customer reviews are overwhelmingly positive, consistently praising the authenticity, delicious taste, and high quality of the buffalo wings. Reviewers describe the wings as ""authentic American buffalo wings,"" ""the best wings in town,"" and ""exactly like buffalo wings in America."" They specifically mention the lack of gamey smell, the strong and memorable sauce combinations, and the variety of delicious sauces and sides. There are no negative comments or even minor flaws mentioned.",Yes,"The AI score of 70 suggests a decent spot with real flaws, but the customer reviews provide unanimous and enthusiastic praise for the food quality, taste, and authenticity, with no complaints whatsoever. This strong positive sentiment and specific praise for the core menu item (wings) contradict a score implying significant flaws.",false,True,"The original score of 24/100 is a gross misrepresentation, as the deep data reveals an overwhelmingly positive customer experience, consistently praising the restaurant's authentic American buffalo wings, diverse and delicious flavors, and excellent beer pairings, making it a highly recommended destination."
이태원동,치킨,프라이비,80,1 Neon Heart,"The score reflects decent ingredient quality and some technical skill, but significant flaws in execution, a generic personality, and heavily penalized value and consistency due to the overwhelming 70% sponsored ratio.","프라이비 presents a mixed culinary experience, with fresh ingredients somewhat overshadowed by inconsistent cooking techniques and a lack of distinct culinary identity. The high sponsorship ratio severely undermines claims of value and long-term consistency, making it difficult to trust the overall quality.",프라이비는 신선한 재료에도 불구하고 조리 기술의 일관성 부족과 뚜렷한 개성 부재로 복합적인 경험을 제공합니다. 높은 협찬 비율은 가치와 장기적인 일관성에 대한 주장을 심각하게 훼손하여 전반적인 품질을 신뢰하기 어렵게 만듭니다.,http://place.map.kakao.com/1842044665,37.533194235808,126.991214700421,"The customer reviews are overwhelmingly positive, with multiple specific praises for the food's taste, texture (crispiness, doneness), quality of ingredients (clean oil), and specific dishes like garlic chicken, cheese sticks, and pasta. Reviewers describe the taste as 'amazing,' 'superb,' 'perfect,' and 'delicious,' with some even traveling a distance just to eat there. There are no serious complaints.",Yes,"The enthusiastic and detailed positive feedback on food quality, taste, and unique characteristics (crispy texture, specific sauces, deep garlic flavor in pasta) strongly suggests the restaurant is better than a 'genuinely good place' (80/100) and warrants a higher score. The reviews indicate an exceptional dining experience rather than just a good one.",false,True,"The original score of 40/100 was a gross misrepresentation, as deep data reveals overwhelming customer satisfaction with the restaurant's delicious, authentic American Southern-style chicken and complementary dishes like the highly praised garlic noodles, alongside a hip atmosphere and friendly service, despite minor issues like paid water and occasional wait times."
이태원동,치킨,돈키돈키치킨 용산점,70,,"The total score of 45 is derived from the category breakdown, with a heavy sponsorship penalty applied to the consistency and value categories due to the 80% sponsored ratio.","While the frying technique demonstrates commendable cleanliness and a pleasant spicy crisp, the absence of ingredient sourcing information is a significant concern. The high sponsorship ratio casts a long shadow over claims of value and genuine long-term customer consistency.","튀김 기술은 깨끗하고 매콤 바삭한 맛을 잘 구현했으나, 식재료 품질에 대한 정보가 부재한 점은 아쉽습니다. 높은 협찬 비율로 인해 가성비와 꾸준한 고객 충성도에 대한 평가는 엄격하게 조정되었습니다.",http://place.map.kakao.com/16877354,37.54521478295475,126.98523289563032,No valid reviews found.,Unknown,"Scraper reached the review page, but only found dates, UI buttons, or boilerplate text. Needs human verification.",rescrape,False,"The deep data reveals consistent praise for '돈키돈키치킨 용산점's unique spicy fried chicken, clean oil, crispy texture, and friendly service, indicating the original score of 45/100 was severely understated."
이태원동,치킨,페트라,80,1 Neon Heart,"The score reflects strong culinary execution and unique identity, but a significant penalty was applied to 'value' and 'consistency' due to the high sponsored ratio, preventing a higher overall score.","Petra offers genuinely delicious Middle Eastern fare with excellent technique and quality halal ingredients, creating a unique culinary identity. However, its high sponsorship ratio significantly undermines its perceived value and long-term consistency for organic patronage.",페트라는 할랄 인증 재료와 뛰어난 조리 기술로 독특하고 맛있는 중동 음식을 선보입니다. 하지만 높은 협찬 비율은 진정한 가치와 장기적인 일관성에 대한 신뢰를 저하시킵니다.,http://place.map.kakao.com/20950913,37.5346256133915,126.987708265465,"Customer reviews are overwhelmingly positive, praising the authenticity and deliciousness of various Middle Eastern and Jordanian dishes like chickpeas, hummus, babaganoush, arais, shakshuka, lentil soup, Imnazala, mansaf, kunafa, and falafel. Many express high satisfaction and a desire to revisit, with one reviewer noting the taste is almost identical to their experience in Jordan.",Yes,"The enthusiastic and specific praise for food quality, taste, and authenticity across multiple reviews strongly suggests the restaurant is genuinely excellent, warranting a higher score than 80.",false,True,"The original score was significantly underestimated as deep data reveals consistent praise for authentic, delicious, and healthy Middle Eastern cuisine, coupled with exceptionally friendly and proactive service from local chefs."
권농동,치킨,행복두배통다리치킨 종로점,96,3 Neon Hearts,"The score reflects strong technical execution and ingredient quality, but the heavy sponsorship ratio significantly impacted the value and consistency scores, preventing a higher overall rating.","While the fried chicken exhibits commendable technique with its crispy exterior and juicy interior, the overall experience lacks a distinct culinary personality. The significant sponsored ratio undermines its perceived value and long-term consistency, despite its operational longevity.","겉바속촉 후라이드와 부드러운 순살 치킨은 훌륭한 조리 기술을 보여주지만, 식당만의 독창적인 개성은 부족합니다. 높은 협찬 비율은 가치와 일관성에 대한 신뢰를 저해하며, 오랜 운영에도 불구하고 아쉬움을 남깁니다.",http://place.map.kakao.com/9548191,37.579123868491074,126.98587149364292,No valid reviews found.,Unknown,"Scraper reached the review page, but only found dates, UI buttons, or boilerplate text. Needs human verification.",rescrape,False,"The original score was severely understated as deep data reveals overwhelming customer satisfaction with the chicken's exceptional taste, friendly service, and vibrant atmosphere, despite minor issues with a single side dish and accessibility."
권농동,치킨,자담치킨 서울종로점,80,1 Neon Heart,"The score reflects high marks for premium ingredients and masterful technique, offset by a lack of discernible personality and insufficient data regarding long-term consistency. No sponsorship penalty was applied.","This establishment excels in ingredient quality, utilizing animal welfare certified chicken, and demonstrates strong technical execution in its frying and seasoning. However, it lacks a distinct culinary personality and there's insufficient data to assess long-term consistency.","자담치킨 서울종로점은 동물복지인증닭 사용과 뛰어난 조리 기술로 훌륭한 맛을 선사합니다. 하지만 셰프의 개성이 드러나지 않으며, 장기적인 일관성에 대한 정보가 부족합니다.",http://place.map.kakao.com/856059564,37.56947428904957,126.98650720619256,"The customer reviews are overwhelmingly positive, consistently praising the delicious taste of various menu items (Maepshullang, Hot Fried, Tteokbokki, fries, fire squid), exceptional staff friendliness, great value for money, and suitability for group gatherings. There are no negative comments or serious complaints.",Yes,"The reviews enthusiastically highlight consistent excellence in food quality, taste, staff service, and value, suggesting the restaurant performs above its current 80/100 AI score.",false,True,"The original score was significantly too low, as deep data reveals overwhelmingly positive feedback on the delicious, high-quality chicken (especially the hot fried and Mepshullang), exceptionally friendly service, and a spacious, clean environment perfect for group gatherings."
권농동,치킨,쭈노치킨가게 충무로점,80,1 Neon Heart,The score reflects strong technique but moderate ingredient quality and weak personality. A significant sponsorship penalty was applied to both 'value' and 'consistency' categories due to the high sponsored ratio.,"While the cooking technique is commendable, delivering crisp, non-greasy fried chicken and well-balanced seasoned options, the establishment lacks a distinct culinary identity. The high volume of sponsored content significantly undermines confidence in its long-term value and true customer consistency.","튀김옷이 얇고 깔끔한 후라이드와 과하지 않은 양념치킨 등 조리 기술은 훌륭하나, 업장만의 독창적인 개성이 부족합니다. 높은 협찬 비율로 인해 가성비와 단골 고객 기반의 일관성에 대한 신뢰도가 크게 하락했습니다.",http://place.map.kakao.com/26794773,37.56454458459052,126.99269377142524,No valid reviews found.,Unknown,"Scraper reached the review page, but only found dates, UI buttons, or boilerplate text. Needs human verification.",rescrape,False,"The original score was a severe undervaluation; deep data reveals a highly praised local favorite with consistently excellent chicken, diverse menu, friendly service, great value, and a welcoming, lively atmosphere, warranting a significantly higher rating."
권농동,치킨,깐부치킨 을지로3가역점,82,1 Neon Heart,"The score breakdown reflects strong inconsistencies in both ingredient quality and cooking technique across the menu, alongside a generic culinary personality and questionable long-term consistency. No sponsorship penalty was applied.","This establishment offers a mixed bag, with some dishes demonstrating competent execution while others suffer from significant quality and consistency issues. The lack of a distinct culinary identity and uneven product delivery prevent it from earning any commendation.","이 식당은 일부 메뉴에서 괜찮은 조리 기술을 보이지만, 다른 메뉴에서는 품질과 일관성 문제가 심각하게 드러납니다. 독창적인 요리 개성이 부족하고 제품의 편차가 커서 어떠한 표창도 받기 어렵습니다.",http://place.map.kakao.com/82520748,37.565859835451725,126.989928433027,"Customer reviews consistently praise the delicious chicken, cheese balls, and potatoes. Many describe the food as 'so delicious' and highlight the kind owner and suitability for group gatherings. There are no negative comments about food quality or service.",Yes,"The reviews are overwhelmingly positive, with enthusiastic and specific praise for the food quality and taste, suggesting the restaurant might be even better than its current score of 82 indicates.",false,True,"The original score was too conservative, as a significant majority of reviews praise the delicious taste of various chicken dishes, the friendly service, and the spacious, clean environment, despite a few severe complaints regarding inconsistent food quality and occasional poor service."
삼청동,치킨,세종마을치킨,70,,"The score reflects a singular strength in technique, heavily penalized by a lack of information on ingredients and personality, and a significant deduction in value and consistency due to the explicit 80% sponsorship ratio.","While the unique tangy soy sauce offers a distinct culinary experience, critical information regarding ingredient quality and chef's personality is conspicuously absent. The high sponsorship ratio severely undermines perceived value and long-term consistency, indicating a focus on marketing over organic reputation.","새콤한 간장 소스는 분명 색다른 미식 경험을 제공하지만, 식재료의 품질과 사장의 개성에 대한 정보가 전무합니다. 높은 협찬 비율은 가치와 일관성에 대한 신뢰를 크게 저하시키며, 마케팅에 의존하는 경향을 보여줍니다.",http://place.map.kakao.com/20001081,37.5764938464286,126.970974185998,"The customer reviews are overwhelmingly positive, praising the delicious old-style, garlic, and seasoned chicken, as well as the 'amazing' chili fries and tasty dried squid. Many highlight the unique sweet onion sauce, crispy fries, and clean, pleasant atmosphere suitable for dates and gatherings. There is only one minor complaint about the fries being 'a bit salty'.",Yes,"The score is 70 (under 85) and the majority of reviews are enthusiastically positive with specific praise about food quality, taste, and craft, suggesting the restaurant is better than a 'decent spot with real flaws'.",false,True,"The deep data reveals that '세종마을치킨' received an explicit 'Highly recommended!' from a customer, along with positive observations about its appealing hanok-style interior and being a place a previous visitor was happy to see again, strongly contradicting the extremely low original score."
삼청동,치킨,경성치킨 광화문스퀘어점,80,1 Neon Heart,"The score reflects strong technique balanced against a lack of personality, high pricing, and unproven consistency, with no sponsorship penalty applied.","While the technical execution of the frying and brining is commendable, the establishment lacks a distinct culinary identity. The high price point and absence of consistency data further detract from its overall appeal.","튀김과 염지 기술은 훌륭하지만, 이 식당은 뚜렷한 요리적 개성이 부족합니다. 높은 가격과 일관성에 대한 정보 부재는 전반적인 매력을 떨어뜨립니다.",http://place.map.kakao.com/1383937057,37.5699428236446,126.975433226785,"The majority of reviews are enthusiastically positive, praising the original chicken for its crispy, juicy texture, flavorful batter, and generous portions. The apple-scented cabbage salad and sausages also receive specific positive mentions. While there are minor complaints about beer price and noise, and one mixed review for a specific lunch item (fish cutlet), these do not outweigh the consistent and strong positive feedback on the main food items.",Yes,"The AI score of 80 is under 85, and the customer reviews are overwhelmingly positive with specific praise for food quality, taste, and craft, particularly for the chicken, which suggests the restaurant's quality might be higher than the current score indicates.",false,True,"The deep data reveals overwhelmingly positive feedback on the chicken's taste, generous portions, clean and spacious atmosphere, and excellent location, indicating the original score was far too conservative."
을지로,치킨,오븐에빠진닭 을지로3가역점,82,1 Neon Heart,"The score reflects extremely poor personality due to service issues, coupled with significant deductions in value and consistency due to the high sponsored ratio and generic chain nature.","Despite some technical competence in its basic crispy bake, this establishment suffers from significant flaws in hospitality and value. A high sponsored ratio and generic chain consistency further diminish its appeal, making it an uninspired choice.","기본 크리스피 베이크의 조리 기술은 준수하나, 불친절한 서비스와 특정 메뉴의 품질 저하가 발목을 잡습니다. 높은 협찬 비율과 체인점의 한계는 진정한 가치와 일관성을 기대하기 어렵게 만듭니다.",http://place.map.kakao.com/17113299,37.5652203125012,126.992389229329,"Customer reviews consistently praise the delicious taste and quality of the oven-baked chicken and fries, with specific mentions of tenderness, crispiness, and overall satisfaction. Many describe the food as 'so delicious' and 'super delicious'.",Yes,"Despite minor complaints about slow service, a 1-drink policy, or a sticky table, the overwhelming majority of reviews are enthusiastically positive about the food quality and taste, suggesting the restaurant is better than its current score of 82.",false,True,"The deep data reveals that while some service inconsistencies and food temperature issues were noted, the oven-baked chicken itself was consistently praised for its taste, crispiness, and healthy preparation, indicating the original score was overly conservative."
을지로,치킨,브라운치킨 동대문본점,0,None,Supreme Court Overruled: Authentic customer receipts revealed major flaws (service/taste/hygiene). Revoked.,"While the chicken demonstrates commendable frying technique with a thin, crispy batter and juicy interior, the absence of a distinct culinary personality is notable. The high sponsored ratio significantly undermines confidence in its long-term value and consistency, despite initial positive remarks.","얇고 바삭한 튀김옷과 촉촉한 속살은 훌륭한 조리 기술을 보여주지만, 이렇다 할 개성은 찾아보기 어렵습니다. 높은 협찬 비율은 장기적인 가치와 일관성에 대한 신뢰를 크게 저하시킵니다.",http://place.map.kakao.com/645964012,37.5669863115235,127.006845780442,"Customer reviews consistently highlight severe issues with food quality (dried, bad/sour taste), poor hygiene (sticky tables, sauce stains), unfriendly service, and poor value for money. Multiple customers describe the experience as 'worst' and accuse the restaurant of lacking conscience, which severely contradicts an AI score of 80.",No,"Multiple reviews describe serious problems including repeated food quality complaints (dried chicken, terribly bad/sour sauce, overall bad taste), poor hygiene (sticky tables, sauce stains), unfriendly staff, and accusations of lack of integrity ('양심 단1도 없음', '먹어보지도않고파는듯'). These severe and consistent issues contradict the AI score of 80, which implies a genuinely good place.",false,False,"The original score was a severe underestimate, as deep data reveals consistent praise for the chicken's quality, delicious flavors, pleasant atmosphere, and suitability for gatherings, making it a highly recommended establishment."
을지로,치킨,둘둘치킨 동대문DDP점,82,1 Neon Heart,"점수는 튀김 기술과 맛의 조화는 인정하나, 일관성 부족과 가격 논란에 더해 50%를 초과하는 협찬 비율로 인해 일관성 및 가치 항목에서 중대한 감점이 적용되었습니다.","While the chicken boasts a thin, crispy batter and tender meat, maintaining its unique flavor even when cold, the overall experience is marred by inconsistent quality and questionable value. The high sponsored ratio significantly impacts our perception of its long-term reliability and genuine customer satisfaction.","얇고 바삭한 튀김옷과 부드러운 닭고기는 칭찬할 만하지만, 일관성 없는 품질과 가격 대비 만족도는 아쉽습니다. 높은 협찬 비율은 진정한 고객 경험과 장기적인 평판에 대한 신뢰도를 크게 저하시킵니다.",http://place.map.kakao.com/1343889855,37.5660988888587,127.005752288938,"Customer reviews include a highly concerning and detailed accusation of suspected recycling of other customers' leftover fried chicken, leading to cold chicken being served inside a seasoned dish. Another review mentions the unique aroma and strong seasoning making the food difficult to eat for some. While there are positive comments about group gatherings, delicious Golbaengi-somyun, and draft beer, the severe food safety/fraud accusation fundamentally contradicts an AI score of 82, which indicates a 'genuinely good place.'",No,"The detailed accusation of suspected food recycling and serving cold chicken inside (재활용(?), 치킨속은 차가운거보니) constitutes a severe food safety and potentially fraudulent practice, which is an explicit contradiction to a 'genuinely good place' score.",true,False,"The original score was overturned because while the boneless chicken received harsh criticism for its quality and value, the traditional bone-in fried and seasoned chicken consistently garnered high praise for its taste, texture, and the restaurant's unique atmosphere and friendly service."
명동,치킨,푸라닭치킨 명동점,0,None,Supreme Court Overruled: Authentic customer receipts revealed major flaws (service/taste/hygiene). Revoked.,"While PuraDak Myeongdong offers well-executed, popular chicken flavors with quality domestic ingredients, its high prices relative to other branches and past inconsistencies in taste significantly detract from its overall appeal. The lack of unique local character further limits its distinction in a competitive market.","푸라닭 명동점은 국내산 재료와 뛰어난 조리 기술로 인기 있는 치킨 맛을 선보이지만, 타 지점 대비 높은 가격과 과거 맛의 일관성 부족이 큰 단점입니다. 고유한 개성이 부족하여 치열한 시장에서 차별점을 찾기 어렵습니다.",http://place.map.kakao.com/1628346793,37.56458155769833,126.98392176174806,"While some customers praise the taste and suitability for group gatherings, there are significant complaints regarding deceptive pricing, coercive staff behavior, and poor food quality.",No,"A customer reported that the Myeongdong branch charges higher prices than listed on their website, using arbitrary stickers on menus, which was confirmed by the head office as an approved but uncommunicated price change. Another review mentioned dry food, bad service, and staff coercing customers to buy drinks. These serious issues, particularly the deceptive pricing, contradict the AI score of 82.",false,False,"The original score was overturned due to the overwhelmingly positive feedback on the unique 'Myeongdong Chicken Street' atmosphere and the delicious taste of popular menu items like boneless chicken, which outweighed consistent complaints about high prices and cramped seating."
명동,치킨,둘둘치킨 무교점,88,2 Neon Hearts,"The score reflects a lack of positive attributes across all categories, with specific deductions in personality and value due to inadequate portioning for the '치킨가라야게' and no unique identity.","둘둘치킨 무교점 offers a largely unremarkable experience, with no standout qualities in ingredients, technique, or personality. The '치킨가라야게' portion size is notably disappointing, severely impacting its overall value proposition.","둘둘치킨 무교점은 식재료, 조리 기술, 개성 면에서 특기할 만한 점이 없어 전반적으로 평범한 경험을 제공합니다. 특히 '치킨가라야게'의 적은 양은 가성비 측면에서 큰 실망감을 안겨줍니다.",http://place.map.kakao.com/16984473,37.5673562458754,126.981341533991,No valid reviews found.,Unknown,"Scraper reached the review page, but only found dates, UI buttons, or boilerplate text. Needs human verification.",rescrape,False,"The deep data indicates that 둘둘치킨 무교점 is a popular and often 'packed' establishment for a second round, which directly contradicts the original extremely low score and warrants a significant increase."
명동,치킨,BHC치킨 서울시청점,80,1 Neon Heart,"The score reflects high marks for technique, but severe deductions were applied due to the complete lack of information regarding ingredients, personality, value, and consistency, compounded by its generic chain nature; no sponsorship penalty was applied.","Despite its acclaimed crispiness, BHC Seoul City Hall branch lacks any distinct culinary identity or evidence of premium sourcing. The junior analyst's report provided insufficient data on value and consistency, leading to significant deductions.","BHC 서울시청점은 콰삭킹의 바삭함은 인정하나, 식재료 품질이나 독창적인 개성이 부재합니다. 가성비와 일관성에 대한 정보 부족으로 인해 평가에 큰 한계가 있었습니다.",http://place.map.kakao.com/741905210,37.5617451609165,126.977967819829,"The customer reviews are overwhelmingly positive, highlighting delicious chicken, new menu items, and excellent beer. Staff friendliness and a clean interior are also praised, with only a minor note about finding the location.",Yes,"The reviews consistently praise the food quality and taste, with multiple enthusiastic comments about the chicken and new menu items, suggesting the restaurant is better than its current 80/100 score.",false,True,"The original score of 24/100 was unsupported by any negative customer reviews specific to 'BHC치킨 서울시청점' in the deep data, which instead contained a positive general comment about a BHC product, leading to a significant score increase to reflect a baseline quality in the absence of specific detrimental feedback."
명동,치킨,북창치킨,80,1 Neon Heart,The score reflects strong technique but suffers from a severe lack of personality and heavy deductions in value and consistency due to the explicit sponsorship penalty.,"While 북창치킨 demonstrates commendable technique in achieving a crispy yet moist texture with traditional seasoning, its lack of a distinct culinary identity is palpable. The pervasive sponsored content significantly undermines its perceived value and long-term consistency, suggesting a focus on marketing over genuine customer loyalty.","북창치킨은 겉바속촉의 훌륭한 조리 기술과 전통적인 양념으로 높은 평가를 받지만, 셰프의 개성이 부족합니다. 높은 협찬 비율은 가성비와 일관성에 대한 신뢰를 크게 저하시켜, 진정한 고객 충성도보다는 마케팅에 의존하는 인상을 줍니다.",http://place.map.kakao.com/1917515220,37.5633632042563,126.977196551237,"The customer reviews are overwhelmingly positive, highlighting the delicious and crispy chicken made with fresh ingredients. Reviewers enthusiastically recommend the signature chicken, calling it a 'real hidden gem' and a 'chicken맛집' near City Hall. They also appreciate the spacious, clean environment and friendly staff, making it ideal for group gatherings.",Yes,"The reviews consistently provide enthusiastic and specific praise for the food quality, taste, and freshness, with multiple mentions of delicious, crispy, and fresh chicken, and strong recommendations for the signature dish. This level of consistent positive feedback suggests the restaurant's quality exceeds its current 'genuinely good place' score.",false,True,"The deep data reveals overwhelmingly positive feedback regarding the restaurant's excellent chicken quality, diverse and delicious menu, spacious and clean ambiance perfect for groups, prime location, and friendly service, warranting a significant score increase from the original."
신당동,치킨,효 옛날통닭 닭강정 신당점,80,1 Neon Heart,"The score reflects decent ingredient quality and owner personality, but significant deductions were made in technique due to the hardening sauce, and heavily in value and consistency due to the explicit application of a sponsorship penalty.","While 효 옛날통닭 offers reliably sourced chicken and a pleasant, personal touch from its owners, the culinary technique suffers from a hardening sauce. The high sponsored ratio also raises significant concerns regarding its perceived value and long-term, organic consistency.","효 옛날통닭은 신뢰할 수 있는 국내산 닭과 친절한 부부 사장님의 정을 느낄 수 있지만, 닭강정 소스의 경화 문제는 기술적 결함을 드러냅니다. 높은 협찬 비율은 가치와 진정한 고객 일관성에 대한 의문을 제기합니다.",http://place.map.kakao.com/200337861,37.5625092074894,127.016502233035,No valid reviews found.,Unknown,"Scraper reached the review page, but only found dates, UI buttons, or boilerplate text. Needs human verification.",rescrape,False,"The deep data reveals overwhelmingly positive customer experiences, consistently praising the delicious, fresh, and generously portioned chicken gangjeong, along with friendly service, indicating the original score was significantly too low."
신당동,치킨,바삭한하루,80,1 Neon Heart,"The score reflects decent ingredients and technique, but a severe lack of culinary personality and consistency, with points heavily deducted from value and consistency due to the high sponsorship ratio.","Despite fresh ingredients and competent technique, 바삭한하루 suffers from a lack of culinary personality and zero evidence of consistent quality. The high sponsorship ratio significantly undermines its perceived value and long-term reliability.","신선한 재료와 준수한 조리 기술을 보였으나, 바삭한하루는 요리적 개성이 부족하고 일관성에 대한 증거가 전무합니다. 높은 협찬 비율은 인지된 가치와 장기적인 신뢰도를 심각하게 훼손합니다.",http://place.map.kakao.com/129488085,37.5627642864032,127.015793754797,"The customer reviews are overwhelmingly positive, consistently praising the chicken's taste, freshness, and crispy-juicy texture. Many reviewers express high satisfaction, comparing it favorably to other brands and indicating repeat visits.",Yes,"The reviews highlight consistent excellent food quality, taste, and value, with multiple enthusiastic endorsements that suggest the current 80 score might be an understatement.",false,True,"The original score of 44/100 was a severe misjudgment, as deep data reveals overwhelmingly positive customer experiences praising the restaurant's exceptional value, fresh and delicious chicken, friendly staff, cleanliness, and convenient features like 24-hour operation and dog-friendly waiting areas."
신당동,치킨,노랑통닭 신당점,80,1 Neon Heart,"The score reflects strong technique and good consistency, but is heavily weighed down by a lack of discernible personality, unmentioned ingredient quality, and only average value; no sponsorship penalty was applied.","While the frying technique is commendable, delivering consistently crisp chicken, the establishment lacks a distinct culinary personality and fails to impress with ingredient sourcing. Value is merely average, with minor inconveniences detracting from the overall experience.","튀김 기술은 훌륭하여 일관된 바삭함을 선사하지만, 이 식당은 뚜렷한 요리적 개성이 부족하고 식재료 조달에서 깊은 인상을 주지 못합니다. 가성비는 그저 평범하며, 사소한 불편함이 전반적인 경험을 저해합니다.",http://place.map.kakao.com/2113681234,37.5631673998167,127.019372750696,"Customer reviews are overwhelmingly positive, highlighting delicious food, good value, and an enjoyable dining experience.",Yes,"The reviews consistently praise the taste of the food (not salty, delicious cheese balls, delicious gopchang, tasty fried coating), generous portions for the price, and overall positive experiences, suggesting the restaurant is better than its current 80 score.",false,True,"The deep data reveals overwhelmingly positive customer experiences, praising the delicious, crispy chicken, excellent hidden menu items like tteokbokki, and suitability for group dining, which strongly contradicts the original low score."
신당동,치킨,옛날통닭,80,1 Neon Heart,"The score reflects strong technique offset by small ingredient size, generic personality, and heavily penalized value and consistency due to the overwhelming sponsored ratio.","While the cooking technique delivers a satisfyingly crispy and juicy chicken with excellent seasoning, the consistently small chicken size is a notable drawback. The overwhelming presence of sponsored reviews severely compromises its perceived value and genuine long-term consistency, despite claims of good condition.","훌륭한 조리 기술로 바삭하고 촉촉하며 간이 잘 된 치킨을 선보이지만, 닭의 크기가 일관되게 작다는 점은 아쉽습니다. 압도적인 협찬 비율은 진정한 가치와 장기적인 일관성에 대한 신뢰를 심각하게 저해합니다.",http://place.map.kakao.com/764466467,37.5532475401103,127.011588611294,No valid reviews found.,Unknown,"Scraper reached the review page, but only found dates, UI buttons, or boilerplate text. Needs human verification.",rescrape,False,"The original score was a severe undervaluation, as deep data reveals '옛날통닭' establishments are consistently lauded by customers as beloved local gems offering exceptional value, fresh-fried quality, and superior taste compared to modern chains."
신당동,치킨,BHC치킨 왕십리점,80,1 Neon Heart,"The score reflects high marks for ingredients, technique, and consistency, offset by a low score for personality due to its franchise nature and a moderate score for value impacted by high delivery fees.","The chicken boasts exceptional ingredient quality and masterful frying technique, delivering a consistently crispy and moist product. However, its franchise nature limits unique personality, and high delivery fees diminish its overall value proposition.","최상급 재료와 숙련된 튀김 기술로 바삭하고 촉촉한 치킨을 꾸준히 제공합니다. 하지만 프랜차이즈 특성상 개성이 부족하며, 높은 배달비는 전반적인 가치를 하락시킵니다.",http://place.map.kakao.com/26628361,37.56494615008116,127.02423349223103,"The reviews are overwhelmingly positive, praising the taste, crispy texture, and friendliness of the staff. The comments also highlight the restaurant's nice interior and emphasize that BHC is the best option in Wangshipi. However, a few reviews mention that the chicken needs to be eaten with bones and that it's served with frozen shoulder meat. The staff is described as very friendly, but one review mentions a long waiting time for dinner. Despite these minor points, the overall sentiment is very positive.",Yes,"Despite the minor points, the reviews are overwhelmingly positive and the restaurant is highly praised for its taste, texture, friendliness, and interior.",false,True,"The deep data reveals overwhelmingly positive sentiment, with customers consistently praising the exceptional crispiness of the batter, the juicy and flavorful chicken (even breast meat), the high quality of ingredients (fresh oil, large chicken size), and the overall deliciousness across various menu items, strongly supporting the auditor's claim that the original score was too conservative."
신당동,치킨,오케이치킨 약수점,80,1 Neon Heart,"Ingredients and technique scored highly for their objective quality, but personality received a low score due to lack of information, and both value and consistency were heavily penalized due to the >50% sponsored ratio.","While 오케이치킨 약수점 demonstrates commendable technique and ingredient quality, its lack of distinct personality and heavy reliance on sponsored content undermine its overall standing. The exceptional value proposition and long-term consistency are significantly questioned due to the high sponsorship ratio.","오케이치킨 약수점은 훌륭한 조리 기술과 식재료 품질을 보여주지만, 개성 부족과 높은 협찬 비율이 전반적인 평가를 저해합니다. 높은 협찬 비율로 인해 탁월한 가성비와 장기적인 일관성에 대한 신뢰도가 크게 하락했습니다.",http://place.map.kakao.com/834776124,37.55368006075569,127.0111563662472,"The customer reviews are overwhelmingly positive, consistently praising the fried and crispy chicken as the best they've ever had, highlighting its delicious taste, perfect texture (thin, crispy, juicy), and nostalgic flavor. Customers also rave about the tteokbokki, other side dishes, generous portions, and excellent value. The owners are repeatedly described as extremely kind and friendly. There are no negative comments, with the only 'issue' being the restaurant's immense popularity leading to crowds.",Yes,"The score is 80, which is under 85, and the majority of reviews are enthusiastically positive with specific praise about food quality, taste, value, and the owners' hospitality. The consistent 'best ever' and 'art' descriptions, coupled with no negative feedback, strongly suggest a higher score is warranted.",false,True,"The original score was a severe underestimation, as deep data reveals '오케이치킨 약수점' is a highly-rated local favorite praised for its exceptional value, fresh domestic chicken, delicious crispy yet tender taste, and efficient service."
신당동,치킨,BBQ 동대문패션타운점,80,1 Neon Heart,"The score reflects strong points in technique and ingredients, balanced by low scores in personality and moderate scores in value and consistency due to its chain nature and lack of specific local data; no sponsorship penalty was applied as the ratio was not above 50%.","BBQ 동대문패션타운점 delivers a consistently well-executed fried chicken with a commendable commitment to domestic ingredients and quality olive oil. However, as a chain, it inherently lacks the unique culinary personality and localized charm expected by the Neon Guide's rigorous standards.",BBQ 동대문패션타운점은 국내산 재료와 올리브 오일에 대한 자부심으로 일관된 품질의 치킨을 선보입니다. 하지만 체인점의 특성상 네온 가이드의 엄격한 기준이 요구하는 독창적인 개성과 지역적 매력은 부족합니다.,http://place.map.kakao.com/24957490,37.56931397617229,127.01291773766268,"Customer reviews are overwhelmingly positive, highlighting delicious hot wings and mentaiko shrimp toast, a nice interior, and strong customer loyalty. One reviewer specifically mentioned trusting the store and receiving good service regarding portion requests.",Yes,"The AI score of 80 indicates a 'genuinely good place'. However, the customer reviews are enthusiastically positive with specific praise for food taste ('맛있어요'), strong loyalty ('믿고 시키는 BBQ매장입니다'), and excellent service (accommodating requests). This level of consistent, specific positive feedback suggests the restaurant's quality and customer satisfaction might warrant a higher score than currently assigned.",false,True,"The deep data reveals overwhelmingly positive customer experiences, consistently praising the exceptional crispiness and juiciness of the chicken, the generous and attentive service, and the clean, cafe-like ambiance, indicating the original score was significantly too low."
신당동,치킨,푸라닭치킨 신당청구점,80,1 Neon Heart,"The score reflects strong ingredient quality and technique, but is significantly lowered by the absence of information regarding personality and consistency, alongside average value.","This establishment offers a commendable culinary experience with high-quality domestic chicken and refined cooking techniques, delivering a satisfying texture and balanced flavors. However, a lack of distinct personality and unconfirmed consistency prevent it from achieving a higher echelon of critical acclaim.","국내산 닭다리살만을 사용하여 재료의 품질과 조리 기술은 훌륭하며, 겉바속초 식감과 균형 잡힌 양념이 인상적입니다. 하지만 고유한 개성과 일관성에 대한 정보 부족으로 높은 평가를 받기에는 한계가 있습니다.",http://place.map.kakao.com/26508434,37.56399884995864,127.01423317644232,"The customer reviews are overwhelmingly positive, highlighting specific dishes like the Black Alio chicken with its tender meat and well-absorbed sauce, and the spicy oil tteokbokki with its strong umami flavor. Reviewers praise the combination as the 'best snack' and describe Puradak as one of the 'Top 3 chicken places,' with no negative feedback.",Yes,"The enthusiastic and specific praise for food quality, taste, and overall experience in all provided reviews strongly suggests the restaurant is better than its current 80/100 AI score.",false,True,"The deep data reveals an overwhelmingly positive customer experience, with multiple reviews praising the unique menu, exceptional taste, quality ingredients, and cleanliness, making the original score of 59/100 severely understated."
신당동,치킨,멕시카나치킨 약수역점,0,None,Supreme Court Overruled: Authentic customer receipts revealed major flaws (service/taste/hygiene). Revoked.,"While the chicken is well-cooked and sauces are distinct, the establishment lacks a unique culinary identity beyond standard chain offerings. Value is decent with takeout discounts, but consistency and true personality remain unproven.","치킨은 잘 익었고 소스 맛도 뚜렷하지만, 일반적인 체인점의 한계를 벗어나지 못하는 독창성 부족이 아쉽습니다. 포장 할인으로 가성비는 괜찮으나, 일관성과 진정한 개성은 아직 입증되지 않았습니다.",http://place.map.kakao.com/1914828220,37.555350569008105,127.01052058182664,"The restaurant received multiple severe complaints including very small portions, extremely poor food quality (described as 'worst branch', 'shouldn't have been sold', and an accusation of 'knew it was bad' when sold), and unsanitary table conditions. These issues severely contradict an AI score of 80/100, which suggests a genuinely good place.",No,"Multiple reviews describe serious food quality issues, unsanitary conditions, and an accusation of knowingly selling bad food, which implies fraudulent practice, satisfying the fraud exception (Condition D) of the FAIL test.",false,False,"The deep data, specifically the first customer review, provides overwhelmingly positive feedback on the food quality, generous portions, unique side dishes, and friendly owner, strongly indicating the original score was severely understated."
신당동,치킨,굽네치킨 약수역점,0,None,Supreme Court Overruled: Authentic customer receipts revealed major flaws (service/taste/hygiene). Revoked.,"This critique is severely hampered by a complete lack of information regarding the restaurant's core chicken offerings. While side dishes were noted as palatable, the fundamental evaluation of a '치킨' establishment remains unaddressed.","핵심 메뉴인 치킨에 대한 정보가 전무하여 평가에 심각한 제약이 있었습니다. 사이드 메뉴의 맛은 언급되었으나, '치킨' 전문점으로서의 본질적인 평가는 이루어지지 못했습니다.",http://place.map.kakao.com/12591780,37.5514419015259,127.011973100543,"While some reviews praise the taste of the chicken and special menu, multiple customers explicitly describe the staff as unfriendly and insincere, with one review stating it's the first time they've encountered such a store and another directly criticizing a male staff member's business conduct.",No,"Multiple serious complaints about hostile and insincere staff behavior (""불친절하고 성의없는"", ""장사 그렇게하지마세여"") contradict an AI score of 88, which implies an exceptional establishment.",false,False,"The provided deep data contained no relevant customer reviews for '굽네치킨 약수역점', and the original score of 7/100 was flagged by the auditor with 'nan', indicating it was unsubstantiated and likely an overly conservative assessment without supporting evidence."
신당동,치킨,치킨마루 신당점,80,1 Neon Heart,"The score reflects strong ingredients and technique, a moderate personality, but heavily penalized value and consistency due to the overwhelming sponsored ratio, leading to an overall score of 55.","While 치킨마루 신당점 demonstrates solid technique with fresh ingredients and well-executed frying, its lack of a distinct culinary identity and significant sponsorship ratio severely undermine its overall standing. The impressive value is overshadowed by concerns regarding long-term consistency and genuine customer loyalty.","치킨마루 신당점은 신선한 재료와 훌륭한 조리 기술을 선보이지만, 독창적인 개성이 부족하고 높은 협찬 비율이 전반적인 평가를 저해합니다. 뛰어난 가성비는 장기적인 일관성과 진정한 고객 충성도에 대한 우려로 인해 빛이 바랬습니다.",http://place.map.kakao.com/19136138,37.565413517393424,127.01977175562877,"The customer reviews are overwhelmingly positive, praising both the fried and sauce chickens for their taste, texture, and quality. Customers specifically mention crispy and chewy batter, tender meat, well-fried chicken, and delicious sauce. Many call it the 'best chicken restaurant' and 'always delicious,' with no negative feedback.",Yes,"The customer reviews consistently highlight exceptional food quality and taste for both fried and sauce chicken, with specific details about texture and flavor profiles, suggesting a score higher than 80 is warranted.",false,True,"The original score of 55 was significantly undervalued, as deep data reveals consistent praise for 치킨마루 신당점's exceptional value, delicious and well-prepared chicken, and the owner's notable experience and dedication, warranting a substantial increase."
신당동,치킨,호식이두마리치킨 신당점,80,1 Neon Heart,"The score of 59 reflects strong points in ingredients and value, but is significantly pulled down by a lack of unique personality, inconsistent technique, and crucially, no evidence for long-term consistency.","While 호식이두마리치킨 신당점 offers commendable value and uses fresh, domestic chicken, its generic identity and inconsistent cooking execution prevent it from achieving higher marks. The lack of information regarding long-term consistency is a significant detractor for a discerning palate.","호식이두마리치킨 신당점은 국내산 신선육과 뛰어난 가성비를 자랑하지만, 개성 없는 정체성과 조리 기술의 일관성 부족이 아쉽습니다. 특히, 장기적인 일관성에 대한 정보 부재는 비판적인 평가에 큰 영향을 미쳤습니다.",http://place.map.kakao.com/905212989,37.5635625927226,127.021369447581,The customer reviews consistently praise the taste of the chicken ('맛있습니다') and mention good value for money ('가성비 좋은').,Yes,"The AI score of 80 is under 85, and the reviews are enthusiastically positive, specifically highlighting the delicious taste and good value, suggesting the restaurant might warrant a higher score.",false,True,"The original score was a severe undervaluation, as the sole relevant customer review overwhelmingly praises the restaurant's exceptional value, delicious chicken, and fresh ingredients, leading to repeat patronage."
신당동,치킨,부어치킨 신당역점,86,1 Neon Heart,"The total score of 27 reflects significant deficiencies across all categories, with heavy deductions applied to 'value' and 'consistency' due to the overwhelming 80% sponsored ratio.","Despite a kind gesture from the owner, the establishment suffers from critical execution flaws, notably a soggy bun, and a complete lack of culinary identity. Its heavy reliance on sponsored content severely undermines any claims of genuine value or consistent local patronage.","사장님의 친절한 서비스에도 불구하고, 눅눅한 빵 식감 등 치명적인 조리 기술적 결함과 요리적 개성이 전무합니다. 높은 협찬 비율은 가치와 꾸준한 현지 고객층에 대한 신뢰도를 심각하게 저해합니다.",http://place.map.kakao.com/28377877,37.5655034632688,127.020669364751,No valid reviews found.,Unknown,"Scraper reached the review page, but only found dates, UI buttons, or boilerplate text. Needs human verification.",rescrape,False,"The deep data reveals that despite minor issues like item unavailability and a slightly soggy bun, the restaurant offers good value, pleasant ambiance, and satisfactory food with good service, indicating the original score was overly conservative."
신당동,치킨,지코바 서울신당점,88,2 Neon Hearts,Scores are particularly low in technique and consistency due to noted branch-specific cooking variations and a perceived decline in flavor quality; no sponsorship penalty was applied as the ratio was below 50%.,"This branch of Jikoba suffers from severe inconsistencies in cooking technique and flavor profile, failing to live up to the brand's original standard. Despite minor value additions, the fundamental culinary execution is deeply flawed, resulting in a disappointing experience.","지코바 서울신당점은 조리 기술과 맛의 일관성에서 심각한 문제를 보이며, 본래 브랜드의 명성에 미치지 못합니다. 소소한 가성비 요소에도 불구하고, 근본적인 요리 실행력이 현저히 부족하여 실망스러운 경험을 제공합니다.",http://place.map.kakao.com/27584153,37.5651936271918,127.02005127211932,No valid reviews found.,Unknown,"Scraper reached the review page, but only found dates, UI buttons, or boilerplate text. Needs human verification.",rescrape,False,"The original score was significantly too low, as multiple reviews praise the restaurant's delicious sauce, unique charcoal flavor, and the popular 'chibap' experience, despite some reports of bland chicken or occasional burnt taste."
창신동,치킨,동대문옛날통닭,80,1 Neon Heart,"The score reflects decent technique and acceptable ingredients, but a significant lack of personality. A substantial sponsorship penalty was applied to both the 'value' and 'consistency' categories, severely impacting the overall score due to the high sponsored ratio.","While the cooking technique for this traditional fried chicken is commendable, delivering a crispy exterior and juicy interior, the small chicken size and lack of unique identity are notable drawbacks. The exceptionally low price point is severely overshadowed by the high sponsored ratio, raising concerns about genuine long-term customer loyalty.","이 옛날 통닭은 얇고 바삭한 튀김옷과 촉촉한 속살로 조리 기술은 칭찬할 만하지만, 작은 닭 크기와 개성 부족은 아쉬운 점입니다. 매우 저렴한 가격에도 불구하고 높은 협찬 비율로 인해 진정한 장기 고객 충성도에 대한 의구심이 듭니다.",http://place.map.kakao.com/1227856654,37.5717287456729,127.011949179924,"The customer reviews are overwhelmingly positive, highlighting the excellent value for money, delicious and crispy food (specifically mini crabs), and overall enjoyable experience. Customers express surprise at the low prices and satisfaction with the taste.",Yes,"The reviews consistently praise the restaurant's affordability and the delicious taste of the food, particularly the crispy mini crabs. This enthusiastic and specific positive feedback suggests the AI score of 80 might be an understatement for a place so well-received for its core offerings and value.",false,True,"The deep data reveals an overwhelmingly positive customer experience, consistently praising the restaurant's exceptional value, delicious crispy chicken, and nostalgic atmosphere, making the original score far too conservative."
창신동,치킨,가마치통닭 서울창신점,80,1 Neon Heart,"The score reflects strong technique and exceptional value, balanced against a lack of unique personality and insufficient evidence for consistent long-term quality, with no sponsorship penalty applied.","While the technique for frying is commendable, delivering a satisfyingly crispy exterior and juicy interior, the establishment lacks a distinctive culinary personality. Exceptional value is present, yet evidence of long-term consistency and a unique identity remains elusive.","튀김 기술은 겉바속촉으로 훌륭하지만, 이 식당은 뚜렷한 요리적 개성이 부족합니다. 뛰어난 가성비를 자랑함에도 불구하고, 장기적인 일관성과 독창적인 정체성에 대한 증거는 미흡합니다.",http://place.map.kakao.com/291661353,37.573100195258725,127.01052987021151,"The reviews describe the restaurant with positive terms such as '매력적인 가격대', '재료의 신선함', '친절한 사장님', and '맛있는 후라이드 치킨' indicating a high level of customer satisfaction. The only issue mentioned is that the AI score is low, but the customer feedback is overwhelmingly positive and enthusiastic. The reviews suggest that the restaurant has good value for money, fresh ingredients, and a friendly staff. This template fits best since it is positive and contains short generic compliments like '매력적인 가격대' and '친절한 사장님'. The reviews do not contain severe contradictions or complaints about bad food, rude staff, or scams, and the scores suggest that the restaurant is highly rated by customers.",Yes,"The AI score is low, but the customer feedback is overwhelmingly positive and enthusiastic. The reviews suggest that the restaurant has good value for money, fresh ingredients, and a friendly staff. This indicates that the AI score is likely an anomaly and should be adjusted upwards.",false,True,"The deep data overwhelmingly confirms the auditor's assessment, showcasing exceptional value for money, consistently praised crispy and moist chicken (even for whole birds), and friendly service, warranting a significant upward adjustment from the original AI score."
창신동,치킨,대양통닭,80,1 Neon Heart,"The score breakdown reflects solid ingredients and a distinct personality, but technique suffers from inconsistency, and both value and consistency were heavily penalized due to the high sponsored ratio.","While 대양통닭 utilizes quality domestic chicken and a unique stuffing technique, inconsistent execution and a high sponsored review ratio significantly detract from its overall appeal. The culinary experience, though potentially charming, is undermined by a lack of reliable quality and genuine customer endorsement.","대양통닭은 좋은 국내산 닭과 독특한 찰밥 속재료를 사용하지만, 조리 기술의 일관성 부족과 높은 협찬 비율이 전반적인 매력을 저해합니다. 잠재적으로 매력적인 경험에도 불구하고, 신뢰할 수 없는 품질과 진정한 고객 평가의 부재로 인해 그 가치가 떨어집니다.",http://place.map.kakao.com/15696155,37.57275319592263,127.0117614323634,"Customers consistently praise the rotisserie chicken, sticky rice, and crispy skin, with one reviewer calling it their 'favorite' for 15 years. While there are minor mentions of dry meat or a 'suffocating' atmosphere, these are overshadowed by strong positive feedback about the food's taste and quality.",Yes,"The reviews show enthusiastic and consistent praise for the food quality and taste, particularly the chicken and sticky rice, suggesting a higher score than 80 is warranted.",false,True,"The deep data reveals 대양통닭 is a cherished local spot offering exceptional value, friendly service, and a unique, healthy 한방통닭 with highly praised, addictive sticky rice, warranting a significant score increase despite minor size and occasional delivery texture concerns."
창신동,치킨,매일치킨,70,,"The score reflects strong culinary technique and owner's personality, but a significant sponsorship penalty was applied to consistency and value categories due to the 80% sponsored ratio, preventing a higher overall rating.","매일치킨 demonstrates a commendable dedication to technique and a unique owner's touch, utilizing smaller chickens for superior tenderness over 27 years. However, the overwhelming sponsored ratio significantly undermines trust in its long-term value and consistency, despite claims.",매일치킨은 27년간 작은 닭을 고집하며 부드러운 맛을 유지해온 기술력과 사장의 뚜렷한 개성이 돋보입니다. 하지만 높은 협찬 비율은 장기적인 가치와 일관성에 대한 신뢰를 크게 저해합니다.,http://place.map.kakao.com/9027240,37.5759999416601,127.005415701191,"The customer reviews are overwhelmingly positive, highlighting the delicious taste, crispy texture, and juiciness of both fried and seasoned chicken. Reviewers consistently praise the kind owners and the nostalgic atmosphere, with strong intentions to revisit. There are no negative comments or flaws mentioned.",Yes,"The AI score of 70 suggests a decent spot with real flaws and mixed reviews, but the customer feedback is unanimously enthusiastic and highly complimentary about the food quality and service, with no negative points mentioned. This indicates the restaurant is significantly better than a 70/100 score implies.",false,True,"The deep data reveals '매일치킨' is a highly-regarded establishment with 27 years of consistent quality, generous portions, a commitment to fresh ingredients, and an overall positive customer experience, indicating the original score was significantly too low."
낙원동,치킨,신한국통닭,82,1 Neon Heart,"The score reflects strong points in technique and value, heavily offset by the complete absence of information for ingredients, personality, and consistency; no sponsorship penalty was applied as the ratio was below 50%.","While 신한국통닭 offers exceptional value and demonstrates commendable frying technique, the lack of information regarding ingredient sourcing, chef personality, and long-term consistency prevents it from achieving a higher rating. It serves as a budget-friendly option, but falls short of the rigorous standards for culinary distinction.","신한국통닭은 탁월한 가성비와 훌륭한 튀김 기술을 선보이지만, 재료 품질, 셰프의 개성, 그리고 장기적인 일관성에 대한 정보 부족이 높은 평가를 가로막습니다. 저렴한 한 끼 식사로는 괜찮으나, 미식의 엄격한 기준에는 미치지 못합니다.",http://place.map.kakao.com/1457230222,37.5724721052741,126.988438974276,"Most reviews praise the restaurant for its excellent value, delicious and crispy chicken, and being a good spot for beer. One review, however, raises serious concerns about the oil being too black and the overall cleanliness of the place.",Yes,"Despite one serious cleanliness complaint, the majority of customer reviews are enthusiastically positive, highlighting great value, taste, and crispiness, suggesting the AI score of 82 might be slightly understated given the strong positive sentiment for food quality and value.",false,True,"The original score was too conservative, as deep data reveals the restaurant is highly valued for its exceptional affordability and nostalgic, traditional fried chicken, making it a popular spot for casual drinks despite minor concerns about atmosphere and facilities."
역삼동,치킨,호또치킨 강남본점,80,1 Neon Heart,"The score reflects solid technique and a unique flavor profile, but a significant sponsorship penalty was applied to both 'value' and 'consistency' categories due to the high sponsored ratio, preventing a higher overall score.","While the black pepper chicken offers a distinct flavor profile and consistent delivery temperature, the overall experience is significantly undermined by concerns regarding genuine value and long-term reliability. The culinary execution is commendable, yet it struggles to rise above the pervasive influence of sponsored content.","통후추치킨은 독특한 풍미와 일관된 배달 온도를 자랑하지만, 진정한 가치와 장기적인 신뢰성 측면에서 심각한 의문이 제기됩니다. 요리 기술은 칭찬할 만하나, 협찬 콘텐츠의 광범위한 영향력을 극복하기에는 역부족입니다.",http://place.map.kakao.com/16767854,37.5034017869659,127.039207687895,No valid reviews found.,Unknown,"Scraper reached the review page, but only found dates, UI buttons, or boilerplate text. Needs human verification.",rescrape,False,"The deep data reveals overwhelming customer satisfaction, particularly for the unique and delicious pepper chicken, generous pricing, and reliable delivery, indicating the original score was significantly understated."
역삼동,치킨,깐부치킨 역삼럭키점,0,None,Supreme Court Overruled: Authentic customer receipts revealed major flaws (service/taste/hygiene). Revoked.,"While the domestic chicken and seasoned sauce offer some merit, the pervasive issue of pre-fried chicken significantly detracts from overall quality and culinary ambition. The lack of any evidence for long-term consistency or repeat patronage further diminishes its standing as a noteworthy establishment.","국내산 닭과 양념 맛은 인정할 만하나, 미리 튀겨놓는 조리 방식은 치킨의 본질적인 품질을 저하시킵니다. 장기적인 일관성이나 단골 고객에 대한 언급이 없어 신뢰도 측면에서 아쉬움이 큽니다.",http://place.map.kakao.com/15204407,37.4922365863997,127.038993787531,"The AI score of 80 suggests a genuinely good place. While many reviews are positive, there are two significant negative points. One customer reported receiving an incorrect order (all seasoned chicken instead of half-half), no apology from staff, and being overcharged for the more expensive item, leading them to feel ""ripped off."" Another customer complained that the roasted chicken was unusually small and dry compared to other branches.",No,"A customer explicitly states being ""당했네요"" (ripped off/scammed) due to an uncorrected order error, lack of apology, and subsequent overcharging. This meets Condition D (fraud exception) and constitutes a serious complaint of potential fraud and unacceptable staff behavior. Additionally, a specific food quality issue regarding the roasted chicken (small, dry, no meat) is mentioned, which contradicts the 'genuinely good place' score.",false,False,"The deep data reveals overwhelmingly positive customer experiences, highlighting delicious food, strong recommendations, and excellent service, which clearly contradicts the initial low score."
역삼동,치킨,보드람치킨 역삼역점,80,1 Neon Heart,"Ingredients and technique scored well for their quality and execution, but personality was merely adequate. A significant sponsorship penalty was applied to both 'value' and 'consistency' categories due to the >50% sponsored ratio, resulting in a total score of 59.","While the culinary technique and ingredient quality are commendable, offering a nostalgic and well-executed fried chicken, the overall experience is significantly undermined by pervasive sponsorship. The value proposition and long-term consistency are questionable under such circumstances.","뛰어난 조리 기술과 양질의 재료로 추억의 맛을 선사하지만, 과도한 협찬 비율이 전반적인 평가를 저해합니다. 가성비와 일관성에 대한 신뢰는 협찬으로 인해 크게 흔들립니다.",http://place.map.kakao.com/16589291,37.4988585445484,127.034627514419,"The majority of reviews are enthusiastically positive, praising the chicken, the 'magical' whelk, spicy gizzards, and amazing dried snacks. The atmosphere is also described as sophisticated and suitable for groups. However, one review details a serious negative experience with the owner showing favoritism towards male customers and scolding a customer.",Yes,"Despite one serious complaint about staff behavior, the overwhelming majority of customer feedback is enthusiastically positive, specifically praising the taste and quality of multiple menu items (chicken, whelk, gizzards, dried snacks) and the pleasant ambiance. This suggests the AI score of 80 might be an understatement of the overall customer satisfaction with the food and atmosphere.",false,True,"The deep data reveals an overwhelmingly positive customer experience, consistently praising the unique thin-crust fried chicken, excellent side dishes, friendly service, and vibrant atmosphere, indicating the original score was significantly undervalued."
역삼동,치킨,꼬꼬아찌숯불치킨 강남역점,91,2 Neon Hearts,"The score reflects a decent technique and ingredient sourcing, but personality is generic, and both value and consistency were heavily penalized due to the significant sponsored ratio exceeding 50%.","While the charcoal-grilled chicken offers a pleasant smoky aroma and customizable spice, its overall execution falls short of true culinary distinction. The high volume of sponsored content significantly undermines its perceived value and the organic consistency of its reputation.","숯불 양념 치킨은 불향과 맵기 조절이 가능하여 매력적이지만, 전반적인 요리 기술은 특별함을 찾기 어렵습니다. 높은 협찬 비율은 이 식당의 가치와 일관된 명성에 대한 신뢰를 크게 저하시킵니다.",http://place.map.kakao.com/888590919,37.5003128050196,127.027652789297,No valid reviews found.,Unknown,"Scraper reached the review page, but only found dates, UI buttons, or boilerplate text. Needs human verification.",rescrape,False,"The deep data reveals overwhelming customer satisfaction, repeat visits, and enthusiastic praise for the unique charcoal chicken and ramen combination, indicating the original score was far too conservative despite minor issues with draft beer quality."
역삼동,치킨,깐부치킨 역삼역점,85,1 Neon Heart,"The score reflects solid technique and consistency typical of a large franchise, offset by a significant lack of culinary personality and merely average value; no sponsorship penalty was applied.","Kkanbu Chicken delivers reliably crispy fried chicken with well-balanced sauces, a testament to its consistent franchise operations. However, its lack of unique culinary identity and average value proposition prevent it from standing out in a crowded market.","깐부치킨은 바삭한 튀김과 균형 잡힌 소스로 안정적인 품질을 제공하지만, 프랜차이즈 특유의 개성 부족이 아쉽습니다. 가격 대비 특별한 가치를 제공하지 못해 치킨 시장에서 두각을 나타내기 어렵습니다.",http://place.map.kakao.com/206904866,37.50067872702824,127.03411153073354,No valid reviews found.,Unknown,"Scraper reached the review page, but only found dates, UI buttons, or boilerplate text. Needs human verification.",rescrape,False,"The original score was too conservative, as the deep data reveals a strong positive brand reputation for Kkanbu Chicken, recent global recognition, and the specific 역삼역점's self-described clean, modern facilities suitable for large groups, with no negative customer feedback."
역삼동,치킨,누구나홀딱반한닭 역삼개나리점,83,1 Neon Heart,"The score reflects strong technique and consistent quality, supported by fresh ingredients and a positive dining experience; no sponsorship penalty or red flag caps were applied.","This establishment excels in its oven-baked chicken, offering a consistently crispy yet moist texture without excessive grease. The friendly service and clean, spacious environment further enhance a reliable dining experience.",이곳은 오븐에 구운 치킨으로 바삭하면서도 촉촉한 식감을 기름지지 않게 꾸준히 제공합니다. 친절한 서비스와 깔끔하고 넓은 공간은 신뢰할 수 있는 식사 경험을 더합니다.,http://place.map.kakao.com/27479463,37.499093322965,127.04391442968,"Customer reviews are overwhelmingly positive, highlighting unique menu items, delicious chicken and pizza, excellent chef's skill, recommended dishes like '쫄뱅이 바베큐쌈닭' and '먹태', friendly staff, and the convenience of no break time. Many reviews express strong satisfaction with the food quality and overall experience.",Yes,"The score is under 85, and the reviews consistently show enthusiastic praise for the food quality, taste, specific menu items, and friendly service, suggesting the restaurant is genuinely better than its current score indicates.",false,True,"The score reflects strong technique and consistent quality, supported by fresh ingredients and a positive dining experience; no sponsorship penalty or red flag caps were applied."
역삼동,치킨,교촌치킨 강남역점,70,,"The score reflects high marks for technique and ingredients, but severe deductions were applied to consistency and value due to the 100% sponsored ratio, alongside a low score for personality.","Despite strong technical execution and quality ingredients, the lack of unique personality and questionable value due to heavy sponsorship significantly detract from the experience. This establishment offers competent fried chicken but fails to rise above its commercial origins.","뛰어난 조리 기술과 좋은 식재료에도 불구하고, 고유한 개성이 부재하며 과도한 협찬으로 인해 가치와 일관성 평가가 저조합니다. 상업적인 한계를 넘어서지 못하는 평범한 치킨집입니다.",http://place.map.kakao.com/81077258,37.5008849836354,127.027482232968,"The customer reviews are overwhelmingly positive, highlighting consistent quality, delicious taste, and excellent sauce coating. Many customers express strong loyalty, preferring this branch over others in the area due to its superior taste and reliable service. The store is also noted for being spacious and pleasant, and has a 'Very Excellent' hygiene grade. There are no negative comments or serious complaints.",Yes,"The current AI score of 70 suggests a 'decent spot with real flaws,' but the customer reviews consistently praise the food quality, taste, and service, with multiple customers stating it's better than other branches and expressing high satisfaction. This level of enthusiastic and specific positive feedback strongly contradicts a merely 'decent' score and suggests a higher rating is warranted.",false,True,"The deep data overwhelmingly praises the restaurant's spacious and clean environment, excellent amenities for groups and sports viewing, diverse menu, and high-quality, delicious chicken and sides, directly contradicting the original low score."
역삼동,치킨,감탄계 강남역점,80,1 Neon Heart,"The score reflects strong technique and good value, yet is significantly hampered by a complete lack of information regarding ingredients, personality, and consistency, with no sponsorship penalty applied.","While the charcoal grilling technique and special sauces are commendably executed, creating succulent and flavorful chicken, the establishment lacks a defined culinary personality and transparent sourcing. Its overall appeal is diminished by an absence of verifiable long-term consistency and ingredient quality.","참숯 직화구이 기술과 특제 소스는 훌륭하게 구현되어 촉촉하고 풍미 가득한 닭고기를 선보이지만, 명확한 요리 개성과 투명한 식재료 출처가 부족합니다. 장기적인 일관성과 재료 품질에 대한 검증된 정보가 없어 전반적인 매력이 저하됩니다.",http://place.map.kakao.com/413386069,37.500554219318,127.02788810647,"The customer reviews are overwhelmingly positive, highlighting the delicious and tender chicken with no gamey smell, savory seasoning, and a pleasant charcoal aroma. Specific menu items like the half-and-half chicken, salt-grilled chicken, and green onion topping receive enthusiastic praise. Customers also appreciate the generous portions, clean environment, and friendly staff, leading to strong intentions for repeat visits.",Yes,"The reviews consistently describe a genuinely excellent dining experience with specific, enthusiastic praise for food quality, taste, and overall atmosphere, suggesting the current score of 80 might be an understatement.",false,True,"The deep data reveals overwhelming customer satisfaction with the delicious and varied charcoal chicken, generous portions, pleasant ambiance suitable for various gatherings, and friendly service, indicating the original score was far too conservative."
역삼동,치킨,굽네치킨 역삼1동점,90,2 Neon Hearts,"The score reflects decent technique and value, but is significantly pulled down by the lack of distinct personality, unmentioned ingredient quality, and absence of consistency evidence. No sponsorship penalty was applied.","While the oven-baked technique delivers a less oily, often crispy and juicy chicken, the overall experience lacks a unique culinary identity. Absence of specific ingredient quality or consistency mentions, alongside a cloying sauce, prevents higher acclaim.","오븐에 구워 기름기가 적고 담백한 조리 기술은 칭찬할 만하나, 고유한 개성과 재료의 탁월함이 부재합니다. 일부 소스의 아쉬움과 일관성 부족으로 높은 평가를 받기 어렵습니다.",http://place.map.kakao.com/8199914,37.4943393046404,127.033906232147,No valid reviews found.,Unknown,"Scraper reached the review page, but only found dates, UI buttons, or boilerplate text. Needs human verification.",rescrape,False,"The original score was significantly underestimated as deep data reveals the branch consistently delivers fresh, savory, and high-value oven-baked chicken, with specific praise for its taste and customer-friendly discounts."
역삼동,치킨,후라이드참잘하는집 역삼점,80,1 Neon Heart,"The score reflects solid technique and good ingredient choice for the core product, but personality is minimal, and a significant sponsorship penalty was applied to both value and consistency categories due to the >50% sponsored ratio.","While the fried chicken demonstrates commendable technique with its crispness and tender thigh meat, the establishment lacks a distinct culinary personality. The high volume of sponsored content significantly undermines its perceived value and long-term consistency, despite objectively low prices.","후라이드 치킨은 바삭함과 부드러운 닭다리살 사용으로 훌륭한 조리 기술을 보여주지만, 이 곳은 독창적인 개성이 부족합니다. 높은 협찬 비율은 객관적으로 저렴한 가격에도 불구하고 인지된 가치와 장기적인 일관성을 크게 저해합니다.",http://place.map.kakao.com/140176036,37.49281768284462,127.0391546615022,"The restaurant receives enthusiastic praise for its delicious and crispy fried chicken, consistently highlighted as a great value-for-money option. Many customers express high satisfaction and intent to reorder. While some reviews mention the chicken size feeling smaller, these are often balanced by positive remarks on affordability, and one review explicitly praises generous portions. A single complaint about the seasoned/soy sauce chicken exists, but the overall sentiment for the main fried chicken is strongly positive.",Yes,"The reviews overwhelmingly praise the fried chicken's taste, crispiness, and excellent value for money, with specific and enthusiastic comments. The minor and inconsistent complaints about portion size do not outweigh the consistent positive sentiment regarding food quality and affordability, suggesting the AI score of 80 might be conservative given the strong positive feedback.",false,True,"The original score of 61/100 was a gross misrepresentation, as deep data reveals overwhelmingly positive customer experiences praising the exceptional value, consistent crispiness, fresh oil, diverse delicious flavors, and generous portions, with virtually no significant flaws reported."
역삼동,치킨,깐부치킨 강남역플래티넘점,0,None,Supreme Court Overruled: Authentic customer receipts revealed major flaws (service/taste/hygiene). Revoked.,"While 깐부치킨 demonstrates commendable frying technique and clean flavors, particularly with its crispy and juicy chicken, it struggles to establish a unique personality. Average value and a notable lapse in menu consistency, evidenced by the removal of a popular item, prevent it from earning a Neon Heart.","깐부치킨은 훌륭한 튀김 기술과 깔끔한 맛을 선보이며, 특히 바삭하고 촉촉한 치킨은 인상적입니다. 그러나 독창적인 개성이 부족하고, 인기 메뉴의 단종으로 일관성에서 아쉬움을 보여 네온 하트를 받기에는 역부족입니다.",http://place.map.kakao.com/22547607,37.4949421032926,127.030509521692,"While the chicken is praised as delicious and the venue is suitable for group gatherings, there are serious complaints regarding billing. One customer reported being charged for 8 draft beers after consuming only 6, and the staff attempted to dismiss the discrepancy. This incident is accompanied by general advice for customers to carefully check their beer and soju bills before payment. Another customer expressed surprise at the high price of Sapporo beer. There is also a minor comment about the owner's friendliness.",No,"The AI score of 90/100 suggests an exceptional establishment. However, customer reviews detail a serious billing issue involving overcharging for drinks and staff attempting to brush off the error. This constitutes a serious complaint about potential fraud or dishonest practices, which severely contradicts an 'exceptional' rating and warrants a flag.",false,False,"The deep data reveals consistently positive customer experiences, praising the crispy and flavorful chicken, refreshing draft beer, clean ambiance, and excellent accessibility, indicating the original score was too conservative."
역삼동,치킨,강남통닭호프,0,None,Supreme Court Overruled: Authentic customer receipts revealed major flaws (service/taste/hygiene). Revoked.,"강남통닭호프 lacks any discernible culinary identity or commitment to ingredient sourcing, resulting in a profoundly uninspired offering. While some technical aspects of frying are noted, the overall experience is generic and fails to meet even basic expectations for a memorable meal.","강남통닭호프는 식재료의 품질이나 고유한 개성이 전혀 드러나지 않아 깊은 인상을 남기지 못합니다. 일부 튀김 기술은 언급되었으나, 전반적으로 평범하며 기억에 남을 만한 식사 경험을 제공하지 못합니다.",http://place.map.kakao.com/2021534584,37.50073298872459,127.03340700022169,"The reviews are overwhelmingly positive, praising various chicken dishes (garlic, seasoned, boneless, old-fashioned), gizzard fries, whelk noodles, tteokbokki, cabbage salad, and the owner's kindness and the atmosphere. However, one review explicitly states '닭 살이 넘 업저용 ㅜㅜ' (Too little chicken meat ㅜㅜ).",No,"The AI score of 96/100 indicates a 'destination-worthy' restaurant that requires 'flawless evidence.' While most reviews are excellent, a single credible complaint about the core product's portion size ('too little chicken meat') contradicts the expectation of perfection for such a high score. The instruction for scores 95 or above is to 'err on the side of flagging' when any credible serious complaint exists, as destination-tier restaurants demand flawless evidence.",false,False,"The deep data reveals overwhelmingly positive sentiment, consistently praising the delicious old-style crispy chicken, nostalgic atmosphere, friendly service, and excellent value, indicating the original AI score was a severe miscalculation."
역삼동,치킨,깐부치킨 역삼본점,85,1 Neon Heart,"The score reflects high marks for ingredients and technique, but significantly lower scores for personality, value, and consistency due to the explicit 100% sponsorship penalty applied.","While the chicken boasts excellent technique and quality domestic ingredients, it utterly lacks a unique culinary personality. Furthermore, the 100% sponsored nature of the review severely undermines any claims of true value or consistent customer satisfaction.","훌륭한 조리 기술과 국내산 식재료를 사용했지만, 이 체인점은 독창적인 요리 개성이 부족합니다. 100% 협찬 리뷰는 진정한 가치나 일관된 고객 만족에 대한 주장을 심각하게 훼손합니다.",http://place.map.kakao.com/299442543,37.49818084603359,127.0351078206932,No valid reviews found.,Unknown,"Scraper reached the review page, but only found dates, UI buttons, or boilerplate text. Needs human verification.",rescrape,False,"The original score of 52/100 was too conservative, as the deep data consistently describes a restaurant with high-quality, fresh chicken, a diverse menu, a clean and spacious atmosphere, friendly service, and good value, despite the reviews being uniformly sponsored."
역삼동,치킨,돈치킨 역삼점,70,,"The score reflects decent technique and some owner experience, but is heavily impacted by the lack of information on ingredients and consistency, poor value, and the application of a significant sponsorship penalty due to the 100% sponsored ratio.","While the grilled chicken technique is competent and the seasoning balanced, the establishment suffers from a lack of transparency regarding ingredient quality and inconsistent portion sizing. The overwhelming sponsored presence further undermines its credibility as a genuine culinary destination.","구운 치킨 조리 기술과 양념의 균형은 준수하나, 식재료 품질에 대한 정보 부재와 적은 양이 아쉽습니다. 높은 협찬 비율은 진정한 미식 경험으로서의 신뢰도를 크게 저해합니다.",http://place.map.kakao.com/16064520,37.4959585016726,127.030265674759,"The customer reviews are overwhelmingly positive, praising the restaurant's suitability for group gatherings, spaciousness, and the availability of outdoor seating. Specific enthusiastic praise is given to the '반건조 노가리' (semi-dried pollack), described as 'plump, grilled golden and delicious' and 'truly a delicacy'. There are no negative comments or serious complaints.",Yes,"The AI score of 70 suggests a decent spot with real flaws, but the customer reviews are consistently and enthusiastically positive, with specific praise for food quality and atmosphere, indicating a better experience than a 70/100 score implies.",false,True,"The deep data reveals overwhelmingly positive customer experiences, consistently praising the delicious roasted chicken, diverse menu, friendly staff, and versatile dining environment, which starkly contrasts with the original low score."
역삼동,치킨,둘둘치킨 뱅뱅점,80,1 Neon Heart,"The score reflects strong technique but is significantly lowered by the absence of unique personality, poor value, and clear consistency issues, further exacerbated by the applied sponsorship penalty due to the high sponsored ratio.","Despite commendable technique in frying and sauce creation, 둘둘치킨 뱅뱅점 suffers from a lack of distinct personality and concerning inconsistencies. The high sponsored ratio severely impacts its perceived value and reliability, making it an uninspired choice.","둘둘치킨 뱅뱅점은 튀김 기술과 소스 맛은 칭찬할 만하나, 개성이 부족하고 일관성 없는 서비스가 문제입니다. 높은 협찬 비율은 가치와 신뢰도에 치명적인 영향을 미쳐, 추천하기 어려운 선택입니다.",http://place.map.kakao.com/16931563,37.49170065564382,127.0324791370977,"One detailed review expressed significant disappointment with dry, salty chicken and issues with missing standard chicken parts, suggesting potential misleading practices. However, multiple other reviews enthusiastically praise the fried chicken's taste, calling it delicious and a '맛집' (famous/good restaurant). There are also positive comments about the retro atmosphere, good value, and generous portions for the lunch menu.",Yes,"Despite one serious negative review regarding food quality and portion discrepancy, the majority of customer reviews are enthusiastically positive, specifically praising the taste of the fried chicken, the good value of the lunch menu, and the overall atmosphere. This suggests the AI score of 80 might be slightly understated given the strong positive sentiment from most customers.",false,True,"The original score was a severe undervaluation, as deep data reveals overwhelming customer satisfaction, frequent patronage, and high praise for the chicken, signature dishes, and nostalgic atmosphere, with only minor, isolated criticisms."
역삼동,치킨,청년치킨 역삼점,80,1 Neon Heart,"The score reflects low points for ingredients due to Brazilian chicken, weak personality, and heavily penalized value and consistency categories due to the high sponsored ratio.","Despite some commendable frying technique, the reliance on Brazilian chicken significantly compromises ingredient quality. High sponsorship ratios and inconsistent reviews suggest a lack of genuine customer loyalty and overall reliability.","일부 튀김 기술은 칭찬할 만하지만, 브라질산 닭고기 사용은 재료 품질을 크게 저하시킵니다. 높은 협찬 비율과 일관성 없는 리뷰는 진정한 고객 충성도와 전반적인 신뢰성 부족을 시사합니다.",http://place.map.kakao.com/1710613996,37.4944149384529,127.034082673002,No valid reviews found.,Unknown,"Scraper reached the review page, but only found dates, UI buttons, or boilerplate text. Needs human verification.",rescrape,False,"The deep data overwhelmingly praises the chicken's taste, crispiness, value, and quality, with only one outlier comment about a gamey smell, leading to a significant score increase from the original conservative rating."
서초동,치킨,BHC치킨 서초교대점,80,1 Neon Heart,"Scores reflect competent technique and strong value for the lunch menu, but zero points were awarded for ingredients, personality, and consistency due to lack of information, and no sponsorship penalty was applied.","While the Mat-cho-king demonstrated commendable texture and the lunch menu offers excellent value, the establishment lacks any discernible personality or commitment to ingredient sourcing. Its overall appeal is hampered by a complete absence of long-term consistency.","맛초킹의 껍질 식감과 런치 한정 메뉴의 가성비는 긍정적이나, 식재료 품질이나 고유한 개성은 찾아볼 수 없습니다. 또한, 일관성에 대한 어떠한 증거도 없어 평범함을 벗어나지 못합니다.",http://place.map.kakao.com/1087315478,37.4913954599177,127.012051709045,"Many customers praise the chicken's taste, texture, and overall quality, with comments like 'crispy and juicy,' 'best chicken in 25 years,' and 'made me crave beer.' The owner's kindness and the store's cleanliness are also highlighted, along with fast service in some cases. However, one customer reported a terrible service experience with long wait times for both the main dish and a side, leading to significant disappointment.",Yes,"The AI score is 80, which is under 85. The majority of reviews are enthusiastically positive, specifically praising the food quality, taste, and overall experience, suggesting the restaurant might be better than its current score indicates.",false,True,"The original score was a severe misjudgment, as deep data reveals an overwhelmingly positive experience with a clean, spacious environment, innovative lunch menu, delicious food, and excellent value for office workers."
서초동,치킨,깐부치킨 서초삼성타운점,80,1 Neon Heart,"The score reflects exceptional technique and strong consistency, offset by a lack of information on ingredient quality and a generic personality inherent to a chain; no sponsorship penalty was applied.","While the technical execution of the fried chicken is undeniably superb, with perfectly crisp batter and well-seasoned meat, the establishment lacks a distinct culinary identity. The quality of ingredients remains unmentioned, and the overall value, though reasonable, doesn't elevate it beyond a well-executed chain offering.","튀김옷의 바삭함과 고기의 염지 등 조리 기술은 탁월하나, 식당만의 독창적인 개성은 부족합니다. 재료의 품질에 대한 언급이 없어 아쉬우며, 합리적인 가격에도 불구하고 뛰어난 체인점을 넘어선 특별함은 찾아보기 어렵습니다.",http://place.map.kakao.com/16879694,37.494114712226605,127.02794564467688,"Customer reviews are overwhelmingly positive, praising the delicious and well-prepared chicken dishes like the garlic roasted chicken and crispy six-pack. Patrons consistently mention friendly and fast service, a spacious and pleasant atmosphere suitable for group gatherings, and reasonable prices. Minor feedback regarding tteokbokki being 'so-so' or a sauce being 'a bit strong' are not serious complaints and do not detract from the overall positive sentiment.",Yes,"The reviews consistently highlight excellent food quality, taste, friendly service, good atmosphere, and reasonable pricing, suggesting the restaurant performs better than its current 80/100 score indicates.",false,True,"The deep data reveals overwhelmingly positive customer experiences, consistently praising the exceptional chicken quality, friendly and attentive service, clean and inviting atmosphere, and excellent accessibility, indicating the original score was significantly too conservative."
서초동,치킨,처갓집양념치킨 서초점,82,1 Neon Heart,"The score reflects low points for unverified ingredient quality and significant concerns regarding consistency due to an owner change, despite acceptable technique and a decent value proposition.","This Cheogajip Yangnyeom Chicken location offers a traditional, acceptable fried chicken experience with a notable cash discount for pickup. However, the lack of ingredient transparency and significant consistency concerns due to an owner change severely limit its appeal.","처갓집양념치킨 서초점은 전통적인 맛과 현금 방문 포장 할인을 제공하지만, 재료 품질에 대한 정보 부족과 주인 변경으로 인한 일관성 우려가 큽니다. 이는 미식의 관점에서 볼 때 평범함을 벗어나기 어렵게 만듭니다.",http://place.map.kakao.com/24528537,37.48795491487287,127.02704103966406,"The customer reviews are predominantly positive, praising the boneless and classic chicken, fresh oil, crispy texture, and consistently friendly staff. While there is one review mentioning the taste and chicken condition as 'just okay,' it is an isolated comment amidst numerous enthusiastic endorsements.",Yes,"The score is under 85 (82/100), and the majority of reviews are enthusiastically positive with specific praise for food quality (boneless chicken, classic chicken, fresh oil, crispy texture) and excellent, accommodating service. This strong positive sentiment and specific praise suggest the restaurant's quality exceeds its current score.",false,True,"The deep data reveals that the restaurant's core product, the chicken, is well-regarded for its traditional taste and quality, and while past operational issues under previous ownership contributed to a low initial score, the recent change in management suggests a potential for improved service, warranting a significant score increase."
서초동,치킨,오늘통닭 강남역점,84,1 Neon Heart,"The score reflects inconsistent execution in key dishes and a lack of unique culinary identity, despite some positive notes on ingredient quality and value; no sponsorship penalty was applied as the ratio was below 50%.","This establishment offers a broad menu with some well-executed dishes and notable value for its lunch buffet in a high-cost area. However, significant inconsistencies in chicken quality and a lack of distinct culinary identity prevent it from earning a recommendation.",이곳은 강남 물가 대비 좋은 가성비의 점심 뷔페와 일부 메뉴에서 괜찮은 조리 기술을 보여줍니다. 하지만 치킨 품질의 일관성 부족과 식당 고유의 개성이 미흡하여 높은 평가를 받기 어렵습니다.,http://place.map.kakao.com/1932964168,37.49459498836523,127.02777846305727,"Customer reviews are overwhelmingly positive, consistently praising the crispy and juicy chicken, delicious snacks like '먹태와땅콩', and a variety of other anju such as '골뱅이소면', '떡볶이', and '피자'. Many reviewers highlight the fresh and tasty beer, calling it an 'anju맛집, 맥주맛집'. The restaurant is frequently recommended for group gatherings and boasts a spacious, lively atmosphere. The only minor nitpick was the absence of hand sanitizer, which is not a serious complaint.",Yes,"The AI score is 84, and the majority of reviews are enthusiastically positive with specific praise about food quality, taste, and craft, suggesting the restaurant might deserve a higher score.",false,True,"The original score was too conservative, as deep data shows a popular, spacious venue with a diverse menu and generally positive feedback on food quality and atmosphere, despite some inconsistent reviews regarding the core chicken's texture."
서초동,치킨,삼풍치킨 교대직영점,80,1 Neon Heart,"The score reflects strong technique and consistency, offset by a lack of personality and poor value for money, with no sponsorship penalty applied.","While the classic fried chicken technique is commendable for its crispy exterior and juicy interior, the lack of unique personality and disappointing portion sizes significantly detract from the overall experience. This establishment offers a consistent, albeit uninspired, take on traditional fried chicken.","클래식한 후라이드 치킨의 바삭함과 촉촉한 식감은 칭찬할 만하지만, 독창적인 개성이 부족하고 양이 아쉽다는 점이 전반적인 경험을 저해합니다. 꾸준한 맛을 제공하지만, 특별한 감동은 없는 평범한 옛날 통닭집입니다.",http://place.map.kakao.com/13079473,37.49491626764851,127.0149268180649,"The customer reviews are overwhelmingly positive, consistently praising the delicious taste of both the chicken and the golbaengi somyeon, generous portions, and fresh draft beer. Reviewers describe it as a long-standing, traditional, and highly recommended spot suitable for various occasions.",Yes,"The AI score of 80/100 is under 85, and the majority of reviews are enthusiastically positive with specific praise about food quality, taste (old-fashioned chicken, delicious golbaengi somyeon), and craft (fresh draft beer). The consistent and specific positive feedback suggests the restaurant warrants a higher score.",false,True,"The deep data reveals an overwhelmingly positive consensus for 삼풍치킨 교대직영점, consistently praised as a long-standing local institution offering exceptional old-style fried chicken with a perfect crispy-juicy texture, fresh draft beer, and a vibrant, retro atmosphere ideal for social gatherings, making the original score of 67/100 significantly understated."
서초동,치킨,푸라닭치킨 서초2동점,80,1 Neon Heart,"높은 식재료 품질과 조리 기술 점수에도 불구하고, 사장의 개성과 일관성 항목에서 점수를 얻지 못해 총점이 낮게 책정되었으며, 협찬 비율이 낮아 페널티는 적용되지 않았습니다.","While the chicken boasts quality domestic ingredients and a commendable oven-fried technique, its lack of unique personality and established consistency prevents it from achieving higher acclaim. The brand offers good value, but fails to distinguish itself beyond standard chain offerings.","국내산 신선 계육과 오븐-후라이드 조리법은 훌륭하지만, 독자적인 개성과 일관성 부족이 아쉽습니다. 합리적인 가성비를 제공함에도 불구하고, 평범한 프랜차이즈의 한계를 넘어서지 못했습니다.",http://place.map.kakao.com/1517189242,37.4871375833097,127.030483733424,"The customer reviews are overwhelmingly positive, with specific praise for the special menu items, delicious sauces, and the Napoli Toowoomba chicken being '꿀맛' (honey taste/delicious). Many customers express frequent use and satisfaction, noting the clean and pleasant store environment. Only one review mentioned a personal preference for regular chicken, which is not a serious complaint.",Yes,"The AI score is 80, which is under 85. The majority of reviews are enthusiastically positive with specific praise about food quality, taste, and the overall experience, suggesting the restaurant is better than its current score indicates.",false,True,"The original score was significantly understated as deep data reveals overwhelmingly positive customer experiences, consistently praising the delicious, high-quality chicken, diverse menu, excellent service, and pleasant dining environment, despite minor issues with wait times."
서초동,치킨,이모네꼬꾸이,80,1 Neon Heart,"The restaurant scores well in consistency with positive customer feedback. However, the scores in ingredients and technique are relatively low, which is reflected in the final score of 37. The sponsorship penalty is not applied as the sponsored ratio is 4/8, which is below 50%. The high value score is due to the positive consistency, while the low scores in ingredients and technique contribute to the overall score.","This restaurant has strong consistency with positive reviews mentioning tender chicken and crispy noodles. However, the ingredients and technique scores are not as strong, and the pricing is quite high compared to other local options.",여러 리뷰에서 부드러운 닭고기와 친절한 서비스에 대한 긍정적인 언급이 반복됩니다. 그러나 식재료와 조리 기술의 품질이 부족하여 점수가 낮습니다. 가격은 다른 지역 옵션보다 비싸서 가성비가 부족합니다.,http://place.map.kakao.com/20060682,37.48551208116992,127.01761369860272,"The reviews are overwhelmingly positive, with customers consistently praising the delicious taste of both assorted and seasoned chicken, the unique addition of scorched rice, and the overall quality of the food and experience. Many express strong loyalty, calling it a 'must-visit' and eating there weekly. There is one isolated complaint about rude staff and the chicken not being fried, but this is heavily outweighed by numerous enthusiastic endorsements.",Yes,"The score is 80, which is under 85, and the majority of reviews are enthusiastically positive with specific praise about food quality, taste, and the overall dining experience, suggesting the AI score could be higher.",false,True,"The deep data reveals an overwhelmingly popular and highly praised establishment, with customers consistently lauding the tender, flavorful charcoal-roasted chicken, the unique and delicious nurungji, and the lively atmosphere, making the original low score entirely unfounded."
서초동,치킨,서초통닭호프,70,,"The score reflects high marks for technique and personality, but a severe penalty was applied to the 'value' and 'consistency' categories due to the 80% sponsored ratio, preventing the total score from exceeding 89.","While 서초통닭호프 demonstrates commendable technique in preparing various chicken styles and boasts a distinct, traditional personality, its high sponsored ratio severely undermines its perceived value and long-term consistency. Despite objective culinary merits, the pervasive influence of paid endorsements casts a long shadow over its authenticity.","서초통닭호프는 다양한 치킨 조리법에서 훌륭한 기술과 독특하고 전통적인 개성을 보여주지만, 높은 협찬 비율이 가치와 일관성에 대한 인식을 심각하게 저해합니다. 객관적인 요리적 장점에도 불구하고, 광범위한 유료 광고의 영향이 진정성에 큰 의문을 제기합니다.",http://place.map.kakao.com/367340712,37.493699979748186,127.0290615909134,"Customer reviews are overwhelmingly positive, highlighting delicious food such as dakgangjeong, squid튀김, fried chicken, and gizzard튀김, with specific praise for taste, generous portions, and quality (e.g., thin batter, no smell). Many mention excellent value for money, a clean environment, and a very kind owner. Customers express high satisfaction and intent to revisit.",Yes,"The current AI score of 70/100 suggests a decent spot with flaws, but the customer reviews are consistently and enthusiastically positive, with no complaints. They specifically praise the taste, quality, and value of multiple menu items, as well as the friendly service and cleanliness, indicating a much higher level of satisfaction than a 70 score implies.",false,True,"The deep data reveals that '서초통닭호프' is a highly regarded local institution, consistently praised for its large, moist, and crispy old-fashioned fried chicken, generous portions, and classic hof atmosphere, warranting a significant score increase."
서초동,치킨,노랑통닭 남부터미널점,80,1 Neon Heart,"The score reflects decent technique and value, but the severe consistency issues, particularly concerning the potential for excessive saltiness, heavily impacted the ingredients, technique, and consistency scores; no sponsorship penalty was applied.","While the crispy texture and balanced garlic sauce are commendable, the persistent concern regarding excessive saltiness significantly undermines the overall culinary experience. This chain offers generous portions, yet its inconsistent seasoning control prevents it from achieving a higher rating.","바삭한 식감과 균형 잡힌 마늘 소스는 칭찬할 만하지만, 과도한 염지에 대한 지속적인 우려는 전반적인 미식 경험을 크게 저해합니다. 이 체인은 넉넉한 양을 제공하지만, 일관성 없는 간 조절로 인해 더 높은 평가를 받지 못했습니다.",http://place.map.kakao.com/26880079,37.4854193164617,127.017349098551,"Customer reviews are overwhelmingly positive, consistently praising the delicious taste of the food, friendly service, and overall positive experience. Several customers express strong loyalty, indicating it's a favorite spot for their families and worth traveling for.",Yes,"The AI score of 80 is under 85, and the customer reviews are enthusiastically positive with specific praise for food quality ('항상 정말 맛있네요!', '맛있고'), taste ('초등학교때 먹던 떡볶이맛'), and service ('친절하세요~^^'). The reviews also show high customer loyalty ('아이가 좋아해서 항상 픽업으로^^', '집이 멀어 자전거 혹은 버스타고 다녀와요'), suggesting the restaurant warrants a higher score.",false,True,"The deep data reveals overwhelmingly positive customer experiences, particularly highlighting delicious and generously portioned new menu items and a comfortable dining environment, indicating the original score was significantly too low."
서초동,치킨,네네치킨 서초교대점,82,1 Neon Heart,"The score reflects solid ingredient sourcing and technique for a chain, but is significantly hampered by the absence of unique personality and local consistency data; no sponsorship penalty was applied.","네네치킨 서초교대점 offers competently executed chain-style fried chicken with a good variety of sauces. However, its generic nature and lack of specific information regarding local consistency or unique personality prevent it from achieving a higher rating.",네네치킨 서초교대점은 다양한 소스와 함께 체인점 특유의 안정적인 튀김 기술을 선보입니다. 하지만 독창적인 개성과 지역 일관성에 대한 정보 부족으로 높은 평가를 받기 어렵습니다.,http://place.map.kakao.com/1287395961,37.4892716166092,127.013602735493,"One customer noted the price was a bit high and experienced very unfriendly, mechanical service from a male staff member, though they still found the chicken taste acceptable. However, the other two reviews were enthusiastically positive, praising the delicious and savory chicken, specific sauces, generous portions, and suitability for group gatherings and second rounds.",Yes,"Despite a serious complaint about staff unfriendliness in one review, the majority of reviews are highly positive about the delicious and savory food, specific sauces, and generous portions, suggesting the AI score could be higher.",false,True,"The original score was overturned because the provided deep data, while primarily self-promotional, consistently presents the restaurant with strong positive attributes and no contradictory customer feedback, indicating the initial assessment was too conservative."
서초동,치킨,맥켄치킨,80,1 Neon Heart,"Ingredients and technique are strong, but personality is merely adequate. Value and consistency scores were heavily penalized due to the high sponsored ratio, leading to a total score of 67.","While 맥켄치킨 boasts commendable technique with its juicy, crispy, and uniquely seasoned chicken, the substantial sponsored ratio significantly compromises its perceived value and long-term consistency. The culinary merits are overshadowed by the heavy reliance on promotional content, raising questions about genuine customer loyalty.","맥켄치킨은 육즙 가득하고 바삭하며 독특한 양념의 치킨으로 훌륭한 조리 기술을 선보이지만, 높은 협찬 비율이 가치와 일관성에 대한 신뢰를 크게 저해합니다. 요리 자체의 장점에도 불구하고, 과도한 홍보 의존은 진정한 고객 충성도에 의문을 제기합니다.",http://place.map.kakao.com/16706192,37.4884473249128,127.03171449116,"Despite multiple serious complaints regarding unfriendly staff and a significant billing error, the vast majority of reviews enthusiastically praise the chicken's exceptional taste, quality, and unique characteristics. Many customers highlight the distinct flavor, crispy texture, and perfect seasoning, often stating they would return for the food despite service issues.",Yes,"The AI score of 80 appears to be significantly impacted by service-related complaints. However, the consistent, detailed, and enthusiastic praise for the food quality, unique taste, and craft from numerous customers strongly suggests that the restaurant's core product is outstanding and warrants a higher score, as the food experience is overwhelmingly positive.",false,True,"The deep data reveals 맥켄치킨 is a cherished, long-standing establishment consistently praised for its delicious, high-quality chicken, generous portions, and nostalgic charm, warranting a significantly higher score than originally given."
서초동,치킨,바른치킨 남부터미널로봇점,79,,"The score reflects strong points in ingredients and technique, balanced by minor service issues and average value, with no sponsorship penalty or red flags applied.","This establishment excels in ingredient quality and consistent cooking technique, thanks in part to its robotic fryer and strict oil management. However, service speed for side dishes and occasional staff oversights detract from the overall dining experience.","최상급 재료 사용과 로봇 조리 시스템으로 치킨 자체의 품질과 맛은 뛰어나지만, 사이드 메뉴 제공 시간과 직원 서비스에서 아쉬움이 있습니다. 전반적으로 치킨의 맛은 훌륭하나, 세심한 고객 경험 관리가 필요합니다.",http://place.map.kakao.com/27462692,37.48424852020907,127.0133926528856,"Despite a single complaint about staff attitude, the overwhelming majority of reviews praise the delicious chicken, specific flavors like curry, and the overall positive experience, with many customers expressing strong satisfaction and repeat visits.",Yes,"The AI score of 79 suggests a decent spot with flaws, but customer reviews consistently highlight excellent food quality and taste, indicating the restaurant might be better than its current score reflects.",false,True,"The score reflects strong points in ingredients and technique, balanced by minor service issues and average value, with no sponsorship penalty or red flags applied."
서초동,치킨,교촌치킨 서초3호점,80,1 Neon Heart,"The score reflects strong technique but low points for personality, value, and consistency, with a significant deduction applied to the latter two due to the high sponsored ratio.","While the frying technique delivers a satisfyingly crisp and juicy product, the overall experience is significantly hampered by a lack of unique identity and inconsistent quality across the brand. The heavy sponsorship ratio further diminishes trust in its value proposition and long-term reliability.","튀김 기술은 바삭하고 속이 꽉 찬 만족스러운 결과를 제공하지만, 고유한 개성의 부재와 브랜드 전반의 일관성 없는 품질로 인해 전반적인 경험이 저해됩니다. 높은 협찬 비율은 가치 제안과 장기적인 신뢰도를 더욱 떨어뜨립니다.",http://place.map.kakao.com/481596507,37.488210234211685,127.01356070645174,"Customer reviews are overwhelmingly positive, highlighting delicious chicken, especially the soy sauce and honey soy sauce wings, and exceptionally kind and friendly service from the owner, even during busy times and to foreign customers. One minor comment about small portions for the price is present but does not detract from the overall enthusiastic praise.",Yes,"The reviews consistently praise the food quality and taste, along with outstanding customer service, suggesting the restaurant provides a better experience than its current 80/100 score implies. The single minor complaint about portion size is not a serious contradiction.",false,True,"The original score was a severe misrepresentation, as deep data reveals this branch is a local favorite, consistently praised for its delicious, high-quality chicken and meticulous service, despite minor timing issues with side dishes."
압구정동,치킨,땅땅치킨 한강르네상스 잠원1호점,80,1 Neon Heart,"The total score of 42 is a sum of the category evaluations, with a heavy deduction applied to 'value' and 'consistency' due to the significant sponsorship ratio.","While the cooking technique for both fried and oven-roasted chicken is commendable, showcasing proper texture and flavor, the establishment lacks any discernible personality or unique culinary identity. The high sponsored ratio significantly diminishes confidence in its long-term value and consistency, despite competent execution.","튀김과 오븐구이 치킨 모두 훌륭한 조리 기술과 맛을 보여주지만, 이 매장은 뚜렷한 개성이나 독창적인 정체성이 부족합니다. 높은 협찬 비율로 인해 장기적인 가치와 일관성에 대한 신뢰가 크게 저하되었습니다.",http://place.map.kakao.com/679037517,37.528360718737,127.020465655294,"The customer reviews are overwhelmingly positive, highlighting the delicious 'sweet soy sauce' in the boneless herb chicken and describing the overall experience with ramen and beer as 'the best meal.' The reviews paint a picture of a highly enjoyable dining experience, especially in the context of a riverside outing.",Yes,"The reviews consistently offer enthusiastic praise for the food's taste and the overall dining experience, suggesting the restaurant is better than its current 80/100 score.",false,True,"The deep data reveals overwhelmingly positive sentiment, praising the restaurant's ideal location for Han River picnics, exceptional cleanliness, convenient pickup, careful packaging, and consistently delicious chicken, making the original score of 42/100 severely understated."
압구정동,치킨,사또치킨,70,,"The score of 60 is a sum of 18 for ingredients, 15 for technique, 17 for personality, 5 for value, and 5 for consistency. A significant sponsorship penalty was applied to both value and consistency categories due to the 80% sponsored ratio.","While 사또치킨 demonstrates commendable ingredient selection and a classic frying technique, its polarizing sauce and tough gizzard show room for improvement. The significant sponsorship ratio heavily impacts its perceived value and long-term consistency, overshadowing its historical charm.","사또치킨은 훌륭한 재료 선택과 고전적인 튀김 기술을 선보이지만, 호불호 갈리는 양념과 단단한 닭똥집은 개선의 여지가 있습니다. 높은 협찬 비율은 그 역사적 매력에도 불구하고 실제 가치와 꾸준한 고객층에 대한 신뢰도를 크게 저해합니다.",http://place.map.kakao.com/10449705,37.52395519848855,127.04957171111076,"Customers enthusiastically praise the restaurant for its strong nostalgic 90s pub atmosphere and unique, perfectly recreated taste of childhood fried chicken, sauces, and sides. Many highlight the guaranteed, sincere taste that evokes memories from the early 2000s, distinguishing it from modern franchises. There is one significant complaint about the owner's unfriendliness and confusing ordering process, which has been a repeated issue for the customer.",Yes,"The score is under 85, and the majority of reviews are enthusiastically positive, providing specific praise for the unique nostalgic food quality, taste, and atmosphere, suggesting a higher score is warranted despite the noted staff issue.",false,True,"The deep data reveals 사또치킨 is a cherished local institution with decades of history, consistently praised for its generous portions, excellent value, nostalgic ""old-school"" flavor, and high-quality, handmade chicken, warranting a significantly higher score than originally given."
신사동,치킨,가마치통닭 서울압구정점,80,1 Neon Heart,"Scores reflect strong ingredients and technique, moderate personality, but significantly reduced points for value and consistency due to the applied sponsorship penalty.","Despite commendable ingredient sourcing and expert frying technique, the overall experience is marred by an overreliance on sponsored promotions. While the chicken itself is well-executed, the lack of a distinct culinary personality and the questionable consistency due to heavy sponsorship prevent it from earning a Neon Heart.","신선한 유황닭과 숙련된 튀김 기술은 칭찬할 만하지만, 과도한 협찬 비율이 전반적인 신뢰도를 저해합니다. 훌륭한 치킨 맛에도 불구하고 독창적인 개성과 검증되지 않은 일관성으로 인해 '네온 하트'를 부여하기 어렵습니다.",http://place.map.kakao.com/271976441,37.5237650797665,127.02331516201,"Most reviews praise the chicken for being delicious, crispy, and having a clean taste, with one reviewer specifically mentioning the owner's kindness. While one review questioned the value for money, it still acknowledged the good quality of the chicken itself.",Yes,"The majority of reviews are enthusiastically positive, highlighting specific aspects like taste, crispiness, clean oil, and friendly service, suggesting a higher score is warranted than the current 80/100.",false,True,"The deep data reveals an overwhelmingly positive customer sentiment, consistently praising the chicken's perfect crispy-outside-juicy-inside texture, excellent value for money, fresh ingredients, and friendly service, indicating the original score was significantly too conservative."
성수동,치킨,60계치킨 서울성수점,0,None,Supreme Court Overruled: Authentic customer receipts revealed major flaws (service/taste/hygiene). Revoked.,"While 60계치킨 demonstrates commendable dedication to fresh oil and a technique for crispiness, it critically lacks any discernible personality or evidence of long-term consistency. The value proposition remains unclear without explicit pricing and portion details.","60계치킨은 매일 새 기름 사용과 바삭함을 극대화하는 조리법은 칭찬할 만하나, 고유한 개성이나 장기적인 일관성에 대한 증거가 전무합니다. 명확한 가격 및 양 정보가 없어 가성비 평가도 불분명합니다.",http://place.map.kakao.com/1190139624,37.5493405031934,127.05047459297424,"The AI score of 95/100 indicates a destination-worthy restaurant requiring flawless evidence. However, one detailed customer review highlights a significant product quality issue: a whole chicken order contained only one leg and consisted of unusually small, fragmented pieces. This led to a highly negative experience and the customer's decision not to use the chain again. While other reviews are positive, this serious complaint about the core product directly contradicts the expectation of perfection for such a high score.",No,"A customer received a whole chicken order with only one leg and consistently small, fragmented pieces, which is a serious product quality and portioning issue that directly contradicts a 95/100 'destination-worthy' score.",false,False,"The deep data reveals overwhelmingly positive customer experiences, consistently praising the chicken's crispiness, unique flavors, and the restaurant's commitment to using fresh oil daily, indicating the original score was severely understated."
성수동,치킨,김군네통닭집 성수직영점,89,2 Neon Hearts,"The score reflects significant deductions in technique and consistency due to greasy chicken and inconsistent beer quality, alongside a merely adequate value proposition.","This establishment struggles with fundamental consistency and execution, notably in its greasy chicken and fluctuating beer quality. While it offers a distinct seasonal street-side dining experience, the value proposition is undermined by these culinary shortcomings.","이 식당은 기름진 치킨과 들쭉날쭉한 맥주 품질에서 기본적인 일관성과 조리 기술에 어려움을 겪고 있습니다. 독특한 계절별 노상 식사 경험을 제공하지만, 이러한 요리적 결함으로 인해 가성비가 떨어집니다.",http://place.map.kakao.com/729867248,37.5472139195288,127.044304758381,No valid reviews found.,Unknown,"Scraper reached the review page, but only found dates, UI buttons, or boilerplate text. Needs human verification.",rescrape,False,"The original score was too conservative, as deep data reveals a highly popular spot known for its vibrant outdoor chimaek atmosphere, fresh beer, and enjoyable spicy dishes, making it a recommended destination for a lively social experience."
성수동,치킨,오븐에빠진닭 성수역점,80,1 Neon Heart,"Scores are exceptionally low across all categories due to a severe lack of culinary information provided, particularly concerning taste and cooking technique.","This establishment provides no discernible culinary information, focusing instead on its physical footprint. Without details on flavor, technique, or ingredient quality, it fails to meet even basic critical standards.","이 식당은 요리 관련 정보를 전혀 제공하지 않고, 매장 규모에만 집중합니다. 맛, 기술, 재료 품질에 대한 정보가 없어 기본적인 비평 기준조차 충족하지 못합니다.",http://place.map.kakao.com/27537162,37.54585906319257,127.054485989956,No valid reviews found.,Unknown,"Scraper reached the review page, but only found dates, UI buttons, or boilerplate text. Needs human verification.",rescrape,False,"The provided deep data offers no negative feedback to support the original low score, and includes a positive mention of the restaurant's ""enormous"" size, indicating a potentially comfortable dining environment."
성수동,치킨,깐부치킨 성수점,0,None,Supreme Court Overruled: Authentic customer receipts revealed major flaws (service/taste/hygiene). Revoked.,"Commendable cooking techniques across various chicken preparations are noted, yet the restaurant suffers from a lack of unique culinary identity. Unproven consistency and mixed ingredient sourcing prevent it from achieving a higher rating.","다양한 치킨 조리법에서 칭찬할 만한 기술을 보여주지만, 이 레스토랑은 독창적인 요리 개성이 부족합니다. 검증되지 않은 일관성과 혼합된 재료 조달 방식이 더 높은 평가를 받는 것을 방해합니다.",http://place.map.kakao.com/341135367,37.54534516546019,127.05519285388256,"Multiple customer reviews describe a consistently negative experience due to extremely rude and hostile staff, including owners, and very poor service such as staff fighting with customers, orders not being taken, and no apologies for long waits. One customer explicitly states they are leaving a review to prevent more victims.",No,"The AI score of 91/100 (exceptional neighborhood staple) is severely contradicted by multiple serious complaints about hostile staff behavior ('불친절하고 말투 상당히 불쾌함', '싸우고계시고') and consistently poor service ('주문도 제대로 안받고', '아무런 사과의 말도 없이 직원분이 툭 건내더군요').",false,False,"The deep data reveals overwhelmingly positive sentiment regarding the delicious and varied chicken menu, pleasant atmosphere, convenient location, and friendly service, indicating the original score was significantly understated."
성수동,치킨,영계소문옛날통닭,80,1 Neon Heart,"Scores are low due to absent data on ingredients, consistency, and personality, coupled with an 'ordinary' main dish, despite strong value in other areas; no sponsorship penalty was applied as the ratio was below 50%.","영계소문옛날통닭 offers an ordinary boneless seasoned chicken, though its fish cake soup and drink prices provide notable value. However, the lack of information on ingredient quality, consistency, and a distinct culinary identity significantly detracts from its overall appeal.","영계소문옛날통닭의 순살 양념치킨은 평범한 수준이나, 어묵탕과 주류 가격은 훌륭한 가성비를 제공합니다. 하지만 식재료 품질, 일관성, 그리고 독창적인 개성에 대한 정보 부족이 전반적인 평가를 저하시킵니다.",http://place.map.kakao.com/1140435477,37.538039795118095,127.0553322971558,"Customer reviews are overwhelmingly positive, consistently praising the delicious taste of various chicken dishes (old-fashioned, boneless, Cheongyang garlic soy sauce, Kkanpung), excellent value for money, and the owner's kindness. Many reviews use enthusiastic language like '너무 맛있었던' (surprisingly delicious), '진짜 맛있어요' (really delicious), and '진짜 정말 너무너무 맛있었습니다' (really, really, so, so delicious).",Yes,"The consistent and enthusiastic praise for the food quality, taste, and value, along with friendly service, suggests the restaurant performs at a higher level than an 80/100 score indicates.",false,True,"The original score was severely understated, as deep data reveals overwhelmingly positive customer experiences, highlighting the restaurant's delicious and nostalgic chicken, friendly service, great value, and cozy atmosphere, leading to frequent repeat visits."
성수동,치킨,맛닭꼬 성수역점,0,None,Supreme Court Overruled: Authentic customer receipts revealed major flaws (service/taste/hygiene). Revoked.,"The oven-baked technique offers a distinct texture and well-developed flavors, particularly in the Gangjeong Hyunmi Bake. However, the overwhelming 80% sponsorship ratio severely undermines claims of value and consistency, indicating a lack of genuine organic customer loyalty.","오븐에 구운 닭의 독특한 식감과 강정현미베이크의 깊은 맛은 돋보입니다. 하지만 80%에 달하는 협찬 비율은 가성비와 일관성 주장의 신뢰도를 심각하게 떨어뜨리며, 진정한 고객 충성도 부족을 시사합니다.",http://place.map.kakao.com/27186712,37.54476763550449,127.05706631130631,"Multiple customer reviews consistently describe hostile and rude staff behavior, including being told to leave, having tables cleared prematurely, and being treated with annoyance. There are also complaints about the poor quality of draft beer and overall taste of the food.",No,"Multiple reviews mention hostile, rude, or coercive staff behavior and repeated food quality complaints (poor beer freshness, overall lack of taste).",false,False,"The original score was significantly too low, as deep data reveals consistent praise for the restaurant's excellent value, reliable quality of oven-baked chicken over an extended period, and its suitability for group gatherings, despite minor criticisms regarding specific side dishes or occasional service speed."
성수동,치킨,BBQ 성수중앙점,82,1 Neon Heart,"The scores reflect severe deficiencies across all categories, particularly in technique and value, indicating a profound lack of quality control and customer consideration.","This branch of BBQ delivers an exceptionally disappointing experience, failing to meet even basic franchise standards for quality and execution. With undersized chicken, poor batter, and a lack of flavor, it offers abysmal value for its price and wait time.","BBQ 성수중앙점은 기본적인 프랜차이즈 기준에도 미치지 못하는 실망스러운 경험을 제공합니다. 작은 닭, 벗겨진 튀김옷, 부족한 풍미는 가격과 대기 시간에 비해 형편없는 가치를 보여줍니다.",http://place.map.kakao.com/2108214679,37.54352336075826,127.06239950445432,"Customer reviews are overwhelmingly positive, consistently praising the delicious taste of the chicken, the friendly staff, the clean store environment, and efficient delivery service. Reviewers express high satisfaction, with multiple mentions of the food being 'delicious' and 'as expected from BBQ'.",Yes,"The current score of 82 is good, but the consistently enthusiastic and specific praise for the food quality, taste, cleanliness, and service across all reviews suggests the restaurant might deserve an even higher score, as there are no negative points or even minor criticisms.",false,True,"The original score was too conservative, as deep data reveals a mixed customer experience with two positive reviews praising the taste and quality, despite one highly negative review detailing issues with chicken size, quality, and delivery time."
마장동,치킨,멕시카나치킨 마장점,70,,"The score reflects strong technique and exceptional experience, offset by unverified ingredient quality, inconsistent value due to specific menu items, and a lack of information regarding long-term consistency.","This establishment excels in cooking technique and provides genuinely warm, attentive service, overcoming initial minor issues with grace. However, the lack of explicit ingredient quality mentions, inconsistent value across the menu, and unproven long-term consistency prevent it from achieving a higher rating.","이 식당은 훌륭한 조리 기술과 진심 어린 서비스로 빛나지만, 재료 품질에 대한 명확한 언급 부족, 메뉴 전반의 가치 불균형, 그리고 장기적인 일관성 증거 부재로 인해 높은 평가를 받지 못했습니다.",http://place.map.kakao.com/11081609,37.5658786516343,127.045176047637,"Customer reviews are largely positive, praising the delicious taste, clean frying oil, and tasty sauce. One customer found a specific menu item too spicy, but this appears to be a preference rather than a general quality issue. Many customers frequently use the takeout service, indicating satisfaction.",Yes,"The reviews consistently highlight delicious food, good sauce, and clean oil, with customers frequently returning. This enthusiastic and specific praise suggests the restaurant's quality is higher than a 70/100 score implies.",false,True,"The score reflects strong technique and exceptional experience, offset by unverified ingredient quality, inconsistent value due to specific menu items, and a lack of information regarding long-term consistency."
마장동,치킨,명가통닭 마장직영점,95,3 Neon Hearts,"Scores were assigned based on strong culinary execution and ingredient quality, but heavily penalized for a complete lack of personality and consistency data, with the value score significantly reduced due to the high sponsored ratio exceeding 50%.","While 명가통닭 마장직영점 demonstrates commendable mastery in frying technique and sources fresh, quality ingredients, its lack of a distinct culinary identity and unproven consistency are significant drawbacks. The exceptional pricing is heavily discounted in our assessment due to a high sponsorship ratio, casting doubt on its true value proposition.","명가통닭 마장직영점은 신선한 재료와 훌륭한 조리 기술을 선보이지만, 독창적인 개성과 검증되지 않은 일관성은 큰 약점입니다. 높은 협찬 비율로 인해 탁월한 가격 경쟁력에 대한 평가가 크게 하향 조정되었으며, 이는 진정한 가치에 의문을 제기합니다.",http://place.map.kakao.com/1960950180,37.56562779416221,127.04129465389722,No valid reviews found.,Unknown,"Scraper reached the review page, but only found dates, UI buttons, or boilerplate text. Needs human verification.",rescrape,False,"The deep data reveals 명가통닭 마장직영점 is an exceptionally popular establishment, consistently praised for its outstanding value, delicious and varied menu (especially the crispy old-style chicken and addictive spicy gizzard), impeccable cleanliness, and fresh oil usage, warranting a significant score increase from the initial low rating."
마장동,치킨,야미또치킨&호프 왕십리점,73,,"The score reflects strong performance in ingredients, technique, and experience, but a significant sponsorship penalty was applied to the value and consistency categories, capping the final score at 73.","This establishment offers well-executed chicken with quality ingredients and a welcoming atmosphere, but its value and consistency scores are significantly impacted by a high sponsorship ratio. While the culinary aspects are commendable, the overall assessment places it as an average recommendation for discerning palates.","야미또치킨&호프는 훌륭한 재료와 조리 기술, 그리고 정겨운 분위기를 자랑하지만, 높은 협찬 비율로 인해 가성비와 일관성 점수가 크게 하향 조정되었습니다. 요리 자체는 칭찬할 만하나, 전반적인 평가는 미식가들에게는 평범한 수준으로 분류됩니다.",http://place.map.kakao.com/15786619,37.5664768649346,127.034658790737,"The customer reviews are overwhelmingly positive, with multiple mentions of delicious food, generous portions, and friendly service. Specific dishes like fried chicken (후라이드), tuna kimchi stew (참치 김치찌게), seasoned chicken (양념통닭), golbaengi (골뱅이), and Chicken Baengi (치킨뱅이) receive enthusiastic praise for their taste, quality, and quantity. Customers describe the food as 'very delicious' (너무 맛있어요), 'crispy outside, juicy inside' (겉바속촉), and the 'best pairing' (최고입니다) with soju. The owner is also noted for being kind. There are no negative or even mixed reviews to justify a score in the 70s.",Yes,"The AI score of 73/100 suggests a decent spot with real flaws, but the customer reviews consistently describe an enthusiastically positive experience with specific praise for food quality, taste, and portion sizes, along with friendly service. This level of consistent positive feedback strongly suggests the restaurant is better than a 'decent with flaws' rating.",false,True,"The score reflects strong performance in ingredients, technique, and experience, but a significant sponsorship penalty was applied to the value and consistency categories, capping the final score at 73."
마장동,치킨,네네치킨 한양점,80,1 Neon Heart,"The score reflects a severe lack of unique personality and exceptional technique, coupled with an absence of information regarding ingredient quality and value, despite some consistency.","This establishment delivers a consistently average product, lacking the crispness and unique character expected of a truly noteworthy 치킨. Without distinct ingredient sourcing or culinary flair, it remains a standard chain experience.","일관성은 유지되나, 바삭함이 부족하고 개성이 결여되어 평범한 치킨 경험을 제공합니다. 특별한 재료나 조리 기술 없이 일반적인 체인점 수준에 머물러 있습니다.",http://place.map.kakao.com/20033388,37.56313824995419,127.0415558688943,"Customer reviews are overwhelmingly positive, consistently praising the delicious taste, good value for money, generous portions, cleanliness of the chicken, and friendly, efficient service. There are no serious complaints.",Yes,"The reviews enthusiastically highlight specific positive aspects like taste, value, portion size, and service, which suggests the AI score of 80 might be an understatement for this genuinely good place.",false,True,"The original score was a severe misrepresentation as customer reviews consistently awarded perfect scores, indicating high satisfaction despite minor notes on crispiness and delivery time."
마장동,치킨,브로스치킨,70,,"The score reflects strong technique and fresh ingredients, but personality is weak due to confused branding. A significant sponsorship penalty was applied to both consistency and value, severely impacting the overall score due to the 100% sponsored ratio.","Bros Chicken delivers on flavor with well-executed, old-school fried chicken and savory oven options. However, a muddled brand identity and heavy reliance on sponsored content undermine its potential for genuine local appeal and long-term value.",브로스치킨은 옛날 후라이드와 훈제 오븐 치킨 모두 훌륭한 조리 기술을 선보입니다. 하지만 혼란스러운 브랜드 정체성과 높은 협찬 비율은 진정한 지역적 매력과 장기적인 가치를 저해합니다.,http://place.map.kakao.com/993039147,37.5594544367049,127.040513704109,"Customer reviews are overwhelmingly positive, praising the delicious taste of both oven chicken and spicy chicken feet, noting the crispy and moist texture, and even mentioning the owner's kindness. Many reviewers state it's better than franchise chicken and has the nostalgic taste of old market chicken.",Yes,"The current AI score of 70/100 suggests a decent spot with flaws, but the customer reviews consistently highlight excellent food quality, specific taste attributes (crispy, moist, smoky flavor), and friendly service without any significant complaints. This level of enthusiastic and specific praise strongly indicates the restaurant is better than a 'decent spot with real flaws' and warrants a higher score.",false,True,"The deep data reveals overwhelmingly positive customer experiences, praising the delicious old-fashioned and oven-baked chicken, generous portions, excellent value compared to major brands, and the owner's dedicated service, indicating the original score was severely understated."
문래동,치킨,자담치킨 문래역점,80,1 Neon Heart,"The high scores for ingredients and technique reflect the detailed quality descriptions, while personality, value, and consistency received zero due to '해당 없음' in the provided summary; no sponsorship penalty was applied.","This establishment excels in ingredient quality and cooking technique, delivering a perfectly crispy and juicy chicken with premium sourcing. However, a complete lack of information on personality, value, and consistency prevents a comprehensive evaluation.","최상급 재료와 뛰어난 조리 기술로 바삭하고 촉촉한 치킨을 선보이지만, 개성, 가성비, 일관성에 대한 정보가 전무하여 온전한 평가가 어렵습니다.",http://place.map.kakao.com/819180010,37.51742398251848,126.89645371014912,"The majority of reviews are enthusiastically positive, specifically praising the delicious chicken, draft beer, and snacks. There is one specific service complaint about gifticon cancellations, but it does not outweigh the strong positive feedback on food quality.",Yes,"The reviews consistently highlight excellent food and drink quality, suggesting the restaurant is better than its current 80/100 score implies, despite a minor service issue.",false,True,"The original score was a gross misrepresentation, as deep data reveals overwhelmingly positive customer experiences highlighting delicious, high-quality chicken and pizza, excellent service, and a popular, comfortable atmosphere."
문래동,치킨,교촌치킨 문래점,0,None,Supreme Court Overruled: Authentic customer receipts revealed major flaws (service/taste/hygiene). Revoked.,"교촌치킨 문래점 demonstrates commendable technical mastery in its consistently crispy chicken and well-balanced sauces, maintaining quality over many years. However, the absence of a distinct branch personality and recurring concerns about portion size relative to price significantly lower its standing.",교촌치킨 문래점은 수년간 일관된 조리 기술로 바삭함과 균형 잡힌 소스 맛을 안정적으로 제공하며 높은 평가를 받습니다. 하지만 지점의 개성이 부족하고 양 대비 가격에 대한 불만이 많아 전반적인 매력이 저해됩니다.,http://place.map.kakao.com/14877748,37.51937291604672,126.88956208209828,"The AI score of 96/100 suggests a destination-worthy restaurant. However, customer reviews contain serious complaints about the food being excessively salty to an inedible degree and staff being unfriendly. These significant issues contradict the exceptionally high score.",No,Multiple serious complaints about inedibly salty food and unfriendly staff directly contradict a destination-worthy AI score of 96.,false,False,"The original score was a severe misjudgment, as deep data reveals an overwhelmingly positive customer experience, praising the spacious and clean environment, excellent food quality, generous amenities like parking, and even a 'Best Franchise Store' award."
문래동,치킨,BHC치킨 문래점,80,1 Neon Heart,"The score is exceptionally low due to the complete irrelevance of the provided review data to a chicken restaurant's core offerings, compounded by negative feedback on the mentioned non-chicken items. No sponsorship penalty was applied.","The review data for BHC Chicken Mullae Branch is profoundly misaligned, focusing entirely on non-chicken items like Korean beef and tofu stew, with no mention of its primary product. This critical lack of relevant information, coupled with explicit negative feedback on cooking execution and value for the mentioned dishes, indicates a severe identity crisis or data error, resulting in an exceptionally low evaluation.","BHC치킨 문래점에 대한 평가 자료는 치킨이 아닌 한우 구이와 순두부찌개 등 전혀 무관한 메뉴에만 집중되어 있어 심각한 정보 불일치를 보입니다. 핵심 메뉴에 대한 정보 부재와 더불어 언급된 메뉴들의 조리 미숙 및 낮은 가치 평가로 인해, 이 지점은 정체성 혼란 또는 데이터 오류가 명백하며, 이는 매우 낮은 점수로 이어졌습니다.",http://place.map.kakao.com/26557611,37.5190590937455,126.88642351116378,"Most reviews are highly positive, praising the delicious taste of various chicken dishes like Ppuringkle, Red King, and fried chicken, noting the good delivery condition and satisfying flavor. There is one complaint about staff communication and rudeness.",Yes,"The overwhelming majority of reviews express strong satisfaction with the food quality and taste, indicating a better experience than the current score suggests, despite one negative comment about staff.",false,True,"The original score was a gross miscalculation, as deep data reveals strong customer loyalty, consistent praise for popular menu items like Bburinkle and Maepster, and excellent service, including a rewarding loyalty program and thoughtful gestures from the owner."
문래동,치킨,잉치킨,82,1 Neon Heart,"The score reflects strong value and acceptable consistency, but significant deductions were made for inconsistent technique and a lack of distinct culinary personality.","While 잉치킨 offers commendable value and a consistent, albeit basic, flavor profile, significant flaws in sauce application reveal a lack of technical mastery. The absence of a unique culinary identity further detracts from its potential.","잉치킨은 훌륭한 가성비와 기본적인 맛의 일관성을 보여주지만, 소스 배합 기술의 미흡함은 치명적인 단점입니다. 독창적인 개성의 부재 또한 높은 평가를 받기 어렵게 만듭니다.",http://place.map.kakao.com/1158337242,37.5148404944208,126.90805351863,"Customer reviews are overwhelmingly positive, highlighting the delicious, crispy, and juicy chicken, good oil management, and excellent value. Many express happiness about finding such a good late-night spot.",Yes,"The reviews consistently praise the food quality, taste, and value, suggesting the restaurant is genuinely good and potentially better than its current score of 82.",false,True,"The original score is overturned as deep data reveals excellent value, fast and free delivery, and generally satisfying taste, despite minor inconsistencies in sauce absorption for specific chicken varieties."
정릉동,치킨,처갓집양념치킨 정릉점,70,,"The score breakdown reflects strong technique and ingredients, but significant deductions were applied to 'value' and 'consistency' due to the 100% sponsored review ratio.","Despite commendable execution and a personal touch from the owner, the overwhelming sponsorship ratio casts a long shadow. While the chicken itself is well-prepared, the lack of genuine, unsponsored customer feedback severely compromises our assessment of its true value and long-term consistency.","뛰어난 조리 기술과 사장님의 개인적인 노력이 돋보이지만, 압도적인 협찬 비율이 평가의 신뢰성을 떨어뜨립니다. 닭 자체는 훌륭하게 조리되었으나, 진정한 고객 피드백 부족으로 가치와 일관성 측면에서 한계를 보입니다.",http://place.map.kakao.com/22672069,37.6109861571655,127.00872082485616,"The reviews are largely positive, with customers praising the nostalgic taste, crispy fried chicken, and unique spicy flavors. Many express strong satisfaction, calling it 'delicious' and 'excellent.' However, one significant complaint highlights extreme saltiness, making the chicken difficult to eat without rice.",Yes,"Despite one strong complaint about excessive saltiness, the majority of reviews are enthusiastically positive, specifically praising the taste, quality (no gamey smell, crispy), and nostalgic value of the chicken, suggesting a higher score is warranted.",false,True,"The deep data reveals overwhelmingly positive customer experiences, highlighting fresh ingredients, clean oil, delicious and varied flavors, generous portions, and exceptional service including free owner delivery, which strongly contradicts the original low score."
정릉동,치킨,교촌치킨 정릉1호점,85,1 Neon Heart,"The score reflects high marks for ingredients, but significant deductions for technique due to overly salty flavors, a generic personality, and poor value and consistency, with no sponsorship penalty applied.","While the chicken itself demonstrated commendable freshness and juiciness, the overall flavor profile was marred by excessive saltiness and an overwhelming intensity. This, combined with a lack of unique identity and poor value propositions, positions it as an average offering at best.","닭고기 자체는 신선하고 육즙이 풍부했으나, 전반적인 양념이 너무 짜고 자극적이어서 맛의 균형이 무너졌습니다. 개성 부족과 높은 가격 대비 낮은 가치 또한 아쉬움을 남겨 평범한 수준의 경험을 제공합니다.",http://place.map.kakao.com/8211958,37.610848271919046,127.00916817491812,"Multiple customer reviews describe serious issues including hostile staff behavior, an owner showing annoyance and blaming employees when confronted with complaints, and explicit mentions of declining food quality. Several customers also indicate they will complain to the company headquarters.",No,"The AI score of 85 suggests a genuinely good place, but multiple reviews describe serious problems such as hostile staff/management behavior and declining food quality, which severely contradict this high score.",true,False,"The original score was significantly too low, as deep data reveals a consistently praised clean, modern, and comfortable dining environment with excellent service, despite the brand's characteristic strong and salty seasoning being a point of contention for some customers."
정릉동,치킨,참나라숯불바베큐치킨 정릉점,80,1 Neon Heart,"The score of 59 is the sum of the category points, with a significant penalty applied to 'value' and 'consistency' due to the high sponsored ratio.","While 참나라숯불바베큐치킨 showcases commendable technique with its charcoal-grilled chicken and thoughtful ingredients, the significant sponsored content raises serious questions about its genuine value and long-term local consistency. Despite years in business, the high sponsorship ratio suggests a reliance on marketing over organic customer loyalty.","참나라숯불바베큐치킨은 숯불 조리 기술과 엄선된 재료에서 칭찬할 만한 점을 보였으나, 높은 협찬 비율은 진정한 가치와 장기적인 지역 고객 일관성에 대한 의문을 제기합니다. 오랜 업력에도 불구하고, 이는 유기적인 고객 충성도보다는 마케팅 의존도를 시사합니다.",http://place.map.kakao.com/16296506,37.60856794278189,127.00814747828264,No valid reviews found.,Unknown,"Scraper reached the review page, but only found dates, UI buttons, or boilerplate text. Needs human verification.",rescrape,False,"The deep data reveals overwhelmingly positive customer experiences, praising the delicious and unique charcoal-grilled chicken, excellent sticky rice, friendly service, and cozy atmosphere, indicating the original score was significantly too low."
정릉동,치킨,네네치킨 정릉점,80,1 Neon Heart,"The score reflects strong ingredient quality and technique, offset by a generic chain personality and insufficient evidence of long-term consistency or exceptional value.","While 네네치킨 정릉점 demonstrates commendable technique and uses fresh ingredients, its chain identity limits culinary personality. The lack of specific evidence for long-term consistency and local patronage, combined with standard value, places it outside the 'Neon Hearts' tier.","네네치킨 정릉점은 신선한 재료와 훌륭한 조리 기술을 선보이지만, 체인점의 한계로 독창적인 개성은 부족합니다. 장기적인 일관성과 지역 단골에 대한 구체적인 증거가 미흡하며, 평범한 가성비를 고려할 때 '네온 하트' 등급에는 미치지 못합니다.",http://place.map.kakao.com/17770259,37.612302525161,127.008403852078,No valid reviews found.,Unknown,"Scraper reached the review page, but only found dates, UI buttons, or boilerplate text. Needs human verification.",rescrape,False,"The deep data overwhelmingly shows exceptional customer satisfaction, with reviewers praising the fresh, tender chicken, delicious flavors that broke previous brand prejudices, and friendly service, indicating the original score was significantly too conservative."
정릉동,치킨,보네르치킨,80,1 Neon Heart,"Scores reflect adequate ingredients and re-frying technique, but a lack of sophisticated flavor, unique personality, and consistency, with heavy deductions applied to value and consistency due to the high sponsored ratio.","While 보네르치킨 offers a good re-frying technique and affordable options, its basic, child-friendly flavor profile and generic identity prevent it from standing out. The high sponsored ratio also raises concerns about its genuine long-term value and consistency.","보네르치킨은 주문 후 다시 튀기는 기술과 저렴한 가격이 장점이나, 기본적인 아이들 입맛에 맞춘 양념과 평범한 개성이 한계입니다. 높은 협찬 비율은 진정한 가치와 꾸준함에 대한 의문을 제기합니다.",http://place.map.kakao.com/27137469,37.608695961262114,127.00692661420568,"The customer reviews are overwhelmingly positive and enthusiastic, with multiple mentions of delicious taste for both cheese snowing chicken and seasoned fried chicken, tender chicken, clean oil usage, crispy batter, good portions, and even affordable beer prices. There are no serious complaints, and many reviews express strong satisfaction and specific praise for the food quality and value.",Yes,"The score is 80/100 (under 85) and the majority of reviews are enthusiastically positive with specific praise about food quality, taste, and craft, suggesting a higher score is warranted.",false,True,"The deep data overwhelmingly reveals '보네르치킨' to be a highly beloved local spot, consistently praised for its delicious and affordable chicken and dakgangjeong, generous portions, and unique sauces, leading to strong customer loyalty and repeat visits, thus warranting a significant score increase from the original conservative assessment."
정릉동,치킨,60계치킨 서울정릉점,0,None,Supreme Court Overruled: Authentic customer receipts revealed major flaws (service/taste/hygiene). Revoked.,"This establishment excels in ingredient quality and culinary technique, delivering perfectly executed fried chicken and burgers with complex flavors. However, a lack of distinct personality, unproven long-term consistency, and inconsistent value significantly detract from its overall appeal.","식재료의 신선도와 조리 기술은 훌륭하여 완벽한 튀김과 복합적인 맛의 버거를 선보입니다. 하지만 독창적인 개성과 일관성 부족, 그리고 가치 대비 아쉬운 부분이 전반적인 매력을 저해합니다.",http://place.map.kakao.com/1231727657,37.60935710916602,127.00949076861012,"The reviews are largely positive, highlighting the chicken's crispiness, its suitability for 'chibap' (chicken with rice), generous wedge fries, and the availability of 'chibap' sauce. However, one review specifically mentions that while the sauce is delicious, it is 'a bit salty'.",No,"The AI score of 95/100 designates this as a destination-worthy restaurant, which requires flawless evidence. The specific complaint about the sauce being 'a bit salty' indicates a minor but credible flaw in food quality, which contradicts the expectation of perfection for a score in this tier.",false,False,"The deep data, specifically two highly enthusiastic customer reviews, reveals that the original score was severely understated, as customers expressed immense satisfaction and a desire for repeat visits."
정릉동,치킨,오븐마루치킨 국민대점,80,1 Neon Heart,"The score reflects strong technique but is severely impacted by the complete lack of personality, unverified ingredient quality, and especially by the heavy deductions in value and consistency due to the high sponsored ratio.","While the oven-baked chicken demonstrates commendable technical execution, boasting a crispy exterior and moist interior, the establishment severely lacks a distinct culinary identity. The high sponsorship ratio, coupled with an absence of verifiable consistency, raises significant concerns about its long-term appeal and genuine value.","오븐에 구워 겉바속촉의 훌륭한 조리 기술을 선보이지만, 이 지점은 고유한 개성이 결여되어 있습니다. 높은 협찬 비율과 일관성에 대한 증거 부재는 장기적인 매력과 진정한 가치에 대한 심각한 의문을 제기합니다.",http://place.map.kakao.com/1976293838,37.6081798971886,126.99971460191,"The reviews are overwhelmingly positive, with customers enthusiastically praising the chicken's taste and texture ('겉바속촉', '담백함과 튀김의 바삭함'), value for money ('가성비 맛집'), and specific menu items like baked chicken and tteokbokki. One review mentions the sauce tasting like ramen MSG, but this is a single minor complaint amidst widespread specific praise.",Yes,"The AI score of 80 is good, but the customer reviews are consistently and enthusiastically positive, offering specific praise for food quality, taste, and value. This strong positive sentiment and detailed appreciation suggest the restaurant's quality might be understated by its current score.",false,True,"The deep data reveals overwhelmingly positive customer experiences, consistently praising the delicious and varied menu, exceptional value, friendly service, and pleasant atmosphere, indicating the original score was far too conservative."
정릉동,치킨,힐링죤치킨&비어,80,1 Neon Heart,"The score reflects a strong value proposition overshadowed by a complete lack of information regarding ingredient quality, culinary personality, and long-term consistency, alongside merely adequate technique.","While offering exceptional value with generous portions, 힐링죤치킨&비어 provides a largely unremarkable culinary experience. Critical information regarding ingredient quality, unique technique, and long-term consistency is conspicuously absent.","힐링죤치킨&비어는 푸짐한 양과 저렴한 가격으로 뛰어난 가성비를 자랑하지만, 전반적인 요리 경험은 평범합니다. 재료의 품질, 독창적인 조리 기술, 그리고 꾸준한 명성에 대한 중요한 정보가 현저히 부족합니다.",http://place.map.kakao.com/2044710603,37.6168491776422,127.002882628814,"The customer reviews are overwhelmingly positive, highlighting delicious and crispy fried chicken, tasty green onion chicken, and a nostalgic flavor. Multiple customers also praise the friendly owner and suitability for gatherings or a casual drink.",Yes,"The AI score of 80 seems to underestimate the consistently enthusiastic praise for food quality, taste, and friendly service across all reviews.",false,True,"The deep data, particularly the first review, overwhelmingly praises the restaurant's delicious chicken and beer, beautiful ambiance, and overall 'healing' experience, indicating the original score was significantly too low."
용강동,치킨,마마치킨,89,2 Neon Hearts,"The score reflects strong technique and value, offset by a significant lack of unique personality and limited evidence for long-term consistency. No sponsorship penalty was applied as the ratio was 0%.","While 마마치킨 demonstrates commendable frying technique and offers good value with its generous portions, it lacks a distinctive culinary identity. The consistency, though promising, is not yet established enough to warrant a higher rating from the Neon Guide.","마마치킨은 훌륭한 튀김 기술과 넉넉한 양으로 좋은 가치를 제공하지만, 독창적인 요리 개성이 부족합니다. 일관성은 유망하나, 네온 가이드의 높은 기준을 충족할 만큼 확고하게 정립되지 않았습니다.",http://place.map.kakao.com/127804198,37.5416583459964,126.944956962235,"The majority of the reviews highlight the positive aspects such as the nice interior, delicious chicken, and good value. Customers recommend visiting the restaurant and express enthusiasm about the food and service. Some minor critiques are mentioned, but overall the tone is very positive.",Yes,"Despite the AI score of 71/100, the overwhelmingly positive sentiment of the customer reviews justifies a better score. The restaurant is praised for its atmosphere, taste of the food, and the value for money. These reviews demonstrate a strong potential for improvement to reach a higher score.",false,True,"The original score was overturned as deep data revealed overwhelmingly positive sentiment for 마마치킨's hip and spacious atmosphere, consistently crispy and delicious fried chicken, and highly convenient modern ordering system, despite minor critiques regarding the portion size of some specialty items."
서교동,치맥,오늘은치맥,80,1 Neon Heart,The score reflects strong technique but suffers from a fragmented personality and inconsistent value and consistency across the various concepts presented. A significant sponsorship penalty was applied due to the high sponsored ratio.,"This '치맥' concept presents a fragmented culinary identity, offering a diverse array of chicken dishes from multiple establishments rather than a cohesive experience. While individual techniques are commendable, the overall value and consistency are undermined by a heavy reliance on sponsored content and a lack of singular focus.","이 '치맥' 컨셉은 하나의 일관된 경험보다는 여러 업장의 다양한 닭 요리를 모아놓은 듯한 파편화된 정체성을 보여줍니다. 개별 요리의 기술력은 칭찬할 만하나, 과도한 협찬 비율과 단일한 초점의 부재로 인해 전반적인 가치와 일관성이 저해됩니다.",http://place.map.kakao.com/1116742682,37.578346421268456,126.9303340600105,No valid reviews found.,Unknown,"Scraper reached the review page, but only found dates, UI buttons, or boilerplate text. Needs human verification.",rescrape,False,"The deep data reveals consistently overwhelmingly positive reviews across multiple chicken and beer establishments, praising delicious food, unique concepts, friendly service, and great atmosphere, indicating the original score of 60 was far too conservative."
을지로,치맥,생활맥주 명동점,80,1 Neon Heart,"The score reflects exceptional technique and good ingredient quality, offset by a complete lack of personality and consistency data, with no sponsorship penalty applied.","The frying technique for the chicken is undeniably superb, achieving a perfect crispness without greasiness, complemented by well-balanced seasoning. However, the establishment lacks any discernible unique personality or established long-term consistency, preventing it from truly standing out.","치킨 튀김 기술은 완벽한 바삭함과 촉촉함을 자랑하며, 기름기 없이 균형 잡힌 양념이 돋보입니다. 하지만 셰프의 개성이나 장기적인 일관성에 대한 증거가 없어, 진정한 미식 경험으로서는 아쉬움이 남습니다.",http://place.map.kakao.com/334071007,37.5647329165719,126.983859476146,"The customer reviews are overwhelmingly positive, specifically praising the taste of multiple food items like Golbim-myeon, chicken, and fries, and also mentioning good basic side dishes. Reviewers express strong satisfaction and recommend the place.",Yes,The enthusiastic and specific positive feedback on food quality and taste from multiple reviews strongly suggests the restaurant's quality is higher than the current 80/100 score indicates.,false,True,"The deep data reveals an overwhelmingly positive customer experience, consistently praising the delicious and crispy chicken, diverse craft beer selection, lively outdoor seating, and friendly service, indicating the original score was significantly too conservative."
마장동,치맥,오렌지치맥홀,90,2 Neon Hearts,"The score reflects strong points in ingredients and exceptional value, offset by a complete absence of unique personality and established consistency.","This establishment offers exceptional value with fresh ingredients and solid technique, particularly for its fried chicken and side dishes. However, it lacks any discernible culinary personality or established consistency, making it a generic, albeit affordable, option.","신선한 재료와 준수한 조리 기술, 특히 훌륭한 가성비로 돋보이는 곳입니다. 하지만 고유한 개성과 일관성 측면에서는 아쉬움이 커, 저렴하지만 평범한 선택지에 머물렀습니다.",http://place.map.kakao.com/1729153208,37.5757998470777,127.068751142207,No valid reviews found.,Unknown,"Scraper reached the review page, but only found dates, UI buttons, or boilerplate text. Needs human verification.",rescrape,False,"The deep data reveals the chicken and beer establishment is highly praised for its cleanliness, fresh chicken without oily smell, and overall value, warranting a significant score increase from the original."
잠실동,떡볶이,신전떡볶이 잠실점,80,1 Neon Heart,"The score reflects solid ingredients and technique, excellent value, but is significantly hampered by its franchise personality and noted inconsistencies compared to other branches.","This franchise offers a reliably spicy tteokbokki with good value, though its lack of unique personality and inconsistent quality compared to other branches prevent it from truly standing out.","이 프랜차이즈는 합리적인 가격에 믿을 수 있는 매운 떡볶이를 제공하지만, 독창적인 개성이 부족하고 다른 지점과의 맛 편차가 있어 특별함을 찾기는 어렵습니다.",http://place.map.kakao.com/754897037,37.5089700712797,127.086487710111,"Customers consistently praise the unique and delicious taste of 신전김밥 (Shinjjeon Gimbap), the chewy 밀떡볶이 (wheat tteokbokki), 오뎅튀김 (fried fish cakes), and especially the 치즈떡볶이 (cheese tteokbokki). The owner's kindness and store cleanliness are also highlighted. There's a minor note about the 오뎅탕 (fish cake soup) being disappointing and the tteokbokki sauce being less thick, but these are isolated and minor compared to the overwhelming positive feedback.",Yes,"The majority of reviews are enthusiastically positive with specific praise for food quality, taste, unique menu items, and excellent service/cleanliness, suggesting the restaurant offers a better experience than an 80/100 score indicates.",false,True,"The deep data, specifically from reviews directly addressing '신전떡볶이 잠실점' (잠실동 244-12), reveals overwhelmingly positive customer experiences, praising the delicious taste, value, and convenience, indicating the original score was significantly too conservative."
잠실동,떡볶이,땅스떡볶이 새마을시장점,62,,"The score breakdown reflects solid ingredient quality and technique for a meal kit, alongside decent experience for a takeout model. However, a significant sponsorship penalty was applied, heavily deducting points from value due to a notable price increase and consistency, resulting in a final score of 62.","This meal-kit style tteokbokki offers a flavorful, spicy experience with quality ingredients and clear preparation instructions. However, a notable price increase and significant sponsored content temper its overall appeal and long-term value proposition.",밀키트 스타일의 이 떡볶이는 품질 좋은 재료와 명확한 조리법으로 맛있고 매콤한 경험을 제공합니다. 하지만 상당한 가격 인상과 높은 협찬 비율이 전반적인 매력과 장기적인 가치 제안을 저해합니다.,http://place.map.kakao.com/1562586,37.5091143510118,127.086325007771,[Re-scored],,,false,False,"The score breakdown reflects solid ingredient quality and technique for a meal kit, alongside decent experience for a takeout model. However, a significant sponsorship penalty was applied, heavily deducting points from value due to a notable price increase and consistency, resulting in a final score of 62."
잠실동,떡볶이,동대문엽기떡볶이 송파점,82,1 Neon Heart,"The score reflects extremely low points in personality and consistency due to the restaurant's newness and admitted areas for improvement, coupled with a lack of information on ingredient quality and value.","This nascent branch of a popular chain, barely three months old, struggles to establish any unique identity or demonstrate consistent quality. While cooking to order is a positive, the lack of information on ingredient sourcing and value, coupled with admitted areas for improvement, leaves much to be desired.","개점 3개월 된 이 지점은 아직 고유한 정체성을 확립하지 못했으며, 일관된 품질을 입증할 증거도 부족합니다. 주문 즉시 조리하는 점은 긍정적이나, 재료의 품질과 가성비에 대한 정보가 전무하고 개선할 점이 많다는 언급은 아쉬움을 남깁니다.",http://place.map.kakao.com/14589144,37.5034816183964,127.09524849025776,"Many customers express high satisfaction, frequently visiting the restaurant and praising specific aspects like the generous amount of fish cakes and the savory cheese. While one customer found the mild spice level too intense for their personal preference, another serious review noted staff throwing food and menus.",Yes,"Despite a serious complaint regarding staff conduct, the overwhelming majority of reviews are enthusiastically positive, with customers expressing high loyalty and specific praise for the food's quality and value, indicating the AI score of 82 may be an underestimation.",false,True,"The deep data provided no actual customer reviews to justify the extremely low original score, and the restaurant's own description indicates a commitment to fresh ingredients, immediate cooking, and continuous improvement."
잠실동,떡볶이,두끼떡볶이 홈플러스잠실점,0,None,Supreme Court Overruled: Authentic customer receipts revealed major flaws (service/taste/hygiene). Revoked.,"While offering an admirable variety for self-assembly, the lack of culinary technique and significant consistency issues in food quality and hygiene are glaring. This establishment struggles to transcend its generic, buffet-style limitations.","다양한 재료를 직접 조합하는 방식은 좋으나, 조리 기술의 부재와 식은 튀김, 위생 및 재료 수급의 일관성 부족이 치명적입니다. 프랜차이즈의 한계를 넘어서지 못하는 평범한 뷔페식 떡볶이입니다.",http://place.map.kakao.com/553954723,37.5162585329324,127.103033403792,"While many reviews praise the food quality, taste, and value for money, multiple serious complaints exist regarding cleanliness and staff behavior. Customers reported food on chairs, poor dishwashing/self-bar conditions, and unpleasant customer service from the manager.",No,"Multiple reviews describe serious issues with cleanliness (food on chairs, poor dishwashing and self-bar condition) and hostile staff behavior (unpleasant manager customer service), which severely contradict an AI score of 85, indicating a genuinely good place.",false,False,"The original score was significantly undervalued, as deep data reveals widespread satisfaction with the restaurant's vast selection of ingredients, customizable sauces, and excellent value, despite some recurring concerns about self-bar cleanliness and occasional slow refills."
잠실동,떡볶이,스텔라떡볶이 서울송파석촌점,80,1 Neon Heart,"The score reflects strong ingredients and decent execution on sides, but the primary tteokbokki lacked flavor and consistency, further hampered by poor value and a significant sponsorship penalty applied to consistency and value.","Stella Tteokbokki struggles with its core dish, delivering a bland sauce despite commendable side dishes and fresh ingredients. The inconsistent flavor and questionable value, compounded by a high sponsorship ratio, prevent it from earning any distinction.","스텔라떡볶이는 신선한 재료와 훌륭한 사이드 메뉴를 선보이지만, 핵심인 떡볶이 양념이 밍밍하다는 치명적인 약점을 안고 있습니다. 높은 협찬 비율과 함께 일관성 없는 맛, 그리고 아쉬운 가성비는 이 곳이 '네온 가이드'의 인정을 받기 어렵게 만듭니다.",http://place.map.kakao.com/1921163986,37.5009465172736,127.108453168063,"Customer reviews are overwhelmingly positive, praising the delicious taste, chewy tteok, crispy and flavorful star fries, rich cheese, and overall satisfying experience. Customers also appreciate the clean store and friendly service. There are no negative comments or serious complaints whatsoever.",Yes,"The score is 80/100 (under 85) and the majority of reviews are enthusiastically positive with specific praise about food quality, taste, and craft, such as '떡이 진짜 쫄깃하고 국물이 흥건한게 완전 제스탈이에요!' and '별튀김때문에 식감이 진짜 너무 좋아요! 떡은 완전 쫄깃하고 별튀김은 바삭바삭해서 완전 짱맛'.",false,True,"The original score was significantly undervalued, as deep data reveals overwhelming customer satisfaction with the diverse and flavorful tteokbokki offerings, high-quality sides, and efficient service, despite minor logistical drawbacks like limited dine-in space and parking."
잠실동,떡볶이,감탄떡볶이 방이점,80,1 Neon Heart,"The score reflects a lack of information on ingredients, personality, and consistency, further exacerbated by a significant sponsorship penalty applied to the value and consistency categories due to the high sponsored ratio.","Despite some competent execution in individual dishes, Gamtan Tteokbokki Bangi-jeom suffers from a lack of culinary identity and unverified ingredient quality. The overwhelming sponsored content raises significant concerns about its genuine value and long-term customer consistency.","개별 메뉴의 조리 기술은 준수하나, 식재료 품질과 고유한 개성이 부재합니다. 높은 협찬 비율은 진정한 가치와 고객 충성도에 대한 심각한 의문을 제기합니다.",http://place.map.kakao.com/781754944,37.51156239756836,127.1139383814476,"Customer reviews are overwhelmingly positive, highlighting delicious food, generous portions, specific texture praise for rice cakes and fried items, and friendly staff. There are no serious complaints.",Yes,"The reviews consistently praise the taste, quality, and portion size of the food, as well as the friendly service, suggesting the restaurant is genuinely excellent and warrants a higher score than 80.",false,True,"The provided deep data, which consistently reviews '뉴트로2010 방이점' despite the initial prompt naming '감탄떡볶이 방이점', reveals an overwhelmingly positive experience with a vibrant atmosphere, diverse and delicious menu, and friendly service, warranting a significant increase from the original score."
잠실동,떡볶이,감탄떡볶이 잠실나루역점,0,None,Supreme Court Overruled: Authentic customer receipts revealed major flaws (service/taste/hygiene). Revoked.,"This chain offers a predictably ordinary tteokbokki experience, suitable for a quick, mild meal but lacking any distinct culinary identity. Despite reasonable set prices, the overwhelming sponsorship ratio raises serious questions about its true value and genuine local appeal.","이 체인점은 예상대로 평범한 떡볶이 경험을 제공하며, 가볍고 순한 식사로는 적합하나 뚜렷한 요리적 개성이 부족합니다. 합리적인 세트 가격에도 불구하고, 압도적인 협찬 비율은 진정한 가치와 지역 주민의 진정성 있는 선호도에 대한 의문을 제기합니다.",http://place.map.kakao.com/11835154,37.5209172502886,127.104478710394,"While several reviews are positive, praising the taste and convenience, one detailed review describes a highly negative encounter with the owner. The owner reportedly blamed the customer for an employee's mistake in serving the wrong order and demanded more money, rather than apologizing. This hostile and coercive behavior significantly detracts from the overall experience, and another review also mentions a generally unpleasant feeling.",No,"The AI score of 91/100, indicating an 'exceptional neighborhood staple,' is severely contradicted by a serious complaint detailing hostile and coercive staff behavior from the owner, who blamed a customer for an employee's error and demanded payment for the mistake.",false,False,"The deep data reveals overwhelmingly positive customer experiences, praising the diverse and delicious menu, excellent value, fast service, and unique chili tangsuyuk set, indicating the original score was severely understated."
잠실동,떡볶이,죠스떡볶이 롯데마트월드타워점,85,1 Neon Heart,"The score reflects significant flaws in technique, consistency, and value, exacerbated by a lack of unique personality; a heavy sponsorship penalty was applied to the consistency and value categories due to the high sponsored review ratio.","This location suffers from profound inconsistency in execution and offers poor value for its price point, frequently failing to deliver on basic textural expectations. Its generic chain identity further detracts from any potential for a unique culinary experience.","이 지점은 조리 기술의 일관성이 심각하게 부족하며, 가격 대비 가치가 매우 낮아 기본적인 식감조차 보장되지 않습니다. 프랜차이즈의 전형적인 한계로 인해 개성 있는 미식 경험을 기대하기 어렵습니다.",http://place.map.kakao.com/26598618,37.51393019931573,127.10523699046048,No valid reviews found.,Unknown,"Scraper reached the review page, but only found dates, UI buttons, or boilerplate text. Needs human verification.",rescrape,False,"The original score was too low as deep data reveals that despite frequent complaints about small portion sizes and perceived high prices, the taste of the tteokbokki, sundae, and fried items was consistently praised by the majority of customers."
잠실동,떡볶이,신전떡볶이 송파점,80,1 Neon Heart,"The score reflects average ingredient quality, decent technique with a signature flavor, a strong brand personality, and moderate value, but is significantly pulled down by poor consistency between in-store and delivery experiences.","This branch offers a distinct curry-flavored tteokbokki, well-executed fried items, and occasional value promotions. However, the significant drop in quality for delivery orders compared to immediate consumption severely impacts its consistency and overall appeal.","신전떡볶이 송파점은 독특한 카레향 떡볶이와 훌륭한 튀김류, 그리고 가끔의 프로모션으로 매력을 선보입니다. 하지만 배달 시 맛의 저하가 심해 일관성이 부족하며, 이는 전반적인 평가에 큰 영향을 미칩니다.",http://place.map.kakao.com/24505749,37.50302083669328,127.11303987321476,"While some reviews mention serious issues like bad taste, hard rice cakes, and poor value for money, the majority of customers express enthusiastic satisfaction, specifically praising the delicious and addictive spicy flavor of the tteokbokki.",Yes,"The AI score of 80 is under 85, and the majority of reviews are enthusiastically positive with specific praise about the food's taste and addictive quality, suggesting the restaurant's appeal is stronger than the current score reflects.",false,True,"The deep data, consisting of one overwhelmingly positive customer review, indicates exceptional satisfaction with the food quality, unique amenities, and overall experience, directly contradicting the original conservative score of 56/100."
잠실동,떡볶이,당신은지금떡볶이가땡긴다 헬리오시티점,80,1 Neon Heart,"The score reflects strong points in ingredient quality and some technique, but significant deductions were made in consistency due to specific execution flaws and a heavy sponsorship penalty was applied to both consistency and value categories, resulting in a low overall score.","Despite some innovative menu items and good primary flavors in its main dishes, inconsistent execution of fried sides and a high sponsored ratio significantly detract from its overall appeal. While the main tteokbokki and chicken show promise, the lack of true culinary consistency and questionable organic value prevent it from earning a Neon Heart.","혁신적인 메뉴와 주력 메뉴의 맛은 돋보이나, 튀김류의 일관성 없는 조리 상태와 높은 협찬 비율이 전반적인 평가를 저해합니다. 주력 떡볶이와 치킨은 잠재력을 보이지만, 진정한 요리의 일관성과 자생적인 가치 부족으로 네온 하트를 받기에는 역부족입니다.",http://place.map.kakao.com/429733690,37.4980749677648,127.103479986878,No valid reviews found.,Unknown,"Scraper reached the review page, but only found dates, UI buttons, or boilerplate text. Needs human verification.",rescrape,False,"The original score was significantly overturned due to overwhelmingly positive feedback on the unique and addictive tteokbokki and high-quality chicken, despite minor inconsistencies in side dishes and a reported order cancellation issue."
방이동,떡볶이,청년다방 송파방이점,80,1 Neon Heart,"The score reflects strong technique and good value, but is significantly lowered due to insufficient information on ingredient quality, a generic personality, and a complete lack of evidence for long-term consistency based on a single visit.","The tteokbokki boasts well-absorbed sauce and excellent texture, complemented by perfectly fried sides, showcasing strong culinary technique. However, the lack of long-term consistency evidence and limited ingredient detail prevent a higher rating.","떡볶이의 소스 배임과 식감, 튀김류의 조리 기술은 훌륭했으나, 재료 품질에 대한 정보가 부족하고 장기적인 일관성 증거가 없어 아쉽습니다. 첫 방문의 만족도가 전체적인 평판을 대변하지는 못합니다.",http://place.map.kakao.com/671584207,37.5067874006392,127.121740664816,"The customer reviews are overwhelmingly positive and enthusiastic, consistently praising the delicious taste of various menu items such as tteokbokki, fried chicken, fries, fried rice, ragu, and tonkatsu. Customers also specifically mention the quality of ingredients (e.g., whole squid, no meat smell) and the owner's kindness. There are no negative comments or even minor nitpicks.",Yes,"The AI score of 80/100, while good, appears to be an understatement given the consistently enthusiastic and specific praise in the customer reviews. The reviews suggest a higher level of customer satisfaction and quality across food, taste, variety, and service than an 80 implies, warranting an upgrade.",false,True,"The original score of 66 was far too conservative, as deep data reveals overwhelmingly positive customer experiences praising the delicious and high-quality tteokbokki, excellent fried sides, pleasant atmosphere, and friendly service, warranting a significant increase."
방이동,떡볶이,두끼떡볶이 방이역점,80,1 Neon Heart,"The score reflects strong value and competent execution for a buffet, but is significantly lowered by the absence of a unique culinary personality and the reported inconsistencies across the chain; no sponsorship penalty was applied as the ratio was not provided.","This all-you-can-eat tteokbokki establishment offers an impressive variety of ingredients and exceptional value, making it a highly satisfying choice for a casual, abundant meal. However, its generic chain identity and inconsistent brand-wide quality prevent it from achieving higher critical distinction.","이 무한리필 떡볶이 전문점은 인상적인 재료 다양성과 탁월한 가성비를 제공하여, 푸짐하고 캐주얼한 식사로는 매우 만족스럽습니다. 하지만 일반적인 체인점의 한계와 브랜드 전반의 일관성 부족으로 인해 높은 미식적 평가를 받기에는 역부족입니다.",http://place.map.kakao.com/1156361058,37.5096807107081,127.125862354907,"While one detailed review describes serious issues regarding store cleanliness, potential food safety concerns (tongs in water), and unfriendly staff, the overwhelming majority of reviews are enthusiastically positive. Customers consistently praise the delicious tteokbokki, overall tasty food, and specifically highlight the store's cleanliness and the owner's friendliness. The positive feedback is strong and specific enough to suggest the AI score might be understated.",Yes,"The score is 80 (under 85), and the majority of reviews are enthusiastically positive with specific praise about food quality, taste, cleanliness, and staff friendliness, suggesting a higher score is warranted despite one significant negative review.",false,True,"The deep data reveals exceptional cleanliness, diligent staff, vast ingredient variety, and outstanding value for money, consistently praised as superior to other branches, warranting a significant score increase from the original."
방이동,떡볶이,배떡 방이점,0,None,Supreme Court Overruled: Authentic customer receipts revealed major flaws (service/taste/hygiene). Revoked.,"While 배떡 방이점 showcases commendable technique in its innovative sauces and noodle-tteok, its generic personality and inconsistent rice cake texture detract significantly. A high sponsorship ratio further diminishes its perceived value and long-term consistency, resulting in a disappointing overall experience.","배떡 방이점은 혁신적인 소스와 누들 밀떡에서 훌륭한 조리 기술을 선보이지만, 개성 부족과 떡 식감의 불일치가 큰 단점입니다. 높은 협찬 비율은 인지된 가치와 장기적인 일관성을 크게 저해하여 전반적으로 아쉬운 경험을 제공합니다.",http://place.map.kakao.com/165996775,37.50732481968197,127.1213321133632,"While some reviews praise specific items like fried dumplings and rose tteokbokki, multiple customers express significant disappointment with the food quality, stating it has declined or was carelessly made. One reviewer explicitly says they will no longer eat there. These serious and consistent complaints contradict an AI score of 89/100, which suggests an exceptional restaurant.",No,"Multiple serious complaints about declining food quality ('참 아쉽네요', '대충 만든 음식에 실망이 크네요') and a customer stating they will no longer visit ('여기서는 더 이상 안먹습니다') contradict an 'exceptional' AI score of 89/100.",false,False,"The original score was significantly too low, as deep data reveals overwhelming customer satisfaction with the signature Rose Tteokbokki and its unique flavor, despite isolated reports of inconsistent fried item quality or rice cake texture."
방이동,떡볶이,동대문엽기떡볶이 오금점,80,1 Neon Heart,"The score reflects average marks for ingredients and value due to lack of specific data, competent technique for its style, a strong brand personality, and good chain consistency, with no sponsorship penalty applied.","Dongdaemun Yeopgi Tteokbokki offers a consistent, branded experience, with its signature spicy flavor and popular additions like cheese dumplings. While competent in its execution, it lacks the unique culinary depth and ingredient focus expected of a truly distinguished establishment.","동대문엽기떡볶이는 특유의 매운맛과 치즈만두 같은 인기 메뉴로 일관된 브랜드 경험을 제공합니다. 조리 기술은 무난하나, 재료의 깊이나 셰프의 독창성 면에서는 특별함을 찾기 어렵습니다.",http://place.map.kakao.com/1256000454,37.510128297857634,127.12773838449004,"Customer reviews are overwhelmingly positive, praising the delicious taste and overall experience. Minor criticisms are limited to personal preferences or a past, resolved issue with portion size.",Yes,"The score is 80, but multiple reviews express enthusiastic satisfaction with the food's taste and quality, suggesting a higher score is warranted.",false,True,"The deep data consistently shows strong customer satisfaction and repeat patronage, with multiple reviews explicitly praising the food as 'delicious' and 'my style,' indicating the original score was significantly too conservative."
방이동,떡볶이,동대문엽기떡볶이 올림픽성내점,80,1 Neon Heart,"The score reflects strong points in technique and value, but is significantly pulled down by the complete absence of personality and consistency data, with no sponsorship penalty applied.","This establishment offers a surprisingly palatable flavor profile for its beginner-level spice, alongside commendable portion sizes that deliver excellent value. However, it distinctly lacks any unique culinary personality or demonstrable long-term consistency, positioning it as a generic, albeit satisfying, option.","초보맛임에도 불구하고 예상외로 맛있는 맛과 넉넉한 양으로 가성비는 훌륭합니다. 하지만, 이 곳은 셰프의 개성이나 장기적인 일관성에 대한 증거가 부족하여 평범한 선택지에 머무릅니다.",http://place.map.kakao.com/14589168,37.52437270670421,127.13383755091289,"The reviews are predominantly positive, with customers enthusiastically praising the taste of the tteokbokki, specifically mentioning the Rose Tteokbokki and stating it's the best in the area. Positive comments also highlight the menu variety and the spacious interior. There is one mixed review noting the store was too hot and recommending delivery, but still finding the food acceptable, and a minor comment about busy staff. These minor issues do not outweigh the strong positive sentiment.",Yes,"The AI score of 80 is good, but the customer reviews show a consistent pattern of enthusiastic praise for the food's taste and quality, with multiple customers calling it the best in the area and specifically enjoying the Rose Tteokbokki. The minor complaints about the store environment or busy staff do not detract from the strong positive sentiment regarding the core product, suggesting a higher score is warranted.",false,True,"The original score was significantly undervalued as deep data reveals consistent praise for delicious taste, generous portions, and notably, free delivery, making it a highly recommended local option."
방이동,떡볶이,아차산매운떡볶이 서울송파점,70,,"The score reflects decent personality and technique, but significant deductions were made for inconsistent ingredient quality, execution flaws, and especially for value and consistency due to the 100% sponsorship ratio.","While the tteokbokki offers a distinct, non-artificial spice profile, fundamental flaws in ingredient quality and cooking consistency are evident. The overwhelming sponsorship ratio casts significant doubt on its true value and long-term local appeal.","인위적이지 않은 깔끔한 매운맛은 돋보였으나, 식재료 품질과 조리 기술의 기본적인 결함이 명확했습니다. 높은 협찬 비율은 진정한 가치와 지역 단골 확보에 대한 의구심을 증폭시킵니다.",http://place.map.kakao.com/2082760402,37.49838132717319,127.12144429914642,"The customer reviews are overwhelmingly positive, with multiple enthusiastic mentions of delicious food, specific praise for Rose Tteokbokki, and appreciation for the kind owner couple. Many express intent to revisit frequently.",Yes,"The reviews consistently highlight excellent taste and friendly service, suggesting the restaurant is better than a 'decent spot with real flaws' (70/100) would imply.",false,True,"The deep data reveals that despite minor inconsistencies in ingredient preparation, the restaurant consistently delivers delicious, well-packaged tteokbokki with generous portions and customizable spice levels, leading to high customer satisfaction and strong local demand, which significantly contradicts the original low score."
방이동,떡볶이,쏘크라테스떡볶이,80,1 Neon Heart,Does not specialize in 떡볶이.,,,http://place.map.kakao.com/220570767,37.4975486211084,127.121615971998,No valid reviews found.,Unknown,"Scraper reached the review page, but only found dates, UI buttons, or boilerplate text. Needs human verification.",rescrape,False,"The original score was a clear error, as multiple deep data reviews express strong admiration for '쏘크라테스떡볶이', describing it as 'the real deal' and having 'philosophy,' despite one customer finding it merely average."
방이동,떡볶이,33떡볶이 송파헬리오점,80,1 Neon Heart,"The score reflects strong technique and value, offset by a significant lack of information regarding personality and consistency, which are crucial for a higher rating.","Despite commendable technique and exceptional value, this franchise establishment suffers from a profound lack of unique personality and unproven long-term consistency. While the food is well-executed and affordable, it fails to distinguish itself as a culinary destination.","뛰어난 조리 기술과 탁월한 가성비에도 불구하고, 이 프랜차이즈는 고유한 개성과 검증되지 않은 장기적인 일관성이라는 치명적인 약점을 안고 있습니다. 음식 자체는 훌륭하고 합리적인 가격이지만, 미식의 목적지로서는 특별함을 찾기 어렵습니다.",http://place.map.kakao.com/1968587309,37.49924963136375,127.11166807983484,"The customer reviews are overwhelmingly positive, with enthusiastic praise for the chewy tteokbokki, fantastic fish cake soup, excellent gimbap, and high-quality sundae. Many reviews use superlatives like 'the best' and 'fantastic', and staff friendliness was also noted.",Yes,"The AI score of 80/100 is good, but the consistent and enthusiastic praise for food quality, taste, and presentation across multiple reviews suggests the restaurant might deserve an even higher score.",false,True,"The deep data reveals overwhelmingly positive customer experiences, highlighting delicious and varied menu items, excellent value, and exceptional cleanliness, strongly indicating the original score was too conservative."
방이동,떡볶이,33떡볶이 서울영업소,91,2 Neon Hearts,"The score reflects decent ingredients and technique, but a significant lack of personality and heavy deductions in value and consistency due to the high sponsored ratio.","Despite decent execution and seemingly reasonable pricing, this establishment suffers from a complete lack of unique culinary identity. The high sponsored ratio severely undermines the perceived value and long-term consistency, leading to a significantly lower critical assessment.","준수한 조리 기술과 합리적인 가격에도 불구하고, 이 식당은 독창적인 개성이 전무합니다. 높은 협찬 비율은 가치와 일관성에 대한 신뢰를 크게 저하시켜, 비평적 평가를 현저히 낮추었습니다.",http://place.map.kakao.com/1797344101,37.50153409030197,127.10930333795116,No valid reviews found.,Unknown,"Scraper reached the review page, but only found dates, UI buttons, or boilerplate text. Needs human verification.",rescrape,False,"The deep data reveals overwhelmingly positive customer experiences, praising the diverse menu, generous portions, delicious taste, and excellent value, indicating the original score was far too conservative."
송파동,떡볶이,랜떡 송파직영점(휴업중),86,1 Neon Heart,"The total score of 66 is derived from a strong base in ingredients and technique, moderately unique personality, but significantly reduced points in value and consistency due to the high sponsored ratio and noted inconsistencies in taste.","While the fresh ingredients and robust, garlicky sauce show promise, the overall experience is marred by inconsistent execution and a significant reliance on sponsored content. This branch struggles to maintain the quality and unique identity expected of a truly exceptional establishment.","신선한 재료와 마늘 향 가득한 진한 양념은 긍정적이나, 본점과의 맛 차이 등 일관성 부족이 아쉽습니다. 높은 협찬 비율로 인해 가치와 신뢰도에서 큰 감점을 받았습니다.",http://place.map.kakao.com/1469369014,37.5081146707301,127.106740997091,No valid reviews found.,Unknown,"Scraper reached the review page, but only found dates, UI buttons, or boilerplate text. Needs human verification.",rescrape,False,"The deep data reveals that while some side dishes received mixed reviews, the signature garraetteok tteokbokki was consistently praised for its unique spicy and savory flavor, making the original score too conservative."
잠실동,치킨,돌화격닭강정 자양점,80,1 Neon Heart,"The score reflects strong technique and ingredient quality, severely offset by a complete lack of personality and heavy deductions in value and consistency due to the applied sponsorship penalty.","While the dakgangjeong demonstrates commendable technique and quality ingredients, its lack of unique personality and heavy reliance on sponsored content significantly diminish its standing. The perceived value and consistency are overshadowed by its promotional strategy.","훌륭한 조리 기술과 좋은 재료를 사용했으나, 독창적인 개성이 부족하고 협찬 비율이 높아 평가가 박합니다. 과도한 홍보가 가치와 일관성에 대한 신뢰를 저해합니다.",http://place.map.kakao.com/1424706772,37.5306644163223,127.082715913823,"Customer reviews are overwhelmingly positive, describing the dakgangjeong as 'completely completely completely delicious' and even better than famous Gangneung dakgangjeong. Reviewers praise the delicious seasoning, lack of chicken smell, and express a strong desire to eat it again.",Yes,"The enthusiastic and specific praise for the food's taste, seasoning, and quality across multiple reviews suggests the restaurant's performance exceeds an 80/100 score.",false,True,"The original score was a severe misjudgment, as deep data reveals overwhelmingly positive customer experiences praising the chicken's crispy yet moist texture, balanced flavors, generous portions, and efficient service."
잠실동,치킨,우리집닭강정 일원점,80,1 Neon Heart,"The score reflects strong ingredient quality and service, balanced against minor inconsistencies in technique and flavor profile, particularly the noted variability in spiciness and occasional portioning issues.","This establishment delivers a reliably crispy and well-sauced dakgangjeong, showcasing quality ingredients and commendable service for a take-out spot. However, minor inconsistencies in portioning and flavor profile prevent it from achieving higher accolades.","국내산 생닭을 사용하며 바삭한 튀김옷과 잘 배어든 양념이 돋보이는 닭강정 전문점입니다. 다만, 조각 크기나 양념량, 그리고 매운맛의 일관성 부족은 개선이 필요합니다.",http://place.map.kakao.com/18775194,37.4918898639763,127.087494754411,"Customers consistently praise the delicious taste of the dakgangjeong, fried chicken, and other items like gopchang튀김 and ssotteok. Many describe it as a '맛집' (great restaurant) and appreciate the friendly service and consistent quality, noting that customers keep coming even during the day.",Yes,"The AI score is 80, which is under 85. The majority of reviews are enthusiastically positive with specific praise about the food quality, taste, and the restaurant's confidence in its offerings, suggesting a higher score is warranted.",false,True,"The score reflects strong ingredient quality and service, balanced against minor inconsistencies in technique and flavor profile, particularly the noted variability in spiciness and occasional portioning issues."
잠실동,치킨,닭강정아 송파점,80,1 Neon Heart,"The score breakdown reflects strong technique but is heavily impacted by the lack of unique personality and noted inconsistency, alongside moderate scores for ingredients and value; no sponsorship penalty was applied.","While the cooking technique for the oven-baked chicken and thoughtful tteok preparation are commendable, the mixed sourcing of ingredients and explicit acknowledgment of store-by-store inconsistency significantly detract from its overall appeal. The lack of a distinct culinary identity further positions it as an average offering in a competitive market.","오븐에 구운 닭강정의 조리 기술과 떡사리의 섬세함은 칭찬할 만하지만, 국내산과 브라질산 혼합 식재료 사용 및 '점바점'으로 인한 일관성 부족이 큰 단점입니다. 뚜렷한 개성이 결여되어 경쟁이 치열한 시장에서 평범한 수준에 머무릅니다.",http://place.map.kakao.com/136763064,37.5105689084073,127.116384474418,No valid reviews found.,Unknown,"Scraper reached the review page, but only found dates, UI buttons, or boilerplate text. Needs human verification.",rescrape,False,"The original score of 57/100 was too conservative; the deep data, despite explicitly referencing a Zicova Chicken branch, provides an overwhelmingly positive and detailed review of a highly similar seasoned chicken and dakgangjeong product, emphasizing delicious taste, chibap versatility, and strong customer satisfaction."
잠실동,치킨,오토김밥 잠실점,80,1 Neon Heart,Does not specialize in 치킨.,,,http://place.map.kakao.com/117469071,37.51091252883131,127.0802578078714,"The customer reviews are overwhelmingly positive, highlighting specific aspects of the food such as the generous amount of cucumber, the excellent texture balance from thinly sliced vegetables and large spam/egg, and suitable rice portions. Customers also appreciate the quick service and convenient packaging for stadium consumption. The only minor inconvenience mentioned is limited seating, which is not a serious complaint.",Yes,"The reviews consistently provide enthusiastic and specific praise for the food's quality, taste, and preparation, as well as efficient service and thoughtful packaging. These positive attributes suggest a higher level of customer satisfaction than an 80/100 score implies, warranting an upgrade.",false,True,"The original 0/100 score was a severe error, as deep data reveals '오토김밥 잠실점' is highly praised for its fresh, delicious, and generously filled gimbap, frequently cited as a top choice by multiple repeat customers, despite minor issues with dakgangjeong consistency and occasional wait times."
잠실동,치킨,한솥도시락 잠실아시아선수촌점,80,1 Neon Heart,Does not specialize in 치킨.,,,http://place.map.kakao.com/415081404,37.50551493411164,127.08110252558052,"Customer reviews are overwhelmingly positive, consistently praising the food as delicious, satisfying, and good value. One review notes a dish was salty but still found it to have a delicious sweetness overall, which is a minor point within an otherwise positive review.",Yes,"The reviews frequently use terms like '늘 맛있는거 같아요' (always delicious), '맛도 좋아 든든하게' (delicious and satisfying), '굿굿 맛있습니당' (good good, delicious!), '항상 맛있게 먹고 있어요' (always eating deliciously), and '맛도 가격도 아주만족해요' (very satisfied with taste and price), indicating a consistently high level of satisfaction with the taste, quality, and value, which suggests the AI score of 80 might be conservative.",false,True,"The deep data overwhelmingly indicates a highly positive customer experience, showcasing exceptional service, a clean and recently remodeled interior, and consistent praise for good value and satisfying food, which strongly overturns the original erroneous score of 0."
잠실동,치킨,네네치킨 잠실새내역점,80,1 Neon Heart,"The score reflects solid ingredient quality and commendable technique, but is significantly impacted by the absence of unique personality and unconfirmed consistency, common for a chain establishment.","This branch delivers a reliable chain experience with commendable execution of its signature flavors, particularly the Oriental Green Onion Chicken. However, the lack of unique personality and unconfirmed consistency prevent it from standing out in a crowded market.","오리엔탈파닭의 맛은 훌륭하며, 체인점임에도 뛰어난 조리 기술을 보여줍니다. 하지만 고유한 개성과 일관성에 대한 정보 부족으로 인해 높은 평가를 받기에는 한계가 있습니다.",http://place.map.kakao.com/26008566,37.51210090970197,127.08420315094324,"Customer reviews are overwhelmingly positive, highlighting the convenience of the location, the friendly and diligent owner, and the excellent quality of the chicken, with one customer stating they ordered three times in a week.",Yes,"The reviews consistently praise the chicken's quality and the owner's kindness, suggesting a higher level of satisfaction than the current 80/100 score implies, especially with repeat visits and strong endorsements.",false,True,"The deep data, though limited to two relevant reviews, overwhelmingly indicates exceptional customer satisfaction and loyalty, with patrons consistently choosing this branch over others and praising specific menu items, warranting a significant score increase from the original."
잠실동,치킨,치킨박사,80,1 Neon Heart,"The score reflects strong ingredient quality and traditional technique, but significant deductions were applied to value and consistency due to the high sponsorship ratio, indicating potential over-reliance on promotional content.","This establishment offers fresh, high-grade chicken with a commendable mastery of traditional flavors and cooking techniques. However, a substantial sponsorship ratio significantly undermines its perceived value and the organic consistency of its local reputation.",신선한 1등급 닭과 30년 전통의 조리 기술로 담백하고 추억의 맛을 선사합니다. 하지만 높은 협찬 비율은 실제 가치와 꾸준한 고객 유치에 대한 의문을 제기하여 평가에 큰 영향을 미쳤습니다.,http://place.map.kakao.com/16057034,37.50894818533629,127.08435795373757,"Most customer reviews are highly positive, praising the deliciousness, crispiness, and savory taste of the gizzard튀김 and fried chicken. Many recommend the gizzard튀김 specifically, calling it 'super delicious' and 'perfect for a late-night snack.' There is only one minor complaint about the chicken being a bit tough.",Yes,"The overwhelming majority of reviews are enthusiastically positive with specific praise for the food quality and taste, suggesting the restaurant is better than its current 80 score indicates.",false,True,"The deep data reveals overwhelmingly positive customer experiences, consistently praising the delicious, traditional, and high-quality fried chicken and gizzards, along with excellent value, making the original score of 64/100 far too conservative."
잠실동,치킨,처갓집양념치킨 신천점,82,1 Neon Heart,"The score reflects a lack of distinct personality and diminishing value due to rising prices, despite a decent traditional flavor profile; no sponsorship penalty was applied.","While the traditional sweet and spicy sauce offers a decent, nostalgic flavor, the overall experience lacks distinction. Rising prices further diminish the value proposition, making it an unremarkable option.","달콤한 옛날 양념치킨 맛은 무난하지만, 특별한 개성이나 차별점은 찾기 어렵습니다. 전반적인 가격 상승은 가성비를 더욱 떨어뜨려, 평범한 선택지에 머무르게 합니다.",http://place.map.kakao.com/16529086,37.510328024136776,127.08505510337989,"The reviews consistently praise the chicken's taste, describing it as 'very, very delicious' and featuring a 'favorite chicken' menu. Customers also highlight the kind owner and pleasant atmosphere.",Yes,"Despite one neutral comment about the chicken's taste, the overwhelming majority of reviews express enthusiastic satisfaction with the food quality and taste, suggesting the AI score of 82 might be an understatement for this genuinely good place.",false,True,"The single customer review, despite noting a less-than-ideal atmosphere and price increases, praised the quick service and described the seasoned chicken's taste as nostalgic and decent, indicating the original score of 43 was unduly harsh."
잠실동,치킨,잠실야구장먹거리 인생순살치킨,0,None,Supreme Court Overruled: Authentic customer receipts revealed major flaws (service/taste/hygiene). Revoked.,"While the chicken itself boasts quality ingredients and commendable frying technique, the lack of a unique culinary identity and unproven consistency prevent it from achieving a higher rating. Its value is notable primarily within the inflated pricing context of a stadium.","닭 자체의 품질과 튀김 기술은 훌륭하지만, 독창적인 개성과 검증되지 않은 일관성이 아쉬움을 남깁니다. 야구장 내 다른 먹거리 대비 합리적인 가성비는 인정할 만합니다.",http://place.map.kakao.com/972500777,37.511108347225,127.074289395341,"Multiple customer reviews consistently report serious issues with food quality, including the chicken being untasty, not fresh, having an unpleasant smell, and potentially not being fried daily. Despite one positive review about freshly fried chicken, the recurring negative feedback on taste and freshness severely contradicts an 'exceptional' AI score of 91/100.",No,"Repeated serious food quality complaints (맛없어요, 냄새가 살짝 나더라고요, 고기가 신선하지 않음, 신선하지 않은 튀김).",false,False,"The deep data reveals an overwhelmingly positive customer experience, with consistent praise for the delicious taste, high quality (100% boneless thigh meat, thin crispy batter), efficient service, and excellent value, indicating the original score was significantly too low despite a few minor inconsistencies regarding serving temperature."
방이동,치킨,다온닭강정 둔촌점,80,1 Neon Heart,"The score reflects strong technique and ingredients, but a critical absence of personality and heavily penalized value and consistency due to the significant sponsored ratio.","While 다온닭강정 둔촌점 demonstrates commendable technical execution and ingredient quality, its complete lack of unique personality severely limits its appeal. Furthermore, the high sponsored ratio raises significant concerns about its genuine value and long-term consistency, preventing it from earning any Neon Hearts.","다온닭강정 둔촌점은 훌륭한 조리 기술과 식재료 품질을 보여주지만, 개성 부재가 큰 아쉬움으로 남습니다. 높은 협찬 비율은 진정한 가치와 일관성에 대한 의문을 제기하며, 네온 하트를 받을 자격이 없다고 판단됩니다.",http://place.map.kakao.com/1276393556,37.5274756806392,127.13704583327,"Customers consistently praise the delicious taste of the dakgangjeong and its sauces, with specific mentions of the gizzard. Many are repeat customers, frequently buying and recommending the restaurant. Reviews highlight quick service, good packaging, and overall satisfaction, with no serious complaints.",Yes,"The reviews are overwhelmingly positive, with multiple customers enthusiastically praising the food's taste ('넘 맛나서', '너무 맛있어요!!', '맛있어서', '다 맛있구'), recommending the restaurant, and indicating repeat visits. This strong, consistent positive feedback suggests the AI score of 80 might be an understatement for a 'genuinely good place' and warrants an upgrade.",false,True,"The deep data overwhelmingly shows positive customer experiences, praising generous portions, consistently crispy and juicy chicken, and a variety of delicious flavors, indicating the original score was far too conservative."
방이동,치킨,한솥도시락 한성백제역점,80,1 Neon Heart,Does not specialize in 치킨.,,,http://place.map.kakao.com/1915472656,37.51424910673159,127.1149548097718,"Customer reviews are overwhelmingly positive, consistently praising the restaurant's excellent value for money, diverse menu, and generous portions. Specific dishes like Songjeong-style tteokgalbi are highlighted for their taste and value. Reviewers also frequently mention the owner's kindness, quick service, and even special gifts for regular customers, contributing to a highly positive experience.",Yes,"The score is under 85, and the majority of reviews are enthusiastically positive with specific praise for food quality, taste, value, portion size, and exceptional customer service, suggesting a higher score is warranted.",false,True,"The original score was a data processing error; deep data reveals consistent praise for the restaurant's cleanliness, friendly service, convenient ordering, generous portions, and good value, despite limited seating."
방이동,치킨,수원왕갈비통닭 올림픽공원역점,0,None,Supreme Court Overruled: Authentic customer receipts revealed major flaws (service/taste/hygiene). Revoked.,"Despite some well-executed chicken dishes, the complete lack of information on ingredient sourcing, chef personality, and consistency, coupled with a critical temperature control error for the tteokbokki, severely impacts this establishment's standing. The overwhelming sponsored ratio further undermines any perception of genuine value or local acclaim.","일부 치킨 요리의 조리 기술은 긍정적이었으나, 식재료 품질, 셰프의 개성, 그리고 일관성에 대한 정보가 전무하며 떡볶이의 온도 조절 실패는 치명적입니다. 압도적인 협찬 비율은 진정한 가치나 지역 주민의 지지를 기대하기 어렵게 만듭니다.",http://place.map.kakao.com/602078879,37.5157154135558,127.131844869076,"Multiple customer reviews highlight severe operational issues, including staff incompetence, chaotic order management, and a frustrating self-service system. Crucially, one review explicitly states being overcharged for items at payment. Another review raises 'reasonable doubt' about the authenticity of a 'handmade' claim for the broth, leading to a lack of trust, and describes the noodles as pre-made and the broth as overly salty. These issues go beyond minor inconveniences.",No,"The AI score of 80/100 is severely contradicted by serious complaints of overcharging, questionable food authenticity (misrepresentation of 'handmade' product), and significant operational failures that caused extreme customer frustration.",false,False,"The deep data reveals overwhelmingly positive feedback for the signature Wang Galbi Fried Chicken, excellent atmosphere, and friendly service, indicating the original score was severely understated despite a minor flaw with one side dish."
방이동,치킨,디디치킨 올림픽점,0,None,Supreme Court Overruled: Authentic customer receipts revealed major flaws (service/taste/hygiene). Revoked.,"디디치킨 올림픽점 offers commendable value with well-executed fried chicken, though its seasoned varieties are rather standard. The establishment notably lacks a distinct culinary identity or evidence of long-term consistency.","디디치킨 올림픽점은 훌륭한 가성비와 잘 조리된 후라이드 치킨을 제공하지만, 양념 치킨은 평범합니다. 이 곳은 뚜렷한 요리적 개성이나 오랜 기간의 일관성이 부족한 점이 두드러집니다.",http://place.map.kakao.com/1356235657,37.5159035467004,127.132806665118,"The majority of reviews praise the chicken and fries for being delicious and fresh, with some positive mentions of staff friendliness. However, one customer reported ordering 2000cc of draft beer but receiving a 1500cc container. The owner's explanation that it's 1750cc when full did not satisfy the customer, who explicitly stated that charging for 2000cc while providing less 'seems illegal.'",No,"A serious complaint of potential fraudulent pricing/misrepresentation regarding beer quantity, explicitly stating the practice 'seems illegal,' triggers the fraud exception (Condition D) and contradicts the AI score of 80.",false,False,"The deep data reveals overwhelmingly positive customer experiences, consistently praising the excellent value, delicious multi-flavor chicken, friendly service, and a unique family-friendly dining environment with an adjacent plaza, indicating the original score was far too conservative."
방이동,치킨,나루호프,80,1 Neon Heart,"The score reflects competent technique overshadowed by a lack of information on ingredients and personality, coupled with explicit inconsistencies and poor value, further compounded by a significant sponsorship penalty.","Despite competent frying that yields crispy, tender chicken with a balanced traditional sauce, 나루호프 lacks transparency in ingredient sourcing and a unique culinary identity. Inconsistent seasoning, questionable value, and a high sponsored ratio severely diminish its standing.","바삭하고 부드러운 치킨과 균형 잡힌 옛날 양념 맛은 좋았으나, 식재료의 품질과 업장의 개성은 불분명합니다. 염지 일관성 부족과 높은 가격, 그리고 과도한 협찬 비율은 신뢰도를 크게 저하시킵니다.",http://place.map.kakao.com/634897954,37.51237629710797,127.11174531892158,"Customers consistently praise the delicious old-fashioned fried chicken, crispy texture, and tasty beer. Many highlight the friendly owner and cozy, nostalgic atmosphere, making it a frequent choice for meals and gatherings. Specific mentions include delicious tofu stew and a general sentiment of a 'gift-like' place.",Yes,"The AI score of 80 is good, but the customer reviews are overwhelmingly enthusiastic, describing the food as 'absolutely delicious' and 'highly recommended,' with specific praise for the fried chicken, beer, and even tofu stew. The consistent positive feedback on taste, atmosphere, and friendly staff suggests the restaurant is genuinely exceptional and warrants a higher score.",false,True,"The original score of 37/100 was a severe misjudgment, as deep data reveals '나루호프' (also referred to as '호프나루') is a highly-praised local gem offering consistently delicious and diverse dishes, excellent outdoor seating, and generous service, making it a strong local favorite."
송파동,치킨,가마로강정 송파점,80,1 Neon Heart,"The score reflects strong technique and ingredient quality, significantly offset by the explicit absence of unique personality and consistency, leading to an overall average rating.","While 가마로강정 송파점 delivers a commendable crispy-tender texture through precise frying technique, its explicit lack of unique personality and unproven consistency prevent it from rising above the average. The balanced sweet-spicy-salty profile is pleasant, yet it fails to leave a lasting impression as a destination.","가마로강정 송파점은 쌀가루 튀김의 겉바속촉 식감과 섬세한 조리 기술을 선보이지만, 독창적인 개성과 일관성 면에서는 아쉬움이 큽니다. 맛의 균형은 좋으나, 특별한 매력이 없어 평범한 수준에 머무릅니다.",http://place.map.kakao.com/18840644,37.50356067225542,127.11383913733998,"The reviews are predominantly positive, praising the delicious taste, variety of flavors, and friendly service. Many customers express high satisfaction and a desire to revisit. One review, however, raises concerns about unclean cooking equipment, an oily smell, and a sticky texture.",Yes,"Despite one negative review regarding hygiene and texture, the overwhelming majority of customer feedback is enthusiastically positive, consistently highlighting the delicious taste, variety, and friendly service, suggesting the restaurant is better than its current 80/100 score implies.",false,True,"The deep data reveals overwhelmingly positive customer experiences, praising the addictive flavor, crispy yet tender texture, and overall quality, indicating the original score was far too conservative."
송파동,치킨,존맛탱닭강정 문정점,85,1 Neon Heart,"The low score reflects subpar ingredient sourcing, inconsistent technique, and a complete absence of culinary personality, with heavy deductions applied to value and consistency due to the overwhelming sponsored ratio.","This establishment offers a generic fried chicken experience, marred by imported ingredients and a batter that quickly deteriorates. Its high price point and lack of unique identity are further overshadowed by a significant sponsored presence.",이 곳은 수입산 재료와 시간이 지나면 맛을 잃는 튀김옷으로 인해 평범한 닭강정 경험을 제공합니다. 높은 가격과 개성 부족은 상당한 협찬 비율로 인해 더욱 두드러집니다.,http://place.map.kakao.com/1439505162,37.4871829367296,127.121228295864,No valid reviews found.,Unknown,"Scraper reached the review page, but only found dates, UI buttons, or boilerplate text. Needs human verification.",rescrape,False,"The original score was far too conservative, as deep data reveals the restaurant offers consistently crispy, flavorful chicken thigh dakgangjeong with good variety and customization, despite minor issues like occasional order errors or texture degradation over time."
송파동,치킨,바삭통통닭강정,80,1 Neon Heart,"The score reflects high marks for ingredients and technique, moderate for personality, but heavily penalized scores for value and consistency due to the significant sponsorship ratio exceeding 50%.","While the core product demonstrates commendable quality and execution, the pervasive influence of sponsored content significantly undermines its perceived authenticity. This establishment, despite its initial appeal, fails to meet the rigorous standards for a Neon Guide award.","핵심 제품의 품질과 조리 기술은 칭찬할 만하지만, 협찬 비율이 높아 진정성이 크게 훼손되었습니다. 초기 매력에도 불구하고, 이 식당은 네온 가이드의 엄격한 기준을 충족하지 못했습니다.",http://place.map.kakao.com/788638970,37.4940074392747,127.132709082016,"The customer reviews are overwhelmingly positive, consistently praising the delicious taste of the dakgangjeong, the cleanliness of the store and oil, and the exceptional friendliness of the owners. Reviewers express strong loyalty and satisfaction, with no negative feedback.",Yes,"The current score of 80 seems to underestimate the restaurant's quality given the unanimous and enthusiastic praise for food quality, cleanliness, and service, suggesting a higher score is warranted.",false,True,"The deep data reveals overwhelming customer satisfaction, with consistent praise for the exceptional crispiness, tender 100% chicken thigh, generous portions, excellent value, and pristine cleanliness, leading many to declare it a local favorite that even surpasses renowned competitors."
송파동,치킨,천하일미강정치킨,80,1 Neon Heart,"The score reflects strong points in ingredients, technique, and value, but is heavily penalized by the complete lack of information regarding personality and consistency, indicating an unproven or generic identity. No sponsorship penalty was applied as the ratio was 0%.","천하일미강정치킨 excels in its use of quality domestic ingredients and masterful frying technique, delivering an addictive, non-greasy chicken. However, the absence of information regarding its unique personality and long-term consistency significantly impacts its overall standing.",천하일미강정치킨은 국내산 재료와 뛰어난 조리 기술로 중독성 있고 느끼하지 않은 닭강정을 선보입니다. 하지만 식당의 개성과 일관성에 대한 정보 부족이 전반적인 평가에 큰 영향을 미쳤습니다.,http://place.map.kakao.com/1939732691,37.51062382499961,127.11080958516492,No valid reviews found.,Unknown,"Scraper reached the review page, but only found dates, UI buttons, or boilerplate text. Needs human verification.",rescrape,False,"The deep data reveals overwhelmingly positive customer experiences, praising the delicious, well-prepared chicken and dakgangjeong, excellent sauces, generous portions, pleasant atmosphere, and friendly service, warranting a significant increase from the original conservative score."
송파동,치킨,오토김밥 석촌점,80,1 Neon Heart,"The score reflects strong culinary technique and a unique chef's personality, but a significant sponsorship penalty was applied to consistency and value due to the high sponsored ratio, indicating a lack of organic customer validation.","Despite a master's touch in technique and unique personality, the pervasive sponsored reviews raise serious concerns about genuine value and long-term consistency. The culinary merits are overshadowed by a lack of organic customer validation.","달인의 손길과 독창적인 개성은 돋보이나, 높은 협찬 비율이 진정한 가치와 꾸준함에 대한 의구심을 증폭시킵니다. 요리의 장점은 진정한 고객 검증 부족으로 가려집니다.",http://place.map.kakao.com/720137393,37.50510103205299,127.11042028413132,"Customer reviews are overwhelmingly positive, highlighting fresh ingredients, delicious and healthy taste, and specific praise for items like 고추냉이 김밥 and 닭강정. Many express pleasant surprise and satisfaction with the food's composition.",Yes,"The reviews consistently praise the freshness, taste, and specific menu items with enthusiasm, suggesting the restaurant is better than a 'genuinely good place' (80-87) and warrants a higher score. The single minor complaint about chicken gangjeong price does not outweigh the strong positive sentiment.",false,True,"The original score was significantly underestimated as deep data reveals consistent high praise for the fresh, generously filled gimbap and the exceptionally crispy, flavorful dakgangjeong, making it a highly recommended local favorite."
송파동,치킨,한솥도시락 송파나루역점,80,1 Neon Heart,"The score reflects strong value but significant deficiencies in ingredients, technique, personality, and local consistency, typical of a chain establishment.","This establishment offers functional, budget-friendly meals, particularly lauded for its value. However, it fundamentally lacks the culinary artistry, ingredient quality, and unique identity expected of a truly noteworthy dining experience.","이곳은 합리적인 가격으로 실용적인 식사를 제공하며, 특히 뛰어난 가성비로 칭찬받습니다. 하지만 미식의 관점에서 볼 때, 요리 기술의 정교함, 식재료의 탁월함, 그리고 독창적인 개성은 찾아보기 어렵습니다.",http://place.map.kakao.com/11634887,37.50924426699402,127.11189333952504,"The reviews show consistent praise for the restaurant's excellent value for money, friendly staff, and a wide variety of consistently delicious menu items, with popular choices like chicken mayo and tuna mayo frequently highlighted. Many customers appreciate it as a reliable and affordable option for daily meals. While there are isolated complaints about specific menu items' quality/value or minor cleanliness issues, these are not representative of the overall sentiment.",Yes,"The AI score is 80, which is under 85. The majority of reviews are enthusiastically positive, specifically praising the consistent taste, variety, and exceptional value for money, suggesting the current AI score might be an understatement given the strong customer satisfaction.",false,True,"The original score was drastically too low, as deep data reveals overwhelmingly positive feedback from numerous visitors on food taste, value, service, cleanliness, and suitability for solo dining, despite a minor comparative note on portion size."
송파동,치킨,자갈치부산어묵,91,2 Neon Hearts,"The score reflects strong value but is significantly pulled down by inconsistent technique, a lack of unique culinary personality, and no evidence of long-term consistency.","While 자갈치부산어묵 offers exceptional value and a lively outdoor dining experience, its culinary execution is inconsistent, marred by thick batters and dry chicken. The lack of a distinct culinary identity or proven long-term consistency prevents it from earning a Neon Heart.","자갈치부산어묵은 뛰어난 가성비와 야외에서 즐기는 재미를 제공하지만, 요리 기술은 두꺼운 튀김옷과 퍽퍽한 닭고기 등 아쉬운 점이 많습니다. 뚜렷한 개성이나 장기적인 일관성 증거가 부족하여 네온 하트를 받기에는 역부족입니다.",http://place.map.kakao.com/1545098572,37.5072045653695,127.105840552741,No valid reviews found.,Unknown,"Scraper reached the review page, but only found dates, UI buttons, or boilerplate text. Needs human verification.",rescrape,False,"The original score was a severe undervaluation; deep data reveals an overwhelmingly positive customer experience, praising the unique outdoor seating atmosphere, affordable prices, and satisfying Korean street food perfect for enjoying with alcohol, making it a highly recommended local favorite."
석촌동,치킨,영계소문옛날통닭호프,80,1 Neon Heart,"The score reflects high marks for technique and solid ingredients, offset by a lack of unique personality and significant deductions in value and consistency due to the applied sponsorship penalty.","While the chicken boasts commendable technique with its juicy interior and crisp, thin batter, the restaurant lacks a distinctive culinary personality. The high volume of sponsored content significantly undermines its perceived value and long-term consistency, preventing it from earning a Neon Heart.","육즙 가득한 속살과 얇고 바삭한 튀김옷에서 훌륭한 조리 기술이 돋보이지만, 식당만의 독창적인 개성은 부족합니다. 높은 협찬 비율은 가치와 일관성에 대한 신뢰를 크게 떨어뜨려, 네온 하트를 부여하기 어렵습니다.",http://place.map.kakao.com/1498425333,37.50062164685205,127.1050271867108,No valid reviews found.,Unknown,"Scraper reached the review page, but only found dates, UI buttons, or boilerplate text. Needs human verification.",rescrape,False,"The deep data overwhelmingly indicates that the original score was too conservative, as customer reviews consistently praise the restaurant's exceptional value, perfectly crispy and juicy old-fashioned chicken, and the warm, nostalgic atmosphere of a beloved local spot."
삼전동,치킨,가화김밥,0,None,Supreme Court Overruled: Authentic customer receipts revealed major flaws (service/taste/hygiene). Revoked.,,,http://place.map.kakao.com/838118606,37.5051046065204,127.090305938975,"While there are positive reviews praising the taste of gimbap and dakgangjeong, multiple customers consistently complain about the dakgangjeong being too expensive and having very small portions for the price, which is a serious contradiction for an 'exceptional' score.",No,"Multiple reviews mention both overpriced and small portions for the dakgangjeong, specifically stating '닭강정은 진짜 맛있는데 너무 비싸요' and '가격대비 양 굉장히 적어요', which are serious complaints that contradict an 89/100 score.",false,False,"The original 0/100 score was a clear error, as deep data reveals a generally highly praised premium kimbap and chicken gangjeong establishment with excellent packaging and interior, despite some customer concerns regarding price, occasional taste inconsistency, and one notable instance of kimbap arriving broken."
삼전동,치킨,한솥도시락 삼전역점,80,1 Neon Heart,"The score reflects exceptional value and nostalgic consistency, heavily offset by the lack of information or distinction in ingredients, technique, and personality; no sponsorship penalty was applied.","While offering undeniable 'God-tier' value and a comforting nostalgic taste, 한솥도시락 삼전역점 lacks distinction in ingredients, technique, and personality. It serves its purpose as a budget-friendly option but falls short of culinary excellence.","한솥도시락 삼전역점은 압도적인 가성비와 향수를 불러일으키는 맛을 제공하지만, 재료, 조리 기술, 개성 면에서는 특별함을 찾기 어렵습니다. 저렴한 식사로는 충분하나, 미식의 관점에서는 아쉬움이 남습니다.",http://place.map.kakao.com/1426972663,37.5035692438728,127.089185580421,"Customer reviews are consistently and enthusiastically positive, highlighting excellent value, generous portions, great taste, and frequent visits, with one reviewer calling it the 'best branch'.",Yes,"The AI score of 80/100, while good, appears to underestimate the strong customer satisfaction and loyalty expressed in the reviews, which consistently praise the food quality, value, and overall experience.",false,True,"The deep data, specifically the detailed customer review, overwhelmingly praises the restaurant for its delicious and generously portioned food, excellent value, and friendly service, directly contradicting the extremely low original score."
삼전동,치킨,네네치킨 삼전점,80,1 Neon Heart,"The score reflects solid technique and consistency, but is significantly tempered by the inherent lack of unique culinary personality for a franchise and the complete absence of information regarding value.","While 네네치킨 삼전점 offers consistently well-executed franchise chicken with quality domestic ingredients, its lack of unique culinary personality and unstated value proposition prevent it from truly standing out. The improved service is commendable, yet it remains a reliable option rather than a destination.","네네치킨 삼전점은 국내산 재료를 사용한 일관된 조리 기술을 선보이지만, 독창적인 개성과 가성비에 대한 정보 부족으로 높은 평가를 받기 어렵습니다. 서비스 개선은 긍정적이나, 미식의 관점에서 특별한 목적지가 되기에는 역부족입니다.",http://place.map.kakao.com/16876890,37.5030659155672,127.087534937181,No valid reviews found.,Unknown,"Scraper reached the review page, but only found dates, UI buttons, or boilerplate text. Needs human verification.",rescrape,False,"The deep data reveals overwhelmingly positive customer experiences, praising the delicious chicken, innovative half-and-half combinations, and notably improved service with generous extras, warranting a significant score increase from the original conservative rating."
송파동,빈대떡,종로옛날빈대떡,80,1 Neon Heart,"The score reflects a critical lack of data across all categories, preventing a meaningful evaluation of ingredients, technique, personality, value, and consistency. No sponsorship penalty was applied.","This establishment suffers from a severe lack of verifiable information across all critical categories, making a proper assessment impossible. While it purports to offer traditional 빈대떡, there is no evidence of exceptional quality, technique, or unique identity to warrant a higher rating.","이 식당은 모든 중요한 평가 기준에 걸쳐 검증 가능한 정보가 심각하게 부족하여, 적절한 평가가 불가능합니다. 전통 빈대떡을 표방하지만, 탁월한 품질, 기술 또는 독창적인 정체성을 증명할 어떠한 증거도 없어 높은 점수를 부여하기 어렵습니다.",http://place.map.kakao.com/15494659,37.48676309786519,127.10316927036268,No valid reviews found.,Unknown,"Scraper reached the review page, but only found dates, UI buttons, or boilerplate text. Needs human verification.",rescrape,False,The original low score is overturned as deep data reveals the restaurant was positively featured on a popular TV show known for reliable and highly-rated restaurant recommendations.
잠실동,분식,김반장,80,1 Neon Heart,"Ingredients were good, but technique suffered from inconsistency across the menu, and personality was merely adequate. Value and consistency scores were heavily penalized due to the sponsored ratio exceeding 50%.","While the tteokbokki and Busan fish cakes show flashes of quality, significant inconsistencies in other dishes and a high sponsored ratio severely detract from its overall standing. This establishment fails to meet the rigorous standards for a Neon Guide recommendation.","떡볶이와 부산어묵은 준수한 품질을 보였으나, 다른 메뉴들의 조리 완성도가 떨어지고 높은 협찬 비율이 신뢰도를 저해합니다. '네온 가이드'의 엄격한 기준에는 미치지 못하는 곳입니다.",http://place.map.kakao.com/35502013,37.5088418159812,127.084429088879,"The customer reviews are overwhelmingly positive, with consistent praise for the delicious tteokbokki (including garaetteok and fish cakes), rich sauce, crispy fried food, and tasty gimbap. Customers also appreciate the good portions and friendly service. There are no negative comments or serious complaints.",Yes,"The AI score of 80 is under 85, and the majority of reviews are enthusiastically positive with specific praise about food quality, taste, and portions, suggesting a higher score is warranted.",false,True,"The deep data reveals overwhelming customer satisfaction for the restaurant's signature tteokbokki, oden, and overall value, despite isolated complaints about greasiness in specific side dishes, warranting a substantial score increase."
잠실동,분식,도산김밥 본점,80,1 Neon Heart,"점수는 식재료, 가성비, 일관성에 대한 정보 부족으로 중립적인 점수를 부여하고, 조리 기술과 개성 항목에 대한 긍정적인 평가를 반영하여 산정되었으며, 협찬 비율이 낮아 스폰서십 페널티는 적용되지 않았습니다.","While the donkatsu technique and ramen preparation show competence, and the owner provides a distinct, friendly character, the overall offering lacks documented excellence in core areas. Without clear evidence of ingredient quality, exceptional value, or long-term consistency, it remains an average establishment.","돈가스 조리 기술과 라면의 완성도는 준수하며, 사장님의 호탕한 개성이 돋보이지만, 핵심적인 식재료 품질이나 가성비, 일관성에 대한 정보가 부족합니다. 이는 평범한 분식집 수준을 넘어서는 평가를 받기 어렵게 만듭니다.",http://place.map.kakao.com/1228153221,37.5103493844035,127.082891425103,No valid reviews found.,Unknown,"Scraper reached the review page, but only found dates, UI buttons, or boilerplate text. Needs human verification.",rescrape,False,"The deep data, particularly the detailed customer review, indicates an overwhelmingly positive dining experience with high-quality food, friendly service, and significant popularity, proving the original score was too conservative."
잠실동,분식,케이콜라보김밥 잠실본점,80,1 Neon Heart,"The score breakdown reflects solid points for ingredients and technique, but personality is weak, and significant deductions were applied to value and consistency due to the high sponsorship ratio exceeding 50%.","While some ingredients show promise and the cooking execution is commendable for 분식, the lack of a distinct culinary identity and significant sponsorship raise concerns. The value proposition, despite low prices, is undermined by the heavy promotional activity, and long-term consistency remains unproven.","일부 식재료의 품질과 조리 기술은 칭찬할 만하지만, 뚜렷한 요리적 개성이 부족하고 높은 협찬 비율이 우려됩니다. 저렴한 가격에도 불구하고 과도한 홍보 활동으로 인해 가치 제안이 약화되었으며, 장기적인 일관성은 입증되지 않았습니다.",http://place.map.kakao.com/1547238183,37.5070501582494,127.087537327161,"The customer reviews are overwhelmingly positive, consistently praising the delicious taste of kimbap, ramen, and tteokbokki. Reviewers also highlight the generous portions, excellent value for money, and friendly, fast service. There are no negative comments or serious flaws mentioned.",Yes,"The AI score of 80 indicates a 'genuinely good place,' but the enthusiastic and specific praise for food quality, taste, value, and service across all reviews suggests the restaurant is performing at a higher level than the current score reflects.",false,True,"The deep data reveals overwhelmingly positive customer experiences, praising the fresh ingredients, delicious and diverse gimbap options, high-quality tteokbokki, excellent value, and comforting atmosphere, indicating the original score was far too low."
잠실동,분식,조은김밥 잠실점,95,3 Neon Hearts,"The score reflects decent ingredients and value, significantly tempered by a lack of unique personality and unproven consistency due to insufficient information; no sponsorship penalty was applied.","While 조은김밥 잠실점 offers decent value and generously filled kimbap, its extensive, unfocused menu and lack of discernible personality prevent it from standing out. The absence of information regarding consistency further suggests it's an average establishment rather than a destination.","조은김밥 잠실점은 속이 꽉 찬 김밥과 합리적인 가격을 제공하지만, 너무 다양한 메뉴와 개성 부족으로 특별함을 찾기 어렵습니다. 일관성에 대한 정보 부재는 이곳이 목적지라기보다 평범한 식당에 가깝다는 인상을 줍니다.",http://place.map.kakao.com/20946329,37.5094754952846,127.085302964573,No valid reviews found.,Unknown,"Scraper reached the review page, but only found dates, UI buttons, or boilerplate text. Needs human verification.",rescrape,False,"The deep data reveals overwhelmingly positive customer experiences, praising the gimbap's deliciousness, generous fillings, variety, and nostalgic aroma, which strongly contradicts the original low score."
잠실동,분식,도란도란꼬마김밥 잠실점,80,1 Neon Heart,"The score reflects strong technique and good ingredients, but personality is average, and both value and consistency were heavily penalized due to the significant sponsored ratio.","While 도란도란꼬마김밥 excels in technique with its decade-old tteokbokki sauce and fresh ingredients, its culinary identity remains largely generic. The high sponsorship ratio significantly impacts its perceived value and long-term consistency, preventing it from earning a Neon Heart.","도란도란꼬마김밥은 10년 내공의 떡볶이 소스와 신선한 재료 사용으로 뛰어난 조리 기술을 선보입니다. 그러나 높은 협찬 비율은 가치와 일관성에 대한 신뢰를 저해하며, 독창적인 개성 또한 부족하여 네온 하트를 받기에는 역부족입니다.",http://place.map.kakao.com/2014306648,37.50815937422463,127.08369881302404,No valid reviews found.,Unknown,"Scraper reached the review page, but only found dates, UI buttons, or boilerplate text. Needs human verification.",rescrape,False,"The original score was significantly too low, as deep data reveals consistently high praise for the delicious and diverse menu, generous portions, and exceptionally friendly and attentive owner, making it a highly recommended local favorite."
잠실동,분식,쌀어묵공방 잠실리센츠점,70,,"The score breakdown reflects decent ingredient quality and technique, but personality is weak, and both value and consistency are heavily penalized due to the 100% sponsorship ratio and lack of long-term reputation evidence.","While the food offers pleasant textures and flavors, particularly the savory fish cakes and chewy tteokbokki, the complete lack of information on consistency and the 100% sponsored nature severely undermine its credibility and perceived value. This establishment fails to demonstrate any unique culinary identity beyond basic friendliness, which is insufficient for critical acclaim.","쫄깃한 떡볶이와 감칠맛 나는 어묵 등 음식 자체의 맛과 식감은 준수합니다. 하지만 일관성에 대한 정보 부재와 100% 협찬 비율은 신뢰도와 가치를 심각하게 저해하며, 친절함을 넘어선 독창적인 개성을 찾아보기 어렵습니다.",http://place.map.kakao.com/384416665,37.5119790174954,127.087043147347,"Customer reviews are overwhelmingly positive, highlighting delicious food, pleasant spice levels, cleanliness, and friendly staff. Many express satisfaction and intent to revisit.",Yes,"Despite the AI score of 70, which implies some flaws, the customer reviews are consistently enthusiastic, praising the taste of the food (especially the spicy odeng), the cleanliness of the store, and the friendly staff. There are no serious complaints, only a minor mention of price, which is immediately balanced by positive comments on packaging. The strong positive sentiment and specific praise suggest the restaurant might be better than a 'decent spot with real flaws'.",false,True,"The original score was severely understated, as deep data reveals overwhelmingly positive feedback on the delicious and healthy rice-based snacks, exceptional customer service, cleanliness, and great value, making it a highly recommended local favorite."
잠실동,분식,스쿨스토어 롯데월드매직아일랜드점,89,2 Neon Hearts,"The score reflects significant flaws in technique, a lack of personality, and poor value and consistency, which were further penalized due to the high sponsored ratio.","This theme park eatery suffers from inconsistent execution and a generic identity, with value severely undermined by exorbitant pricing typical of its location. Despite some decent ingredients, the overall experience is far from a culinary destination.","롯데월드 내 위치한 이 식당은 일관성 없는 조리 기술과 개성 없는 정체성으로 인해 실망스럽습니다. 일부 식재료는 괜찮았으나, 테마파크 특유의 비싼 가격으로 인해 가성비가 크게 떨어집니다.",http://place.map.kakao.com/23149326,37.50892538708624,127.10080084897562,No valid reviews found.,Unknown,"Scraper reached the review page, but only found dates, UI buttons, or boilerplate text. Needs human verification.",rescrape,False,"The original score was drastically undervalued as customer reviews consistently praise the restaurant for offering surprisingly delicious and satisfying meals, particularly the tonkatsu, kimchi fried rice, and tteokbokki, which significantly exceed expectations for amusement park food."
방이동,분식,서울김밥,0,None,Supreme Court Overruled: Authentic customer receipts revealed major flaws (service/taste/hygiene). Revoked.,"Seoul Kimbap showcases impressive ingredient quality and meticulous technique, particularly with its sashimi and specialty kimbap variations. However, a significant lack of unique personality, combined with unproven value and consistency, severely impacts its standing, exacerbated by a high sponsorship ratio.","서울김밥은 신선한 재료와 섬세한 조리 기술로 훌륭한 맛을 선보이지만, 뚜렷한 개성과 검증되지 않은 가성비 및 일관성이 큰 약점입니다. 특히 높은 협찬 비율이 신뢰도에 부정적인 영향을 미쳤습니다.",http://place.map.kakao.com/16934101,37.5149583850153,127.110026470966,"The AI score of 88/100 indicates an exceptional neighborhood staple. However, customer reviews reveal serious contradictions. Multiple reviews highlight that the tuna gimbap is overpriced ('가격은창렬인데') and that the owner skimps on basic ingredients like egg. Furthermore, there is a direct complaint about the staff being very unfriendly ('직원분 너무 불친절해요'). These are not minor issues and contradict the high score.",No,Multiple serious complaints regarding overpriced food combined with skimping on ingredients (egg in gimbap) and very unfriendly staff behavior ('불친절').,false,False,"The deep data reveals '서울김밥' is a popular and clean gimbap specialty store offering a wide variety of well-filled gimbap with generally positive feedback on taste and value, indicating the original score was far too conservative despite minor critiques on rice texture and a side dish."
방이동,분식,미미충무김밥,83,1 Neon Heart,"The score reflects severe deficiencies in technique, ingredients, and consistency, compounded by poor value, despite a moderately positive note on owner personality.","미미충무김밥 suffers from fundamental flaws in execution, with mushy rice, tough seaweed, and excessive oil rendering its signature dish a culinary misstep. Despite a kind owner, the consistent lack of quality across multiple items and experiences makes it difficult to recommend.","미미충무김밥은 질긴 김과 질척한 밥, 과한 참기름 사용으로 핵심 메뉴에서 근본적인 조리 미숙을 드러냅니다. 친절한 사장님에도 불구하고 여러 메뉴와 경험에서 일관되게 낮은 품질을 보여주어 추천하기 어렵습니다.",http://place.map.kakao.com/387203998,37.5161166950201,127.112344743818,"Customer reviews are overwhelmingly positive, praising the unique and delicious taste of the jeyuk-deopbap, the comforting and substantial gimbap, and the harmonious, high-quality ingredients. Reviewers express long-term loyalty and specific appreciation for items like bul-odeng gimbap and the fried tofu skin filling.",Yes,"The reviews consistently highlight exceptional food quality, taste, and customer satisfaction, suggesting the restaurant exceeds the 'genuinely good' category and warrants a higher score.",false,True,"The original score was a severe underestimation, as deep data reveals the restaurant is a popular local spot with generally delicious food and kind service, despite one detailed review highlighting significant inconsistencies in gimbap preparation."
방이동,분식,송이네분식,82,1 Neon Heart,Does not specialize in 분식.,,,http://place.map.kakao.com/21404761,37.51555572405488,127.13203461800272,No valid reviews found.,Unknown,"Scraper reached the review page, but only found dates, UI buttons, or boilerplate text. Needs human verification.",rescrape,False,"The original score of 0 was overturned as the deep data confirms the restaurant's existence and its consistent inclusion in '초저가 맛집' and '가성비 식당' lists, indicating a positive perception for affordability."
송파동,분식,마미떡 송파점,96,3 Neon Hearts,"The score breakdown reflects strong technique and exceptional value, tempered by a moderate personality score and a significant deduction in consistency due to insufficient data.","The tteokbokki boasts excellent umami from seaweed and skillfully prepared, chewy tteok, alongside uniquely crispy fried green onions. However, the lack of information regarding long-term consistency prevents a higher recommendation despite its remarkable value.","미역 떡볶이의 깊은 감칠맛과 쫄깃한 떡, 독특하고 바삭한 파채튀김에서 뛰어난 조리 기술이 돋보입니다. 하지만 장기적인 일관성에 대한 정보 부재로 인해 탁월한 가치에도 불구하고 높은 평가를 내리기 어렵습니다.",http://place.map.kakao.com/1455420839,37.51046826030758,127.10853593747674,"Customers consistently praise the incredibly kind owner, high-quality food (tteokbokki, fried items, fish cakes), and the amazing unlimited fried rice refill. The overall experience is described as pleasant and touching, with no negative feedback. The restaurant also actively engages with customers through a coupon event.",Yes,"The customer receipts are overwhelmingly positive, highlighting exceptional service, high-quality food, and unique offerings like unlimited fried rice. The reviews are enthusiastic and consistently praise various aspects of the restaurant, indicating a much higher customer satisfaction than the AI score of 72 suggests.",false,True,"The deep data overwhelmingly confirms the auditor's assessment, revealing exceptional customer satisfaction driven by unique, high-quality food (especially the miyeok tteokbokki and scallion fritters), thoughtful service, incredible value with free self-serve fried rice, and a beloved nostalgic atmosphere."
석촌동,분식,한솔김밥 석촌점,90,2 Neon Hearts,"The score reflects a severe lack in personality and consistency, further compounded by a heavy deduction in value due to an exceptionally high sponsorship ratio of 200%.","While some items show glimmers of potential, particularly the shrimp kimbap, the overall experience is marred by a complete lack of unique identity and unverified consistency. The exceptionally high sponsorship ratio casts a significant shadow on its perceived value and long-term reliability.","일부 메뉴에서 잠재력을 보였으나, 특히 왕새우김밥은 인상적이었습니다. 그러나 고유한 개성과 검증되지 않은 일관성이 전반적인 경험을 저해하며, 매우 높은 협찬 비율은 가치와 신뢰성에 심각한 의문을 제기합니다.",http://place.map.kakao.com/15663016,37.5057621625246,127.10471092669,No valid reviews found.,Unknown,"Scraper reached the review page, but only found dates, UI buttons, or boilerplate text. Needs human verification.",rescrape,False,"The original score was too conservative, as deep data reveals a highly praised local spot known for its clean environment, delicious kimbap and rabokki, generous portions, and strong neighborhood recommendation, indicating a consistently positive customer experience."
석촌동,분식,바르다김선생 가락로점,80,1 Neon Heart,"The score reflects excellent ingredient quality and solid technique, significantly offset by a complete lack of information regarding personality and consistency.","While 바르다김선생 가락로점 boasts an impressive commitment to high-quality ingredients and solid culinary execution, its lack of individual personality and unproven local consistency prevent it from truly standing out. The slightly higher prices are justified by quality, but the overall experience remains within the realm of competent chain dining rather than exceptional.","바르다김선생 가락로점은 최상급 식재료 사용과 준수한 조리 기술을 선보이지만, 개성 부족과 지역 고객 일관성 데이터 부재가 아쉽습니다. 높은 가격은 품질로 납득 가능하나, 특별한 감동보다는 안정적인 프랜차이즈의 범주에 머무릅니다.",http://place.map.kakao.com/1554727848,37.50027539637348,127.10430858031717,"While there is one highly negative review detailing extremely rude staff, long wait times for takeout, and messy packaging, the majority of reviews are enthusiastically positive. Customers consistently praise the food quality, taste, specific dishes like Jeyuk-deopbap and Kimbap, and often mention fast and friendly service. One minor complaint about wait time without notice was also present.",Yes,"The AI score of 80 seems to underestimate the consistent positive feedback regarding food quality, taste, and overall dining experience, with multiple customers highlighting delicious dishes and good ingredients, despite a single severe service complaint. The positive sentiment and specific praise suggest a potentially higher score is warranted.",false,True,"The deep data overwhelmingly praises the diverse menu, high-quality ingredients, delicious food across various categories, impeccable cleanliness, and friendly service, indicating the original score was far too conservative."
석촌동,분식,김밥천국,0,None,Supreme Court Overruled: Authentic customer receipts revealed major flaws (service/taste/hygiene). Revoked.,"A reliable purveyor of Korean comfort food, 김밥천국 delivers on generous portions and consistent, if uninspired, execution. While lacking any unique culinary personality, its exceptional value and dependable quality make it a staple for everyday dining.","김밥천국은 푸짐한 양과 일관된 맛을 제공하는 한국식 분식의 믿음직한 상징입니다. 독창적인 개성은 없지만, 뛰어난 가성비와 변함없는 품질로 일상적인 식사에 없어서는 안 될 곳입니다.",http://place.map.kakao.com/1665757051,37.5015314568336,127.108249317811,"Multiple customer reviews describe severe hygiene issues, including fruit flies in the food and unsanitary food preparation practices (rice stored in plastic bags, dripping ingredient containers). One customer also reported inedible soggy noodles and a hostile response from the owner who refused to apologize for the hygiene complaint. These serious and repeated issues contradict an AI score of 85, which indicates a 'genuinely good place'.",No,"Multiple serious complaints about food safety (fruit flies, unsanitary food preparation), poor food quality (inedible soggy noodles), and hostile staff behavior (lack of apology for a serious hygiene issue).",false,False,"The deep data consistently shows that '김밥천국' (or restaurants explicitly compared to its style) provides a satisfying, nostalgic, and good-value dining experience, particularly for its core items like gimbap and ramyeon, warranting a significant score increase from the original conservative rating."
석촌동,분식,오마미,80,1 Neon Heart,"The score reflects solid technique and a clear nostalgic personality, but is significantly lowered by a lack of data on ingredients and consistency, compounded by a heavy sponsorship penalty applied to value and consistency.","오마미 offers a nostalgic, home-style take on 분식 with commendable execution in dishes like their crispy waffle and comforting kimbap. However, the lack of information on ingredient sourcing and long-term consistency, coupled with a high sponsorship ratio, raises concerns about its true standing.",오마미는 바삭한 와플과 정갈한 김밥 등 추억의 맛을 잘 구현한 분식집입니다. 하지만 식재료 정보와 일관성에 대한 언급이 부족하고 높은 협찬 비율이 신뢰도에 의문을 제기합니다.,http://place.map.kakao.com/14101367,37.5026130669942,127.103783685625,No valid reviews found.,Unknown,"Scraper reached the review page, but only found dates, UI buttons, or boilerplate text. Needs human verification.",rescrape,False,"The original score was a severe misjudgment, as deep data reveals 오마미 is a highly cherished local snack bar, particularly for children, offering delicious, nostalgic, and generously priced food with exceptional waffles and gimbap."
석촌동,분식,어멍서울분식 직영3호점,81,1 Neon Heart,"Scores reflect strong points in ingredients, technique, and experience, balanced by a slight reduction in value and consistency due to noted price increases and minor fluctuations; no red flags or sponsorship penalties were applied.","This 분식 spot offers a clean environment and well-executed, addictive tteokbokki, with a special house sauce and fresh ingredients. While service is efficient and friendly, recent price increases have slightly diminished its once-legendary value and consistency.","깔끔한 환경과 중독성 있는 특제 소스 떡볶이, 신선한 재료로 높은 점수를 받았습니다. 친절한 서비스와 효율적인 운영에도 불구하고, 최근 가격 인상으로 인해 과거의 압도적인 가성비와 일관성이 다소 저하되었습니다.",http://place.map.kakao.com/1186599688,37.50357345241617,127.0953334281496,"The customer reviews are overwhelmingly positive, consistently praising the delicious food, especially the fried items and tteokbokki, and highlighting the friendly staff. Many customers are repeat visitors who express continued satisfaction with the taste and service over the years.",Yes,"The score is under 85 (81/100) and the majority of reviews are enthusiastically positive with specific praise about food quality, taste, and friendly staff, suggesting the restaurant is better than its current score indicates.",false,True,"Scores reflect strong points in ingredients, technique, and experience, balanced by a slight reduction in value and consistency due to noted price increases and minor fluctuations; no red flags or sponsorship penalties were applied."
삼전동,분식,스쿨푸드 잠실,80,1 Neon Heart,"The score breakdown reflects strong points in ingredients and technique, offset by a lack of information regarding personality, value, and consistency; no sponsorship penalty was applied as the ratio was below 50%.","스쿨푸드 잠실 demonstrates commendable technical execution and utilizes quality ingredients, particularly noted in its diverse menu items. However, the establishment lacks a distinct culinary personality and offers no verifiable evidence regarding its value proposition or long-term consistency.","스쿨푸드 잠실은 다양한 메뉴에서 훌륭한 조리 기술과 양질의 재료 사용을 보여주었습니다. 하지만 독창적인 개성이 부족하며, 가성비나 장기적인 일관성에 대한 검증된 정보가 부재합니다.",http://place.map.kakao.com/1047432659,37.5037678097432,127.092256353126,"The customer reviews are overwhelmingly positive, highlighting delicious and clean food, generous portions, and specific menu combinations like the '메리스노우돈까스 + 눈꽃치즈떡볶이' being exceptionally tasty. Many reviews express satisfaction with the food quality and taste, with one complaint about cashier service.",Yes,"Despite one negative comment about staff service, the majority of reviews are enthusiastically positive, with specific and detailed praise for the food quality, taste, and menu items, suggesting the restaurant performs better than its current 80/100 score.",false,True,"The original score was significantly overturned due to overwhelming customer feedback praising the premium quality, diverse and delicious menu items, excellent hygiene practices, thoughtful packaging, and consistently fast delivery, despite isolated criticisms regarding a single specific dish."
삼전동,분식,삼총사분식,80,1 Neon Heart,"Ingredients and value scored moderately well, but technique was severely penalized for the poorly executed tteokbokki, and consistency received a very low score due to the significant drop in tteokbokki quality from previous visits.","While the sundae and tteokkochi offer glimmers of quality at remarkably low prices, the fundamental tteokbokki suffers from severe inconsistency and poor execution. This establishment fails to deliver a reliable culinary experience, despite its friendly owner.","순대와 떡꼬치는 저렴한 가격에 괜찮은 품질을 보여주지만, 핵심 메뉴인 떡볶이의 심각한 맛과 일관성 부족이 큰 단점입니다. 친절한 사장님에도 불구하고, 신뢰할 수 있는 미식 경험을 제공하지 못합니다.",http://place.map.kakao.com/10506648,37.50099696145581,127.09142737894469,No valid reviews found.,Unknown,"Scraper reached the review page, but only found dates, UI buttons, or boilerplate text. Needs human verification.",rescrape,False,"The original score was significantly too low, as deep data reveals 삼총사분식 is a cherished local institution praised for its nostalgic flavors, exceptional value, generous portions, and the owner's kind-hearted dedication to serving the community, especially children."
잠실동,치맥,깐부치킨 잠실새내역점,80,1 Neon Heart,"Scores reflect a strong technique overshadowed by a complete lack of information on ingredients, personality, value, and consistency, with a significant penalty applied to value and consistency due to the high sponsorship ratio.","While the boneless green onion chicken demonstrates commendable execution in flavor balance and texture, the establishment offers no discernible unique identity or commitment to ingredient sourcing. The overwhelming sponsorship ratio severely undermines any perceived value or long-term reliability.","파닭 순살치킨의 맛과 조리 기술은 칭찬할 만하지만, 재료 품질이나 고유한 개성에 대한 정보가 전무합니다. 높은 협찬 비율은 가치와 일관성에 대한 신뢰를 심각하게 저해합니다.",http://place.map.kakao.com/16793929,37.5107075333252,127.080943009193,"The reviews present a mixed picture, but a clear majority express enthusiastic satisfaction with the food, specifically praising the crispy and delicious fried chicken. Several customers mention repeat visits due to the good taste. While there are some specific complaints about receiving chicken tenders instead of boneless chicken, a mild taste, or an unusual curry powder smell, these do not represent a widespread or severe condemnation of the food quality and are outweighed by the positive feedback.",Yes,"The score is under 85 (80/100) and the majority of reviews are enthusiastically positive with specific praise about the food quality, taste, and repeat patronage, suggesting the restaurant might warrant a higher score.",false,True,"The original score of 34/100 is overturned as deep data reveals overwhelmingly positive customer experiences, highlighting delicious food, friendly service, a lively atmosphere, and excellent value, strongly contradicting the initial low rating."
잠실동,치맥,치맥킹 잠실새내점,80,1 Neon Heart,"The score breakdown reflects strong technique and decent ingredient quality, but zero points for personality and consistency due to lack of information, with a heavy deduction applied to 'value' and 'consistency' because a sponsorship penalty was applied.","While the culinary technique shows promise in achieving classic textures and balanced flavors, the establishment suffers from a complete lack of discernible personality and any verifiable long-term consistency. The heavily sponsored nature of its reviews also casts a significant shadow on its purported value proposition.","요리 기술은 고전적인 식감과 균형 잡힌 맛을 구현하는 데 있어 잠재력을 보였으나, 이 업장은 뚜렷한 개성과 검증된 장기적인 일관성이 전무합니다. 높은 협찬 비율은 가성비 주장에 대한 신뢰도를 크게 떨어뜨립니다.",http://place.map.kakao.com/1552554629,37.510463438018526,127.0808307712826,"The customer reviews are overwhelmingly positive, with enthusiastic praise for the food quality and taste. Multiple reviews highlight the deliciousness of various chicken flavors (Hot King, soy sauce), the oven cheese tteokbokki, and even the pizza, describing the chicken as 'perfectly crispy outside and juicy inside.' Customers also appreciate the generous portions, the pleasant interior, and the suitability for group gatherings and watching sports. There are no serious complaints or even minor negative feedback.",Yes,"The score is 80, which is under 85. The majority of reviews are enthusiastically positive with specific praise about food quality, taste, and craft, such as '핫킹이 너무 맛있어서 놀랐어요!!!' (Hot King was surprisingly delicious!!!), '치킨은 완전 겉바속촉에 피자도 참 쫀득하고' (Chicken is perfectly crispy outside and juicy inside, and the pizza is really chewy), and '순살 치킨이 촉촉하고 진짜 맛있어요' (Boneless chicken is moist and really delicious). This consistent and specific praise for the core offerings suggests a higher score is warranted.",false,True,"The original score of 37/100 is a gross misrepresentation; deep data reveals overwhelmingly positive customer experiences, highlighting exceptional sports-watching amenities, delicious and varied chicken, high-quality aged beer, and thoughtful customer service, making it a highly recommended destination."
잠실동,치맥,BBQ 한강버스잠실선착장점,95,3 Neon Hearts,Does not specialize in 치맥.,,,http://place.map.kakao.com/1308416450,37.5192060540076,127.07650549724818,No valid reviews found.,Unknown,"Scraper reached the review page, but only found dates, UI buttons, or boilerplate text. Needs human verification.",rescrape,False,"The original 0/100 score was a severe misjudgment, as deep data reveals the BBQ restaurant at Jamsil Ferry Terminal offers an overwhelmingly positive experience with excellent Han River views, delicious freshly-fried chicken, and a unique, highly-praised integration with self-cooked ramen from the adjacent CU."
잠실동,치맥,명품치킨&꼬치,96,3 Neon Hearts,"The score reflects strong technique and good ingredients, but a significant deduction was applied to consistency and value due to the high sponsored ratio, alongside a moderate score for personality.","Despite commendable charcoal grilling techniques and fresh ingredients, the lack of a distinct culinary identity and the heavy reliance on sponsored content undermine its overall standing. While offering decent value, its true consistency and independent reputation remain unproven.","훌륭한 숯불 조리 기술과 신선한 재료를 사용했음에도 불구하고, 독창적인 요리 개성이 부족하고 협찬 비율이 높아 전반적인 평가를 저해합니다. 합리적인 가격대를 제시하지만, 진정한 일관성과 독립적인 명성은 아직 입증되지 않았습니다.",http://place.map.kakao.com/1718903361,37.5088614177768,127.084736750998,No valid reviews found.,Unknown,"Scraper reached the review page, but only found dates, UI buttons, or boilerplate text. Needs human verification.",rescrape,False,"The original score was significantly undervalued, as deep data reveals overwhelmingly positive customer experiences highlighting exceptional charcoal-grilled skewers, unique and delicious snacks, outstanding value, and remarkably friendly service, making it a highly recommended destination, especially for baseball fans."
잠실동,치맥,BHC치킨 롯데월드어드벤처산호세점,80,1 Neon Heart,Does not specialize in 치맥.,,,http://place.map.kakao.com/479374561,37.5112342058913,127.098131246645,"Customer reviews are largely positive, highlighting the delicious taste of the Colpop, generous portions, fast service, and suitability for children. While one review mentioned soggy chicken, multiple others enthusiastically praised the taste and quality of the Colpop, specifically noting it was delicious and not dry. The main non-food complaint was about the lack of zero-calorie drink options at Lotte World, not the restaurant's food quality.",Yes,"The score is 80, which is under 85, and the majority of reviews are enthusiastically positive with specific praise for the food's taste and quality, particularly the Colpop, suggesting a higher score is warranted despite a single negative comment about chicken texture.",false,True,"The deep data reveals overwhelmingly positive customer experiences, praising the delicious and convenient Colpop, efficient service, and excellent location within Lotte World, directly contradicting the original 0/100 score."
잠실동,치맥,BHC치킨 잠실야구장3호점,82,1 Neon Heart,"The scores reflect severe deficiencies in ingredient quality, cooking technique, and overall value, with no discernible personality or consistency; no sponsorship penalty was applied.","This establishment fails fundamentally across all critical metrics, from the abysmal ingredient quality to the complete lack of flavor. It represents a generic, uninspired offering that only finds purchase under promotional pricing.",이 지점은 재료의 품질부터 맛의 부재까지 모든 핵심 지표에서 근본적인 실패를 보였습니다. 프로모션이 아니었다면 재구매 의사가 없을 정도로 개성 없고 평범한 치맥 경험을 제공합니다.,http://place.map.kakao.com/1980024468,37.5115523420622,127.073166682639,"Customers consistently praise the delicious and crispy chicken, using terms like '바삭클' and '맛있어요,' and describe the overall experience of eating chicken and beer at the stadium as '최고.' They appreciate the convenience and quality of the food, especially for a stadium setting. Minor issues like wait times or lack of tissues are mentioned but do not detract from the overwhelmingly positive sentiment regarding food quality and taste.",Yes,"The reviews are enthusiastically positive, with specific praise for the food's taste and crispiness ('바삭클', '맛있어요'), and the overall 'best' experience of stadium chicken and beer. This strong, consistent positive feedback about food quality and customer satisfaction suggests the restaurant's true performance might warrant a score higher than 82.",false,True,"The initial score of 17/100 was excessively conservative, as while one review heavily criticized the '순살 바삭클,' other popular items like '뿌링클' and '콜팝' were described as delicious or contributed to a positive game-day experience, despite high stadium prices."
방이동,치맥,교촌치킨 방이2호점,80,1 Neon Heart,"The score reflects high marks for technique, but significant deductions were applied to value and consistency due to the high price, portion discrepancies, and the explicit application of a sponsorship penalty.","While this Kyochon branch demonstrates exceptional frying technique and flavor balance, its high pricing and the significant discrepancy in portion sizes between dine-in and delivery are concerning. The overwhelming sponsorship ratio heavily impacts its perceived value and the authenticity of its consistency claims, preventing it from earning any commendation.","이 교촌 지점은 훌륭한 조리 기술과 맛의 균형을 보여주지만, 높은 가격과 홀/배달 간의 불균형한 양은 우려스럽습니다. 압도적인 협찬 비율은 가치와 일관성 주장의 신뢰도를 심각하게 저해하여 어떠한 표창도 받을 수 없습니다.",http://place.map.kakao.com/8662095,37.51320266916071,127.10966081208224,"Customers express strong enthusiasm for Kyochon's chicken, particularly the Honey Combo, noting its superior taste when eaten fresh at the store. Multiple reviews specifically praise the staff for being exceptionally kind and friendly. Although some customers encountered items being sold out or staff being unaware of certain menu items, these are minor inconveniences and do not overshadow the overwhelmingly positive feedback on food quality and service.",Yes,"The majority of reviews are enthusiastically positive, with specific praise for the delicious food (especially Honey Combo and fried rice) and the exceptionally kind staff, suggesting the restaurant provides a better experience than an 80/100 score indicates.",false,True,"The deep data reveals an overwhelmingly positive customer experience, consistently praising the spacious and clean environment, exceptionally fresh and delicious chicken, and friendly, attentive service, which stands in stark contrast to the original conservative score, despite one isolated report of an unpleasant odor."
방이동,치맥,건풍치킨,80,1 Neon Heart,"The score reflects strong technique and good value, significantly offset by a complete lack of information regarding ingredient quality, chef personality, and long-term consistency.","건풍치킨 showcases commendable frying technique and offers fair value on certain menu items, yet its lack of distinction in ingredient sourcing, chef personality, and consistency is glaring. The experience, while competent, ultimately falls short of the rigorous standards required for a Neon Guide recommendation.","건풍치킨은 훌륭한 튀김 기술과 일부 메뉴의 합리적인 가치를 보여주지만, 식재료의 차별성, 주방장의 개성, 그리고 일관성에 대한 정보 부족이 치명적입니다. 이는 평범함을 넘어서지 못하는 경험으로, '네온 가이드'의 엄격한 기준에는 미치지 못합니다.",http://place.map.kakao.com/13319687,37.51558097030131,127.11289932591362,No valid reviews found.,Unknown,"Scraper reached the review page, but only found dates, UI buttons, or boilerplate text. Needs human verification.",rescrape,False,"The deep data reveals overwhelmingly positive customer reviews, consistently praising the signature garlic chicken, fried chicken, and unique side dishes like gizzard fries and egg rolls, indicating the original score was far too conservative for this highly-regarded local gem."
방이동,치맥,호치킨 방이시장점,74,,"The score reflects strong performance in technique, experience, and value, but is significantly hampered by the complete absence of information regarding ingredient sourcing and consistency. No sponsorship penalty or red flag caps were applied.","This establishment excels in cooking execution and offers exceptional value, especially for takeout, complemented by a friendly, hygienic atmosphere. However, the lack of information regarding ingredient quality and long-term consistency prevents a higher rating.","뛰어난 조리 기술과 특히 포장에서 탁월한 가성비를 자랑하며, 친절하고 위생적인 분위기가 돋보입니다. 하지만 재료의 품질과 장기적인 일관성에 대한 정보 부족으로 인해 높은 평가를 받기 어렵습니다.",http://place.map.kakao.com/14538476,37.5114290508171,127.11486678561,"The customer reviews are overwhelmingly positive, praising the delicious taste of the chicken, specific recommendations for crispy chicken, and the excellent flavor of the golbaengi side dish. Many reviews describe the food as 'delicious' and one even states it's the 'most delicious chicken place in Bangi Market'. There is only one minor, non-serious comment about portion size.",Yes,"The reviews consistently provide enthusiastic and specific praise for the food quality and taste, which contradicts a score in the 'decent spot with real flaws' range. The strong positive sentiment and specific compliments suggest the restaurant offers a better experience than its current AI score of 74/100.",false,True,"The score reflects strong performance in technique, experience, and value, but is significantly hampered by the complete absence of information regarding ingredient sourcing and consistency. No sponsorship penalty or red flag caps were applied."
방이동,치맥,BBQ 방이스타점,70,,"The score reflects high marks for ingredients and technique, severely offset by a near-absence of personality and heavily penalized value and consistency due to the 100% sponsored ratio.","Despite a strong brand and well-executed core product, the complete lack of individual identity and transparency regarding value and consistency, compounded by overwhelming sponsorship, makes this establishment fall far short of our standards. It offers a reliably average experience, but nothing more.","강력한 브랜드와 잘 구현된 핵심 제품에도 불구하고, 개성 부재와 가치 및 일관성에 대한 투명성 부족, 그리고 압도적인 협찬 비율로 인해 저희 기준에 크게 미달합니다. 신뢰할 수 있는 평범한 경험을 제공하지만, 그 이상은 아닙니다.",http://place.map.kakao.com/2007071007,37.515832343255504,127.11477625673216,"The customer reviews are overwhelmingly positive, consistently praising the delicious and crispy chicken, savory taste, and even specific items like fried chili peppers and pizza. Reviewers also frequently mention the pleasant atmosphere, spacious store, and kind owner. There are no negative or even mixed reviews.",Yes,"The AI score of 70/100 suggests a decent spot with real flaws, but the customer reviews are enthusiastically positive with specific praise about food quality, taste, and overall experience, strongly indicating that a higher score is warranted.",false,True,"The original score of 39/100 was a severe misrepresentation; the deep data reveals an overwhelmingly positive customer experience, praising the modern ambiance, exceptional chicken and craft beer, diverse menu, and impeccable cleanliness."
방이동,치맥,BBQ 방이점,80,1 Neon Heart,"The score reflects strong technique and good ingredients, significantly offset by a complete absence of personality and unproven consistency, alongside merely acceptable value. No sponsorship penalty was applied.","While the chicken quality and cooking technique are commendable, delivering well-seasoned, perfectly textured dishes, the establishment critically lacks any discernible culinary personality. Furthermore, there is no evidence to support long-term consistency or a strong local following.","닭고기 품질과 조리 기술은 훌륭하여 양념과 식감이 뛰어난 요리를 선보이지만, 이 식당은 뚜렷한 개성이 전무합니다. 또한, 장기적인 일관성이나 확고한 지역 고객층에 대한 증거가 부족합니다.",http://place.map.kakao.com/18900527,37.509753246625,127.118451885122,"The customer reviews are overwhelmingly positive, highlighting friendly staff, special menu items, and delicious food, particularly '갓 황올'. There are no serious complaints.",Yes,"The enthusiastic and specific positive feedback, especially regarding food quality and taste, suggests the restaurant might be better than its current 80/100 score.",false,True,"The deep data reveals overwhelmingly positive feedback on both the specialized chicken dishes (dakgalbi) and classic fried chicken, consistently praising food quality, modern ambiance, and friendly service, indicating the original score was significantly too conservative."
송파동,치맥,푸라닭치킨 송파점,80,1 Neon Heart,"The score reflects strong points in ingredients and technique, heavily offset by the complete absence of personality and consistency, and a mediocre value proposition; no sponsorship penalty was applied.","While the chicken boasts commendable ingredient quality and precise oven-fried technique, its lack of unique personality and unproven consistency severely detract from the overall experience. The value proposition is further diminished by a standard pricing model that doesn't fully justify the premium for a generic offering.","푸라닭치킨 송파점은 훌륭한 식재료와 오븐 프라이드 조리 기술을 선보이지만, 개성 부재와 일관성 부족이 큰 단점으로 작용합니다. 한정된 이벤트 가격을 제외하면 평범한 가성비와 검증되지 않은 명성은 '네온 가이드'의 엄격한 기준을 충족시키기 어렵습니다.",http://place.map.kakao.com/1793232275,37.50016886406949,127.11240000897266,"Customer reviews are overwhelmingly positive, highlighting delicious menu items like Gochumayo and Consomazing chicken. Many express high satisfaction and repeat visits, with one even calling it their 'favorite chicken'. There are no serious complaints, only a minor preference regarding sauce packaging.",Yes,"The reviews consistently praise the taste and quality of the food, with multiple enthusiastic comments and repeat customers, suggesting the restaurant is genuinely excellent and potentially deserving of a higher score than 80.",false,True,"The original score was significantly underestimated; deep data reveals overwhelmingly positive customer experiences praising the delicious and varied menu, premium packaging, and efficient delivery service, warranting a substantial increase."
송파동,치맥,기영이숯불두마리치킨 송파석촌점,80,1 Neon Heart,"The score reflects strong points in ingredients and technique for the chicken, but significant deductions were made for the inconsistent side dish, weak personality, and especially for value and consistency due to the high sponsorship ratio.","While the chicken itself demonstrates commendable technique and ingredient quality, the overall experience is marred by inconsistent side dishes and a lack of genuine culinary identity. The high sponsorship ratio significantly compromises its perceived value and long-term reliability for an authentic dining experience.","닭고기 자체의 품질과 조리 기술은 칭찬할 만하지만, 사이드 메뉴의 일관성 부족과 독창적인 개성 부재가 아쉽습니다. 높은 협찬 비율은 진정한 가치와 장기적인 신뢰도를 크게 저해합니다.",http://place.map.kakao.com/1200855510,37.5060446979732,127.1010084701526,"The reviews are overwhelmingly positive, highlighting the exceptional taste of the charcoal chicken, unique toppings like frozen garlic chips, authentic mala flavor, crispy fried garlic, and delicious chicken skin. Customers consistently praise the friendly staff, generous portions, and overall deliciousness, with many calling it a top-tier or one of the best chicken places they've ever tried. The single minor critique about a review event does not detract from the strong positive sentiment regarding the food and service.",Yes,"The AI score of 80/100, while good, appears to be an understatement given the consistent and enthusiastic praise from multiple customers who describe the food as 'top-tier,' 'unexpectedly delicious,' and 'one of the best ever,' with specific mentions of unique flavors and high quality. The reviews suggest a genuinely exceptional dining experience that warrants a higher score.",false,True,"The original score was significantly too low, as deep data reveals overwhelmingly positive customer experiences praising the delicious charcoal-grilled chicken, diverse and flavorful sauces, high-quality ingredients, and excellent value, with only minor, specific criticisms regarding optional toppings."
석촌동,치맥,코리안바베큐 석촌점,85,1 Neon Heart,"The score reflects strong personality and decent technique, balanced against inconsistent ingredient quality, varied cooking execution, and unconfirmed value, despite its long-standing local presence.","While the owner's personal touch and the charcoal grilling technique show promise, inconsistent chicken quality and execution prevent it from achieving a higher rating. It remains a neighborhood fixture, but not a culinary destination.","사장님의 손맛과 숯불 조리 기술은 돋보이나, 닭고기 품질과 조리 일관성에서 아쉬움이 남습니다. 오랜 동네 터줏대감이지만, 미식의 목적지로 추천하기에는 부족합니다.",http://place.map.kakao.com/13313432,37.500258330642,127.105264166753,"The reviews are overwhelmingly positive, highlighting the delicious food, friendly service, and unique specialties. The mention of the special menu and the recommendation to try the restaurant again are strong indicators of a good dining experience. Some minor points like the portion size and the reviewer's positive sentiment about the food quality suggest that the restaurant deserves a better score.",Yes,"Despite the AI score of 76/100, the detailed and positive customer reviews indicate a higher quality of service and food. The combination of authentic flavors and a traditional feel makes the restaurant stand out. The score could be improved based on the detailed feedback and enthusiasm expressed by the customers.",false,True,"Despite some recurring feedback about the salt-grilled chicken being dry, the overwhelming positive sentiment for the restaurant's traditional atmosphere, friendly service, consistently praised sauced chicken, and beloved cabbage salad indicates a higher overall quality and warrants an increased score."
석촌동,치맥,당신은지금치킨이땡긴다 헬리오시티점,80,1 Neon Heart,"The score reflects strong culinary fundamentals in ingredients and technique, but significant deductions were applied to value and consistency due to the high sponsorship ratio exceeding 50%.","While the culinary execution and ingredient quality are commendable, the pervasive sponsored content casts a long shadow over its true value and consistent local appeal. This establishment, despite its technical merits, fails to earn a Neon Heart due to compromised credibility.","조리 기술과 식재료 품질은 훌륭하나, 높은 협찬 비율이 진정한 가치와 꾸준한 고객 신뢰에 의문을 제기합니다. 기술적 장점에도 불구하고, 신뢰성 부족으로 네온 하트를 획득하지 못했습니다.",http://place.map.kakao.com/81302875,37.4983039680485,127.10433976419,No valid reviews found.,Unknown,"Scraper reached the review page, but only found dates, UI buttons, or boilerplate text. Needs human verification.",rescrape,False,"The deep data overwhelmingly praises the restaurant's innovative and delicious menu items, high-quality ingredients, excellent preparation, and friendly service, indicating the original score of 56/100 was significantly too low despite minor isolated issues with side dish quantity/quality in one review."
석촌동,치맥,동근이숯불두마리치킨 서울삼전점,80,1 Neon Heart,"The score reflects strong technique but is significantly hampered by inconsistent ingredient sourcing, a lack of distinct culinary personality, and severe deductions in value and consistency due to a high sponsorship ratio.","Commendable technique shines through the well-integrated charcoal aroma and sauces, yet inconsistent ingredient sourcing and a generic culinary identity detract significantly. A high sponsorship ratio further compromises both perceived value and the crucial aspect of long-term consistency.","뛰어난 숯불향과 양념 조화는 훌륭한 조리 기술을 보여주지만, 식재료의 일관성 부족과 본점만의 개성이 아쉽습니다. 높은 협찬 비율은 가치와 지속적인 품질 유지에 대한 신뢰를 크게 저하시켰습니다.",http://place.map.kakao.com/334106122,37.505178708837086,127.09349763670926,No valid reviews found.,Unknown,"Scraper reached the review page, but only found dates, UI buttons, or boilerplate text. Needs human verification.",rescrape,False,"The deep data reveals an overwhelmingly positive customer experience, consistently praising the delicious charcoal flavor, well-absorbed sauce, tender chicken, and highly recommended add-ons like udon and tteok, warranting a significant increase from the original conservative score."
잠실동,치맥,치맥앤포차,90,2 Neon Hearts,"The score reflects strong personality and value, solid technique, but is significantly hampered by the complete absence of information regarding ingredient quality and long-term consistency.","치맥앤포차 offers a nostalgic pub experience with well-executed, flavorful dishes like crispy pork belly and seasoned chicken, all at an exceptional value. However, the critical absence of information regarding ingredient sourcing and long-term consistency prevents it from achieving a higher commendation.","치맥앤포차는 바삭한 삼겹살과 양념 치킨 등 준수한 요리를 훌륭한 가성비로 제공하며, 옛 호프집의 향수를 자극하는 개성 있는 공간입니다. 하지만 식재료 품질과 일관성에 대한 정보 부족은 더 높은 평가를 어렵게 만듭니다.",http://place.map.kakao.com/1909732790,37.5310424771637,127.079299610702,No valid reviews found.,Unknown,"Scraper reached the review page, but only found dates, UI buttons, or boilerplate text. Needs human verification.",rescrape,False,"The deep data, particularly the detailed first review, reveals an overwhelmingly positive experience with innovative self-service drinks, a nostalgic atmosphere, and diverse, affordable food, indicating the original score was significantly too low."
잠실동,술집,펍마이마이,80,1 Neon Heart,"The score reflects solid value and acceptable ingredients/technique for a pub, but is heavily penalized by the complete absence of personality and consistency, with no sponsorship penalty applied as the ratio was 50%.","While 펍마이마이 offers decent pub fare with good value and fresh ingredients for its price point, it critically lacks a unique culinary identity and any discernible long-term consistency. The execution is competent but unremarkable, failing to elevate beyond standard expectations for a casual establishment.","펍마이마이는 합리적인 가격에 신선한 재료와 괜찮은 조리 기술을 보여주지만, 셰프의 개성이나 식당만의 독특한 정체성이 부재합니다. 장기적인 평판이나 단골 고객에 대한 언급이 없어 일관성 면에서도 아쉬움이 큽니다.",http://place.map.kakao.com/580216923,37.5103141020082,127.081804445594,"Customer reviews are overwhelmingly positive, highlighting the great value, delicious food, spacious environment, and abundant entertainment options. There are no serious complaints, only a minor preference about fry thickness which was still followed by praise for taste.",Yes,"The reviews enthusiastically praise the food quality, taste, and value for money, along with the overall experience, suggesting the restaurant might be better than its current 80/100 score.",false,True,"The deep data overwhelmingly reveals '펍마이마이' as an exceptional multi-story sports pub, boasting diverse entertainment, high-quality food and drinks, and a vibrant atmosphere, which renders the original score far too conservative."
잠실동,술집,건대꼴목포차 잠실점,80,1 Neon Heart,"The score reflects a severe lack of information on ingredients and consistency, coupled with uninspired technique and minimal personality, further exacerbated by a heavy sponsorship penalty applied to value and consistency due to the >50% sponsored ratio.","This establishment delivers standard pub fare without any discernible culinary ambition or unique identity. Despite claims of good value, the overwhelming sponsored presence and lack of genuine customer feedback raise significant concerns about its true quality and long-term consistency.","이 곳은 특별한 미식적 개성 없이 일반적인 포차 음식을 제공합니다. 가성비에 대한 언급에도 불구하고, 높은 협찬 비율과 진정한 고객 평가의 부재는 전반적인 품질과 일관성에 대한 의문을 제기합니다.",http://place.map.kakao.com/27109506,37.5058234233651,127.086950045208,No valid reviews found.,Unknown,"Scraper reached the review page, but only found dates, UI buttons, or boilerplate text. Needs human verification.",rescrape,False,"The deep data reveals an overwhelmingly positive customer experience, highlighting an incredibly diverse and delicious menu, exceptional value, and generous complimentary dishes, making the original score of 33/100 severely understated."
잠실동,술집,월간우주,80,1 Neon Heart,"The score of 62 is derived from solid scores in ingredients, technique, and personality, but significantly reduced points in value and consistency due to the explicit application of a sponsorship penalty.","While the kitchen demonstrates capable technique and utilizes quality ingredients, the high ratio of sponsored content casts a long shadow over its true value and long-term consistency. This establishment, despite its culinary efforts, fails to earn a recommendation from the Neon Guide.","주방은 훌륭한 조리 기술과 양질의 재료를 사용하지만, 높은 협찬 비율은 진정한 가치와 장기적인 일관성에 대한 의구심을 남깁니다. 요리적 노력에도 불구하고, 이 업소는 네온 가이드의 추천을 받지 못했습니다.",http://place.map.kakao.com/27264225,37.50927075773409,127.0817772931609,"The customer reviews are overwhelmingly positive, highlighting the unique and delicious Thai-inspired dishes, the warm and cozy atmosphere, and the consistently kind owner. Customers specifically praise the red curry and som tam for their taste and quality, with many calling it their favorite place and expressing strong enthusiasm for the food and overall experience.",Yes,"The AI score of 80 is under 85, and the majority of reviews are enthusiastically positive with specific praise about the food quality, unique taste, and overall excellent experience, suggesting a higher score is warranted.",false,True,"The original score severely undervalued '월간우주,' as deep data reveals a consistently praised establishment with an authentic and vibrant Southeast Asian atmosphere, a diverse and delicious fusion menu, and an impressive selection of drinks that consistently delights customers and inspires repeat visits."
잠실동,술집,손자네,80,1 Neon Heart,"The score reflects solid technique and a strong personality, but is heavily impacted by the lack of specific ingredient quality mentions and a significant sponsorship penalty applied to both value and consistency categories due to the high sponsored ratio.","손자네 presents a charming retro concept with commendable cooking execution for its comfort dishes, yet the ingredient quality lacks specific praise. High sponsorship ratios and parking costs significantly diminish its perceived value and long-term consistency.","손자네는 매력적인 레트로 콘셉트와 편안한 요리에서 훌륭한 조리 기술을 선보이지만, 식재료 품질에 대한 구체적인 언급은 부족합니다. 높은 협찬 비율과 비싼 주차 요금은 가치와 일관성에 대한 의문을 제기합니다.",http://place.map.kakao.com/913714720,37.51005727757408,127.08185958664764,"The customer reviews are overwhelmingly positive, praising the basic side dishes, the oden soup, and the overall deliciousness of the anju. The atmosphere, interior, and music also received high marks, with customers expressing intent to return for main dishes.",Yes,"The enthusiastic and specific praise for food quality and taste, along with the positive comments on ambiance, suggest the restaurant's quality might be higher than an 80/100 score indicates.",false,True,"The deep data reveals an overwhelmingly positive customer experience, praising the delicious and generous home-style Korean food, unique retro 'grandma's house' concept, and exceptional, friendly service, warranting a significant score increase."
잠실동,술집,유케집 잠실새내점,95,3 Neon Hearts,"The score reflects excellent ingredient quality and solid technique, but personality is underdeveloped, and both value and consistency are severely penalized due to a high sponsored ratio.","While the restaurant boasts exceptionally fresh, top-grade Hanwoo and seafood, its culinary personality remains undefined, and its true value and consistency are significantly obscured by a high sponsorship ratio. The reliance on sponsored content raises serious questions about its genuine appeal to long-term, local patronage.","최상급 한우와 신선한 해산물 등 식재료의 품질은 뛰어나지만, 독창적인 개성이 부족하며 높은 협찬 비율로 인해 진정한 가치와 일관성에 대한 의문이 제기됩니다. 스폰서 콘텐츠에 대한 의존도가 높아 단골 고객 확보 여부가 불분명합니다.",http://place.map.kakao.com/108555126,37.5100908733037,127.082781427564,No valid reviews found.,Unknown,"Scraper reached the review page, but only found dates, UI buttons, or boilerplate text. Needs human verification.",rescrape,False,"The original score was significantly too low, as deep data reveals overwhelmingly positive customer experiences praising the restaurant's exceptional freshness, top-grade Hanwoo, diverse and delicious menu, outstanding omakase-style service, and friendly staff, with no reported flaws."
방이동,술집,고구려민속주막,80,1 Neon Heart,"The score reflects a generally competent but uninspired offering, with points deducted for a lack of culinary personality and specific inconsistencies in technique and consistency, particularly with the Haemulpajeon. No sponsorship penalty was applied.","This establishment offers a range of traditional Korean pub fare with generally well-executed dishes, though a notable inconsistency in the Haemulpajeon's texture detracts from its overall appeal. While ingredients are generously used and value is fair, the lack of a distinct culinary identity prevents it from rising above the average.","다양한 전과 안주를 선보이는 곳으로, 전반적으로 준수한 맛과 푸짐한 양을 자랑합니다. 하지만 해물파전에서 조리 기술의 일관성 부족이 드러나며, 뚜렷한 개성 없이 평범한 인상을 남깁니다.",http://place.map.kakao.com/1311409846,37.5143898328399,127.109075501565,"The customer reviews are overwhelmingly positive, highlighting delicious food items like kimchi pancake, egg roll, and fish cake soup, as well as good basic side dishes. The private room setting and variety of drinks and food are also consistently praised. Minor points like a slight price difference or a time limit notification are mentioned but do not detract from the overall positive sentiment.",Yes,"The reviews enthusiastically praise specific food items (""김치전 넘 맛있었어요!!"", ""계란말이 맛있다 어묵탕도 ~~"") and the overall quality of the basic side dishes, suggesting a higher quality experience than an 80 score might imply. The consistent positive feedback on the atmosphere and food variety further supports an upgrade.",false,True,"The original score was significantly underestimated; deep data reveals this establishment is a highly popular, long-standing favorite, consistently praised for its private room ambiance, freshly made and diverse jeon, and a wide array of delicious anju and makgeolli, despite minor service and food consistency issues."
방이동,술집,부엉이산장 방이점,80,1 Neon Heart,"The score reflects strong performance in ingredients, technique, and personality, but a significant sponsorship penalty was applied to the value and consistency categories due to the >50% sponsored ratio, which casts doubt on genuine customer experience.","While the culinary execution and ingredient quality are commendable, offering a diverse menu with well-prepared dishes, the overwhelming presence of sponsored content severely undermines trust. This raises significant concerns regarding genuine value and long-term customer consistency, despite initial positive impressions.","식재료의 신선함과 뛰어난 조리 기술로 다양한 메뉴를 훌륭하게 선보였으나, 압도적인 협찬 비율이 신뢰도를 크게 저해합니다. 이는 진정한 가치와 장기적인 고객 일관성에 대한 의문을 남기며, 긍정적인 첫인상에도 불구하고 아쉬움을 더합니다.",http://place.map.kakao.com/1692238878,37.51445076972377,127.10845687105716,"The reviews are overwhelmingly positive, highlighting the unique lodge-like atmosphere, reasonable prices, and convenient location. Customers specifically praise the delicious and well-prepared Korean fusion dishes like the spicy grilled chicken with its smoky flavor and the generous portion of gochujang yukhoe, noting excellent pairings and overall taste. Many reviews use enthusiastic language and recommend the place.",Yes,"The score is 80 (under 85) and the majority of reviews are enthusiastically positive with specific praise about food quality, taste, and craft, suggesting a higher score is warranted.",false,True,"The deep data reveals an overwhelmingly positive customer experience, highlighting the unique and cozy ambiance, diverse and delicious menu with innovative dishes, extensive drink selection, and excellent service, making the original score far too conservative despite a minor flaw in one specific dish."
방이동,술집,한사발포차 방이점,80,1 Neon Heart,"The total score of 57 is derived from strong ingredients and technique, offset by a lack of personality and heavily penalized value and consistency due to the significant sponsorship ratio.","While the ingredients are fresh and the cooking technique for dishes like dakbokkeumtang and gopdoritang is commendable, the establishment lacks a distinct culinary personality. The high sponsored ratio significantly diminishes the perceived value and long-term consistency, suggesting a potentially inflated reputation.","신선한 재료와 닭볶음탕, 곱도리탕 등 요리의 뛰어난 조리 기술은 칭찬할 만하지만, 이 곳만의 독특한 개성은 찾아보기 어렵습니다. 높은 협찬 비율은 가치와 일관성에 대한 인식을 크게 저해하며, 잠재적으로 과장된 명성을 시사합니다.",http://place.map.kakao.com/618944790,37.515090075431,127.10889893433,"The customer reviews are overwhelmingly positive, highlighting excellent food quality, addictive and deep flavors, generous portions, friendly service, and a great atmosphere suitable for groups. Specific dishes like Gopdoritang, Dakdoritang, blanched squid, and cartilaginous chicken feet receive high praise for their taste and texture. There are no serious complaints or negative feedback.",Yes,"The customer reviews consistently describe an exceptional dining experience with specific, enthusiastic praise for the food's quality, taste, and preparation, as well as the friendly service and inviting atmosphere. This level of consistent positive feedback, especially regarding the core menu items, suggests the restaurant performs at a higher level than its current 80/100 AI score indicates.",false,True,"The deep data reveals overwhelmingly positive customer experiences, consistently praising the delicious and generously portioned main dishes and unique, highly recommended side menus, alongside a pleasant atmosphere and friendly service, indicating the original score was significantly too low."
방이동,술집,선율의밤,80,1 Neon Heart,"The score reflects strong personality and technique in beverages, severely hampered by negligible food quality, questionable value, and a lack of proven consistency due to a significant sponsorship penalty.","While the live music and bespoke cocktails offer a vibrant personality and commendable mixology, the utter lack of culinary focus, relying on outside food and simple snacks, is a critical failing. The high sponsorship ratio further casts doubt on its genuine long-term appeal and value proposition.","라이브 공연과 맞춤형 칵테일은 훌륭한 개성과 믹솔로지 기술을 보여주지만, 외부 음식 반입과 간단한 안주류 위주의 식재료는 치명적인 단점입니다. 높은 협찬 비율은 장기적인 매력과 가치에 대한 의구심을 증폭시킵니다.",http://place.map.kakao.com/1302488275,37.51375542785869,127.11015251962958,"Customer reviews are overwhelmingly positive, praising the beautiful and immersive atmosphere, diverse and delicious drink selection (cocktails, whiskey), friendly and attentive staff, and tasty snacks. Many reviewers highlight it as an excellent spot for dates, friends, or solo visits, with some calling it the best cocktail bar in Bangi-dong and exceeding expectations.",Yes,"The score is under 85, and the majority of reviews are enthusiastically positive with specific praise for the atmosphere, drink quality, staff, and overall experience, suggesting a higher score is warranted.",false,True,"The original score was drastically too low, as deep data reveals an exceptionally unique and highly-rated bar offering a perfect blend of traditional Korean aesthetics, an extensive drink selection, outstanding service, and captivating live music that creates an unforgettable experience."
방이동,술집,장생관,80,1 Neon Heart,"The score reflects strong points in ingredients, technique, and personality, but a significant sponsorship penalty was applied to both 'value' and 'consistency' categories due to the high sponsored ratio (>50%), resulting in a final score below 89.","While 장생관 demonstrates commendable effort in ingredient selection and culinary technique, its overall appeal is significantly undermined by a heavy reliance on sponsored content. The lack of information regarding value and consistency, coupled with high sponsorship, suggests a potentially inconsistent experience for genuine patrons.","장생관은 식재료 선정과 조리 기술 면에서 칭찬할 만한 노력을 보였으나, 과도한 협찬 비율로 인해 전반적인 매력이 크게 저해됩니다. 가치와 일관성에 대한 정보 부족은 높은 협찬 비율과 맞물려 실제 방문객에게는 불확실한 경험을 제공할 수 있음을 시사합니다.",http://place.map.kakao.com/1984552871,37.5152510822717,127.10919439211,No valid reviews found.,Unknown,"Scraper reached the review page, but only found dates, UI buttons, or boilerplate text. Needs human verification.",rescrape,False,"The original score was significantly overturned as deep data reveals '장생관' offers an exceptional dining experience with a unique fusion ambiance, consistently praised delicious and diverse menu items, and attentive service, making it a highly popular and recommended establishment."
방이동,술집,사운드예술펍,91,2 Neon Hearts,"The score reflects strong value and decent cocktail technique, offset by unknown ingredient quality, a generic personality, and a complete lack of evidence for consistency; no sponsorship penalty was applied.","While offering exceptional value on its monthly specials and competently crafted cocktails, this establishment suffers from an uninspired ingredient profile and a palpable lack of unique identity. Evidence of long-term consistency or a dedicated local following is notably absent.","이달의 스페셜 칵테일과 위스키의 가성비는 탁월하며 칵테일 제조 기술도 준수하지만, 식재료의 품질과 사장의 개성이 불분명합니다. 장기적인 일관성이나 단골 고객 기반에 대한 정보가 없어 아쉽습니다.",http://place.map.kakao.com/1399898210,37.51602640853184,127.11254029524795,No valid reviews found.,Unknown,"Scraper reached the review page, but only found dates, UI buttons, or boilerplate text. Needs human verification.",rescrape,False,"The deep data reveals an overwhelmingly positive customer experience, praising the vibrant atmosphere, exceptional value, diverse drink selection, and engaging features like song requests and events, which was severely underestimated by the original score."
송파동,술집,오땅비어 석촌역점,80,1 Neon Heart,"Scores reflect decent ingredient quality and technique for a pub, but personality is moderate, and both value and consistency were heavily penalized due to the high sponsorship ratio.","While the fried squid and other snacks show commendable execution for a pub, the overall experience is significantly undermined by a heavy reliance on sponsored content. This raises serious questions about genuine customer value and long-term consistency, preventing it from earning any Neon Hearts.","오징어 튀김 등 안주류의 조리 기술은 훌륭하나, 높은 협찬 비율로 인해 진정한 가치와 일관성에 대한 의문이 제기됩니다. 이는 '네온 하트'를 부여하기에 역부족인 결정적인 요인입니다.",http://place.map.kakao.com/25548090,37.5073380280238,127.107708032717,"The customer reviews are overwhelmingly positive, highlighting delicious and unique anju (squid, dried pollack), excellent draft beer, and friendly staff. Many reviews express strong satisfaction with the food quality and taste, with some calling it a regular spot they hope never closes.",Yes,"The score is 80, which is under 85, and the majority of reviews are enthusiastically positive with specific praise about food quality, taste, and the overall experience, suggesting the AI score might be too low.",false,True,"The deep data overwhelmingly praises the restaurant's delicious and unique menu, particularly the squid dishes, along with its excellent value, enjoyable atmosphere, and good service, indicating the original score was significantly too conservative."
송파동,술집,아도겐 송파점,80,1 Neon Heart,"The score reflects strong technique and decent ingredients, but personality is average, and both value and consistency were heavily penalized due to the high sponsored ratio and absence of long-term reputation data.","While the culinary execution demonstrates commendable technique and fresh ingredients, the establishment's identity remains somewhat generic. A significant sponsorship ratio and lack of consistency data severely undermine its long-term value proposition and reliability.","요리 기술과 신선한 재료는 칭찬할 만하지만, 식당의 개성은 다소 평범합니다. 높은 협찬 비율과 일관성에 대한 정보 부족은 장기적인 가치와 신뢰도를 크게 저하시킵니다.",http://place.map.kakao.com/1976369612,37.509837875575,127.109168409404,"The customer reviews are overwhelmingly positive, with consistent and enthusiastic praise for the 'Emperor Egg Soup' (황제 계란탕) as a signature, delicious, and high-quality dish. Reviewers also highlight the good value for money, variety of menu items, friendly staff, and suitability for various occasions. There are no negative comments or even minor nitpicks.",Yes,"The reviews consistently describe an exceptional experience with specific praise for the signature dish, overall food quality, and value, suggesting a score higher than 80 is warranted.",false,True,"The deep data reveals overwhelmingly positive customer experiences, particularly highlighting the unique and exceptionally delicious '황제계란탕' and generous portions, making the original score of 59/100 far too conservative."
송파동,술집,셔터54,80,1 Neon Heart,"The score reflects a basic offering with inconsistent ingredient quality and technique, a lack of distinct personality, and no information to assess long-term consistency, despite reasonable value.","This establishment offers a selection of sweet, approachable cocktails at a low price point, though ingredient quality is inconsistent and mixology lacks sophistication. While the owner is friendly, there's little evidence of a unique culinary identity or long-term consistency.","이곳은 저렴한 가격에 달콤하고 접근하기 쉬운 칵테일을 제공하지만, 재료의 품질은 일관성 없고 칵테일 기술은 세련미가 부족합니다. 사장님의 친절함에도 불구하고, 독특한 요리 정체성이나 장기적인 일관성에 대한 증거는 미미합니다.",http://place.map.kakao.com/773768994,37.5100847890562,127.10912692023506,"The customer reviews are overwhelmingly positive, consistently praising the delicious and diverse cocktails, excellent bartender skills, good value for money, and friendly atmosphere. Specific drinks like Negroni, Apple Flower Fizz, and Piña Colada are highlighted as 'delicious' and 'the best'.",Yes,"The AI score of 80 is under 85, and the majority of reviews are enthusiastically positive with specific praise about the taste and quality of the cocktails and the skill of the bartenders, suggesting a higher score is warranted.",false,True,"The original score was a severe undervaluation; deep data reveals '셔터54' is a highly-rated, affordable cocktail bar praised for its delicious and diverse drinks, cozy atmosphere, friendly service, and charming mascot cats, making it a local favorite despite minor issues with its public restroom."
송파동,술집,신세계오뎅3 별관,80,1 Neon Heart,"The score reflects strong points in ingredients and technique, but significant deductions were made due to the complete lack of information regarding the restaurant's personality and consistency, alongside inconsistent value.","While the ingredients are undeniably fresh and the cooking techniques solid, the establishment suffers from a complete lack of discernible personality and unproven consistency. The value proposition is also inconsistent, with some items being affordable while others are notably expensive.","신선한 재료와 탄탄한 조리 기술은 칭찬할 만하나, 업장의 개성과 일관성에 대한 정보가 전무합니다. 가성비 또한 일부 메뉴는 좋지만 다른 메뉴는 가격대가 있어 일관성이 부족합니다.",http://place.map.kakao.com/1514487896,37.5084134382066,127.112001808569,No valid reviews found.,Unknown,"Scraper reached the review page, but only found dates, UI buttons, or boilerplate text. Needs human verification.",rescrape,False,"The deep data reveals consistent praise for the high-quality, diverse menu, cozy atmosphere, and friendly service, indicating the original score was significantly too conservative."
석촌동,술집,담쟁이포차,80,1 Neon Heart,"The score reflects high marks for ingredients, technique, and value, balanced by a moderate score for personality and a significant deduction for unconfirmed long-term consistency; no sponsorship penalty was applied as the ratio was below 50%.","While 담쟁이포차 excels in ingredient quality and cooking technique, offering dishes with robust flavors and fresh seafood, its long-term consistency remains unproven due to recent operational interruptions. The owner's personal touch is commendable, but the overall experience falls short of a 'Neon Heart' rating.","담쟁이포차는 신선한 재료와 뛰어난 조리 기술로 깊은 맛을 선사하지만, 운영의 일관성 측면에서 아쉬움이 남습니다. 사장님의 친절함과 개성은 돋보이나, 장기적인 단골 확보의 연속성이 불분명하여 '네온 하트' 등급에는 미치지 못했습니다.",http://place.map.kakao.com/593471332,37.5034980280133,127.106623591264,"The reviews highlight the delicious food and pleasant atmosphere, mentioning the tender chicken, spicy duck dish, and kimchi noodle soup. The staff is praised for their skill. The restaurant is praised for its cozy ambiance and good selection of drinks. There are no negative comments or contradictions with the score.",Yes,"The reviews are overwhelmingly positive and enthusiastic, warranting a higher score than what the AI initially calculated. The food quality, service, and atmosphere all received praise.",false,True,"The deep data reveals overwhelming and enthusiastic praise for the exceptional food quality, consistently kind service, and charming local atmosphere, strongly supporting the auditor's claim that the initial score was too conservative."
석촌동,술집,추엌,90,2 Neon Hearts,"Ingredients and technique scores are high due to excellent quality and execution, but personality is average, and both value and consistency were heavily penalized due to the significant sponsorship ratio.","While '추엌' boasts impressively fresh ingredients and masterful technique, its personality remains somewhat generic. The high sponsored ratio severely undermines its perceived value and long-term consistency, preventing it from achieving a higher rating.","추엌은 신선한 재료와 뛰어난 조리 기술을 선보이지만, 독창적인 개성은 다소 부족합니다. 높은 협찬 비율은 가치와 일관성에 대한 신뢰를 크게 저해하여 높은 평가를 받기 어렵습니다.",http://place.map.kakao.com/399881056,37.5059091562754,127.099344608756,"The reviews are overwhelmingly positive, praising the food quality, interior design, and overall experience. The reviewer specifically recommends a dish and describes the experience as a 'delightful' one. The minor negative points are overshadowed by the enthusiastic feedback.",Yes,"Despite a slight score discrepancy, the reviews are highly positive and enthusiastic, deserving an upgrade to a better score.",false,True,"The deep data overwhelmingly supports the auditor's claim, revealing enthusiastic praise for '추엌's sophisticated ambiance, attentive service, and the exceptional quality and creativity of its aged sashimi and signature dishes, despite a few isolated critiques regarding specific menu items."
석촌동,술집,크라운호프 석촌호수점,80,1 Neon Heart,"The score reflects competent technique and excellent value, offset by a complete lack of information on ingredient sourcing, a generic personality, and noted inconsistencies across branches.","크라운호프 석촌호수점 offers decent pub fare with notable value, especially for its prime location. However, the lack of information on ingredient quality and a generic chain identity prevent it from standing out.",크라운호프 석촌호수점은 좋은 위치에도 불구하고 합리적인 가격으로 괜찮은 술집 음식을 제공합니다. 하지만 식재료 품질에 대한 정보 부족과 체인점의 일반적인 개성은 높은 평가를 어렵게 합니다.,http://place.map.kakao.com/181126085,37.5064171691458,127.09952737174808,"Most customers enthusiastically praise the very cold draft beer, delicious black beer, and good value anju. Specific dishes like the spicy jjapagetti and tteokbokki receive positive mentions for their taste. The outdoor seating and overall atmosphere are also frequently highlighted as enjoyable. While there is one serious complaint about an inedible ginkgo skewer and a dismissive staff response, this appears to be an isolated incident amidst overwhelmingly positive feedback.",Yes,"The majority of reviews are enthusiastically positive, with specific praise for the quality and taste of the beer and various food items, suggesting a higher level of customer satisfaction and quality than an 80/100 score implies.",false,True,"The original score of 56/100 was a severe undervaluation, as deep data reveals overwhelming customer satisfaction with the consistently praised ice-cold aged draft beer, diverse and tasty pub fare, excellent outdoor seating, and great value, making it a highly recommended local spot."
석촌동,술집,숯불직화꼬치포차,90,2 Neon Hearts,"The score reflects high marks for ingredients and technique, offset by low scores due to the absence of information regarding personality and consistency, alongside a mixed assessment of value.","While the charcoal grilling technique and quality thigh meat are commendable, the establishment lacks a distinct personality and its long-term consistency remains unproven. The value proposition is inconsistent, with some items being overpriced despite their quality.","훌륭한 숯불 직화 기술과 질 좋은 닭다리살은 칭찬할 만하지만, 이 곳은 뚜렷한 개성이 부족하고 장기적인 일관성도 입증되지 않았습니다. 일부 메뉴는 품질 대비 가격이 비싸 가성비 또한 일정치 않습니다.",http://place.map.kakao.com/339420470,37.5008863066406,127.10828231371,No valid reviews found.,Unknown,"Scraper reached the review page, but only found dates, UI buttons, or boilerplate text. Needs human verification.",rescrape,False,"The deep data reveals consistently delicious, smoky charcoal-grilled skewers and excellent beer, creating an an authentic and popular pocha experience that far exceeds the original conservative score despite minor comfort and aesthetic considerations."
석촌동,술집,산울림,90,2 Neon Hearts,"The score reflects significant deductions for the complete lack of information regarding ingredients, technique, and consistency, despite a strong showing in personality and decent value.","While the culinary fundamentals of ingredients and technique remain unproven, 산울림 distinguishes itself with a unique, cozy ambiance and an owner's distinct personality, crafting bespoke cocktails. However, the lack of established consistency prevents a higher commendation.","식재료와 조리 기술에 대한 정보가 부재하여 미식적 깊이는 알 수 없으나, 산울림은 사장님의 개성 넘치는 칵테일과 아늑한 분위기로 독특한 매력을 발산합니다. 그럼에도 불구하고, 장기적인 일관성에 대한 증거가 없어 높은 평가를 내리기 어렵습니다.",http://place.map.kakao.com/1579572879,37.5067980396069,127.105024529055,No valid reviews found.,Unknown,"Scraper reached the review page, but only found dates, UI buttons, or boilerplate text. Needs human verification.",rescrape,False,"The original score was significantly undervalued as the deep data reveals '산울림' is a beloved, atmospheric music bar with excellent sound and a friendly owner, not a traditional restaurant, warranting a much higher rating for its true identity."
잠실동,술집,이태리양조장 잠실본점,80,1 Neon Heart,"The score reflects strong points in ingredients and technique, balanced by significant deductions due to the complete lack of information regarding personality and consistency.","While the ingredients are notably fresh and generous, and the cooking technique demonstrates commendable skill, the establishment severely lacks a unique personality and verifiable consistency. Its value proposition is strong, but the absence of a distinct identity and long-term reputation prevents it from achieving higher recognition.","신선하고 풍부한 식재료와 훌륭한 조리 기술은 칭찬할 만하지만, 이태리양조장은 고유한 개성과 검증된 일관성이 크게 부족합니다. 가격 대비 만족도는 높으나, 뚜렷한 정체성과 오랜 명성의 부재로 인해 높은 평가를 받기 어렵습니다.",http://place.map.kakao.com/1997791215,37.5108834931815,127.081867275307,No valid reviews found.,Unknown,"Scraper reached the review page, but only found dates, UI buttons, or boilerplate text. Needs human verification.",rescrape,False,"The original score was significantly too low, as deep data reveals overwhelmingly positive customer experiences praising the delicious wood-fired pizzas, diverse menu, lively sports pub atmosphere, and excellent value."
석촌동,술집,쇼넨 헬리오시티점,80,1 Neon Heart,"The score reflects exceptional ingredients and technique, coupled with strong value, but is significantly lowered due to a complete lack of information regarding the restaurant's unique personality and consistency.","While the ingredients are undeniably fresh and the cooking techniques are expertly applied across a diverse menu, the establishment utterly fails to convey any unique personality or demonstrate long-term consistency. Despite excellent value, the lack of information on these critical aspects prevents a higher commendation.","신선한 재료와 숙련된 조리 기술은 훌륭하나, 독창적인 개성과 장기적인 일관성에 대한 정보가 전무합니다. 뛰어난 가성비에도 불구하고, 이 핵심 요소들의 부재로 인해 높은 평가를 내리기 어렵습니다.",http://place.map.kakao.com/107516329,37.5005865588927,127.107968620297,"The customer reviews are overwhelmingly positive, highlighting delicious food such as tsukune, chicken karaage, and Nagasaki oden soup with excellent broth. Patrons consistently praise the friendly and cheerful staff, great interior, and enjoyable atmosphere, including unique entertainment like Crayon Shin-chan.",Yes,"The consistent and enthusiastic praise for food quality, staff, and ambiance, with specific mentions of delicious dishes, strongly suggests the restaurant is better than its current 80/100 score and warrants an upgrade.",false,True,"The deep data reveals overwhelmingly positive customer experiences, highlighting exceptional food quality, generous portions, inviting atmosphere, friendly service, and excellent value for money, making the original score of 66/100 far too conservative."
석촌동,술집,생활맥주 석촌호수점,80,1 Neon Heart,"The score reflects strong points in ingredients and technique, balanced by severe deductions for a complete lack of personality and consistency information, with no sponsorship penalty applied.","While the premium ingredients and competent frying technique are commendable, the establishment suffers from a complete lack of discernible personality and no evidence of long-term consistency. The exceptional value on drinks is a highlight, but it cannot compensate for the overall anonymity.","최상급 재료와 훌륭한 튀김 기술은 칭찬할 만하지만, 이 곳은 뚜렷한 개성이 부재하며 장기적인 일관성에 대한 증거가 전혀 없습니다. 주류의 뛰어난 가성비는 돋보이나, 전반적인 평범함을 상쇄하기에는 역부족입니다.",http://place.map.kakao.com/1228980536,37.5061833832685,127.098961566859,"Customers consistently praise the delicious and refreshing beer, tasty fries, and good basic snacks. While there are minor mentions of average chicken freshness, a small portion for a specific side dish, and staff appearing overwhelmed leading to slow service, these do not constitute serious complaints that contradict the AI score. The overall sentiment is positive with specific highlights on the drinks and some food items.",Yes,"The AI score of 80 is under 85, and the majority of reviews are enthusiastically positive, specifically praising the delicious beer and fries, suggesting the restaurant might be better than its current score indicates.",false,True,"The original score was significantly too low, as the deep data reveals an overwhelmingly positive customer experience with excellent food quality, diverse beer options, and attentive service, making it a highly recommended spot."
삼전동,술집,케씨펍,90,2 Neon Hearts,"Scores reflect decent basic execution but poor value and unproven consistency, with a heavy deduction applied due to the significant sponsored ratio.","Despite warm, crispy fries and generous highballs, the overall value proposition is weak, with expensive snacks and average beer. The high sponsorship ratio significantly undermines any claims of genuine local appeal or consistent quality.","갓 튀겨낸 감자튀김과 넉넉한 하이볼은 괜찮지만, 안주 가격이 비싸 가성비가 떨어진다. 높은 협찬 비율은 진정한 현지 매력이나 일관된 품질에 대한 신뢰를 크게 저하시킨다.",http://place.map.kakao.com/2121831327,37.5029361838177,127.096758733312,No valid reviews found.,Unknown,"Scraper reached the review page, but only found dates, UI buttons, or boilerplate text. Needs human verification.",rescrape,False,"The original score was significantly too low, as deep data reveals overwhelmingly positive customer experiences regarding the friendly owner, vibrant atmosphere, excellent amenities like darts and sports viewing, and consistently cold draft beer, with only minor critiques on snack pricing or presentation."
삼전동,술집,술창고,88,2 Neon Hearts,"The score reflects strong value and some competent cooking techniques, but is heavily penalized by the complete absence of information regarding ingredient quality, unique personality, and long-term consistency.","술창고 offers decent value with generous portions and some well-executed dishes like crispy donkatsu and chewy noodles. However, a significant lack of information regarding ingredient sourcing, chef's unique personality, and long-term consistency prevents it from achieving a higher rating.","술창고는 푸짐한 양과 저렴한 가격으로 좋은 가성비를 제공하며, 바삭한 돈까스와 쫄깃한 면발 등 일부 요리는 준수합니다. 하지만 식재료의 품질, 셰프의 개성, 그리고 장기적인 일관성에 대한 정보 부족으로 높은 평가를 받기 어렵습니다.",http://place.map.kakao.com/12065310,37.50324911640015,127.09530134930024,No valid reviews found.,Unknown,"Scraper reached the review page, but only found dates, UI buttons, or boilerplate text. Needs human verification.",rescrape,False,"The original score was significantly too low; deep data reveals '술창고' is consistently praised for its refreshingly cold beer, good value for money on simple snacks, and a pleasant, casual atmosphere, with no reported flaws."
잠실동,삼겹살,삼미리식당 잠실신천점,80,1 Neon Heart,Does not specialize in 삼겹살.,,,http://place.map.kakao.com/2024071712,37.51088471776009,127.08397331056094,No valid reviews found.,Unknown,"Scraper reached the review page, but only found dates, UI buttons, or boilerplate text. Needs human verification.",rescrape,False,"The original score of 0/100 was a severe misjudgment, as deep data reveals '삼미리식당 잠실신천점' is a highly praised establishment, particularly for its exceptional cha-dol-bak-i and naeng-sam, friendly service, and pleasant ambiance, warranting a significantly higher score."
잠실동,삼겹살,배고픈돼지,72,,"The scores reflect high marks for ingredients, technique, and experience, but a significant sponsorship penalty was applied to consistency and value, capping the overall score at 72.","배고픈돼지 offers quality domestic pork with excellent cooking execution and thoughtful pairings, complemented by friendly service and a comfortable atmosphere. However, significant sponsorship raises concerns about the true value and long-term consistency, preventing a higher recommendation.","배고픈돼지는 국내산 1등급 암퇘지를 훌륭한 조리 기술로 선보이며, 친절한 서비스와 쾌적한 분위기를 제공합니다. 하지만 높은 협찬 비율로 인해 가성비와 일관성에 대한 신뢰도가 하락하여 높은 점수를 부여하기 어렵습니다.",http://place.map.kakao.com/734668329,37.510126852825,127.081573507313,"Customers consistently praise the excellent quality of the meat, the delicious kimchi (even calling it 'insane'), and other side dishes like minari and spring cabbage salad. The fried rice is also highlighted as a tasty option. Many reviews express high satisfaction with the food and overall experience, including pet-friendliness and atmosphere.",Yes,"The reviews are overwhelmingly positive, with specific and enthusiastic praise for the food quality and taste, which strongly suggests the restaurant is better than a 'decent spot with real flaws' (70-79 score range).",false,True,"The scores reflect high marks for ingredients, technique, and experience, but a significant sponsorship penalty was applied to consistency and value, capping the overall score at 72."
잠실동,삼겹살,잠실생삼겹살,80,1 Neon Heart,"The score reflects strong ingredient quality and solid technique, but a significant lack of unique personality and information on value and consistency. A sponsorship penalty was applied due to the high sponsored ratio, heavily impacting the value and consistency scores.","The ingredients are commendable, boasting quality domestic pork and homemade kimchi, complemented by well-executed side dishes. However, the establishment lacks a distinctive culinary personality, and crucial information regarding value and consistency is entirely absent.","국내산 한돈과 직접 담근 김치 등 재료의 품질은 훌륭하며, 찌개와 계란찜 등 요리 기술도 준수합니다. 하지만 식당만의 독창적인 개성이 부족하고, 가성비와 일관성에 대한 정보가 전무하여 아쉬움을 남깁니다.",http://place.map.kakao.com/13290863,37.509161887161,127.085384042152,"The customer reviews are overwhelmingly positive, praising the high quality and delicious taste of the fresh samgyeopsal, the homemade kimchi, and other side dishes. Reviewers also highlight the exceptional kindness of the owners, the good portions, and the overall great value, with many calling it a hidden gem and expressing intent to become regulars.",Yes,"The reviews consistently describe an experience far exceeding a 'genuinely good place' (80/100), with multiple enthusiastic mentions of delicious food, excellent service, and great value, suggesting it's an exceptional neighborhood staple.",false,True,"The deep data reveals '잠실생삼겹살' is a highly praised local institution, consistently lauded for its exceptional fresh pork, delicious homemade kimchi, generous and tasty side dishes, and friendly service, making the original low score entirely unwarranted."
잠실동,삼겹살,엉터리생고기무한대패 잠실새내점,80,1 Neon Heart,"The score of 50 is derived from a fair assessment of good ingredient sourcing and excellent value, offset by a complete absence of chef personality and minimal culinary technique, with no sponsorship penalty applied as no ratio was provided.","While offering an undeniable value proposition with unlimited domestic pork and affordable drinks, this establishment lacks any discernible culinary technique or unique identity. It serves its purpose as a budget-friendly option but falls short of any critical acclaim.","국내산 돼지고기와 저렴한 주류를 무제한으로 제공하여 가성비는 뛰어나지만, 요리 기술이나 독창적인 개성은 찾아볼 수 없습니다. 저렴한 가격으로 즐기기에는 좋으나, 미식의 관점에서는 아쉬움이 큽니다.",http://place.map.kakao.com/999286806,37.5101974651947,127.081088363815,No valid reviews found.,Unknown,"Scraper reached the review page, but only found dates, UI buttons, or boilerplate text. Needs human verification.",rescrape,False,"The initial low score was a clear oversight, as deep data reveals a highly praised all-you-can-eat establishment offering diverse meats, extensive self-bar options, and excellent value, all within a clean and friendly environment."
잠실동,삼겹살,효자동솥뚜껑삼겹살 잠실새내점,90,2 Neon Hearts,"The score reflects decent ingredients and technique for samgyeopsal, but is severely hampered by a lack of personality, inconsistent execution of other dishes, and significant deductions in value and consistency due to the high sponsorship ratio.","While the samgyeopsal shows flashes of quality, fundamental inconsistencies in meat preparation and a complete lack of unique identity prevent it from rising above the mediocre. The heavy reliance on sponsored content also casts a long shadow over its true value and long-term consistency.","삼겹살 자체는 일정 수준의 품질을 보이지만, 다른 부위의 조리 미숙과 개성 부재가 아쉽습니다. 높은 협찬 비율은 진정한 가치와 꾸준함에 대한 의구심을 증폭시킵니다.",http://place.map.kakao.com/1401530264,37.5100266945068,127.080474020463,No valid reviews found.,Unknown,"Scraper reached the review page, but only found dates, UI buttons, or boilerplate text. Needs human verification.",rescrape,False,"The deep data reveals overwhelmingly positive customer experiences, consistently praising the restaurant's excellent value, generous portions of delicious pork belly and accompanying side dishes, unique on-griddle egg custard, and clean, spacious environment, making the original score of 48/100 a severe undervaluation."
잠실동,삼겹살,아리수만찬 잠실,80,1 Neon Heart,"The score reflects high marks for ingredients and technique, but severe deductions were applied to personality, value, and consistency due to the complete lack of information and the heavy sponsorship penalty.","While the ingredients show promise and the grilling technique is commendable, the complete absence of a unique identity and any verifiable consistency is alarming. The overwhelming sponsorship ratio severely compromises its perceived value and long-term reliability.","식재료의 품질과 굽는 기술은 칭찬할 만하지만, 식당의 개성과 일관성에 대한 정보 부재는 심각한 문제입니다. 과도한 협찬 비율은 이곳의 진정한 가치와 신뢰도를 크게 떨어뜨립니다.",http://place.map.kakao.com/1172624575,37.51884243966242,127.08131490438087,"The customer reviews are overwhelmingly positive, highlighting the restaurant's stunning Han River view, excellent atmosphere, and perceived reasonable pricing for a unique outdoor BBQ experience. Customers appreciate the self-service system and generally find the total cost to be cheaper than typical BBQ restaurants, especially given the premium location. Minor inconveniences like the restroom distance are mentioned but do not detract from the overall highly positive sentiment.",Yes,"The AI score of 80 is good, but the customer reviews consistently emphasize an exceptional atmosphere, great value, and a highly enjoyable experience that suggests the restaurant is genuinely outstanding and potentially undervalued by the current score. The enthusiastic praise for the unique setting and value warrants an upgrade.",false,True,"The original score of 48/100 was a gross misrepresentation, as deep data reveals an overwhelmingly positive customer experience, consistently praising the unique Han River view, romantic atmosphere, good food quality, and convenient self-service system, making it a highly recommended destination."
잠실동,삼겹살,백반&삼겹살차돌박이,80,1 Neon Heart,"The extremely low score reflects a complete absence of information for all critical categories, suggesting a severe lack of distinguishing qualities.","This establishment presents no discernible qualities across any critical metric. Lacking any evidence of culinary merit or unique identity, it fails to meet even the most basic standards for a recommendation.","이 식당은 어떠한 중요한 기준에서도 뚜렷한 특징을 보이지 않습니다. 요리적 장점이나 독창성에 대한 증거가 전혀 없어, 기본적인 추천 기준조차 충족하지 못합니다.",http://place.map.kakao.com/23974088,37.5083222458753,127.080103477687,"Customer reviews are overwhelmingly positive, consistently praising the delicious food, especially the gomtang, and the exceptional kindness of the owners. Many highlight it as a great local spot for home-cooked meals with fresh and varied side dishes, with one reviewer calling the gomtang 'superb, first-class'.",Yes,"The AI score of 80 is under 85, and the majority of reviews are enthusiastically positive with specific praise about food quality, taste, and the owner's hospitality, suggesting a higher score is warranted.",false,True,"The original score of 3/100 was a severe misjudgment, as deep data reveals overwhelmingly positive customer feedback praising the restaurant's delicious and filling food, excellent value, and consistently kind service from the long-standing owners."
잠실동,삼겹살,삼삼이네생고깃집,80,1 Neon Heart,"The score reflects high marks for ingredients and technique, moderate for personality, and significantly reduced points for value and consistency due to the applied sponsorship penalty.","While 삼삼이네생고깃집 utilizes commendable domestic pork and demonstrates solid cooking execution, its personality remains largely undefined. The pervasive sponsorship significantly undermines the perceived value and long-term consistency, preventing it from achieving a higher rating.","삼삼이네생고깃집은 훌륭한 국내산 돼지고기와 견고한 조리 기술을 선보이지만, 고유한 개성은 부족합니다. 광범위한 협찬 비율은 가치와 일관성에 대한 신뢰를 크게 저하시켜 높은 평가를 받기 어렵습니다.",http://place.map.kakao.com/16065479,37.5052561229508,127.083999804034,"Customer reviews are overwhelmingly positive, consistently praising the high quality and delicious taste of the meat, especially the thick samgyeopsal. Many highlight the excellent combination with fresh vegetables, kimchi, bean sprouts, and chives. The fried rice and kimchi stew are frequently mentioned as perfect finishes. Reviewers express strong loyalty, with some being long-term patrons, and describe the restaurant as a 'real gem' with a friendly owner and clean facilities.",Yes,"The current AI score of 80/100, while good, appears to underestimate the restaurant's standing based on the customer feedback. The reviews are exceptionally enthusiastic, with multiple mentions of 'best place,' 'real gem,' '10,000,000% revisit intent,' and specific praise for 'high-quality meat,' 'delicious taste,' 'fresh side dishes,' and 'fantastic fried rice and kimchi stew.' This consistent, high-level praise across numerous reviews suggests the restaurant is an exceptional neighborhood staple, warranting a higher score.",false,True,"The deep data reveals an overwhelmingly positive customer experience, consistently praising the exceptional value, fresh meat quality, and delicious traditional side dishes like fried rice and doenjang jjigae, making the original score of 66/100 far too conservative."
잠실동,삼겹살,원조부안집 잠실새내점,89,2 Neon Hearts,"The score reflects high marks for ingredient quality, technique, and consistency across branches, balanced against a significant deduction for its complete lack of unique personality and a merely satisfactory value proposition.","While Wonjo Buanjip offers commendable ingredient quality and solid cooking techniques for its aged pork, its complete lack of unique personality prevents it from standing out. Despite good value and consistent multi-branch quality, it remains a reliable but ultimately uninspired choice.","원조부안집은 숙성 돼지고기의 훌륭한 식재료 품질과 탄탄한 조리 기술을 선보이지만, 독창적인 개성이 전무하여 특별함을 느끼기 어렵습니다. 합리적인 가격과 여러 지점의 일관된 품질에도 불구하고, 믿을 수 있으나 영감을 주지 못하는 선택으로 남습니다.",http://place.map.kakao.com/1156981737,37.51033933096684,127.0843651745734,"The reviews are overwhelmingly positive, highlighting the delicious meat, special menu items, and quality service. The customer expresses enthusiasm for the place, mentioning they always enjoy their visit and are eager to recommend it to others.",Yes,"Despite the AI score of 73, the customer feedback strongly supports an improved rating. The reviews indicate a high level of satisfaction and recommendation from customers.",false,True,"The original score was too conservative as deep data reveals widespread satisfaction with high-quality aged pork, generous side dishes, and attentive service, despite one report of environmental discomfort from dripping water and poor ventilation."
방이동,삼겹살,화반 방이점,80,1 Neon Heart,"The score reflects solid ingredients and technique, but a significant deduction for lack of personality, and heavily penalized value and consistency due to the high sponsorship ratio.","While 화반 방이점 offers well-executed aged pork and attentive grilling service, its lack of unique culinary identity and questionable consistency in side dishes are notable. The high sponsorship ratio significantly undermines its perceived value and long-term local appeal, resulting in a mediocre overall experience.","화반 방이점은 숙성 고기의 품질과 직접 구워주는 서비스는 훌륭하나, 독창적인 개성이 부족하고 사이드 메뉴의 일관성에 의문이 남습니다. 높은 협찬 비율은 가치와 단골 고객 기반에 대한 신뢰를 저하시켜 전반적으로 평범한 경험을 제공합니다.",http://place.map.kakao.com/374002462,37.5131829377762,127.108587374475,"The customer reviews are overwhelmingly positive, with consistent praise for the quality of meat, the variety and deliciousness of side dishes (including specific mentions of myeong-i namul, scallion salad, and chili pickles), and specific menu items like doenjang jjigae, 'explosive' steamed egg, galmaegisal, and flying fish roe fried rice. Reviewers frequently use enthusiastic language, express high satisfaction, and recommend the restaurant, suggesting a strong positive dining experience.",Yes,"The AI score of 80/100 indicates a 'genuinely good place,' but the customer reviews are exceptionally enthusiastic and consistently highlight specific, high-quality aspects of the food and overall experience, suggesting the restaurant might warrant a higher score than currently assigned.",false,True,"The deep data reveals overwhelmingly positive feedback for the restaurant's high-quality aged meats, exceptional grilling service, generous side dishes, and pleasant ambiance, warranting a significant score increase from the original low rating."
방이동,삼겹살,양철통,80,1 Neon Heart,"The score reflects solid ingredient quality and technique, but a severe lack in personality and consistency, further compounded by a heavy sponsorship penalty applied to value and consistency categories due to the high sponsored ratio.","Yangcheoltong provides decent quality frozen Jeju pork belly and competent grilling service, complemented by well-regarded side dishes and rice. However, a significant sponsorship ratio and absence of unique identity or consistent reputation severely diminish its overall standing, pointing to a potentially uninspired dining experience.","양철통은 제주산 급냉 삼겹살과 숙련된 구이 서비스, 그리고 호평받는 찌개와 볶음밥을 제공합니다. 하지만 높은 협찬 비율과 개성 및 일관성에 대한 정보 부재는 전반적인 매력을 크게 떨어뜨려, 다소 평범한 식사 경험을 암시합니다.",http://place.map.kakao.com/175175951,37.51029767796612,127.12522208502313,"The customer reviews are overwhelmingly positive, consistently praising the high quality and delicious taste of the meat, including specific items like Iberico pork neck and frozen pork belly. Customers also highlight the delicious side dishes, sauces, and kimchi, as well as the excellent value for money, especially for the lunch special. Many reviews express strong loyalty, with customers visiting frequently (even weekly) and commending the very friendly service provided by the owners. There are no serious complaints or contradictions to the AI score.",Yes,"The AI score of 80 is under 85, and the majority of reviews are enthusiastically positive with specific praise about food quality, taste, value, and friendly service, suggesting the restaurant might warrant a higher score.",false,True,"The original score was a severe undervaluation, as deep data reveals overwhelmingly positive customer experiences highlighting extremely friendly staff who grill the meat, abundant and delicious side dishes, and high-quality, fresh frozen pork belly."
방이동,삼겹살,무쇠벼루삼겹살 부대찌개 방이본점,80,1 Neon Heart,"The score reflects strong ingredient quality and solid technique, but points were heavily deducted from consistency and value due to the significant sponsorship ratio exceeding 50%.","While the restaurant boasts high-quality, antibiotic-free pork, its overall performance is significantly undermined by a high sponsorship ratio. This casts doubt on the true consistency and value proposition, despite initial positive indications.","최고급 무항생제 돼지고기를 사용한다는 점은 긍정적이나, 높은 협찬 비율이 전반적인 평가에 큰 영향을 미쳤습니다. 이는 일관성과 가성비에 대한 신뢰도를 저하시켜 아쉬움을 남깁니다.",http://place.map.kakao.com/12337833,37.51002587345935,127.12494000031796,No valid reviews found.,Unknown,"Scraper reached the review page, but only found dates, UI buttons, or boilerplate text. Needs human verification.",rescrape,False,"The original score was far too conservative, as deep data reveals consistent praise for the restaurant's high-quality Hanwoo pork, exceptional value through its 3+1 promotion, spacious and family-friendly environment, and surprisingly delicious budaejjigae, all supported by a strong local reputation and positive customer experiences."
방이동,삼겹살,명륜진사갈비 송파방이점,80,1 Neon Heart,"The score reflects strong value and variety for an all-you-can-eat concept, but ingredients and technique are only adequate, personality is limited by its franchise nature, and consistency, while improved, doesn't signify long-term excellence. No sponsorship penalty was applied as the ratio was not provided.","This all-you-can-eat franchise offers an impressive variety of meats and sides at an undeniably attractive price point. However, despite some competent grilling, the overall quality of ingredients and culinary execution remains merely adequate, lacking the precision and distinct identity expected of a truly notable establishment.","이 무한리필 프랜차이즈는 다양한 고기와 사이드를 매력적인 가격에 제공하지만, 전반적인 재료의 품질과 조리 기술은 그저 평범한 수준에 머뭅니다. 가격 대비 만족도는 높으나, 미식의 정교함이나 독창적인 정체성은 찾아보기 어렵습니다.",http://place.map.kakao.com/338287329,37.5139533583455,127.11610016665598,"The customer reviews are overwhelmingly positive, consistently praising the good meat quality, delicious food (specifically marinated ribs), excellent value for money with unlimited options, and friendly, cheerful service. Customers express high satisfaction, with some even visiting daily for lunch and bringing friends who also enjoyed the meal.",Yes,"The score is 80 (under 85) and the majority of reviews are enthusiastically positive with specific praise about food quality, taste, and service, suggesting a higher score is warranted.",false,True,"The deep data reveals an overwhelmingly positive customer experience, highlighting exceptional value, a vast array of high-quality meats including popular new additions like pepper steak and shabu-shabu, and a significantly upgraded self-service bar, making the original score far too conservative."
방이동,삼겹살,당산오돌 방이점,80,1 Neon Heart,"Ingredients and technique are commendable, but personality is merely adequate, and both value and consistency received heavy deductions due to the high sponsored ratio.","While the domestic pork and charcoal grilling technique show promise, the lack of transparent value and consistent local patronage is concerning. This establishment struggles to distinguish itself beyond basic operational competence, heavily influenced by its promotional activities.","국내산 돼지고기와 훌륭한 숯불 직화 기술은 돋보이나, 가성비와 꾸준한 단골층에 대한 정보가 부족합니다. 과도한 협찬 비율로 인해 본연의 가치와 지속적인 고객 기반을 입증하지 못하고 있습니다.",http://place.map.kakao.com/2070021127,37.5105630309937,127.126483654472,"The customer reviews are overwhelmingly positive, highlighting excellent meat quality, delicious and juicy dishes like snow flower ribs, chewy pork, and lamb ribs, as well as an amazing Teolleogi Sujebi soup. Reviewers also praised generous portions, reasonable prices, friendly staff, and convenient amenities like spacious parking and private rooms suitable for group gatherings. Many expressed a strong intent to revisit.",Yes,"The consistent and enthusiastic praise for food quality, taste, value, and service across all reviews suggests the restaurant's performance significantly exceeds the current 80/100 AI score.",false,True,"The deep data overwhelmingly praises the high quality of diverse meat cuts, the unique and delicious 뽕잎 털레기 수제비, and the exceptional facilities for group dining, making the original score far too conservative."
방이동,삼겹살,청선 방이본점,80,1 Neon Heart,"The high scores for ingredients and technique are significantly offset by the complete lack of information regarding personality and consistency, leading to an average overall score.","This establishment excels in ingredient quality and cooking technique, particularly with its dual-stage grilling that perfectly renders the pork. However, it lacks a discernible unique identity and provides no evidence of long-term consistency or local reputation.","이 식당은 최상급 재료와 훌륭한 조리 기술, 특히 이중 초벌구이로 돼지고기의 맛을 완벽하게 끌어냅니다. 하지만 뚜렷한 개성과 장기적인 일관성, 지역 고객 기반에 대한 정보가 부족합니다.",http://place.map.kakao.com/2099243538,37.5150391713025,127.110352352866,"Customer reviews are overwhelmingly positive, highlighting excellent meat quality, delicious taste, and convenient service like pre-grilling. Reviewers express high satisfaction and intent to revisit.",Yes,"The score is under 85, and the majority of reviews are enthusiastically positive with specific praise for food quality, taste, and the overall dining experience, suggesting the restaurant is better than its current score.",false,True,"The deep data reveals overwhelming customer satisfaction with the unique fire-roasted meats, traditional ambiance, efficient service, and delicious side dishes, indicating the original score was significantly too low."
방이동,삼겹살,굽돌집 잠실방이직영점,70,,"The high scores for ingredients and technique are offset by the complete lack of information for personality, value, and consistency, with a significant sponsorship penalty applied to the latter two categories due to the 80% sponsored ratio.","While 굽돌집 잠실방이직영점 boasts exceptional wind-dried aged meats and masterful grilling technique, its lack of unique personality and unproven value proposition are concerning. The overwhelming sponsored ratio heavily impacts our assessment of its long-term consistency and genuine local appeal.","굽돌집 잠실방이직영점은 뛰어난 숙성육과 숙련된 굽기 기술을 선보이지만, 고유한 개성과 가성비에 대한 정보가 부족합니다. 높은 협찬 비율은 장기적인 일관성과 진정한 지역 인기에 대한 평가에 큰 영향을 미쳤습니다.",http://place.map.kakao.com/406133788,37.51181294169983,127.10909776617,"Customer reviews are overwhelmingly positive, highlighting excellent meat quality, delicious taste, and helpful staff who grill the meat. Specific dishes like aged samgyeopsal, moksal, and cheon-gyeopsal are described as 'crazy delicious,' along with other menu items. Customers express high satisfaction and a willingness to wait, with no negative feedback whatsoever.",Yes,"The AI score of 70/100 suggests a decent spot with real flaws, but the customer reviews are consistently and enthusiastically positive, with specific praise for food quality, taste, and service, indicating a much higher level of satisfaction than the score implies.",false,True,"The original score was significantly understated, as deep data reveals consistent, enthusiastic praise for the restaurant's exceptional wind-dried aged meats, professional grilling service, diverse and delicious homemade side dishes, inviting ambiance, and satisfying additional menu items and desserts."
방이동,삼겹살,방이돈가,80,1 Neon Heart,"The score reflects strong ingredients and some unique personality, but significant deductions were made for inconsistent technique and value, alongside documented variability in consistency.","Bang-i Don-ga presents quality ingredients and unique accompaniments, often expertly grilled by staff for a juicy initial experience. However, inconsistent cooking execution and a high price point, coupled with occasional dips in quality, prevent it from achieving higher acclaim.","방이돈가는 좋은 식재료와 독특한 곁들임으로 시작은 훌륭하나, 직원들의 굽기 기술 편차와 높은 가격대, 그리고 미묘한 품질의 불일치가 아쉬움을 남깁니다.",http://place.map.kakao.com/2061449677,37.5121298886276,127.109321049998,"The reviews highlight the delicious meat quality, special menu items, and overall enjoyable dining experience. Staff is praised for preparing the meat and serving. The review mentions that the place is popular among foreigners and locals alike, with good turnover and a warm atmosphere.",Yes,"Despite the AI score of 71/100, the overwhelmingly positive reviews support an upgraded score. The consistent enthusiasm and quality of the feedback suggest that the restaurant deserves a higher rating.",false,True,"The original score was significantly overturned as deep data reveals an overwhelmingly positive customer experience, consistently praising the exceptional quality of the aged and expertly cooked meats, unique and delicious side dishes, and 'legendary' fried rice, all enhanced by attentive service."
방이동,삼겹살,방이뚝배기,80,1 Neon Heart,Does not specialize in 삼겹살.,,,http://place.map.kakao.com/1214208066,37.51134674497855,127.1114327406385,No valid reviews found.,Unknown,"Scraper reached the review page, but only found dates, UI buttons, or boilerplate text. Needs human verification.",rescrape,False,"The original 0/100 score was a clear error, as deep data reveals '방이뚝배기' is overwhelmingly praised for its exceptional value, delicious and hearty Korean dishes, and friendly service, despite minor inconveniences like cash-only payment and a sometimes warm interior."
송파동,삼겹살,노다지,0,None,Supreme Court Overruled: Authentic customer receipts revealed major flaws (service/taste/hygiene). Revoked.,"While 노다지 offers decent quality samgyeopsal and good value, its culinary identity is uninspired and consistency is questionable. A high sponsorship ratio further diminishes its appeal as a truly authentic local gem.","노다지는 괜찮은 품질의 삼겹살과 합리적인 가격을 제공하지만, 요리의 개성이 부족하고 일관성에도 의문이 있습니다. 높은 협찬 비율은 진정한 지역 맛집으로서의 매력을 더욱 떨어뜨립니다.",http://place.map.kakao.com/1859507506,37.5026711330009,127.111261514701,"The restaurant receives overwhelmingly positive reviews, with customers expressing strong loyalty, frequent visits, and high praise for the squid bibimbap and side dishes. Many consider it a favorite and consistently delicious. However, one review specifically highlights a disappointment with the squid composition, stating a preference for squid bodies but receiving only legs.",No,"The AI score of 95/100 indicates a destination-worthy restaurant that requires flawless evidence. A specific complaint about the composition of a main ingredient (squid bodies vs. legs) in a signature dish, even if from a single review, constitutes a credible serious complaint that contradicts this exceptionally high standard.",false,False,"The original score was a gross misrepresentation, as deep data reveals overwhelming customer satisfaction with the restaurant's exceptional value, delicious home-style cooking, generous portions, and varied, high-quality side dishes, making it a highly recommended local gem."
송파동,삼겹살,돈블랑 석촌호수점,80,1 Neon Heart,"The score breakdown reflects strong points in ingredients and technique, but a low score for personality due to lack of information, and heavily penalized value and consistency due to the high sponsorship ratio.","While 돈블랑 석촌호수점 boasts commendable ingredient quality and solid grilling technique, its lack of unique culinary identity is notable. The significant sponsorship ratio heavily impacts our assessment of its true value and long-term consistency, despite some positive customer feedback.","돈블랑 석촌호수점은 훌륭한 식재료 품질과 숙련된 조리 기술을 선보이지만, 독창적인 개성은 부족합니다. 높은 협찬 비율이 가치와 일관성에 대한 평가에 결정적인 영향을 미쳤습니다.",http://place.map.kakao.com/936967227,37.51142852223295,127.1077795123136,"Customer reviews are overwhelmingly positive, highlighting excellent meat quality, delicious taste, diverse and fresh side dishes, friendly staff who grill the meat, and a spacious, pleasant atmosphere. Many describe it as a '맛집' (must-visit restaurant) and praise the overall dining experience.",Yes,"The reviews consistently praise the core offering (meat quality and taste) and service, with multiple enthusiastic comments. The current score of 80 seems to underestimate the strong positive sentiment and specific praise for food and experience, suggesting it warrants a higher score.",false,True,"The deep data overwhelmingly indicates a premium dining experience with consistently praised aged pork, exceptional grilling service, a clean and spacious ambiance, and delicious side dishes, warranting a significant score increase from the original conservative rating."
송파동,삼겹살,우리식당 우리정육점,80,1 Neon Heart,"The score reflects strong ingredients and technique, but a lack of unique personality and a significant deduction in value and consistency due to the high sponsorship ratio.","While the direct-sourced ingredients and diverse banchan show promise, the overwhelming sponsored content casts a long shadow over its true value and long-term reliability. This establishment struggles to prove its worth beyond promotional fanfare.","직영 정육점의 신선한 고기와 다채로운 밑반찬은 긍정적이나, 압도적인 협찬 비율이 진정한 가치와 꾸준함에 대한 의구심을 증폭시킵니다. 홍보성 콘텐츠를 넘어선 본질적인 매력을 입증하기에는 역부족입니다.",http://place.map.kakao.com/15678531,37.50723219697961,127.11484225861396,"The customer reviews are overwhelmingly positive, consistently praising the excellent meat quality, delicious and carefully prepared side dishes, and the added value of complimentary doenjang-jjigae with rice. Many reviewers express high satisfaction, calling it a favorite and indicating a strong desire to return. The only 'negative' mentions are about increased wait times due to its popularity, which is not a serious complaint.",Yes,"The reviews enthusiastically praise specific aspects of the food quality (meat, side dishes) and value (free doenjang-jjigae), suggesting a consistently excellent dining experience that warrants a higher score than 80/100.",false,True,"The original score was significantly underestimated, as deep data reveals '우리식당 우리정육점' is a highly popular local gem consistently praised for its exceptional value, fresh, high-quality meat, generous and delicious side dishes, and bustling atmosphere, despite common minor issues like waiting times and limited parking."
송파동,삼겹살,나루터생고기,80,1 Neon Heart,"The score reflects solid ingredients and technique, severely undermined by a complete lack of personality and consistency, with heavy deductions applied to value and consistency due to the high sponsorship ratio.","While 나루터생고기 offers decent ingredients and competent cooking, its lack of unique identity and unproven consistency are glaring. The high sponsorship ratio casts a significant shadow on its perceived value and long-term reliability.","나루터생고기는 괜찮은 식재료와 무난한 조리 기술을 선보이지만, 독창적인 개성과 일관성 면에서는 아쉬움이 큽니다. 높은 협찬 비율은 가치와 신뢰도에 대한 의문을 제기합니다.",http://place.map.kakao.com/513776847,37.5103889683791,127.111442627308,No valid reviews found.,Unknown,"Scraper reached the review page, but only found dates, UI buttons, or boilerplate text. Needs human verification.",rescrape,False,"The deep data reveals overwhelmingly positive customer experiences, consistently praising the restaurant's excellent value, high-quality fresh meat, delicious homemade kimchi and generous side dishes, convenient amenities like free parking and a self-service bar, and a welcoming atmosphere, indicating the original score was far too conservative."
송파동,삼겹살,돈필살,80,1 Neon Heart,"High scores for ingredients, technique, and personality reflect the culinary merits, but substantial penalties were applied to value and consistency due to the >50% sponsored ratio, strictly adhering to Neon Guide policy.","돈필살 presents a commendable dedication to aged Han-don, expertly grilled and paired with thoughtful accompaniments, demonstrating strong culinary technique and a distinct owner's touch. Yet, the pervasive sponsored content casts a long shadow, severely compromising our assessment of its genuine value and long-term consistency.","돈필살은 숙성 한돈과 전문적인 조리 기술로 훌륭한 맛을 선사하며, 사장의 개성 또한 돋보입니다. 그러나 높은 협찬 비율은 이 식당의 진정한 가치와 일관성에 대한 신뢰를 심각하게 저해하여, 미식 경험의 진정성을 의심하게 만듭니다.",http://place.map.kakao.com/1327354298,37.51089887418357,127.1086078177839,"Customer reviews are overwhelmingly positive, highlighting excellent meat quality, delicious side dishes, attentive service (they cook for you), and generous portions. Specific praise is given to the aged samgyeopsal and moksal, grilled white kimchi, meljeot, and Kimchi Mal-i Guksu. Customers express strong satisfaction and intent to revisit.",Yes,"The AI score of 80 is under 85, and the reviews are consistently and enthusiastically positive with detailed praise for food quality, taste, and overall experience, suggesting the restaurant is better than its current score.",false,True,"The deep data reveals an overwhelmingly positive customer experience, consistently praising the unique expert grilling service, high-quality aged pork, diverse delicious side dishes, and clean, comfortable ambiance, making the original score of 69/100 severely understated."
석촌동,삼겹살,나리식당 잠실점,95,3 Neon Hearts,"The score reflects strong technique and ingredient quality for its specific style, but personality is generic, and both value and consistency were heavily penalized due to the high sponsorship ratio.","While 나리식당 잠실점 delivers a commendable execution of its signature frozen samgyeopsal style with excellent side dishes, its lack of distinct personality and questionable value are concerning. The pervasive sponsorship significantly undermines the perceived consistency and genuine local appeal, preventing a higher rating.","나리식당 잠실점은 시그니처 냉동 삼겹살 스타일을 훌륭하게 구현하고 곁들임 반찬도 훌륭하지만, 독특한 개성이 부족하고 가치에 의문이 남습니다. 높은 협찬 비율은 진정한 일관성과 지역 고객의 반복 방문에 대한 신뢰를 크게 저해하여 높은 평가를 어렵게 만듭니다.",http://place.map.kakao.com/1369167732,37.50793294872902,127.10338614671898,No valid reviews found.,Unknown,"Scraper reached the review page, but only found dates, UI buttons, or boilerplate text. Needs human verification.",rescrape,False,"The original score was severely understated, as deep data reveals overwhelmingly positive customer experiences, consistently praising the high-quality frozen pork belly, exceptional side dishes (especially the green onion salad), delicious stews, stunning lake views, convenient parking, and excellent amenities like lockers and modern ordering systems."
석촌동,삼겹살,잠수교집 3호점,88,2 Neon Hearts,"The score reflects strong personality and good ingredients, but significant deductions were made in consistency and value due to reported taste variations, high pricing, and the application of a heavy sponsorship penalty.","While 잠수교집 3호점 offers a charming retro ambiance and quality flash-frozen pork, its inconsistent taste compared to the main branch and premium pricing are notable drawbacks. The significant sponsored content ratio further casts doubt on its genuine local appeal.","잠수교집 3호점은 매력적인 레트로 분위기와 훌륭한 급랭 삼겹살을 제공하지만, 본점 대비 맛의 일관성 부족과 다소 높은 가격대가 아쉽습니다. 높은 협찬 비율은 진정한 현지 인기에 대한 의문을 제기합니다.",http://place.map.kakao.com/1709020622,37.505903872861936,127.09919870471283,No valid reviews found.,Unknown,"Scraper reached the review page, but only found dates, UI buttons, or boilerplate text. Needs human verification.",rescrape,False,"Despite isolated reports of hygiene issues and menu item unavailability, the overwhelming consensus praises the delicious food, generous side dishes, retro ambiance, and friendly service, indicating the original score was too conservative."
석촌동,삼겹살,호숫가냉삼,80,1 Neon Heart,"The score reflects high marks for ingredients and technique, but severe deductions were applied to personality, value, and consistency due to a lack of information and the significant sponsorship penalty.","Despite premium ingredients and commendable cooking, 호숫가냉삼 suffers from an undisclosed identity and questionable long-term consistency. The high sponsorship ratio significantly undermines its perceived value and organic reputation.","최상급 식재료와 훌륭한 조리 기술에도 불구하고, 호숫가냉삼은 고유한 개성이 부족하며 장기적인 일관성 또한 불분명합니다. 높은 협찬 비율은 이곳의 진정한 가치와 자생적인 명성에 큰 의문을 제기합니다.",http://place.map.kakao.com/369324919,37.506858553728,127.103839326694,No valid reviews found.,Unknown,"Scraper reached the review page, but only found dates, UI buttons, or boilerplate text. Needs human verification.",rescrape,False,"The original score was a severe misjudgment, as deep data reveals an overwhelmingly positive customer experience, consistently praising the high-quality flash-frozen meats, generous and delicious side dishes, clean atmosphere, and exceptionally friendly service."
석촌동,삼겹살,석촌집,80,1 Neon Heart,"The score reflects strong technique and a unique personality, but significant deductions were applied to value and consistency due to the overwhelming 60% sponsorship ratio, raising concerns about genuine customer experience.","Despite a unique culinary background and commendable technique in dishes like Galbijjim, the pervasive sponsorship casts a long shadow. The perceived value and consistency are heavily compromised, making it difficult to recommend without reservation.","갈비찜 등에서 돋보이는 기술력과 독특한 배경에도 불구하고, 높은 협찬 비율은 신뢰도에 큰 의문을 제기합니다. 체감되는 가치와 일관성이 심각하게 훼손되어, 선뜻 추천하기 어렵습니다.",http://place.map.kakao.com/710669739,37.5054914444922,127.098922200223,"The reviews describe a highly diverse buffet with many unique and delicious dishes, including specific praise for kimchi and overall food quality. Customers appreciate the extensive variety (Korean, Chinese, Japanese, Western, snacks) and the friendly welcome. While there are minor mentions of the owner's presence being a bit watchful, these are isolated and do not detract from the overwhelmingly positive feedback regarding food and overall experience.",Yes,"The score is 80/100, which is under 85. The majority of reviews are enthusiastically positive, highlighting the excellent variety and taste of the food, with specific mentions of '역대급임 (legendary)', '반찬 하나하나 다맛있음 (every side dish delicious)', '김치까지 맛있음 (even kimchi is delicious)', and '메뉴 종류도 많고, 구성도 너무 좋아요 (many menu types, great composition)'. These strong positive sentiments suggest the restaurant might deserve a higher score.",false,True,"The original score was significantly undervalued, as deep data reveals a restaurant consistently praised for its high-quality, delicious food, exceptional value, diverse menu options, and friendly service, all overseen by a renowned chef."
석촌동,삼겹살,대박집,80,1 Neon Heart,"The score reflects decent ingredient quality for its price point, but suffers from inconsistent technique, a complete lack of personality, and heavily penalized value and consistency due to the high sponsored ratio and lack of long-term reputation.","대박집 offers incredibly cheap, thinly sliced pork belly, a budget-friendly option for those prioritizing price over culinary distinction. However, a significant sponsorship ratio and lack of unique identity prevent it from achieving a higher rating.","대박집은 놀랍도록 저렴한 대패삼겹살을 제공하며, 가격을 최우선으로 하는 이들에게는 매력적일 수 있습니다. 하지만 높은 협찬 비율과 개성 부족으로 인해 '네온 가이드'의 높은 기준을 충족시키지 못했습니다.",http://place.map.kakao.com/16067145,37.5037105755494,127.097334256171,"The reviews are overwhelmingly positive, highlighting good meat quality, delicious taste, excellent value for money, and generous ssam vegetables. Customers express strong loyalty and enthusiasm for the restaurant, with many calling it a favorite spot.",Yes,"Despite a single warning to check the bill and a mention of noise, the consistent and enthusiastic praise for food quality, taste, and value across multiple reviews suggests the AI score of 80 might be an understatement.",false,True,"The initial low score was a severe misjudgment, as deep data reveals '대박집' offers exceptional value with consistently praised, fresh-tasting pork belly and a generous, fresh self-service vegetable bar, leading to immense popularity and high customer satisfaction despite minor critiques on some side dishes."
석촌동,삼겹살,포크꿀꿀농장,95,3 Neon Hearts,"The scores reflect strong points in ingredients and technique, with a decent showing for personality, but value and consistency were heavily penalized due to the sponsored ratio exceeding 50%.","While 포크꿀꿀농장 boasts commendable ingredient quality and solid cooking execution, its overall standing is significantly undermined by a pervasive sponsorship ratio. The generous portions and dedicated owner presence are noted, but fail to elevate it beyond an average recommendation given the circumstances.","포크꿀꿀농장은 훌륭한 식재료 품질과 탄탄한 조리 기술을 선보이지만, 높은 협찬 비율로 인해 전반적인 평가가 크게 저해됩니다. 푸짐한 양과 사장님의 진심 어린 태도는 긍정적이나, 협찬 비율을 고려할 때 평균 이상의 추천을 하기는 어렵습니다.",http://place.map.kakao.com/21965527,37.50642510994374,127.1007884391258,No valid reviews found.,Unknown,"Scraper reached the review page, but only found dates, UI buttons, or boilerplate text. Needs human verification.",rescrape,False,"The original score was significantly undervalued as deep data reveals overwhelming customer satisfaction with the exceptional quality of Seonjin Pork, generous portions, genuinely friendly owner service, and delicious side dishes, making it a beloved local establishment."
석촌동,삼겹살,나촌골 숯불갈비,90,2 Neon Hearts,"The score reflects strong technique and personality, offset by moderate scores in ingredients and value, and a lower score in consistency due to unproven meat quality post-price adjustment.","나촌골 숯불갈비 excels in traditional technique, offering well-balanced flavors and a distinct personal touch from its owner. However, concerns regarding its value proposition for imported meats and unproven long-term consistency prevent it from earning a Neon Heart.","나촌골 숯불갈비는 전통적인 조리 기술로 훌륭한 맛과 균형 잡힌 양념, 그리고 사장님의 개성 있는 손맛을 선보입니다. 하지만 수입산 고기에 대한 가성비 우려와 아직 검증되지 않은 일관성 때문에 네온 하트를 받기에는 부족합니다.",http://place.map.kakao.com/15729577,37.50081434853512,127.10814876265682,"The review indicates that the food quality is excellent, as the customer mentions '고기 질이 좋아요'. Additionally, the restaurant has undergone renovations and now offers a wider variety of side dishes, which the customer appreciates. The restaurant has also been recognized as a local gem by the district mayor. The reviewer recommends the restaurant and highlights the friendly service and delicious food. The overall sentiment is very positive.",Yes,"The positive reviews highlight the excellent food quality, improvements from renovations, and the customer's enjoyment of the dining experience, warranting a higher score.",false,True,"The deep data overwhelmingly supports the auditor's claim, revealing consistent praise for the excellent LA and pork galbi, generous and delicious side dishes, and overall satisfying dining experience, warranting a significant score increase despite minor inconsistencies."
석촌동,삼겹살,태릉고기촌,80,1 Neon Heart,"The score reflects solid technique and reasonable ingredient quality for its price, but a lack of culinary personality. A significant sponsorship penalty was applied to both value and consistency, severely impacting the overall score.","This establishment offers decent quality imported meats and local pork at an attractive price point, with generally well-executed dishes. However, its culinary identity is uninspired, and a high sponsorship ratio significantly undermines its perceived value and long-term consistency.","태릉고기촌은 합리적인 가격에 괜찮은 품질의 수입육과 제주 돼지를 선보이며, 전반적으로 요리 기술은 준수합니다. 하지만 뚜렷한 개성이 부족하고 높은 협찬 비율이 가치와 일관성에 대한 신뢰도를 크게 저하시킵니다.",http://place.map.kakao.com/1980180280,37.50585707218806,127.10436724009392,No valid reviews found.,Unknown,"Scraper reached the review page, but only found dates, UI buttons, or boilerplate text. Needs human verification.",rescrape,False,"The deep data overwhelmingly reveals '태릉고기촌' to be a highly-regarded local gem offering exceptional value, diverse menu options, and consistently praised meat quality with friendly service and excellent amenities, warranting a significant score increase from the original conservative rating."
석촌동,삼겹살,이가장,80,1 Neon Heart,"While ingredients and technique are strong, the score is significantly impacted by a low personality score and heavy deductions in value and consistency due to the extremely high sponsorship ratio.","이가장 showcases commendable ingredient quality and precise cooking techniques, particularly in its broths and seasoning. However, a lack of distinct culinary personality and questionable long-term value, heavily influenced by an overwhelming sponsorship ratio, prevents it from achieving a higher standing.","이가장은 식재료의 품질과 국물, 양념 등 조리 기술 면에서 훌륭한 역량을 보여줍니다. 하지만 뚜렷한 요리적 개성이 부족하고, 압도적인 협찬 비율로 인해 가치와 일관성 측면에서 심각한 의문이 제기됩니다.",http://place.map.kakao.com/502669794,37.4998693406316,127.102941895815,"The customer reviews are overwhelmingly positive, highlighting delicious food, generous portions, and exceptional kindness from the owner. Many reviewers praise the taste, quality of ingredients (meat, kimchi), and the comforting 'home-cooked meal' feel, with some even returning on consecutive days, indicating high satisfaction.",Yes,"The reviews enthusiastically praise the food quality, taste, and the owner's hospitality, suggesting a higher level of satisfaction than an 80/100 score implies. Specific mentions of delicious main and side dishes, well-prepared meat and kimchi, balanced seasoning, and the owner's kindness indicate a genuinely outstanding experience for customers.",false,True,"The deep data reveals overwhelmingly positive customer experiences, praising the exceptional taste, generous portions, fresh ingredients, homemade kimchi, friendly service, and excellent value, making the original score of 55/100 far too conservative."
석촌동,삼겹살,임금돼지 잠실점,80,1 Neon Heart,The high scores for ingredients and technique are offset by a low personality score and significant deductions in value and consistency due to the applied sponsorship penalty.,"While 임금돼지 잠실점 boasts premium aged pork and exceptional grilling technique, its lack of a distinct culinary personality and heavy sponsorship significantly detract from its overall appeal. The experience, though well-executed, feels more like a polished formula than a passionate culinary statement.","임금돼지 잠실점은 숙성 돼지고기의 품질과 훌륭한 굽기 기술을 자랑하지만, 독자적인 개성 부재와 높은 협찬 비율이 전반적인 매력을 크게 감소시킵니다. 잘 구현된 경험임에도 불구하고, 열정적인 요리적 선언보다는 잘 다듬어진 공식에 가깝게 느껴집니다.",http://place.map.kakao.com/1390916960,37.50805753948151,127.10412487282576,No valid reviews found.,Unknown,"Scraper reached the review page, but only found dates, UI buttons, or boilerplate text. Needs human verification.",rescrape,False,"The original score was significantly too low, as deep data reveals an overwhelmingly positive customer experience highlighting premium meat quality, exceptional grilling service, sophisticated ambiance, and unique culinary touches like pine needle smoking and diverse condiments."
석촌동,삼겹살,곱분이곱창 송파중앙점,80,1 Neon Heart,"The score reflects high marks for ingredients and technique, fair value due to discounts, but significantly lower scores for personality and consistency due to a lack of distinguishing features and no evidence of long-term reputation.","While 곱분이곱창 송파중앙점 boasts fresh, domestic ingredients and commendable cooking technique, its lack of distinct personality and unproven consistency prevent it from earning a Neon Heart. The significant takeout discount offers good value, but without a long-term reputation, it remains merely an average option.","곱분이곱창 송파중앙점은 신선한 국내산 재료와 훌륭한 조리 기술을 자랑하지만, 독특한 개성이 부족하고 검증된 꾸준함이 없어 네온 하트를 받지 못했습니다. 포장 시 현금 할인 혜택은 매력적이나, 장기적인 명성이 뒷받침되지 않아 평범한 선택지에 머무릅니다.",http://place.map.kakao.com/1372154378,37.5007507823619,127.106712419064,"The customer reviews are overwhelmingly positive, consistently praising the delicious food, generous portions, and the owner's exceptional kindness. Specific mentions include delicious fried rice with plenty of roe, generous gopchang, and tasty seasoned makchang. There are no negative or even mixed reviews.",Yes,"The current AI score of 80/100, while good, does not fully reflect the unanimous and enthusiastic praise from customers regarding the food quality, taste, generosity, and friendly service, which suggests a genuinely exceptional experience warranting a higher score.",false,True,"The deep data overwhelmingly reveals a highly praised restaurant with delicious, clean-tasting gopchang, excellent service, and a clean environment, despite one outlier review citing excessive saltiness and off-smell."
삼전동,삼겹살,고기공원 잠실본점,80,1 Neon Heart,"The score reflects strong ingredient quality, but significant deductions were made for inconsistent seasoning, a lack of unique personality, and no evidence of long-term consistency.","This establishment offers quality ingredients, particularly its certified pork and premium Hanwoo, which are competently grilled by staff. However, a pervasive issue with over-salting across multiple dishes and a lack of distinct culinary identity prevent it from rising above average.","한돈 인증점의 좋은 식재료를 사용하며 직원들이 고기를 구워주는 서비스는 긍정적입니다. 하지만 전반적으로 간이 강한 경향이 있고, 특별한 개성이나 일관된 맛의 깊이가 부족하여 아쉬움을 남깁니다.",http://place.map.kakao.com/1306459525,37.5059629000615,127.096465190318,No valid reviews found.,Unknown,"Scraper reached the review page, but only found dates, UI buttons, or boilerplate text. Needs human verification.",rescrape,False,"The original score was significantly underestimated, as deep data reveals overwhelmingly positive customer experiences highlighting high-quality meat, exceptional staff grilling service, a clean and pleasant atmosphere, and overall strong satisfaction despite a noted preference for salty seasoning."
삼전동,삼겹살,본가감자탕삼겹살,90,2 Neon Hearts,"The score reflects strong ingredients and technique, moderate personality, but heavily penalized value and consistency due to the overwhelming sponsored ratio.","While 본가감자탕삼겹살 boasts commendable Jeju pork and solid technique, particularly with its side dishes and haejangguk, its high sponsorship ratio significantly compromises its perceived value and long-term consistency. The charm of a small, owner-operated establishment is overshadowed by the lack of genuine, unbiased customer endorsement.","본가감자탕삼겹살은 제주산 삼겹살과 훌륭한 조리 기술을 선보이지만, 높은 협찬 비율이 진정한 가치와 일관성에 대한 신뢰를 떨어뜨립니다. 아담한 가게의 매력에도 불구하고, 객관적인 고객 평가의 부재가 아쉬움을 남깁니다.",http://place.map.kakao.com/9056268,37.5025450964638,127.08879305896323,No valid reviews found.,Unknown,"Scraper reached the review page, but only found dates, UI buttons, or boilerplate text. Needs human verification.",rescrape,False,"The deep data reveals overwhelmingly positive customer experiences, highlighting delicious and generously portioned food, excellent side dishes, outstanding service including owner honesty, and official recognition as a 'Good Price Restaurant,' indicating the original score was significantly too low."
삼전동,삼겹살,장터숯불구이,82,1 Neon Heart,"The score reflects decent technique and a strong personality, but severe deductions were applied to consistency and value due to inconsistent ingredient quality and the high sponsored ratio.","Despite a distinct, albeit gruff, personality and initially appealing prices, 장터숯불구이 struggles with fundamental consistency in ingredient quality and overall reliability. The significant sponsorship ratio further undermines trust in its purported value and long-term reputation.","장터숯불구이는 투박하지만 개성 있는 사장님과 매력적인 가격대를 가졌으나, 식재료 품질과 전반적인 일관성에서 심각한 결함을 보입니다. 높은 협찬 비율은 이곳의 가치와 명성에 대한 신뢰를 더욱 떨어뜨립니다.",http://place.map.kakao.com/18840611,37.5043077311035,127.089630926486,No valid reviews found.,Unknown,"Scraper reached the review page, but only found dates, UI buttons, or boilerplate text. Needs human verification.",rescrape,False,"The original score was too conservative, as the restaurant consistently delivers excellent value and a cherished '노포' atmosphere with generous side dishes and generally good meat, despite slow service and one concerning report of poor meat quality."
삼전동,삼겹살,상상오리 잠실본점,80,1 Neon Heart,The score reflects solid technique for smoked meats but a lack of distinct personality and severe deductions in value and consistency due to the high sponsored ratio.,"Despite its well-executed smoking technique and generous portions, 상상오리 잠실본점 struggles to establish a unique culinary identity. The pervasive influence of sponsored content significantly undermines the credibility of its perceived value and consistency among genuine patrons.","상상오리 잠실본점은 훈연 기술과 넉넉한 양은 돋보이나, 독창적인 요리 개성을 찾기 어렵습니다. 높은 협찬 비율은 진정한 고객들이 느끼는 가치와 일관성에 대한 신뢰도를 크게 떨어뜨립니다.",http://place.map.kakao.com/866161035,37.5000258047483,127.094696746686,No valid reviews found.,Unknown,"Scraper reached the review page, but only found dates, UI buttons, or boilerplate text. Needs human verification.",rescrape,False,"The original score was a severe misjudgment, as deep data reveals overwhelmingly positive customer experiences praising the delicious, tender, and generously portioned smoked duck and pork, along with thoughtful packaging and excellent side dishes, making it a highly recommended delivery option."
석촌동,돼지갈비,해운대연탄생갈비 송파가락점,95,3 Neon Hearts,Does not specialize in 돼지갈비.,,,http://place.map.kakao.com/1334184896,37.50073689882338,127.10711952575826,No valid reviews found.,Unknown,"Scraper reached the review page, but only found dates, UI buttons, or boilerplate text. Needs human verification.",rescrape,False,"The original score of 0 was a clear error, as deep data reveals overwhelmingly positive reviews praising the exceptional quality of 1++ Hanwoo, friendly service, clean environment, and excellent value, making it a highly recommended and popular local establishment."
잠실동,고기집,무한소 신천본점,91,2 Neon Hearts,"The score reflects significant deductions in ingredients and consistency due to highly variable meat quality and differing standards between initial and refill portions, alongside issues with grilling technique, despite fair value for quantity.","This all-you-can-eat beef establishment offers an attractive price point, yet struggles significantly with meat quality consistency and grilling execution. While side dishes show flashes of brilliance, the core offering is unreliable, failing to meet even basic expectations for a dedicated 고기집.","무한리필 소고기라는 매력적인 가격에도 불구하고, 고기 품질의 일관성과 굽는 기술에서 심각한 문제를 드러냅니다. 일부 사이드 메뉴에서 빛나는 순간이 있지만, 핵심 메뉴의 신뢰성이 부족하여 고기집으로서의 기본적인 기대치에 미치지 못합니다.",http://place.map.kakao.com/12010908,37.5096796997855,127.081941740374,No valid reviews found.,Unknown,"Scraper reached the review page, but only found dates, UI buttons, or boilerplate text. Needs human verification.",rescrape,False,"The deep data reveals overwhelming customer satisfaction with the exceptional value, fresh domestic beef quality, and friendly service, indicating the original score was far too conservative for this highly-rated unlimited refill restaurant."
잠실동,고기집,신천무한리필,85,1 Neon Heart,"The score reflects decent technique and personality, but significant deductions were made in ingredients, value, and consistency due to highly contradictory quality reports and the applied sponsorship penalty.","Despite some highlights in specific dishes and friendly service, the severe inconsistency in meat quality and the overwhelming sponsored content severely undermine its credibility. The value proposition is questionable when quality cannot be guaranteed.","일부 요리의 맛과 친절한 서비스는 긍정적이나, 고기 품질의 심각한 불일치와 높은 협찬 비율이 신뢰도를 크게 저하시킵니다. 품질이 보장되지 않는 상황에서 가성비는 의문입니다.",http://place.map.kakao.com/1172017897,37.51021087330296,127.0850832466962,No valid reviews found.,Unknown,"Scraper reached the review page, but only found dates, UI buttons, or boilerplate text. Needs human verification.",rescrape,False,"The original score was overturned as a deep dive into reviews specifically matching '신천무한리필' (a beef unlimited refill restaurant) revealed consistently positive feedback regarding meat quality, value, and overall dining experience, indicating the initial assessment was too conservative."
잠실동,고기집,후발대 잠실직영점,91,2 Neon Hearts,"The score reflects solid ingredient sourcing offset by inconsistent technique, a lack of culinary personality, and documented issues with long-term consistency.","While 후발대 잠실직영점 sources quality meats and offers a pleasant grilling service, its execution suffers from inconsistent technique and a notable lack of unique culinary identity. The experience is further hampered by reports of declining quality over time and uneven dish consistency.","후발대 잠실직영점은 좋은 품질의 고기를 사용하고 직접 구워주는 서비스는 긍정적이나, 조리 기술의 일관성 부족과 셰프의 개성이 부재합니다. 시간이 지남에 따라 맛이 변했다는 평가와 메뉴별 편차가 있어 아쉬움을 남깁니다.",http://place.map.kakao.com/1747047105,37.5110800927465,127.081606214466,No valid reviews found.,Unknown,"Scraper reached the review page, but only found dates, UI buttons, or boilerplate text. Needs human verification.",rescrape,False,"The deep data reveals consistently high praise for the unique potato wrap, expertly cooked meats (especially daechang), attentive staff service, and overall deliciousness, indicating the original score was significantly too low despite minor inconsistencies in ramen flavor or samgyeopsal texture."
방이동,고기집,운집 방이본점,74,,"The score reflects strong points in ingredients, technique, and experience, but significant deductions were applied to value and consistency due to the 50% sponsored ratio, which also capped the final score below 80.","While the quality of ingredients and cooking technique are commendable, the significant sponsored content raises concerns about true value and consistent quality. This establishment offers a pleasant dining experience but falls short of earning a Neon Heart due to unverified claims.","고기 품질과 조리 기술은 칭찬할 만하나, 높은 협찬 비율이 진정한 가치와 일관성에 대한 의문을 제기합니다. 전반적으로 즐거운 식사 경험을 제공하지만, 검증되지 않은 정보로 인해 네온 하트를 받기에는 부족합니다.",http://place.map.kakao.com/561959573,37.5129500630102,127.110973639183,"The customer reviews are overwhelmingly positive, consistently praising the high quality and tenderness of the meat, its delicious taste, and the excellent tripe hotpot. Reviewers also appreciate the attentive service, including staff grilling the meat, the clean environment, and the unique aspect of the owner being a former baseball player. There are no negative comments or complaints.",Yes,"The current AI score of 74/100 suggests a decent spot with real flaws, but the customer reviews present a consistently enthusiastic and positive experience, highlighting specific strengths in food quality, taste, and service without any mention of flaws. This strong positive sentiment and specific praise contradict a score in the 'decent with flaws' range and suggest a higher score is warranted.",false,True,"The score reflects strong points in ingredients, technique, and experience, but significant deductions were applied to value and consistency due to the 50% sponsored ratio, which also capped the final score below 80."
송파동,고기집,야키니쿠스미카,93,2 Neon Hearts,"The score reflects strong culinary execution and personalized service, but substantial deductions were applied to 'value' and 'consistency' due to the high sponsored ratio, indicating a potential lack of organic, sustained appeal.","While the quality of ingredients and cooking technique are commendable, with patrons praising the melt-in-your-mouth meats and smoky flavors, the high sponsored ratio significantly undermines its perceived value and long-term consistency. The personalized service is a nice touch, but it cannot compensate for the lack of genuine, unsponsored acclaim.","식재료의 품질과 조리 기술은 훌륭하며, 입에서 녹는 고기와 불향은 인상적입니다. 그러나 높은 협찬 비율로 인해 가치와 일관성 부문에서 심각한 감점이 발생했습니다. 세심한 서비스는 긍정적이나, 진정한 평가의 부재를 상쇄하기에는 역부족입니다.",http://place.map.kakao.com/415580039,37.5081857393201,127.109810684296,No valid reviews found.,Unknown,"Scraper reached the review page, but only found dates, UI buttons, or boilerplate text. Needs human verification.",rescrape,False,"The original score was significantly undervalued as deep data reveals consistent praise for the restaurant's exceptional meat quality, authentic Japanese ambiance, and overall delightful dining experience, making it a highly recommended destination."
삼전동,고기집,원광,80,1 Neon Heart,"The score reflects high marks for ingredients and technique, but significant deductions were applied to value and consistency due to explicit reviews and a substantial sponsorship penalty.","While 원광 boasts excellent Hanwoo ingredients and proficient grilling technique, its inconsistent quality and questionable value, exacerbated by a high sponsorship ratio, prevent it from achieving a commendable rating. The experience lacks the reliability and genuine culinary identity expected of a truly great establishment.","원광은 훌륭한 한우 식재료와 능숙한 굽기 기술을 자랑하지만, 높은 협찬 비율로 인해 일관성 없는 품질과 의문스러운 가성비가 발목을 잡습니다. 진정한 미식 경험에 필요한 신뢰성과 독창적인 정체성이 부족하여 높은 평가를 받기 어렵습니다.",http://place.map.kakao.com/16932139,37.5051795694818,127.090070786684,"Customers consistently praise the quality of the meat, describing it as tender and good. Side dishes are noted as neat, delicious, and frequently refilled by one customer, though another found them poor for the price. The restaurant is described as a hidden gem, and a stew dish was praised for its generous quantity of meat.",Yes,"The reviews overwhelmingly highlight excellent food quality, particularly the meat and side dishes, with specific positive details that suggest the restaurant is better than its current 80/100 score implies.",false,True,"The deep data reveals overwhelming customer satisfaction with the consistently high quality of Hampyeong Hanwoo, exceptional grilling service, generous raw beef offerings, and diverse, delicious side dishes and meal options, indicating the original score was far too low."
삼전동,고기집,한우전문 육회이야기 잠실점,80,1 Neon Heart,"The score breakdown reflects strong ingredient quality and decent technique, but personality is weak, and both value and consistency received heavy deductions due to the significant sponsorship ratio.","While the 1st grade Hanwoo yukhoe shows promise in quality and execution, the overall experience is marred by a lack of distinct culinary identity. The high sponsored review ratio significantly undermines trust in its value and long-term consistency.","1등급 한우 육회의 품질과 조리 기술은 긍정적이나, 독창적인 요리 개성이 부족합니다. 높은 협찬 비율은 가치와 일관성에 대한 신뢰도를 심각하게 저하시킵니다.",http://place.map.kakao.com/1605195131,37.50495166885523,127.0900003927142,No valid reviews found.,Unknown,"Scraper reached the review page, but only found dates, UI buttons, or boilerplate text. Needs human verification.",rescrape,False,"The original score was a severe underestimate, as deep data reveals overwhelming customer satisfaction with exceptional Hanwoo quality, freshness, delicious side dishes, and friendly service, with only negligible, subjective criticisms."
잠실동,칼국수,편백재샤브칼국수,80,1 Neon Heart,"Ingredients and value scored highly due to quality and generous offerings, but technique and consistency were penalized for reported flavor inconsistencies, and personality received a low score due to lack of unique identity; no sponsorship penalty was applied.","While the fresh ingredients and exceptional value are commendable, the inconsistent execution of core dishes prevents this establishment from achieving higher acclaim. Its lack of a distinct culinary identity further diminishes its appeal in a competitive market.","신선한 재료와 뛰어난 가성비는 칭찬할 만하지만, 핵심 요리의 일관성 없는 조리 기술이 아쉬움을 남깁니다. 뚜렷한 개성 부재는 경쟁이 치열한 시장에서 이 식당의 매력을 더욱 저하시킵니다.",http://place.map.kakao.com/1922279717,37.51112451539741,127.07988817700816,"The customer reviews are overwhelmingly positive, praising the delicious food, fresh vegetables, generous portions with unlimited refills, and a clean, pleasant environment. Customers specifically highlighted the savory juk (porridge) and the spicy broth. Staff friendliness was also consistently mentioned. The only minor critique was the limited variety of vegetables, which is not considered a serious complaint.",Yes,"The AI score is 80/100, which is under 85, and the majority of reviews are enthusiastically positive with specific praise about food quality, taste, and overall experience, suggesting a higher score is warranted.",false,True,"The original score was significantly underestimated; deep data reveals an overwhelmingly positive customer experience, highlighting exceptional value, generous portions, a pleasant atmosphere, and delicious food, despite minor inconsistencies in seasoning."
잠실동,칼국수,팔당족발&닭발 잠실직영점,80,1 Neon Heart,"The score breakdown reflects strong ingredient quality and a unique heritage, but technique shows minor flaws. A significant sponsorship penalty was applied due to the >50% sponsored ratio, heavily deducting points from the 'value' and 'consistency' categories.","While the ingredients are undeniably premium and the heritage strong, the execution displays inconsistencies across the menu. The high sponsorship ratio significantly compromises the perceived value and long-term consistency, preventing a higher rating.","최고급 국내산 재료와 3대째 이어온 비법은 칭찬할 만하나, 메뉴 전반의 조리 기술은 편차가 있습니다. 높은 협찬 비율로 인해 가치와 일관성 항목에서 큰 감점이 적용되었습니다.",http://place.map.kakao.com/1879679971,37.5051975865097,127.0864573455676,No valid reviews found.,Unknown,"Scraper reached the review page, but only found dates, UI buttons, or boilerplate text. Needs human verification.",rescrape,False,"The deep data reveals an overwhelmingly positive customer experience, consistently praising the tender and flavorful jokbal, delicious dakbal, outstanding complimentary kimchi kalguksu, and excellent side dishes, indicating the original score was far too conservative for this highly-rated and popular establishment."
잠실동,칼국수,대진물산,80,1 Neon Heart,Does not specialize in 칼국수.,,,http://place.map.kakao.com/1870190648,37.51882407199245,127.0818182595232,No valid reviews found.,Unknown,"Scraper reached the review page, but only found dates, UI buttons, or boilerplate text. Needs human verification.",rescrape,False,"The original 0/100 score was a clear error, as deep data reveals overwhelmingly positive reviews praising the restaurant's unique Han River location, stunning views, fresh and delicious main seafood dishes, and overall exceptional atmosphere, despite high prices and minor operational inconveniences."
방이동,칼국수,선비칼국수 송파방이점,80,1 Neon Heart,The high scores in ingredients and technique are offset by a moderate personality score and significant deductions in value and consistency due to the explicit lack of consistency data and the applied sponsorship penalty.,"While 선비칼국수 송파방이점 demonstrates exceptional ingredient quality and masterful technique, its culinary personality is overshadowed by service, not innovation. A high sponsored ratio severely impacts its perceived value and consistency, raising concerns about genuine local patronage.","선비칼국수 송파방이점은 뛰어난 재료 품질과 숙련된 조리 기술을 선보이지만, 요리적 개성보다는 친절한 서비스가 부각됩니다. 높은 협찬 비율은 가성비와 일관성 평가에 치명적인 영향을 미쳐, 진정한 단골층 확보에 의문을 제기합니다.",http://place.map.kakao.com/1989717484,37.5160707330373,127.110445494009,"Customer reviews are overwhelmingly positive, praising specific dishes like mandu-guk, perilla potato ongsimi, bibim kalguksu, yukgaejang kalguksu, and bajirak kalguksu for their taste, texture, and quality. Many highlight the self-made noodles, fresh kimchi, generous portions, excellent value, and the variety of menu options. There are no negative or mixed reviews.",Yes,"The enthusiastic and detailed positive feedback across all reviews strongly suggests the restaurant is genuinely excellent, exceeding the current 'genuinely good place' score of 80. The consistent praise for food quality, craft, and value warrants a higher score.",false,True,"The original score was significantly too low, as deep data reveals overwhelmingly positive customer experiences highlighting delicious self-made noodles, rich broths, fresh daily kimchi, generous portions, excellent free bibimbap, and friendly service in a clean environment."
방이동,칼국수,문어세상해천탕 잠실본점,80,1 Neon Heart,"Scores were heavily impacted by the lack of information on personality and consistency, coupled with a significant sponsorship penalty applied to value and consistency categories due to the >50% sponsored ratio.","Despite fresh, domestic seafood and a well-executed main dish, the kalguksu itself is merely average, and the restaurant lacks a distinct culinary identity. A significant sponsorship ratio further undermines its perceived value and long-term consistency.","신선한 국내산 해산물과 깔끔한 메인 요리는 훌륭하나, 칼국수 자체는 평범하며 식당의 개성이 부재합니다. 높은 협찬 비율은 가치와 일관성 평가에 부정적인 영향을 미쳤습니다.",http://place.map.kakao.com/27365990,37.5099058184777,127.11355696329,No valid reviews found.,Unknown,"Scraper reached the review page, but only found dates, UI buttons, or boilerplate text. Needs human verification.",rescrape,False,"The original score was a severe misrepresentation, as deep data reveals overwhelmingly positive customer experiences highlighting fresh seafood, exceptional service, delicious broth, and an accommodating atmosphere perfect for groups and families."
방이동,칼국수,조개진,80,1 Neon Heart,"The score reflects strong points in ingredients and technique, balanced against a significant deduction in value and consistency due to the high sponsored ratio and absence of long-term reputation data.","While 조개진 offers undeniably fresh ingredients and commendable cooking execution, its lack of established consistency and heavy reliance on sponsored content undermine its overall standing. This prevents it from earning a coveted Neon Heart, despite its culinary potential.","조개진은 신선한 재료와 훌륭한 조리 기술을 선보이지만, 검증되지 않은 일관성과 높은 협찬 비율이 전반적인 평가를 저해합니다. 요리적 잠재력에도 불구하고 네온 하트를 받기에는 역부족입니다.",http://place.map.kakao.com/215998570,37.5142166336754,127.108320799016,"The customer reviews are overwhelmingly positive, highlighting the generous portions of clams and seafood, excellent taste of the kalguksu noodles and rich broth, and exceptional value for money with unlimited barley rice and even shabu-shabu meat. Reviewers express surprise and delight at the quantity and quality, calling it a 'great value for money restaurant' and 'truly a great restaurant.'",Yes,"The AI score of 80 is under 85, and the customer reviews consistently provide enthusiastic and specific praise for the food quality, taste, generous portions, and outstanding value, suggesting the restaurant is better than a 'genuinely good place' and warrants a higher score.",false,True,"The original score was significantly too low as deep data reveals overwhelmingly positive feedback on fresh seafood, delicious and generous portions, excellent soup, and great service, with only minor, isolated criticisms."
송파동,칼국수,바지락칼국수,80,1 Neon Heart,"The score reflects strong points in ingredients, technique, and personality, but significant deductions were applied to value and consistency due to the high sponsorship ratio, which raised concerns about objective assessment and genuine local patronage.","Despite genuine culinary strengths in ingredients and technique, the establishment's high sponsorship ratio casts a significant shadow on its perceived value and long-term consistency. While the food itself shows promise, external influences raise concerns about its true local standing.","식재료의 품질과 조리 기술은 훌륭하나, 높은 협찬 비율이 가치와 일관성에 대한 의문을 제기합니다. 음식 자체는 잠재력을 보이지만, 외부 영향으로 인해 진정한 지역 맛집으로서의 위상이 불분명합니다.",http://place.map.kakao.com/16646583,37.50208921424778,127.11112267808458,No valid reviews found.,Unknown,"Scraper reached the review page, but only found dates, UI buttons, or boilerplate text. Needs human verification.",rescrape,False,"The deep data reveals a consistently praised local institution with over 20 years of history, offering delicious, fresh clam and perilla seed noodles, complemented by excellent homemade kimchi, warranting a significant score increase from the original conservative rating."
송파동,칼국수,열둘 칼국수,80,1 Neon Heart,"The score reflects strong points in ingredients, technique, and value, but is significantly lowered by the complete absence of information regarding personality and consistency, which are critical for a comprehensive evaluation. No sponsorship penalty was applied.","While the culinary execution of noodles, broth, and sides is commendable, featuring quality ingredients like Han-don pork, the establishment lacks a distinct personality and verifiable long-term consistency. Its excellent value cannot fully compensate for these critical omissions in a fine dining assessment.","면, 국물, 그리고 한돈 제육볶음 등 요리 자체의 완성도는 훌륭하나, 식당의 개성과 장기적인 일관성에 대한 정보가 부재합니다. 뛰어난 가성비에도 불구하고, 엄격한 비평 기준에서는 이러한 정보의 결여가 큰 감점 요인으로 작용합니다.",http://place.map.kakao.com/1229615020,37.5018984532421,127.108917092984,"The customer reviews are overwhelmingly positive, with multiple mentions of delicious food, excellent spicy cold noodles, and tasty bibim sauce. Reviewers express enthusiasm, stating the food is 'really delicious,' 'neat and delicious,' and 'perfect for our couple's taste.' The restaurant is also noted as a popular spot with lines on weekdays. There is only one minor, non-serious complaint about the clam taste being less refreshing than before, which does not detract from the overall positive sentiment.",Yes,"The AI score is 80/100, and the majority of reviews are enthusiastically positive with specific praise about food quality, taste, and craft, indicating the restaurant might warrant a higher score.",false,True,"The deep data reveals overwhelmingly positive customer feedback, consistently praising the delicious and generously portioned kalguksu, flavorful side dishes, and excellent value for money, indicating the original score was far too conservative."
석촌동,칼국수,봉평발아메밀막국수 발아메밀본점,80,1 Neon Heart,"The score breakdown reflects strong ingredient sourcing, but mixed reviews on technique and a complete lack of data regarding personality, value, and consistency, which collectively prevent a higher rating.","While the use of pure Korean buckwheat is commendable, the execution of key dishes presents notable inconsistencies, such as a 'rough' texture in the perilla oil noodles and a 'sour' profile in the cold buckwheat noodles. The establishment's unique identity, value proposition, and long-term consistency remain entirely unproven, severely limiting its critical appeal.","순수 국내산 메밀 사용은 긍정적이나, 들기름 막국수의 '텁텁함'과 물막국수의 '시큼함' 등 주요 메뉴에서 조리 기술의 일관성 부족이 드러납니다. 식당의 개성, 가성비, 그리고 장기적인 일관성에 대한 정보가 전무하여, 비평적 관점에서 높은 평가를 내리기 어렵습니다.",http://place.map.kakao.com/26851997,37.5048860211986,127.105121375878,No valid reviews found.,Unknown,"Scraper reached the review page, but only found dates, UI buttons, or boilerplate text. Needs human verification.",rescrape,False,"The original score was severely understated; deep data reveals overwhelming customer satisfaction, praising the fresh, high-quality buckwheat noodles, exceptional side dishes like 메밀전병 and kimchi, and the refreshing taste of various makguksu and kalguksu options, making it a highly recommended local favorite despite minor subjective criticisms."
잠실동,냉면,을밀대 롯데백화점 잠실점,80,1 Neon Heart,"The score breakdown reflects solid technique and ingredients, but significantly low points for personality, value, and consistency due to high pricing, operational inconsistencies, and the applied sponsorship penalty.","Despite commendable domestic kimchi ingredients and an MSG-free broth, this branch struggles with inconsistent dish quality and a generic culinary identity. Exorbitant pricing and varying standards across visits, heavily influenced by a high sponsorship ratio, significantly detract from its appeal.","국내산 김치 재료와 MSG 없는 육수는 칭찬할 만하지만, 이 지점은 일관성 없는 요리 품질과 개성 부족이 문제입니다. 높은 협찬 비율과 더불어 비싼 가격과 방문 시마다 달라지는 맛은 추천하기 어렵게 만듭니다.",http://place.map.kakao.com/513954931,37.512132696251065,127.09898412531489,No valid reviews found.,Unknown,"Scraper reached the review page, but only found dates, UI buttons, or boilerplate text. Needs human verification.",rescrape,False,"The original score was demonstrably too low, as deep data reveals consistent praise for the Pyeongyang Naengmyeon's broth and noodles, excellent side dishes, and a clean, accessible dining environment, despite some mixed reviews for auxiliary menu items."
잠실동,냉면,전복죽주는냉면집 롯데백화점 잠실점,90,2 Neon Hearts,"The score reflects decent ingredients offset by inconsistent technique, a lack of culinary personality, and unproven consistency, with no sponsorship penalty applied as the ratio was 50%.","While some dishes feature quality ingredients like live abalone, inconsistent execution and a lack of distinct culinary personality prevent this establishment from rising above the ordinary. The mixed value proposition and absence of proven long-term consistency further temper its appeal.","활전복 사용 등 일부 식재료는 긍정적이나, 전반적인 조리 기술의 일관성 부족과 개성 없는 맛이 아쉽습니다. 가성비와 단골 확보 측면에서도 명확한 강점을 찾기 어려워 평범한 수준에 머물렀습니다.",http://place.map.kakao.com/1607944053,37.5120023960656,127.098571110192,No valid reviews found.,Unknown,"Scraper reached the review page, but only found dates, UI buttons, or boilerplate text. Needs human verification.",rescrape,False,"The original score was significantly too low, as deep data reveals a popular restaurant with a unique and well-executed concept, consistently praised for its abalone porridge, quality naengmyeon, and other abalone-infused dishes, leading to high customer satisfaction."
잠실동,냉면,개성칡냉면,85,1 Neon Heart,The score is 0 across all categories due to a complete lack of information provided for evaluation. No sponsorship penalty was applied as the ratio was not specified.,"Without any information on its culinary merits or operational consistency, this establishment cannot be evaluated. It fails to provide any basis for critical assessment, leaving its quality entirely unknown.",요리적 장점이나 운영 일관성에 대한 정보가 전혀 없어 평가할 수 없습니다. 비평적 분석을 위한 어떠한 근거도 제시하지 못해 그 품질은 완전히 미지수입니다.,http://place.map.kakao.com/17041131,37.4894859132029,127.082575504389,No valid reviews found.,Unknown,"Scraper reached the review page, but only found dates, UI buttons, or boilerplate text. Needs human verification.",rescrape,False,"The original score of 0/100 was an error, as the restaurant '개성칡냉면' is consistently included in multiple 'good restaurant' lists within the deep data, indicating a positive general reputation despite the absence of specific individual reviews."
잠실동,냉면,황산냉면,82,1 Neon Heart,"The score reflects the extremely limited information provided, with a slight acknowledgment for its unique winter appeal in technique, while other categories are scored low due to a lack of supporting facts.","This Milmyeon establishment offers a unique winter appeal, noted as a delicacy when cold noodles are typically out of season. However, the lack of detailed information on ingredient sourcing, chef's distinctive identity, or long-term customer reputation severely limits its overall standing.","황산냉면은 겨울철 별미로 언급될 만큼 독특한 매력이 돋보이는 밀면 전문점입니다. 하지만 재료의 품질, 셰프의 개성, 또는 꾸준한 고객층에 대한 정보가 부족하여 전반적인 평가에 한계가 있습니다.",http://place.map.kakao.com/17079277,37.51093889571969,127.11852388451224,No valid reviews found.,Unknown,"Scraper reached the review page, but only found dates, UI buttons, or boilerplate text. Needs human verification.",rescrape,False,"The restaurant is consistently listed among notable and historic cold noodle establishments, indicating a recognized presence and quality that contradicts the extremely low original score, despite the absence of explicit positive reviews in the provided data."
잠실동,냉면,춘천100%순메밀막국수&냉면 송파점,70,,"Scores reflect strong ingredients and technique, moderate personality, and heavily penalized value and consistency due to the 80% sponsored ratio, which triggered the sponsorship penalty.","The ingredients and technique are commendable, showcasing quality domestic produce and skillful preparation. However, the restaurant lacks a distinctive culinary personality, and its value and consistency scores are significantly impacted by a high sponsorship ratio, raising concerns about its organic appeal and long-term reputation.","식재료의 품질과 조리 기술은 훌륭하며, 국내산 재료와 숙련된 준비 과정을 엿볼 수 있습니다. 하지만 독창적인 개성이 부족하며, 높은 협찬 비율로 인해 가성비와 일관성 부문에서 크게 감점되어 진정한 매력과 장기적인 명성에 의문이 제기됩니다.",http://place.map.kakao.com/1124157167,37.4996354901556,127.104525951999,No valid reviews found.,Unknown,"Scraper reached the review page, but only found dates, UI buttons, or boilerplate text. Needs human verification.",rescrape,False,"The original score was severely understated as deep data reveals overwhelming customer satisfaction with the restaurant's high-quality 100% pure buckwheat noodles, unique and delicious menu items, generous portions, exceptional and friendly service, and family-friendly atmosphere."
잠실동,냉면,충성칡냉면 건대점,80,1 Neon Heart,"The score reflects decent technique but significant deficiencies in personality and unverified ingredients, with heavy deductions applied to value and consistency due to the overwhelming sponsored ratio.","Despite commendable noodle texture and a pleasant sauce, the lack of distinct identity and unverified ingredient quality are notable drawbacks. The heavily sponsored nature severely undermines its perceived value and long-term consistency.","면의 식감과 양념은 긍정적이나, 식재료 품질과 개성 부재는 아쉽습니다. 높은 협찬 비율은 가치와 일관성에 대한 신뢰를 크게 저하시킵니다.",http://place.map.kakao.com/843041874,37.5331403890194,127.077366013091,No valid reviews found.,Unknown,"Scraper reached the review page, but only found dates, UI buttons, or boilerplate text. Needs human verification.",rescrape,False,"The original score was far too conservative, as deep data reveals overwhelmingly positive customer experiences praising the delicious taste, generous portions, excellent value, and efficient delivery of both mul-naengmyeon and bibim-naengmyeon."
방이동,냉면,속초코다리칡냉면&보쌈,70,,"The score reflects strong points in technique and ingredients, but value and consistency were heavily penalized due to the high sponsored ratio (80%) and lack of supporting information.","This establishment showcases impressive culinary technique, particularly with its house-made noodles and well-balanced cod seasoning. However, a significant sponsorship ratio and lack of consistency data severely undermine its overall standing as a truly reliable dining destination.",이 식당은 직접 뽑은 면과 균형 잡힌 코다리 양념에서 뛰어난 조리 기술을 보여줍니다. 하지만 높은 협찬 비율과 일관성 정보 부족으로 인해 진정한 미식 명소로서의 신뢰도는 크게 저하됩니다.,http://place.map.kakao.com/718715136,37.5037240169036,127.126847592151,No valid reviews found.,Unknown,"Scraper reached the review page, but only found dates, UI buttons, or boilerplate text. Needs human verification.",rescrape,False,"The deep data reveals consistently outstanding quality in the signature codari naengmyeon, its flavorful broth, naturally chewy noodles, and exceptionally delicious dumplings and bossam, indicating the original score was far too conservative."
송파동,냉면,오늘칡냉면,80,1 Neon Heart,"The score breakdown reflects strong technique and good ingredients, but personality is low due to its franchise nature and delivery focus. A significant sponsorship penalty was applied to both value and consistency, heavily impacting the final score.","Despite commendable execution in technique and ingredient quality, this franchise's high sponsorship ratio and lack of unique identity raise significant concerns. The value and consistency, while appearing adequate on paper, are heavily discounted due to the overwhelming influence of paid promotions.","뛰어난 조리 기술과 식재료 품질에도 불구하고, 높은 협찬 비율과 프랜차이즈 특유의 개성 부족이 큰 우려를 낳습니다. 겉으로 드러나는 가성비와 일관성은 높은 협찬의 영향으로 인해 그 진정성이 크게 의심됩니다.",http://place.map.kakao.com/28113296,37.49361989559242,127.13440120270988,No valid reviews found.,Unknown,"Scraper reached the review page, but only found dates, UI buttons, or boilerplate text. Needs human verification.",rescrape,False,"The deep data, including a direct positive review for '오늘칡냉면' and supporting reviews for '차고집냉면' (which offers similar highly-praised items), reveals exceptional quality in both cold noodles and tonkatsu, making the original score far too conservative."
잠실동,돈까스,브라운돈까스 잠실롯데마트점,80,1 Neon Heart,"The score reflects a severe lack of consistency data and heavily penalized value due to the high sponsored ratio, overshadowing modest claims in ingredients and technique, and a generic personality.","Despite claims of quality ingredients and crispiness, this establishment suffers from a severe lack of independent verification and a heavily sponsored online presence. Its true culinary identity and long-term value remain profoundly questionable.","제주산 돼지고기와 바삭함에 대한 주장이 있지만, 독립적인 검증이 부족하고 협찬 비율이 매우 높아 신뢰하기 어렵습니다. 진정한 요리적 개성과 장기적인 가치는 심각하게 의문스럽습니다.",http://place.map.kakao.com/342117796,37.5116761770896,127.096455576675,No valid reviews found.,Unknown,"Scraper reached the review page, but only found dates, UI buttons, or boilerplate text. Needs human verification.",rescrape,False,"The original score was far too low, as deep data reveals consistently positive customer experiences regarding delicious and generously portioned food, excellent value, and notably kind service, despite minor issues with parking and ambient noise."
잠실동,돈까스,하루맘마,80,1 Neon Heart,"The score reflects solid technique and exceptional consistency across a broad menu, but significant deductions were applied due to the complete absence of data regarding ingredient quality and value, and a lack of a distinct culinary personality.","While 하루맘마 offers a remarkably broad menu with consistently satisfying execution, the lack of specific information regarding ingredient sourcing and value prevents a higher commendation. Its dedicated owners ensure a reliable, if not particularly unique, dining experience across a diverse range of dishes.","하루맘마는 매우 다양한 메뉴를 일관되게 만족스러운 수준으로 제공하지만, 식재료의 품질과 가성비에 대한 구체적인 정보가 부족하여 높은 평가를 내리기 어렵습니다. 헌신적인 사장님 덕분에 다양한 요리에서 믿을 수 있는 경험을 선사하지만, 특별한 개성은 다소 부족합니다.",http://place.map.kakao.com/1179116665,37.50748616171794,127.09237855382588,"Most reviews praise the friendly staff, cozy atmosphere, and specific dishes like katsudon, cold udon, tonkotsu ramen, and tantanmen for their taste and quality. Customers consistently describe it as a pleasant and kind restaurant. One highly negative review details issues with frozen salmon, tasteless gyudon, and unhelpful staff behavior, but this appears to be an outlier among predominantly positive feedback.",Yes,"The majority of customer reviews are enthusiastically positive, highlighting delicious food and a welcoming environment, which suggests the restaurant's quality might be higher than its current 80/100 AI score, despite one severe negative experience.",false,True,"The deep data reveals overwhelmingly positive customer experiences, highlighting exceptional food quality across a diverse menu, outstanding service, and efficient operations, indicating the original score was significantly underestimated."
방이동,돈까스,바삭한식당,80,1 Neon Heart,"Ingredients and technique scored highly for their quality and execution, while personality reflected a distinct operational style; however, consistency and value were heavily penalized due to the significant sponsored ratio, leading to a total score of 69.","While the culinary execution of crispy, juicy donkatsu with quality domestic ingredients is commendable, a pervasive sponsorship ratio severely undermines the authenticity of its perceived value and long-term customer consistency. This establishment, despite its technical merits, fails to earn a Neon Heart due to compromised trust.","국내산 재료를 사용한 바삭하고 촉촉한 돈까스의 조리 기술은 훌륭하나, 높은 협찬 비율이 가치와 장기적인 고객 일관성에 대한 신뢰를 심각하게 훼손합니다. 기술적 장점에도 불구하고, 신뢰도 저하로 인해 네온 하트를 부여할 수 없습니다.",http://place.map.kakao.com/829680300,37.50682531358272,127.12079408063364,"Customer reviews are overwhelmingly positive, highlighting the restaurant as a local favorite for its consistently delicious tonkatsu and chicken katsu. Patrons praise the food's quality, describing tonkatsu as thick and juicy with no gamey smell, and chicken katsu as soft and savory. Portions are noted as generous, and even customers who typically avoid fried foods enjoy the dishes, finding them not greasy. The owner's friendliness is also mentioned. Reviews express high satisfaction and loyalty, with many stating they only visit this restaurant for their katsu cravings.",Yes,"The score is under 85, and the majority of reviews are enthusiastically positive with specific praise about food quality, taste, and craft. Reviews consistently mention '육즙 폭발' (exploding juice), '겉바속촉' (crispy outside, juicy inside), '고기잡내없이' (no gamey smell), '안느끼하시대요' (not greasy), and '완전 대만족' (completely satisfied), indicating a higher quality experience than an 80/100 score suggests.",false,True,"The original score was significantly underestimated, as deep data reveals overwhelming customer satisfaction with the exceptional taste, high-quality ingredients, and outstanding value, consistently leading to long wait times and strong recommendations for both the pork and 'life-changing' chicken cutlets."
방이동,돈까스,동경규동 한성백제점,80,1 Neon Heart,Does not specialize in 돈까스.,,,http://place.map.kakao.com/1821767600,37.51422838587733,127.11495251576868,No valid reviews found.,Unknown,"Scraper reached the review page, but only found dates, UI buttons, or boilerplate text. Needs human verification.",rescrape,False,"The original 0/100 score was a severe misrepresentation, as deep data reveals the restaurant offers excellent value, a clean and welcoming environment, friendly service, and satisfying, affordable meals, despite some minor taste nuances."
방이동,돈까스,시골보리밥&돈까스,80,1 Neon Heart,"The score reflects decent technique and strong value, but is significantly hampered by the absence of data regarding consistency and only average ingredient quality.","This establishment offers a reasonably priced, generous meal with well-seasoned main dishes, though consistency in side dish seasoning is questionable. While the owner's distinct personality adds character, a complete lack of data regarding long-term consistency prevents a higher recommendation.","합리적인 가격과 푸짐한 양으로 주요 요리의 간은 좋았으나, 일부 반찬의 간은 아쉬움을 남깁니다. 사장의 개성이 돋보이지만, 장기적인 일관성에 대한 정보 부재로 높은 평가를 내리기 어렵습니다.",http://place.map.kakao.com/1611150277,37.5107568149417,127.11679307807,"The customer reviews are overwhelmingly positive, praising the food quality, taste, and value. Specific dishes like Cheonggukjang, Boribap, side dishes, and Gangdoenjang receive enthusiastic mentions, often compared to home-cooked meals. The owner's cooking skills are also highlighted. There is only one minor comment about the restaurant's organization, which is not a serious food-related complaint.",Yes,"The AI score of 80/100, while good, appears to underestimate the strong positive sentiment and specific praise for food quality and taste expressed by the customers. The reviews consistently describe a genuinely delicious and satisfying dining experience, suggesting a higher score is warranted.",false,True,"The deep data reveals this restaurant is a beloved local spot, praised for its generous portions of delicious, home-style Korean food and excellent value, indicating the original score was far too conservative."
방이동,돈까스,백소정 잠실본점,80,1 Neon Heart,"The score breakdown reflects excellent ingredients and technique, but significant deductions were applied to personality, value, and consistency due to a complete lack of information in those areas and the mandatory sponsorship penalty for exceeding 50% sponsored content.","While the ingredients are premium and the cooking technique appears masterful, the establishment suffers from a profound lack of unique identity and verifiable consistency. The high sponsored ratio severely undermines the perceived value and long-term reliability.","최상급 식재료와 뛰어난 조리 기술은 돋보이나, 업장의 개성과 일관성에 대한 정보가 전무합니다. 높은 협찬 비율은 가치와 지속적인 품질 유지에 대한 신뢰도를 심각하게 저하시킵니다.",http://place.map.kakao.com/646170000,37.5142870839067,127.108133136373,"Customer reviews are overwhelmingly positive, consistently praising the delicious food, specific dishes like cold soba, katsu, mazesoba, and shrimp tempura, as well as the clean and pleasant atmosphere and friendly staff. Many customers are repeat visitors, highlighting the consistent quality.",Yes,"The AI score of 80/100 suggests a 'genuinely good place,' but the customer reviews indicate a higher level of satisfaction. There are no negative or even mixed reviews; instead, customers express enthusiastic praise for the taste, quality, and consistency of the food, along with positive comments on the ambiance and service. This strong, consistent positive feedback suggests the restaurant might be an 'exceptional neighborhood staple' or even higher, warranting an upgrade from its current score.",false,True,"The original score was a gross misrepresentation, as deep data reveals universal praise for the restaurant's consistently delicious and generously portioned Japanese cuisine, coupled with excellent service, a clean ambiance, and widespread popularity evidenced by celebrity endorsements and constant crowds."
송파동,돈까스,헤세드 송리단길점,80,1 Neon Heart,"The score breakdown reflects solid points for ingredients and personality, but technique suffers from noted inconsistencies, and both value and consistency received heavy deductions due to the applied sponsorship penalty.","While the chef's background and ingredient quality show promise, inconsistent execution, particularly with additional cuts, and a significant sponsorship ratio undermine its standing. This establishment struggles to justify its reputation against the rigorous standards of the Neon Guide.","셰프의 경력과 식재료 품질은 잠재력을 보여주지만, 추가 메뉴의 일관성 없는 조리 및 높은 협찬 비율이 평가를 저해했습니다. 네온 가이드의 엄격한 기준에 비추어 볼 때, 이 식당은 명성을 입증하기에는 역부족입니다.",http://place.map.kakao.com/589417477,37.50937021297213,127.11018339956765,"The AI score is 80. Customer reviews are consistently positive, with one main review specifically praising the delicious taste of the food ('아주 맛있는 곳'). Other snippets highlight the nice interior and comfortable atmosphere. There are no negative or serious complaints.",Yes,"The existing customer reviews are enthusiastically positive, particularly regarding the food's taste and the restaurant's ambiance, suggesting the restaurant might be better than its current 80 score indicates.",false,True,"The original score was significantly too low, as deep data reveals consistent praise for the restaurant's luxurious ambiance, friendly service, and the premium quality and delicious taste of both its katsu and pasta dishes, despite one isolated report of greasy katsu."
석촌동,돈까스,오로라,81,1 Neon Heart,"The score of 81 reflects strong technique, consistent quality over decades, and a charming experience, slightly moderated by unmentioned ingredient sourcing and a minor value critique; no sponsorship or red flag penalties were applied.","오로라 offers a delightfully nostalgic experience with its well-executed classic 돈까스 and charming retro ambiance. While the technique and consistency are commendable, the ingredient quality isn't explicitly highlighted, and the value perception is slightly tempered by one critique.","오로라는 훌륭하게 조리된 클래식 돈까스와 매력적인 레트로 분위기로 즐거운 향수를 선사합니다. 조리 기술과 일관성은 칭찬할 만하지만, 재료의 품질이 명확히 부각되지 않았고, 한 리뷰에서 가성비에 대한 아쉬움이 언급되어 점수가 소폭 조정되었습니다.",http://place.map.kakao.com/649233439,37.50704279486824,127.10334194102776,"The customer reviews are overwhelmingly positive, praising '오로라약국' (Aurora Pharmacy) for its reasonable prices, good medication guidance, meticulous packaging, and the effectiveness of its supplements and detox programs. Customers report positive health outcomes and satisfaction with the products and services provided by the pharmacy.",No,"The AI score of 81/100 is assigned to '오로라' as a 'restaurant'. However, all customer reviews clearly indicate that '오로라' is a 'pharmacy' (오로라약국) selling health supplements and running detox programs, not a restaurant. This fundamental mismatch in business type severely contradicts the AI score's premise, making the score irrelevant to the actual business being reviewed.",true,False,"The score of 81 reflects strong technique, consistent quality over decades, and a charming experience, slightly moderated by unmentioned ingredient sourcing and a minor value critique; no sponsorship or red flag penalties were applied."
서초동,국밥,보승회관 남부터미널역점,72,,"The score reflects strong points in ingredients, technique, and experience, but significant deductions were applied to value and consistency due to the high sponsorship ratio, resulting in a capped final score.","While 보승회관 남부터미널역점 offers commendable ingredient quality and skillful preparation, the significant sponsorship ratio casts a shadow on its true value and long-term consistency. The dining experience is pleasant, but the overall impression is tempered by unverified claims.","보승회관 남부터미널역점은 훌륭한 식재료 품질과 뛰어난 조리 기술을 선보이지만, 높은 협찬 비율이 진정한 가치와 일관성에 대한 의문을 제기합니다. 전반적인 식사 경험은 만족스러우나, 검증되지 않은 정보로 인해 평가가 제한됩니다.",http://place.map.kakao.com/908873713,37.4863116371443,127.014992947287,"The customer reviews are overwhelmingly positive, highlighting excellent value for money, delicious taste, and unique menu items like badger gukbap. Reviewers praise the spicy and flavorful broth, the interesting texture of the badger, and the overall satisfaction, even for children. There are no negative comments or even minor flaws mentioned.",Yes,"The AI score of 72 suggests a decent spot with real flaws, but the customer reviews consistently describe a highly satisfying experience with specific praise for food quality, taste, and value, indicating a much better experience than the score implies.",false,True,"The score reflects strong points in ingredients, technique, and experience, but significant deductions were applied to value and consistency due to the high sponsorship ratio, resulting in a capped final score."
서초동,곱창,큰솔곱창,83,1 Neon Heart,"The score of 33 reflects significant deficiencies in ingredient quality, uninspired flavor mastery, and a complete lack of data regarding consistency over time.","큰솔곱창 struggles with the fundamentals, offering tough beef intestines and unremarkable flavors that fail to justify a visit. With no verifiable consistency, this establishment falls far short of 'Neon Guide' standards.","큰솔곱창은 질긴 곱창과 평범한 맛으로 기본에 충실하지 못하며, 일관성에 대한 정보조차 전무합니다. '네온 가이드'의 엄격한 기준에는 한참 미치지 못하는 곳입니다.",http://place.map.kakao.com/1232119497,37.4829611157158,127.018972128234,"The AI score of 83 suggests a genuinely good place, and the customer reviews overwhelmingly support this, with many expressing enthusiastic satisfaction. Reviewers consistently praise the gopchang for its lack of unpleasant smell, excellent texture, high quality, and delicious taste. Specific mentions include '곱창 잡내 전혀 없고 식감이 정말 좋았어요' (no gopchang smell, great texture), '곱창 퀄리티가 좋아서 먹는 내내 만족했어요' (gopchang quality was good, satisfied throughout), and '곱도 꽉 차 있고 엄청 맛있ㅇㅓ요!!' (gop is full and super delicious). There's also praise for the gopchang jeongol and the owner's kindness. Only one minor complaint about gopchang being '약간 질깁니다' (a bit tough) and tuna sashimi being '비추' (not recommended) exists, which is an outlier amidst widespread positive feedback.",Yes,"The AI score is under 85, and the majority of customer reviews are enthusiastically positive, providing specific praise for the food quality, taste, and overall experience, suggesting the restaurant might be even better than its current score indicates.",false,True,"The original score was significantly too low, as deep data reveals multiple 4-star ratings and positive comments on atmosphere, quantity, and overall decency, despite one review noting the gopchang was slightly tough."
신당동,육회,대돈가,55,,"The score breakdown reflects mixed reviews on ingredient quality and technique, a strong experience, but heavily penalized value and consistency due to the high sponsorship ratio, which also capped the final score under 80.","Despite some positive mentions of fresh ingredients and friendly service, inconsistent quality reports and a high sponsored ratio significantly detract from its appeal. The fundamental promise of fresh 육회 is undermined by specific complaints regarding texture and flavor.","신선한 재료와 친절한 서비스에 대한 긍정적인 언급에도 불구하고, 일관성 없는 품질 보고와 높은 협찬 비율이 매력을 크게 떨어뜨립니다. 육회의 핵심인 신선도에 대한 구체적인 불만은 근본적인 가치를 훼손합니다.",http://place.map.kakao.com/657375233,37.5642746801695,127.019640158061,[Re-scored],,,false,False,"The score breakdown reflects mixed reviews on ingredient quality and technique, a strong experience, but heavily penalized value and consistency due to the high sponsorship ratio, which also capped the final score under 80."
신당동,제육볶음,해들녘,83,1 Neon Heart,"Scores reflect strong technique and consistency, good value, and warm service, with deductions for occasional tough meat and the significant drawback of no restroom. No sponsorship penalty or red flags were applied.","The 제육볶음 offers a well-balanced, flavorful experience with excellent technique, though occasional tough meat is noted. Service is warm and the value is strong, but the lack of a restroom significantly impacts the overall dining experience.","제육볶음은 균형 잡힌 양념과 뛰어난 조리 기술을 선보이지만, 간혹 질긴 고기가 발견됩니다. 친절한 서비스와 좋은 가성비에도 불구하고, 화장실 부재는 전반적인 식사 경험에 큰 단점으로 작용합니다.",http://place.map.kakao.com/1577474243,37.5533837018468,127.010395818072,"The customer review is enthusiastically positive, praising the owner's cooking skills ('손맛 좋은 사장님') and explicitly stating that the food, specifically the 계란탕 with added clams, was '너무 맛있게 잘 먹었습니다' (ate very deliciously).",Yes,"The review provides specific and enthusiastic praise for the food quality and taste, suggesting the restaurant's experience is superior to what an 83/100 score might imply.",false,True,"Scores reflect strong technique and consistency, good value, and warm service, with deductions for occasional tough meat and the significant drawback of no restroom. No sponsorship penalty or red flags were applied."
연남동,치킨,옥돌 누룽지통닭 홍대연남점,60,,"The score reflects strong technique and experience, but ingredients, value, and consistency were scored lower due to a lack of specific data and a significant sponsorship penalty applied to value and consistency.","This establishment demonstrates commendable culinary technique and offers a highly appealing dining environment. However, the significant sponsorship ratio raises concerns regarding its true value and long-term consistency, limiting its overall acclaim.",이곳은 훌륭한 조리 기술과 매력적인 식사 분위기를 선보입니다. 하지만 높은 협찬 비율로 인해 진정한 가치와 장기적인 일관성에 대한 의문이 제기되어 높은 평가를 받기 어렵습니다.,http://place.map.kakao.com/494773437,37.561581947396725,126.92644600449384,[Re-scored],,,false,False,"The score reflects strong technique and experience, but ingredients, value, and consistency were scored lower due to a lack of specific data and a significant sponsorship penalty applied to value and consistency."
명동,치킨,굽네치킨 명동점,82,1 Neon Heart,"The high scores in technique and consistency reflect the well-executed, signature oven-baked chicken, while ingredients and value are solid. The experience score is slightly tempered by the reported issue of insects on the terrace, and no sponsorship penalty or red flag caps were applied.","This Myeongdong branch of Goobne Chicken excels with its signature oven-baked chicken, delivering consistent quality and impressive textural mastery. While the atmosphere is generally pleasant and accommodating, the reported issue of insects on the terrace seating slightly detracts from an otherwise solid dining experience.","굽네치킨 명동점은 오븐에 구운 치킨의 일관된 품질과 뛰어난 조리 기술을 선보입니다. 전반적으로 쾌적한 분위기와 편의성을 제공하지만, 테라스 좌석의 벌레 문제는 전반적인 식사 경험에 약간의 아쉬움을 남깁니다.",http://place.map.kakao.com/2062256873,37.5617607303385,126.985403932208,"The customer reviews are overwhelmingly positive, with multiple mentions of the chicken's excellent texture (crispy outside, juicy inside), delicious flavor, and high satisfaction, even for takeout. Customers expressed falling in love with the food and praised the clean store and friendly staff. Isolated minor complaints about price and a staff member's language ability do not outweigh the consistent enthusiastic praise for the food quality and overall experience.",Yes,"The AI score of 82 is under 85, and the majority of reviews are enthusiastically positive with specific praise about food quality, taste, and craft, suggesting a higher score is warranted.",false,True,"The high scores in technique and consistency reflect the well-executed, signature oven-baked chicken, while ingredients and value are solid. The experience score is slightly tempered by the reported issue of insects on the terrace, and no sponsorship penalty or red flag caps were applied."
역삼동,치킨,깐부치킨 강남세브란스병원점,54,,"The score reflects the 'quality_decline' red flag, which capped technique at 10/20 and ingredients at 12/20, alongside noted operational inconsistencies and mixed value perceptions.","While the fried chicken offers a satisfying crispness and the atmosphere is family-friendly, significant operational issues and a detected quality decline prevent this establishment from achieving a higher rating. Inconsistent service and value for certain items detract from an otherwise pleasant flavor profile.","후라이드 치킨의 바삭함과 가족 친화적인 분위기는 좋으나, 운영 미숙과 품질 저하 감지라는 중대한 문제점이 높은 평가를 막습니다. 일관성 없는 서비스와 일부 메뉴의 가성비 부족이 전반적인 경험을 저해합니다.",http://place.map.kakao.com/18365080,37.4951033101558,127.044861984017,[Re-scored] Red flags: ['quality_decline'],,,false,False,"The score reflects the 'quality_decline' red flag, which capped technique at 10/20 and ingredients at 12/20, alongside noted operational inconsistencies and mixed value perceptions."
압구정동,치킨,60계치킨 압구정점,60,,"Ingredients and technique scored highly due to explicit claims of fresh, domestic chicken and meticulous oil management. However, experience and consistency were scored low due to a severe lack of specific information regarding service, atmosphere, and long-term customer reputation.","While the ingredient quality and cooking technique show commendable standards, the overall dining experience and long-term consistency remain unproven. This establishment excels in its core product but lacks comprehensive evidence for a higher critical acclaim.","식재료 품질과 조리 기술은 칭찬할 만한 기준을 보이지만, 전반적인 식사 경험과 장기적인 일관성은 입증되지 않았습니다. 핵심 제품에서는 뛰어나지만, 더 높은 비평적 평가를 위한 포괄적인 증거가 부족합니다.",http://place.map.kakao.com/1444925263,37.52648873689565,127.03463010021154,[Re-scored],,,false,False,"Ingredients and technique scored highly due to explicit claims of fresh, domestic chicken and meticulous oil management. However, experience and consistency were scored low due to a severe lack of specific information regarding service, atmosphere, and long-term customer reputation."
잠실동,떡볶이,을찌로국물떡볶이 잠실점,56,,"The score reflects moderate points for technique and experience, but consistency and value were heavily penalized due to the 100% sponsored ratio, which also capped the final score at 70.","This establishment presents a clean environment and a diverse menu with seemingly competent cooking techniques. However, the overwhelming 100% sponsored content severely undermines any claims of genuine value or consistent customer satisfaction.","이곳은 깔끔한 환경과 다양한 메뉴, 그리고 준수한 조리 기술을 선보이는 듯합니다. 하지만 압도적인 100% 협찬 비율은 진정한 가치나 일관된 고객 만족도에 대한 신뢰성을 심각하게 저하시킵니다.",http://place.map.kakao.com/1395490865,37.50815937662879,127.0836954199698,[Re-scored],,,false,False,"The score reflects moderate points for technique and experience, but consistency and value were heavily penalized due to the 100% sponsored ratio, which also capped the final score at 70."
잠실동,분식,꼬마김밥돈까스,82,1 Neon Heart,"The score reflects strong ingredient quality and excellent service, but significant deductions were applied to technique for inconsistency and personality for lack of culinary uniqueness. A heavy sponsorship penalty was applied to both value and consistency due to the 80% sponsored ratio, further impacted by long wait times and inconsistent dish quality.","While 꼬마김밥돈까스 offers decent ingredient quality and exceptionally friendly service, its culinary technique is inconsistent, and there's a notable lack of unique identity. Significant wait times and occasional quality dips, compounded by a high sponsorship ratio, undermine its overall appeal.","꼬마김밥돈까스는 준수한 식재료 품질과 매우 친절한 서비스가 돋보이지만, 조리 기술의 편차가 크고 독창적인 정체성이 부족합니다. 높은 협찬 비율과 더불어 긴 대기 시간, 간헐적인 품질 저하가 전반적인 평가를 하락시켰습니다.",http://place.map.kakao.com/20745594,37.51209631188887,127.0843332197916,"The customer reviews are overwhelmingly positive, highlighting the substantial and delicious kimbap, excellent value for money with generous portions, and friendly service. Many reviewers consider it the best kimbap in the area, praising the owner's thoughtful preparation (less rice, more egg). There is only one minor complaint about the flour smell in the tteok, which is heavily outweighed by enthusiastic praise for the main dish.",Yes,"The current score of 82/100 is good, but the consistent and enthusiastic praise for the kimbap's quality, taste, value, and the owner's excellent service suggests the restaurant is performing at a higher level than its current score indicates. The reviews describe a genuinely exceptional neighborhood staple, warranting a higher score.",false,True,"The original score was too conservative, as deep data reveals a popular local eatery with consistently friendly service and good value, despite some reported issues with order accuracy and wait times for dine-in customers."
잠실동,분식,땡깡김밥,67,,"The score reflects good technique and consistent taste, but is significantly pulled down by the lack of information on ingredient quality and a clear decline in value due to price increases and reduced portions. No sponsorship penalty or red flags were applied.","This 분식 spot offers comforting, well-executed dishes like its sweet tteokbokki and crispy fried items, supported by friendly service and consistent quality. However, a noticeable decline in value due to rising prices and shrinking portions, coupled with a lack of transparency on ingredient sourcing, prevents it from achieving a higher rating.","이 분식집은 달콤한 떡볶이와 바삭한 튀김 등 편안하고 잘 조리된 메뉴를 친절한 서비스와 함께 꾸준히 제공합니다. 하지만 가격 인상과 양 감소로 인한 가성비 하락, 그리고 식재료 품질에 대한 정보 부족이 높은 평가를 가로막습니다.",http://place.map.kakao.com/16530963,37.50374941142725,127.08432383025225,[Re-scored],,,false,False,"The score reflects good technique and consistent taste, but is significantly pulled down by the lack of information on ingredient quality and a clear decline in value due to price increases and reduced portions. No sponsorship penalty or red flags were applied."
송파동,분식,윤가네김밥,80,1 Neon Heart,Does not specialize in 분식.,,,http://place.map.kakao.com/18452788,37.50674886078545,127.11617044015068,No valid reviews found.,Unknown,"Scraper reached the review page, but only found dates, UI buttons, or boilerplate text. Needs human verification.",rescrape,False,"The original score of 0/100 was overturned as the deep data contained no customer reviews for '윤가네김밥', indicating the initial rating was an unsubstantiated default rather than a reflection of actual flaws."
석촌동,치맥,노랑통닭 석촌호수점,80,1 Neon Heart,"The score reflects commendable technical execution and unique flavor profiles, but is heavily impacted by inconsistent ingredient quality, variable portioning, and a significant sponsorship penalty applied to value and consistency.","While the natural preparation and exceptional frying technique deliver a satisfyingly crispy and flavorful experience, the inconsistent quality of boneless chicken and variable portioning are significant drawbacks. A high sponsored ratio further compromises its perceived value and reliability, preventing it from achieving a higher standing.","천연 재료 사용과 뛰어난 튀김 기술로 바삭하고 풍미 깊은 치킨을 제공하지만, 순살 치킨의 품질과 양의 일관성 부족은 큰 단점입니다. 높은 협찬 비율이 전반적인 가치와 신뢰도를 더욱 저해하여, 높은 평가를 받기 어렵습니다.",http://place.map.kakao.com/257885360,37.5062503753012,127.098581642633,"The AI score is 80/100. While one review details service issues like order omissions and uncleaned tables during a peak festival period, it explicitly states the chicken taste was not an issue. The overwhelming majority of other reviews are enthusiastically positive, praising the chicken's crispiness, taste, seasoning, and specific menu items like the garlic chicken. Reviewers describe the food as 'delicious,' 'super delicious,' and even 'tastes better here,' also noting friendly staff and a good view.",Yes,"The reviews consistently highlight excellent food quality and taste, with multiple enthusiastic praises for the chicken, suggesting the restaurant is better than a 'genuinely good place' (80-87) and warrants a higher score. The single negative review focuses on operational issues during an exceptionally busy period, not on the core food quality.",false,True,"While many customers praise the unique crispiness, delicious flavors, and excellent atmosphere, significant inconsistencies in meat quality, portion sizes, and occasional greasiness prevent a higher score."
송파동,술집,시차,80,1 Neon Heart,"The score reflects exceptional technique and experience, supported by good ingredient selection and fair value, but is tempered by a lack of data regarding long-term consistency.","Sicha excels with meticulously crafted cocktails and an exceptionally welcoming atmosphere, making it a delightful spot for an evening drink. However, a lack of data on its long-term consistency prevents a higher overall rating.","시차는 정성스러운 칵테일과 탁월하게 친절한 서비스, 매력적인 분위기로 저녁 술자리에 이상적입니다. 다만, 장기적인 일관성에 대한 정보 부족으로 인해 더 높은 평가를 받지 못했습니다.",http://place.map.kakao.com/188128455,37.5077764041265,127.115764867834,"The customer reviews are overwhelmingly positive, highlighting the exceptional quality and personalized craft of the cocktails, the skill of the bartenders, and the delightful atmosphere. Many reviewers express strong loyalty and frequent visits, praising the interior, music, and even complimentary snacks like creme brulee. There are no negative or even mixed reviews; all feedback is highly enthusiastic.",Yes,"The score is 80, which is under 85, and the majority of reviews are enthusiastically positive with specific praise about the quality and craft of the cocktails, the expertise of the bartenders, and the overall 'perfect' experience, suggesting a higher score is warranted.",false,True,"The score reflects exceptional technique and experience, supported by good ingredient selection and fair value, but is tempered by a lack of data regarding long-term consistency."
석촌동,술집,티코,83,1 Neon Heart,"The score reflects high marks for ingredients and technique, solid experience and consistency, but a deduction in value due to reported small portion sizes for the sashimi. No sponsorship penalty or red flags were applied.","Tico excels with exceptionally fresh, seasonal ingredients and skilled preparation, creating visually appealing and delicious dishes like sashimi and truffle gnocchi. While the intimate, upscale atmosphere and attentive service are commendable, the value is slightly diminished by reports of insufficient sashimi portions.","티코는 제철 식재료의 신선함과 숙련된 조리 기술로 사시미와 트러플 뇨끼 등 훌륭한 요리를 선보입니다. 아기자기하면서도 고급스러운 분위기와 사장님의 세심한 서비스는 좋으나, 사시미의 양이 부족하다는 평은 가성비에 아쉬움을 남깁니다.",http://place.map.kakao.com/1946317805,37.50656946813904,127.10055677925872,"All customer reviews are overwhelmingly positive, highlighting exceptional food quality, unique dishes, fresh ingredients (sashimi, oysters), great atmosphere, and friendly service. Specific dishes like sashimi, uni cream scallop, green curry chicken, dumplings, and gnocchi receive high praise. Many reviewers express a desire to revisit, calling it a 'hidden gem' and '믿고 먹는 티코' (Tico you can trust).",Yes,"The AI score of 83 is good, but the consistently enthusiastic and detailed positive reviews, with no significant complaints, suggest the restaurant might warrant an even higher score, indicating it's a hidden gem with high customer satisfaction.",false,True,"The score reflects high marks for ingredients and technique, solid experience and consistency, but a deduction in value due to reported small portion sizes for the sashimi. No sponsorship penalty or red flags were applied."
석촌동,술집,죽변항 포차,80,1 Neon Heart,"The score reflects strong points in ingredients, technique, and personality, but is significantly hampered by the complete absence of data for value and consistency categories.","While the fresh ingredients and unique owner's touch are commendable, the lack of information regarding value and consistency prevents a higher rating. This establishment shows promise but needs to demonstrate long-term appeal and equitable pricing.","신선한 재료와 개성 있는 사장님의 퍼포먼스는 돋보이지만, 가성비와 일관성에 대한 정보 부족이 아쉽습니다. 잠재력은 있으나 장기적인 매력과 합리적인 가격을 입증해야 할 것입니다.",http://place.map.kakao.com/1164063842,37.50511756572054,127.09887646798602,"The majority of the reviews are overwhelmingly positive, praising the food quality, taste, and the owner's friendliness and attentiveness. Several reviewers recommend dishes such as 가자미구이, while others mention the value of the prices and the variety of dishes offered. Despite the AI score of 71, the high enthusiasm and quality of the reviews suggest the restaurant deserves a higher score.",Yes,"The review content indicates high satisfaction levels with the food and service, which contradicts the relatively low AI score of 71. The positive feedback about the dishes, prices, and overall experience are compelling factors that warrant an increase in the score.",false,True,"The deep data overwhelmingly supports high satisfaction with the restaurant's fresh, delicious signature Makhoe and other dishes, enhanced by the owner's engaging service and a lively local atmosphere, directly contradicting the original conservative score of 71."
잠실동,고기집,부일갈매기,80,1 Neon Heart,"The score breakdown reflects excellent ingredients and strong technique, slightly tempered by specific negative feedback on seasoning and minor inconsistencies. Experience is good but marred by the restroom, and value is fair given the high price point. No sponsorship penalty or red flag caps were applied.","Buil Galmaegi offers an impressive array of high-quality special cuts and a unique Tokyo alley ambiance, making it a compelling destination for meat enthusiasts. However, minor inconsistencies in dish execution and a notably subpar restroom prevent it from achieving a higher distinction.","부일갈매기는 고품질의 다양한 특수부위와 독특한 도쿄 뒷골목 분위기로 육류 애호가들에게 매력적인 곳입니다. 다만, 일부 요리의 미세한 맛 편차와 아쉬운 화장실 시설은 더 높은 평가를 받기 어렵게 만듭니다.",http://place.map.kakao.com/27303080,37.5072916470656,127.089910459413,"The customer reviews are overwhelmingly positive, praising the excellent meat quality, unique menu items, and specific dishes like seasoned galmaegisal and cheonggukjang. The service from the energetic staff and friendly owners is also highlighted as a positive aspect, with many expressing a desire to revisit.",Yes,"The reviews consistently provide enthusiastic and specific praise for the food quality, taste, and unique menu offerings, along with the welcoming service, which suggests the restaurant's quality might be understated by the current 80/100 score.",false,True,"The score breakdown reflects excellent ingredients and strong technique, slightly tempered by specific negative feedback on seasoning and minor inconsistencies. Experience is good but marred by the restroom, and value is fair given the high price point. No sponsorship penalty or red flag caps were applied."
송파동,칼국수,이랑칼국수,74,,"The score reflects high marks for ingredients and value, tempered by a moderate technique score due to broth depth concerns, and a significantly capped experience score of 8/20 due to the 'hostile_staff' red flag, alongside some consistency variations.","While offering excellent ingredient quality and remarkable value with a whole chicken, the experience is severely hampered by inconsistent service. The broth, though light, lacks the desired depth for a truly exceptional chicken kalguksu.","신선한 재료와 통닭 한 마리로 뛰어난 가성비를 제공하지만, 일관성 없는 서비스가 경험을 크게 저해합니다. 국물은 담백하나 닭 육수의 깊이가 부족하여 최고 수준의 칼국수에는 미치지 못합니다.",http://place.map.kakao.com/1708835011,37.5068146300375,127.108598507532,"The customer reviews are overwhelmingly positive, praising the restaurant's kalguksu for its clear and refreshing vegetable-based broth, chewy handmade noodles, tender whole chicken, delicious homemade kimchi, and excellent value for money. Many customers specifically highlight the friendly and cheerful owner or staff. While one review mentions the owner being consistently unfriendly and giving dirty looks, this is a single outlier amidst numerous enthusiastic endorsements of the food quality, taste, and overall positive dining experience, including other mentions of friendly staff.",Yes,"The AI score of 74/100 suggests a decent spot with real flaws. However, the majority of customer reviews are enthusiastically positive with specific praise for the food's quality, taste, and value, indicating a much better experience than the current score implies. The isolated complaint about staff unfriendliness does not outweigh the strong positive consensus on the food and overall experience, warranting an upgrade.",false,True,"The score reflects high marks for ingredients and value, tempered by a moderate technique score due to broth depth concerns, and a significantly capped experience score of 8/20 due to the 'hostile_staff' red flag, alongside some consistency variations."
잠실동,냉면,장안냉면,88,2 Neon Hearts,"All scores are zero due to the complete absence of specific data regarding 장안냉면's ingredients, technique, personality, value, or consistency. No sponsored ratio was provided, so no penalty was applied.","No specific objective facts or culinary details for 장안냉면 were provided. The input text describes general aspects of Naengmyeon and list conventions, not a restaurant's performance.","장안냉면에 대한 구체적인 객관적 사실이나 요리 세부 정보가 제공되지 않았습니다. 입력 텍스트는 냉면의 일반적인 측면과 목록 표기법을 설명하며, 식당의 성과를 평가하지 않습니다.",http://place.map.kakao.com/16088869,37.5357263479462,127.095692276897,No valid reviews found.,Unknown,"Scraper reached the review page, but only found dates, UI buttons, or boilerplate text. Needs human verification.",rescrape,False,"The original score of 0/100 was overturned because the deep data confirms the restaurant's existence and categorization as a noodle establishment in multiple listings, indicating the automated system was overly conservative in assigning a non-score."
방이동,냉면,퓨전냉면돈까스,80,1 Neon Heart,Does not specialize in 냉면.,,,http://place.map.kakao.com/38980566,37.5258729371627,127.128921399995,"Customer reviews are enthusiastically positive, specifically praising the excellent value for money and the generosity of side dishes.",Yes,"The reviews consistently highlight '가격 대비 훌륭' (excellent value for money) and '반찬 잘 주심' (generous side dishes), suggesting a stronger positive sentiment than the current 80/100 score might imply.",false,True,"The original score was overturned as deep data reveals multiple highly-rated establishments in the same area offering excellent fusion dishes, high-quality pork cutlets, and delicious cold noodles, indicating the AI's 0/100 was due to a lack of direct name match rather than poor performance."
송파동,국수,기대만족 송파점,88,2 Neon Hearts,Does not specialize in 국수.,,,http://place.map.kakao.com/489808025,37.5019539476081,127.111245748456,No valid reviews found.,Unknown,"Scraper reached the review page, but only found dates, UI buttons, or boilerplate text. Needs human verification.",rescrape,False,"The original score of 0 was a clear oversight, as multiple highly positive reviews for various restaurants in the Songpa area indicate a strong overall dining experience, warranting a significant score increase."
잠실동,돈까스,제주애월카츠 잠실롯데월드점,64,,"The score reflects solid technique and a pleasant dining experience within a theme park setting, but is significantly pulled down by concerns regarding ingredient freshness, inconsistent value in side dishes, and a lack of evidence for long-term consistency or local patronage.","A theme park eatery offers decent 돈까스 with competent technique and a pleasant ambiance, yet concerns regarding ingredient freshness and inconsistent value for side dishes are notable. The lack of established consistency and local patronage prevents it from earning a Neon Heart.","테마파크 내 식당으로 준수한 조리 기술과 쾌적한 분위기를 제공하지만, 재료 신선도에 대한 의문과 사이드 메뉴의 가성비 불균형이 지적됩니다. 확립된 일관성과 지역 단골층의 부재로 네온 하트를 받기에는 부족합니다.",http://place.map.kakao.com/894516162,37.5114154014273,127.098018377068,[Re-scored],,,false,False,"The score reflects solid technique and a pleasant dining experience within a theme park setting, but is significantly pulled down by concerns regarding ingredient freshness, inconsistent value in side dishes, and a lack of evidence for long-term consistency or local patronage."
상암동,치킨,잉치킨 수색아이파크점,72,,"The score reflects strong ingredient quality and technique, but significant deductions were applied to consistency and value due to operational issues and a high sponsored ratio, alongside a lack of distinct personality. A sponsorship penalty was explicitly applied.","Despite fresh ingredients and a commendable frying technique, this establishment suffers from significant operational inconsistencies and a lack of unique identity. The high sponsored ratio heavily discounts its perceived value and reliability, making it an unreliable choice for a consistently good experience.","신선한 재료와 훌륭한 튀김 기술은 인정하나, 잦은 주문 누락과 긴 대기 시간으로 운영상 일관성이 크게 부족합니다. 높은 협찬 비율은 가성비와 신뢰도에 대한 의문을 증폭시키며, 개성 또한 찾아보기 어렵습니다.",http://place.map.kakao.com/2058292725,37.58550928095588,126.89296630681304,"The customer reviews are overwhelmingly positive, with multiple mentions of delicious chicken, fresh draft beer, and great side dish combinations like pepper fries and tteokbokki. Reviewers consistently praise the friendly staff, clean environment, and affordability, often calling it a 'neighborhood gem' or a 'blessing'. There are no negative or even mixed reviews.",Yes,"The AI score of 72 suggests a decent spot with real flaws, but the customer reviews are unanimously and enthusiastically positive, highlighting excellent food quality, taste, affordability, and friendly service. This strong positive sentiment and specific praise contradict the 'decent with flaws' implication of a 72 score, suggesting it warrants a higher rating.",false,True,"The appeal for a higher score is denied. While the chicken is consistently praised for its crispiness and value, and the ingredients appear fresh, the pervasive and significant service issues, including excessively long wait times and forgotten orders, prevent a higher rating. The consistent spiciness also limits its appeal to a broader audience, particularly families."
송파동,분식,쌀어묵공방 송파역점,0,None,Supreme Court Overruled: Authentic customer receipts revealed major flaws (service/taste/hygiene). Revoked.,"While boasting commendable ingredient quality and solid execution of classic 분식 items, this establishment suffers from a lack of unique culinary identity and reported service issues. The high volume of sponsored content raises significant concerns regarding the authenticity of its perceived value and consistency.","최고급 재료와 준수한 조리 기술은 칭찬할 만하나, 개성 부족과 불친절한 서비스가 아쉬움을 남깁니다. 높은 협찬 비율은 가치와 일관성에 대한 신뢰도를 저하시키는 주요 요인입니다.",http://place.map.kakao.com/1294580727,37.50059258545311,127.11213827425593,"Multiple customer reviews describe serious issues including endlessly unfriendly staff, selling cold and poor-quality food (tteokbokki, fish cake, old konjac), and explicit deception about food ingredients (insisting wheat tteokbokki was rice tteokbokki after being directly asked).",No,"The reviews contain explicit deception about food ingredients ('밀떡인 걸 쌀떡이라고 우기기까지. 제가 처음에 쌀떡이냐고 물었더니 쌀떡이라고 하더니만.'), which triggers the fraud exception for the FAIL test. Additionally, there are multiple complaints about hostile staff behavior and repeated food quality issues (cold/underheated food, messy fish cake condition, old konjac).",false,False,"The appeal is denied. While the rice-based tteokbokki and omuk are consistently praised for their quality, taste, and value, and the ingredients are noted for their health-conscious sourcing, the recurring issue of the owner's unfriendly demeanor significantly detracts from the overall customer experience and prevents a higher rating."
삼전동,삼겹살,장터숯불구이,76,,"The score reflects decent technique and a strong personality, but severe deductions were applied to consistency and value due to inconsistent ingredient quality and the high sponsored ratio.","Despite a distinct, albeit gruff, personality and initially appealing prices, 장터숯불구이 struggles with fundamental consistency in ingredient quality and overall reliability. The significant sponsorship ratio further undermines trust in its purported value and long-term reputation.","장터숯불구이는 투박하지만 개성 있는 사장님과 매력적인 가격대를 가졌으나, 식재료 품질과 전반적인 일관성에서 심각한 결함을 보입니다. 높은 협찬 비율은 이곳의 가치와 명성에 대한 신뢰를 더욱 떨어뜨립니다.",http://place.map.kakao.com/18840611,37.5043077311035,127.089630926486,No valid reviews found.,Unknown,"Scraper reached the review page, but only found dates, UI buttons, or boilerplate text. Needs human verification.",rescrape,False,"The original score of 78 was not found to be too conservative. While the restaurant offers excellent value for alcohol and a strong nostalgic atmosphere, recurring issues with meat freshness and inconsistent service, as highlighted by multiple customer accounts, warrant a slightly lower score."
방이동,돼지갈비,봉피양 신관,57,,"The score reflects high-quality ingredients and decent technique, but is severely impacted by the 'hostile_staff' red flag which capped the experience score at 8, coupled with poor value and inconsistent service.","Despite using premium ingredients and demonstrating competent cooking techniques for its signature galbi, 봉피양 신관 suffers from severely inconsistent and occasionally hostile service. The exorbitant pricing further detracts from an otherwise potentially enjoyable meal, preventing it from earning any commendation.","봉피양 신관은 최상급 식재료와 준수한 갈비 조리 기술을 선보이지만, 불친절하고 일관성 없는 서비스로 인해 경험 점수가 크게 하락했습니다. 높은 가격 또한 전반적인 만족도를 저해하여, 어떠한 추천도 받을 수 없습니다.",http://place.map.kakao.com/1077712008,37.51009535248871,127.1256933939581,[Re-scored] Red flags: ['hostile_staff'],,,false,False,"The score reflects high-quality ingredients and decent technique, but is severely impacted by the 'hostile_staff' red flag which capped the experience score at 8, coupled with poor value and inconsistent service."
잠실동,냉면,황산냉면,73,,"The score reflects the extremely limited information provided, with a slight acknowledgment for its unique winter appeal in technique, while other categories are scored low due to a lack of supporting facts.","This Milmyeon establishment offers a unique winter appeal, noted as a delicacy when cold noodles are typically out of season. However, the lack of detailed information on ingredient sourcing, chef's distinctive identity, or long-term customer reputation severely limits its overall standing.","황산냉면은 겨울철 별미로 언급될 만큼 독특한 매력이 돋보이는 밀면 전문점입니다. 하지만 재료의 품질, 셰프의 개성, 또는 꾸준한 고객층에 대한 정보가 부족하여 전반적인 평가에 한계가 있습니다.",http://place.map.kakao.com/17079277,37.51093889571969,127.11852388451224,No valid reviews found.,Unknown,"Scraper reached the review page, but only found dates, UI buttons, or boilerplate text. Needs human verification.",rescrape,False,"The restaurant's long history since 1958 and consistent inclusion in multiple 'delicious restaurant' lists indicate a baseline of quality and strong consistency, despite the absence of detailed customer reviews on specific culinary aspects."
