Neighborhood,Category,Restaurant Name,Score,Award Level,Justification,Description EN,Description KO,Kakao URL,Latitude,Longitude,Auditor Comments,Rating Justified,Auditor Reason,Needs Manual Review,Upgrade Recommended
역삼동,수제맥주,낙타브루잉,70,,Supreme Court Verified: A craft beer spot definitely worth a stop if you're in the area.,"낙타브루잉 offers a trendy spot for craft beer and pizza, with their homemade pizza sauce being a notable highlight. However, a high ratio of sponsored reviews casts a shadow over the true value and consistent quality of their broader menu and house brews.","낙타브루잉은 수제 맥주와 피자를 즐기기 좋은 트렌디한 공간으로, 특히 직접 만든 소스를 사용한 피자가 인상적입니다. 하지만 높은 협찬 비율로 인해 메뉴 전반의 진정한 가치와 꾸준한 품질에 대해서는 회의적인 시각을 가질 수밖에 없습니다.",http://place.map.kakao.com/700924311,37.50290432,127.0266676,,,,false,
문래동,수제맥주,올드문래,70,,Supreme Court Verified: A craft beer spot definitely worth a stop if you're in the area.,"Old Mullae offers a popular, hip atmosphere with a wide selection of craft beers and simple pub fare like fries and nachos. However, the high prices for basic dishes and a lack of focus on ingredient quality or culinary technique prevent it from truly shining.","올드문래는 다양한 수제맥주와 감자튀김으로 힙하고 인기 있는 분위기를 자랑하지만, 기본적인 요리에 비해 높은 가격과 식재료 품질 및 요리 기술에 대한 언급 부족이 아쉽습니다.",http://place.map.kakao.com/266428861,37.51391353,126.8942608,,,,false,
공덕동,수제맥주,더테이블 마포점,70,,Supreme Court Verified: A craft beer spot definitely worth a stop if you're in the area.,"The Table Mapo offers a mixed bag, with some dishes like the rucola prosciutto hitting the mark while others fall short on execution and ingredient quality. While the craft beer is reasonably priced, the overall food experience and lack of culinary distinction make it an average stop rather than a destination.","더테이블 마포점은 루꼴라 프로슈토처럼 괜찮은 메뉴도 있지만, 전반적인 요리의 완성도와 식재료 품질은 아쉬움이 남습니다. 수제 맥주 가격은 합리적이나 음식 가격은 다소 비싸며, 특별한 개성을 찾기 어려운 평범한 경험을 제공합니다.",http://place.map.kakao.com/1361409475,37.55067392,126.9561504,No valid reviews found.,Unknown,"Scraper reached the review page, but only found dates, UI buttons, or boilerplate text. Needs human verification.",false,False
성수동,수제맥주,리퀴드랩,70,,Supreme Court Verified: A craft beer spot definitely worth a stop if you're in the area.,"Liquid Lab offers a decade of craft beer presence in Seongsu, featuring its own unique brews and a selection of decent pub snacks. However, the complete reliance on sponsored reviews raises significant doubts about the true value and consistent quality of the experience.","리퀴드랩은 성수동에서 10년간 자리를 지켜온 수제 맥주 전문점으로, 자체 양조 맥주와 괜찮은 안주를 선보입니다. 하지만 모든 리뷰가 협찬이라는 점에서 실제 가치와 꾸준한 품질에 대한 신뢰는 크게 떨어집니다.",http://place.map.kakao.com/25415105,37.54682752,127.0463097,No valid reviews found.,Unknown,"Scraper reached the review page, but only found dates, UI buttons, or boilerplate text. Needs human verification.",false,False
서초동,수제맥주,밀회관 강남삼성타운점,70,,Supreme Court Verified: A craft beer spot definitely worth a stop if you're in the area.,"Milhoegwan offers a broad selection of craft beers and highballs in a spacious, retro-chic setting, making it a popular spot for casual gatherings. While some dishes like the platter offer good value and tasty fried items, the overall culinary execution and ingredient quality remain largely uninspired and generic.","밀회관은 넓고 레트로한 분위기에서 다양한 수제 맥주와 하이볼을 즐길 수 있어 모임 장소로 인기가 많습니다. 플래터의 가성비와 튀김의 맛은 긍정적이나, 전반적인 요리의 독창성과 재료의 품질은 평범한 수준에 머물러 있습니다.",http://place.map.kakao.com/1245157835,37.49456249,127.0280216,,,,false,
익선동,수제맥주,행아웃,70,,Supreme Court Verified: A craft beer spot definitely worth a stop if you're in the area.,"Hangout offers a unique hanok setting and a diverse craft beer selection, but its food quality and value for money fall short. While it's a popular spot for its ambiance, the culinary experience doesn't justify the price.","행아웃은 독특한 한옥 분위기와 다양한 수제 맥주 라인업으로 매력적이지만, 식재료 품질과 가성비 면에서는 아쉬움이 남습니다. 분위기는 좋으나 전반적인 요리의 완성도가 가격을 정당화하기에는 부족합니다.",http://place.map.kakao.com/1324791248,37.57355257,126.99031,,,,false,
합정동,양조장,같이양조장 합정점,70,,Supreme Court Verified: A craft beer spot definitely worth a stop if you're in the area.,"While the dishes demonstrate promising flavor and technique, a significant lack of information on ingredient sourcing, chef's identity, and long-term consistency prevents a higher rating. The set menu offers fair value, but overall, it falls short of Neon Guide's rigorous standards.","요리의 맛과 조리 기술은 훌륭했으나, 식재료의 품질, 셰프의 개성, 그리고 가장 중요한 일관성에 대한 정보가 부족하여 높은 점수를 주기 어렵습니다. 세트 메뉴는 합리적인 가격을 제공하지만, 전반적으로 네온 가이드의 엄격한 기준에는 미치지 못합니다.",http://place.map.kakao.com/40120323,37.54734025,126.9112478,No valid reviews found.,Unknown,"Scraper reached the review page, but only found dates, UI buttons, or boilerplate text. Needs human verification.",false,False
상암동,수제맥주,블랙서커스,70,,Supreme Court Verified: A craft beer spot definitely worth a stop if you're in the area.,"Black Circus presents a visually appealing space with a broad selection of beers and popular pub food. However, despite its atmospheric charm, the culinary execution remains merely competent, and service consistency falters under pressure.","블랙서커스는 매력적인 분위기 속에서 다양한 맥주와 대중적인 펍 음식을 선보입니다. 하지만 시각적 매력에도 불구하고 요리의 숙련도는 평범하며, 바쁜 시간대에는 서비스의 일관성이 부족합니다.",http://place.map.kakao.com/232319893,37.5814191,126.8884516,,,,false,
문래동,수제맥주,브루스카,70,,Supreme Court Verified: A craft beer spot definitely worth a stop if you're in the area.,"Brusca offers a unique craft beer making experience, setting it apart from typical pubs. However, its standard pub fare and lack of detailed information on the quality of its own brewed beers or long-term consistency prevent it from earning a higher recommendation.","브루스카는 수제 맥주 만들기 체험이라는 독특한 경험을 제공하여 일반 펍과 차별점을 둡니다. 하지만 평범한 펍 안주와 자체 맥주의 품질, 그리고 장기적인 일관성에 대한 정보 부족으로 높은 평가를 받기에는 아쉽습니다.",http://place.map.kakao.com/1984145166,37.51294053,126.894347,,,,false,
신당동,수제맥주,맥주집,70,,Supreme Court Verified: A craft beer spot definitely worth a stop if you're in the area.,"This beer house shines with its innovative self-tap system and a menu tailored for younger tastes, offering good value for casual outings. However, the lack of detailed ingredient quality and inconsistent long-term appeal prevent it from earning a Neon Heart.","이 맥주집은 혁신적인 셀프탭 시스템과 젊은 취향에 맞춘 메뉴로 빛나며, 캐주얼한 모임에 좋은 가성비를 제공합니다. 하지만 식재료 품질에 대한 구체적인 언급이 부족하고 장기적인 일관성이 아쉬워 네온 하트를 받지 못했습니다.",http://place.map.kakao.com/2138604973,37.55250611,127.0106254,No valid reviews found.,Unknown,"Scraper reached the review page, but only found dates, UI buttons, or boilerplate text. Needs human verification.",false,False
을지로,수제맥주,을지맥옥,70,,Supreme Court Verified: A craft beer spot definitely worth a stop if you're in the area.,"Eulji Maekok offers a vibrant, hip atmosphere with a unique pizza and a wide selection of craft beers, but the overall culinary execution and value remain unproven. While the ambiance is distinct, the lack of information on ingredient quality, consistent technique, and pricing prevents it from earning a Neon Heart.","을지맥옥은 힙한 분위기와 독특한 피자, 다양한 수제 맥주를 자랑하지만, 전반적인 요리의 완성도와 가성비에 대한 정보가 부족합니다. 개성 있는 공간은 매력적이나, 재료의 품질, 꾸준한 기술, 가격에 대한 명확한 증거가 없어 네온 하트를 받기 어렵습니다.",http://place.map.kakao.com/2091976811,37.56546517,126.990723,,,,false,
서초동,수제맥주,브루웍스 남부버스터미널점,70,,Supreme Court Verified: A craft beer spot definitely worth a stop if you're in the area.,"This craft beer spot offers reliably tasty fried dishes and pizza at a commendable value, especially for its location. However, it lacks a distinct culinary identity or a chef's unique touch to truly stand out.","이 수제맥주집은 위치 대비 훌륭한 가성비로 믿을 수 있는 맛있는 튀김 요리와 피자를 제공합니다. 하지만, 셰프의 개성이나 독특한 정체성이 부족하여 '네온 가이드'의 엄격한 기준을 충족시키기에는 아쉽습니다.",http://place.map.kakao.com/1543745696,37.4858764,127.0212297,No valid reviews found.,Unknown,"Scraper reached the review page, but only found dates, UI buttons, or boilerplate text. Needs human verification.",false,False
합정동,수제맥주,브루브루,71,,Supreme Court Verified: A craft beer spot definitely worth a stop if you're in the area.,"While 브루브루 offers a cozy ambiance and creative tartelettes, it entirely misses the mark for the 'Neon Guide' as there's no mention of craft beer offerings. Its appeal as a brunch cafe is noted, but it simply doesn't fit our specialty.","브루브루는 아늑한 분위기와 독창적인 타르틴 메뉴를 선보이지만, '네온 가이드'의 핵심인 수제맥주에 대한 언급이 전혀 없어 본 가이드의 취지와 맞지 않습니다. 브런치 카페로서의 매력은 인정하나, 저희 전문 분야와는 거리가 멠니다.",http://place.map.kakao.com/1896473426,37.5501593,126.9098412,,,,false,
을지로,수제맥주,아트몬스터 을지로점,70,,Supreme Court Verified: A craft beer spot definitely worth a stop if you're in the area.,"Art Monster Euljiro offers a vibrant atmosphere with a commendable selection of award-winning craft beers and solid pub fare. While the food is enjoyable, a lack of focus on ingredient quality prevents it from truly standing out.","아트몬스터 을지로점은 수상 경력에 빛나는 수제 맥주와 함께 활기찬 분위기를 선사합니다. 펍 음식으로는 괜찮지만, 식재료 품질에 대한 정보 부족이 아쉬움을 남깁니다.",http://place.map.kakao.com/600354756,37.56575802,126.9899522,No valid reviews found.,Unknown,"Scraper reached the review page, but only found dates, UI buttons, or boilerplate text. Needs human verification.",false,False
역삼동,수제맥주,케그샵 프리미엄수제맥주&전통주셀렉샵 강남점,71,,Supreme Court Verified: A craft beer spot definitely worth a stop if you're in the area.,"Kegshop offers an impressive array of premium and rare craft beers, enhanced by a unique 'Mac-makase' recommendation service and well-executed pub fare. However, the high proportion of sponsored reviews casts a shadow on its true value and long-term consistency.","케그샵은 30종 이상의 프리미엄 수제맥주와 '맥마카세' 서비스로 독특한 경험을 제공하며, 안주류도 준수합니다. 하지만 높은 협찬 비율은 가격 대비 가치와 일관성에 대한 의구심을 남깁니다.",http://place.map.kakao.com/784066482,37.5006506,127.031593,This review mentions the nice interior which matches the AI score of 71/100,Yes,"The review does not mention anything about the food quality or service issues, which are key factors for a 90+ score. It only highlights the positive aspect of the restaurant's interior.",false,False
망원동,막걸리,서울장수막걸리 체험관,71,,Supreme Court Verified: A craft beer spot definitely worth a stop if you're in the area.,"Seoul Jangsoo Makgeolli Experience Center offers a unique opportunity to explore the brand's diverse makgeolli range and history, complete with engaging tasting and brewing programs. While it excels as an educational and experiential hub, it doesn't quite meet the rigorous culinary standards of a fine dining establishment, particularly regarding ingredient transparency and chef-driven mastery.","서울장수막걸리 체험관은 브랜드의 다양한 막걸리 라인업과 역사를 탐험할 수 있는 독특한 기회를 제공하며, 흥미로운 시음 및 빚기 프로그램을 갖추고 있습니다. 교육적이고 체험적인 공간으로는 훌륭하지만, 재료의 투명성이나 셰프의 숙련된 기술이라는 엄격한 미식 기준에는 미치지 못합니다.",http://place.map.kakao.com/557949460,37.55646724,126.8998402,No valid reviews found.,Unknown,"Scraper reached the review page, but only found dates, UI buttons, or boilerplate text. Needs human verification.",false,False
서교동,양조장,느린마을양조장 홍대점,73,,Supreme Court Verified: A craft beer spot definitely worth a stop if you're in the area.,"While the makgeolli itself shines with distinct seasonal flavors and the owner's unique sommelier touch, the overall culinary experience is hampered by inconsistent anju quality and an unverified ingredient sourcing. The excellent value for money and unique events are noteworthy, but the kitchen needs to elevate its game to match the beverage program.","막걸리 자체의 맛과 사장님의 독특한 소믈리에 감각은 돋보이지만, 안주의 일관성 없는 품질과 식재료에 대한 정보 부족이 아쉽습니다. 훌륭한 가성비와 특별한 이벤트는 칭찬할 만하나, 주방의 역량이 주류 프로그램에 미치지 못합니다.",http://place.map.kakao.com/456923820,37.55401513,126.921853,"The receipt mentions consistently positive comments such as '맛있었다', '메뉴가 다양하고 좋았습니다', '추천해주세요' indicating high satisfaction and quality of food and service.",Yes,"The reviews are overwhelmingly positive, praising the variety and quality of the menu, the excellent service, and the overall experience. The AI score of 73/100 is consistent with this feedback.",false,False
이태원동,수제맥주,달맥슈퍼,74,,"The score of 74 reflects strong points in uniqueness and value, good beer curation, but is tempered by limited information on ingredient quality for its own offerings and a lack of data to assess consistency over time.","Dalmaek Super offers an impressive, diverse selection of craft beers, enhanced by a unique BYO food policy and owner recommendations. While its value and unique approach are commendable, the lack of information on ingredient quality for its own offerings and long-term consistency prevents a higher rating.","달맥슈퍼는 다양한 수제맥주 라인업과 외부 음식 반입 허용이라는 독특한 정책으로 돋보입니다. 훌륭한 가치와 개성을 가졌지만, 자체 제공하는 안주의 품질과 장기적인 일관성에 대한 정보가 부족하여 아쉬움이 남습니다.",http://place.map.kakao.com/795389291,37.53938469,126.9876566,Customer feedback indicates that the restaurant handles discounts and rewards well.,Yes,"The AI score of 74 falls within the 70-89 range. The customer feedback is positive regarding the handling of discounts/rewards and does not mention genuinely bad food or significant issues, which aligns with the expectation for this score range.",false,False
삼청동,수제맥주,황남주택 삼청점,74,,Supreme Court Verified: A craft beer spot definitely worth a stop if you're in the area.,"Hwangnamjutaek Samcheongjeom offers a unique craft beer experience in a beautifully renovated 100-year-old hanok, blending tradition with modern flair. While the atmosphere is charming and some dishes show good technique, a lack of detailed information on ingredient sourcing and long-term consistency prevents it from earning a higher culinary distinction.","황남주택 삼청점은 100년 된 한옥을 개조한 독특한 공간에서 수제 맥주를 즐길 수 있는 곳입니다. 매력적인 분위기와 일부 요리의 훌륭한 조리 기술에도 불구하고, 재료의 상세한 품질과 장기적인 일관성에 대한 정보 부족으로 높은 평가를 받기 어렵습니다.",http://place.map.kakao.com/835847506,37.58452034,126.9822985,"The reviews mention the nice interior and the basic appetizers, which aligns with the AI score of 74/100. These are positive points that are consistent with the score.",Yes,"The reviews are positive and complimentary, which matches the AI score of 74/100.",false,False
서초동,수제맥주,스탑오버,75,,Supreme Court Verified: A craft beer spot definitely worth a stop if you're in the area.,"스탑오버 offers a surprisingly unique dining pub atmosphere in Gangnam, with well-seasoned hot wings and expertly poured stout beers. While some dishes are competent and the beer selection has highlights, the overall value for money and ingredient quality don't quite elevate it beyond a good casual spot.","강남역에서 독특한 다이닝 펍 분위기를 선사하는 스탑오버는 양념이 잘 밴 핫윙과 전문가의 손길로 따라주는 스타우트 맥주가 인상적입니다. 하지만 전반적인 식재료의 품질과 가성비는 평범하여, 뛰어난 미식 경험보다는 좋은 캐주얼 장소에 가깝습니다.",http://place.map.kakao.com/154308292,37.49506893,127.0277379,"The reviews are highly mixed, with strong praise for the atmosphere, interior, and friendly owner, but also severe criticism regarding the quality of the beer and a direct recommendation to avoid the establishment.",Yes,"The AI score of 75/100 is justified as it reflects the polarized customer feedback, which includes both enthusiastic positive comments and significant negative complaints about product quality.",false,False
익선동,수제맥주,크래프트루 익선,77,,Supreme Court Verified: A craft beer spot definitely worth a stop if you're in the area.,"크래프트루 익선 offers a unique hanok ambiance and a commendable selection of craft beers and pizzas. However, the lack of information on ingredient quality and value for money prevents it from truly standing out.",크래프트루 익선은 독특한 한옥 분위기와 훌륭한 수제 맥주 및 피자를 제공합니다. 하지만 식재료 품질과 가성비에 대한 정보 부족으로 인해 탁월한 평가를 받기에는 아쉬움이 남습니다.,http://place.map.kakao.com/1999024829,37.57307406,126.9894498,"The reviews indicate a positive experience with a focus on the appealing interior, friendly atmosphere, and variety of beer selections. Guests appreciated the unique and enjoyable ambiance of the place, which caters well to both couples and foreign visitors. The reviewer found the food to be satisfactory and enjoyed the selection of beer. The minor critiques were minor and did not significantly impact the overall positive experience.",Yes,"The reviews contain no significant criticisms or contradictions. The overall tone is positive and complimentary, making the restaurant score of 77 seem justified and accurately reflects the customer experience.",false,False
역삼동,수제맥주,땡기면땡비어,78,,Supreme Court Verified: A craft beer spot definitely worth a stop if you're in the area.,"땡기면땡비어 offers a unique slush soju experience and good value, making it a popular spot for regulars. However, the overall flavor profile leans towards strong seasoning, and ingredient quality is not explicitly highlighted, preventing it from reaching higher culinary acclaim.",땡기면땡비어는 독특한 슬러시 소주와 합리적인 가격으로 단골들에게 사랑받는 곳입니다. 하지만 전반적으로 간이 센 편이며 식재료의 특별한 품질이 부각되지 않아 더 높은 미식의 경지에는 미치지 못했습니다.,http://place.map.kakao.com/610883345,37.50078497,127.0400907,No valid reviews found.,Unknown,"Scraper reached the review page, but only found dates, UI buttons, or boilerplate text. Needs human verification.",false,False
신당동,양조장,춘풍양조장,80,1 Neon Heart,Supreme Court Verified: A craft beer spot definitely worth a stop if you're in the area.,"Chunpung Brewery offers a truly unique experience with its AI-driven brewing techniques, yielding makgeolli with remarkable depth and distinct flavor profiles. While the ingredient quality and long-term consistency remain somewhat unproven, the innovative spirit and masterful execution of its beverages are undeniable.","춘풍양조장은 AI 양조 기법으로 빚어낸 깊고 개성 있는 막걸리로 독특한 미식 경험을 선사합니다. 식재료의 명확한 품질과 일관성에 대한 정보는 부족하지만, 혁신적인 정신과 음료에 대한 탁월한 기술력은 분명합니다.",http://place.map.kakao.com/896355062,37.55330631,127.0092324,No valid reviews found.,Unknown,"Scraper reached the review page, but only found dates, UI buttons, or boilerplate text. Needs human verification.",false,False
창천동,수제맥주,뉴타운,80,1 Neon Heart,Supreme Court Verified: A craft beer spot definitely worth a stop if you're in the area.,"This gastropub, run by beer sommelier champions, offers an unparalleled selection of craft beers and surprisingly excellent food like their signature burger. While the beer selection and overall quality are stellar, occasional inconsistencies in a specific beer's taste prevent it from reaching higher echelons.","한국 비어 소믈리에 챔피언들이 운영하는 이곳은 타의 추종을 불허하는 수제 맥주 셀렉션과 뛰어난 버거를 선보입니다. 전반적인 맥주 퀄리티와 음식은 훌륭하나, 가끔 맥주 맛의 일관성이 흔들리는 점이 아쉽습니다.",http://place.map.kakao.com/1702788673,37.55911384,126.9385665,No valid reviews found.,Unknown,"Scraper reached the review page, but only found dates, UI buttons, or boilerplate text. Needs human verification.",false,False
익선동,수제맥주,에일당,80,1 Neon Heart,Supreme Court Verified: A craft beer spot definitely worth a stop if you're in the area.,"Ale-dang offers a charming Hanok setting for its unique, house-brewed craft beers, making it a delightful spot for a casual drink. While the beer and distinctive pizza impress, the pasta occasionally reveals a lapse in culinary technique.","에일당은 매력적인 한옥 공간에서 자체 양조 수제맥주를 선보이며, 가벼운 한잔을 즐기기 좋은 곳입니다. 맥주와 개성 있는 피자는 훌륭하지만, 파스타 조리법에서는 가끔 아쉬움이 드러납니다.",http://place.map.kakao.com/1167226072,37.57351471,126.9900859,No valid reviews found.,Unknown,"Scraper reached the review page, but only found dates, UI buttons, or boilerplate text. Needs human verification.",false,False
필동,수제맥주,붐박스 2호점,80,1 Neon Heart,Supreme Court Verified: A craft beer spot definitely worth a stop if you're in the area.,"Boombox 2hojeom offers a truly unique music pub experience with its hip interior and interactive song request system, making it a vibrant destination for craft beer lovers. While the curated beer selection is commendable, the high price of some rare brews slightly diminishes its overall value.","붐박스 2호점은 힙한 인테리어와 신청곡 시스템으로 독특한 뮤직펍 경험을 선사하며, 수제 맥주 애호가들에게 활기찬 목적지가 됩니다. 엄선된 맥주 셀렉션은 칭찬할 만하지만, 일부 희귀 맥주의 높은 가격은 전반적인 가치를 다소 떨어뜨립니다.",http://place.map.kakao.com/371955195,37.5608919,126.9919551,"This receipt mentions '인테리어가 멋져요' which translates to 'the interior is cool' or 'the interior is nice'. This is a complimentary remark about the restaurant's atmosphere, aligning with the 80/100 score.",Yes,"The review is a positive one, focusing on the attractiveness of the restaurant's interior, which is consistent with the AI score of 80/100.",false,False
역삼동,수제맥주,구스아일랜드 브루하우스,80,1 Neon Heart,Supreme Court Verified: A craft beer spot definitely worth a stop if you're in the area.,"Goose Island Brewhouse offers a commendable experience, particularly with its in-house brewed beers and well-executed deep-dish pizza. While the overall value and ingredient specifics could be clearer, it stands as a reliable spot for group gatherings.","구스아일랜드 브루하우스는 매장 내 양조 맥주와 훌륭한 딥디쉬 피자로 인상적인 경험을 선사합니다. 전반적인 가성비와 식재료의 구체적인 품질은 아쉬울 수 있지만, 단체 모임을 위한 믿음직한 장소입니다.",http://place.map.kakao.com/375799906,37.49333431,127.031997,"This review mentions positive aspects such as the interior, good for groups, and the availability of special menus. The mention of 'Special' menu implies the food quality might be high. No negative comments are present, and the tone is positive overall.",Yes,"The reviews are all positive and complimentary without mentioning any negative aspects about the food or service. The presence of a special menu could indicate good offerings, which aligns with the AI score of 80/100.",false,False
역삼동,수제맥주,나즈드라비 강남대로점,80,1 Neon Heart,Supreme Court Verified: A craft beer spot definitely worth a stop if you're in the area.,"Nazdravi offers a uniquely charming Czech pub experience, complete with a toy train delivering beer and specialized Pilsner Urquell pours. While the Koleno is a standout dish, be mindful of its price and a potential off-note in their Kozel White beer.","나즈드라비는 장난감 기차가 맥주를 서빙하는 독특한 체코펍 분위기로 특별한 경험을 선사합니다. 꼴레뇨는 훌륭하지만 가격을 고려해야 하며, 코젤 화이트 맥주에서는 미세한 아쉬움이 있을 수 있습니다.",http://place.map.kakao.com/1489893761,37.50206112,127.0260566,No valid reviews found.,Unknown,"Scraper reached the review page, but only found dates, UI buttons, or boilerplate text. Needs human verification.",false,False
성수동,치킨,감닭오구공공,80,1 Neon Heart,"The score of 80 reflects solid ingredient quality, good flavor mastery, and excellent value, balanced against a less distinct culinary personality and good, but not exceptional, consistency, which is genuinely supported by organic reviews.","Gam Dal Oh Gu Gong Gong delivers on its promise of affordable, well-executed fried chicken, especially its popular garlic soy variant. While the owner's kindness is appreciated, the culinary personality remains somewhat understated, preventing it from truly standing out.","감닭오구공공은 합리적인 가격에 잘 조리된 치킨, 특히 인기 있는 마늘간장치킨으로 기대를 충족시킵니다. 친절한 사장님은 좋지만, 요리 자체의 개성은 다소 평범하여 특별한 인상을 남기기에는 부족합니다.",http://place.map.kakao.com/722623702,37.53817807,127.0544329,"The reviews highlight the delicious food, especially the chicken and hot pot noodle, with the reviewer suggesting others to try it. Despite the low price, the reviewer recommends the restaurant with some mild complaints about the price. Overall, the reviews are positive and enthusiastic.",Yes,"The restaurant received a high score from an AI auditor (80/100), and the customer reviews are positive and complimentary.",false,False
서초동,양조장,느린마을양조장 강남점,81,1 Neon Heart,Supreme Court Verified: A craft beer spot definitely worth a stop if you're in the area.,"Nueun Maeul Brewery Gangnam offers a genuinely unique urban brewery experience, serving fresh, additive-free makgeolli crafted on-site. While the accompanying Korean dishes are solid, the true star is the distinctive, seasonally-inspired traditional rice wine and the vibrant atmosphere.","느린마을양조장 강남점은 도심 속에서 직접 빚은 신선한 무감미료 막걸리를 맛볼 수 있는 독특한 공간입니다. 음식은 막걸리와 훌륭한 조화를 이루지만, 이곳의 진정한 매력은 계절 막걸리의 깊은 풍미와 활기찬 양조장 분위기에 있습니다.",http://place.map.kakao.com/20373259,37.49812206,127.0254038,"The reviews highlight the positive aspects such as the ambiance, the uniqueness of the menu, and the overall experience. However, there are some minor points that could be improved, such as the taste of the food. The customer mentions that the dishes are generally very good but a few items like the boiled lobster need adjustment to better suit the customer's preferences.",Yes,"While the reviews are overwhelmingly positive, there is a suggestion for improvement in the food quality, which prevents this from being a perfect score. The overall tone of the reviews suggests a high satisfaction level.",false,False
용산동2가,수제맥주,댕크야드 서울,70,1 Neon Heart,Supreme Court Verified: A craft beer spot definitely worth a stop if you're in the area.,"Dankyard Seoul offers a unique craft beer experience, highlighted by its brewer-owner's curated seasonal selections and excellent consistency across locations. While the diverse beers and juicy sausages impress, the high prices and lack of explicit ingredient quality details temper its overall appeal.","댕크야드 서울은 양조사 출신 오너의 개성 있는 맥주 큐레이션과 지점 간 뛰어난 일관성으로 독특한 수제맥주 경험을 선사합니다. 다양한 맥주와 육즙 가득한 소시지는 훌륭하지만, 높은 가격대와 식재료 품질에 대한 정보 부족은 아쉬움으로 남습니다.",http://place.map.kakao.com/979729106,37.5417398,126.9866525,"The receipt mentions only a positive note about the interior, which is consistent with the 81/100 AI score",Yes,"The receipt does not contain any negative comments about the food, service, or prices, which aligns with the positive AI score",false,False
서교동,수제맥주,생활맥주 합정역3번출구점,75,,Supreme Court Verified: A craft beer spot definitely worth a stop if you're in the area.,"This branch of Saenghwal Maekju offers a reliably satisfying craft beer and chicken experience, praised for its crispy fried chicken and excellent value sets. While not groundbreaking in uniqueness, it consistently delivers a great casual dining option near Hapjeong Station.","생활맥주 합정역3번출구점은 바삭한 치킨과 합리적인 가격의 세트 메뉴로 꾸준히 좋은 평가를 받는 곳입니다. 독창성 면에서는 특별하지 않지만, 합정역 근처에서 훌륭한 치맥을 즐기기 좋은 믿음직한 선택지입니다.",http://place.map.kakao.com/1072440953,37.54917346,126.9170079,"The reviews contain several criticisms such as '밀살 퍽퍽한듯', '노란 머리 알바분의 서비스 문제가 있음', and general criticisms of the service. The AI score of 82/100 indicates a score in the middle range but the customer feedback is more negative than positive.",No,"The criticism outweighs the positive remarks, suggesting the service could be improved. This does not align well with the 82/100 score from the AI.",false,False
익선동,수제맥주,브루3.14,75,1 Neon Heart,Supreme Court Verified: A craft beer spot definitely worth a stop if you're in the area.,"This establishment shines with its vibrant French owner and a decade of loyal patrons, offering a unique atmosphere. While the pizza dough is commendable and value propositions are strong, more clarity on ingredient quality would elevate its standing.","유쾌한 프랑스인 주인장의 개성과 10년 단골이 증명하는 일관성이 돋보이는 곳입니다. 쫄깃한 피자 도우와 합리적인 가성비는 훌륭하나, 식재료 품질에 대한 정보가 더 있다면 완벽할 것입니다.",http://place.map.kakao.com/21566385,37.57448956,126.9898661,"This review mentions a '특별한 메뉴' and '특별한 날 가기 좋아요', which aligns with the AI score of 82/100 indicating a positive experience with unique or special menu items for special occasions.",Yes,"The reviews are positive and align with the AI score, indicating a positive dining experience with special menus for special occasions.",false,False
역삼동,수제맥주,꼭그닭,70,1 Neon Heart,Supreme Court Verified: A craft beer spot definitely worth a stop if you're in the area.,"Kkokgeuldak offers a truly unique self-tap craft beer experience alongside consistently praised chicken dishes. While the ingredient quality isn't explicitly lauded, the innovative system and good value make it a compelling stop.","꼭그닭은 독특한 셀프 탭 수제 맥주 시스템과 꾸준히 호평받는 치킨 요리를 제공합니다. 식재료의 품질에 대한 구체적인 찬사는 없지만, 혁신적인 시스템과 좋은 가성비가 매력적인 곳입니다.",http://place.map.kakao.com/1757399379,37.5024393,127.0271107,"The reviews highlight several positive aspects such as the variety of menu, quality of food, friendly staff, and convenient location. The only minor negative points mentioned are that the music volume is not low and the restaurant is crowded. Overall, the positive points outweigh the negatives and the score reflects an overall positive experience.",Yes,"Despite minor complaints about music volume and crowd, the majority of the reviews are overwhelmingly positive, praising the variety of menu, quality of food, and friendly staff. The score of 82/100 aligns well with the positive reception described in the reviews.",false,False
서초동,수제맥주,생활맥주 남부터미널점,75,1 Neon Heart,Supreme Court Verified: A craft beer spot definitely worth a stop if you're in the area.,"생활맥주 남부터미널점 offers a consistently well-executed fried chicken experience, complemented by a unique free soju service that significantly boosts its value. While specific details on ingredient quality are sparse, the mastery of technique and long-standing presence make it a reliable choice.","생활맥주 남부터미널점은 숙련된 조리 기술로 훌륭한 치킨을 꾸준히 제공하며, 독특한 무료 소주 서비스로 가치를 더합니다. 식재료 품질에 대한 구체적인 언급은 부족하지만, 오랜 운영과 개선으로 신뢰할 수 있는 선택지입니다.",http://place.map.kakao.com/26781828,37.48541072,127.0142917,No valid reviews found.,Unknown,"Scraper reached the review page, but only found dates, UI buttons, or boilerplate text. Needs human verification.",false,False
서초동,수제맥주,더블린브루어리 교대점,82,1 Neon Heart,"The score of 82 reflects strong points in beer quality, unique operational concept, and consistent atmosphere, balanced against minor flaws in food execution and value, with no sponsorship penalty applied due to a low sponsored ratio.","더블린브루어리 교대점 excels with its expertly poured world beers and a unique dual-concept operation, though some food items fall short of perfection. It's a reliable spot for beer enthusiasts seeking a consistently pleasant atmosphere.","더블린브루어리 교대점은 전문적으로 따르는 세계 맥주와 독특한 주야간 운영 방식으로 돋보이지만, 일부 안주류는 완벽함에 미치지 못합니다. 맥주 애호가들에게 꾸준히 즐거운 분위기를 선사하는 믿음직한 장소입니다.",http://place.map.kakao.com/1102060747,37.49184947,127.0129327,Customer receipts mention a nice interior and good basic appetizers.,Yes,"The AI score of 82/100 falls within the 70-89 range. The customer receipts provide generic positive feedback ('nice interior', 'good basic appetizers'), which is sufficient to justify the score according to the 70+ BASELINE rule.",false,False
성수동,수제맥주,스태거,70,1 Neon Heart,Supreme Court Verified: A craft beer spot definitely worth a stop if you're in the area.,"스태거 delivers on unique flavors and a vibrant atmosphere, showcasing a chef's passion for craft beer and creative dishes. However, the experience is slightly marred by the high price point and modest beer portions.","스태거는 독특한 맛과 활기찬 분위기로 셰프의 수제 맥주와 창의적인 요리에 대한 열정을 잘 보여줍니다. 다만, 다소 높은 가격대와 적은 맥주 양은 아쉬움으로 남습니다.",http://place.map.kakao.com/1459413532,37.53810993,127.0495585,"The reviews highlight the nice interior, good variety of beers, and the owner's friendliness. There are also minor complaints such as the location being in the inner part of the city. The overall tone is positive with no severe contradictions.",Yes,The reviews do not contain any severe contradictions and are predominantly positive. The score of 82/100 aligns well with the positive feedback received.,false,False
문래동,수제맥주,비어포스트바,72,1 Neon Heart,Supreme Court Verified: A craft beer spot definitely worth a stop if you're in the area.,"비어포스트바 offers an exceptional range of craft beers with expert guidance, creating a unique cultural space for beer enthusiasts. While the food is merely complementary, its deep understanding of beer and consistent quality make it a reliable destination.","비어포스트바는 전문적인 안내와 함께 탁월한 수제 맥주 라인업을 선보이며, 맥주 애호가들을 위한 독특한 문화 공간을 제공합니다. 안주는 평범하지만, 맥주에 대한 깊은 이해와 꾸준한 품질은 이곳을 믿고 찾을 만한 곳으로 만듭니다.",http://place.map.kakao.com/1969242408,37.51380264,126.8941886,"The reviews are overwhelmingly positive, praising the variety of beers, unique beers, and the restaurant's interior. Customers also appreciated the variety and freshness of the beers in the refrigerator, and the price difference between dining in and takeout. There are no contradictions in the reviews.",Yes,"The reviews are consistent and positive, highlighting the variety of beers, the restaurant's interior, and the variety of beers in the refrigerator. The price difference is also mentioned as a positive feature.",false,False
권농동,수제맥주,서울집시 서순라길점,82,1 Neon Heart,Supreme Court Verified: A craft beer spot definitely worth a stop if you're in the area.,"Seoul Gypsy offers a dynamic craft beer experience with its own brewery and frequently rotating taps, complemented by creative dishes that mostly hit the mark. While some food items are merely adequate, the overall unique concept and consistent quality make it a worthy spot for beer enthusiasts.","서울집시는 자체 양조장과 다채로운 맥주 라인업으로 독특한 수제맥주 경험을 선사하며, 대부분 만족스러운 창의적인 요리들을 선보입니다. 일부 음식은 평범할 수 있으나, 독창적인 컨셉과 꾸준한 품질은 맥주 애호가들에게 충분히 매력적입니다.",http://place.map.kakao.com/1191323603,37.57502489,126.9915551,No valid reviews found.,Unknown,"Scraper reached the review page, but only found dates, UI buttons, or boilerplate text. Needs human verification.",false,False
서초동,수제맥주,크래프트리퍼블릭,70,1 Neon Heart,Supreme Court Verified: A craft beer spot definitely worth a stop if you're in the area.,"Craft Republic offers a delightful selection of craft beers paired with generously portioned, value-for-money pub fare, highlighted by its unique pastry-like pizza dough. While some flavors are merely solid, the friendly owners and consistent atmosphere make it a reliable neighborhood spot.","크래프트리퍼블릭은 독특한 페스츄리 도우 피자와 푸짐한 안주로 수제맥주를 즐기기 좋은 곳입니다. 친절한 사장님과 쾌적한 분위기, 합리적인 가격이 어우러져 편안하게 재방문할 수 있는 동네 맛집입니다.",http://place.map.kakao.com/522087451,37.48778422,127.0120263,No valid reviews found.,Unknown,"Scraper reached the review page, but only found dates, UI buttons, or boilerplate text. Needs human verification.",false,False
합정동,수제맥주,호맥 서울합정점,70,1 Neon Heart,Craft beer bar worth a visit.,"Homaek Seoul Hapjeong offers a unique pairing of crispy-soft hoetteok with diverse beers in an inviting atmosphere. While some find it a bit pricey, its consistent quality and distinctive concept make it a worthwhile visit.","호맥 서울합정점은 바삭하고 촉촉한 호떡과 다양한 맥주의 독특한 조합을 이국적인 분위기에서 즐길 수 있는 곳입니다. 가격에 대한 의견은 나뉘지만, 일관된 맛과 개성 있는 콘셉트로 충분히 방문할 가치가 있습니다.",http://place.map.kakao.com/1358874458,37.54844785,126.9178574,No valid reviews found.,Unknown,"Scraper reached the review page, but only found dates, UI buttons, or boilerplate text. Needs human verification.",false,False
익선동,수제맥주,보글하우스,80,,Craft-beer-centric restaurant worth a stop.,"Bogle House shines with its expertly curated craft beer selection and innovative dishes like smoky wood-fired pizza and a unique taco-inspired yukgaejang. While the quality of ingredients isn't explicitly detailed, the masterful flavors and the owner's distinct personality make it a compelling destination for beer enthusiasts.","보글하우스는 맥주 심사위원 출신 사장의 독창적인 수제 맥주 라인업과 화덕 피자, 퓨전 육개장 등 개성 있는 요리로 빛납니다. 식재료 품질에 대한 명확한 언급은 없지만, 숙련된 맛과 사장의 특별한 감각이 어우러져 맥주 애호가들에게 매력적인 경험을 선사합니다.",http://place.map.kakao.com/94678858,37.57545539,126.9893679,"The reviews are overwhelmingly positive, praising the menu variety, interior design, and food quality, particularly the cheese pizza. However, they also mention some criticisms like the high prices for the drinks and that the restaurant is popular late at night, which might indicate better hours could be beneficial. The AI score of 84 is slightly lower than what the positive feedback suggests, but given the lack of complaints and enthusiasm, the AI seems accurate.",No,"The AI score of 84 is slightly lower than what the positive feedback suggests, but given the lack of complaints and the enthusiasm in the reviews, the AI seems accurate.",false,False
신사동,수제맥주,롱타임노씨 신사점,70,1 Neon Heart,Craft-beer-centric restaurant worth a stop.,"Long Time No See Sinsa offers a delightful fusion of a unique self-tap craft beer system and expertly crafted pizzas by a 20-year veteran. While the atmosphere is inviting and value is fair, the overall culinary execution, particularly beyond the pizza, doesn't quite reach the exceptional heights of a two-heart establishment.","롱타임노씨 신사점은 20년 경력 장인의 피자와 독특한 셀프 탭 수제 맥주 시스템으로 신선한 경험을 선사합니다. 아늑한 분위기와 합리적인 가격은 매력적이나, 전반적인 요리의 깊이와 일관성은 한 단계 더 발전할 여지가 있습니다.",http://place.map.kakao.com/1866857586,37.51742702,127.020655,"The reviews overwhelmingly praise the food quality, atmosphere, and staff. They highlight the variety of dishes, affordable prices, and positive interaction with the management. The only minor suggestion is for the closing time, which seems slightly earlier than expected for the group dining experience. However, this does not significantly impact the overall positive experience described.",Yes,"Despite a slightly shorter closing time, the majority of the reviews are extremely positive, indicating a high-quality dining experience. The issues pointed out are relatively minor and do not outweigh the numerous favorable comments.",false,False
마장동,수제맥주,메즈나인브루잉컴퍼니,75,1 Neon Heart,Craft brewery.,"Mezzanine Brewing Company offers a unique experience with its on-site brewery and diverse range of high-quality craft beers. While the prices are on the higher side, the exceptional brewing mastery and immersive atmosphere make it a worthwhile destination for beer enthusiasts.","메즈나인 브루잉 컴퍼니는 자체 양조 시설에서 생산되는 다채로운 고품질 수제맥주로 독특한 경험을 선사합니다. 가격대가 다소 높지만, 뛰어난 양조 기술과 몰입감 있는 분위기가 맥주 애호가들에게 충분히 가치 있는 곳입니다.",http://place.map.kakao.com/1103188269,37.56528597,127.0396668,"The reviews highlight the excellent ambiance, quality of beer, and positive experience with food and service. The enthusiastic language and no mention of bad food or service.",Yes,"The reviews are overwhelmingly positive, praising the atmosphere, the quality of the beer, the food, and the service. The language used in the reviews is very enthusiastic and complimentary, which matches the 84/100 score.",false,False
문래동,분식,해월,84,1 Neon Heart,"The score of 84 reflects high-quality ingredients, commendable flavor mastery in signature dishes, and excellent value, though consistency over time is not explicitly detailed in the provided summary.","해월 offers a delightful escape with its fresh mantis shrimp and flavorful ramen, complemented by a charming ambiance. While the value is commendable, a clearer demonstration of consistent culinary prowess across the diverse menu would elevate its standing.","해월은 신선한 딱새우와 깊은 풍미의 라면으로 즐거운 미식 경험을 선사하며, 아늑한 분위기 또한 매력적입니다. 훌륭한 가성비가 돋보이나, 다양한 메뉴 전반에 걸친 일관된 요리 기교의 증명이 필요합니다.",http://place.map.kakao.com/56693636,37.51433139,126.8940261,"The reviews are overwhelmingly positive, praising the food quality, service, and atmosphere. The reviews highlight the deliciousness of the dishes, the kindness of the staff, the freshness of the seafood, and the overall pleasant experience. The staff's attentiveness and the cleanliness of the restaurant are also commended. The only minor criticism is about the prices, which is a valid point to consider. However, the positive aspects far outweigh the few negative comments.",Yes,"The reviews are overwhelmingly positive, with no significant negative points mentioned. The staff's care and the restaurant's cleanliness are highlighted as key positive factors.",false,False
을지로,수제맥주,크래프트맥코이,85,1 Neon Heart,"This restaurant earned an 85 for its strong performance in ingredient quality, flavor mastery, and outstanding value, though minor inconsistencies in side dishes and a lack of truly unique culinary innovation kept it from a higher tier.","크래프트맥코이 shines as a reliable spot for quality craft beer and well-executed fried dishes, offering exceptional value, especially for its lunch buffet. While the beer selection is impressive and the fried items are consistently good, some side dishes like the ice hwando fall short, preventing a higher rating.","크래프트맥코이는 훌륭한 수제 맥주 라인업과 잘 튀겨낸 안주로 빛나며, 특히 점심 뷔페는 탁월한 가성비를 자랑합니다. 맥주와 튀김 요리는 인상적이고 꾸준히 좋지만, 황도 같은 일부 사이드 메뉴는 아쉬움을 남겨 더 높은 평가를 받지 못했습니다.",http://place.map.kakao.com/243854995,37.56682347,126.9795793,The customer mentions the 'Good meat' which is a positive comment,Yes,"The review is a positive one and mentions a good aspect of the food, which aligns with the AI score of 85/100",false,False
창천동,수제맥주,에일크루브루잉 신촌점,85,1 Neon Heart,"The score of 85 reflects strong points in ingredient quality, unique house-made beers, and solid flavor execution, balanced by good but not outstanding value and consistency.","Ale Crew Brewing Sinchon excels with its impressive range of 20 house-made beers and high-quality natural cheese pizzas, offering a unique American IPA experience. Its excellent ingredient quality and distinctive beer lineup stand out, making it an attractive space that can satisfy diverse tastes.","에일크루브루잉 신촌점은 20가지 자체 생산 수제 맥주와 99% 자연산 치즈 피자로 독특한 미식 경험을 선사합니다. 뛰어난 재료 품질과 개성 넘치는 맥주 라인업이 돋보이며, 다양한 취향을 만족시킬 수 있는 매력적인 공간입니다.",http://place.map.kakao.com/1854868158,37.55901457,126.9348996,"Reviews highlight the positive aspects such as the attractive interior, special menu items, good drinks, and friendly staff. The customer expressed excitement about the food and drinks, and the overall experience was positive.",Yes,"The reviews consistently praise the restaurant's amenities, food quality, service, and atmosphere. There are no mentions of bad food or service, nor are there complaints about high prices. The customer's enthusiasm is evident throughout the reviews.",false,False
문래동,양조장,어릿광대양조장,85,1 Neon Heart,"The score of 85 reflects strong points in flavor mastery, unique concept, and consistent quality, with minor deductions for ingredient clarity and value for money, as no sponsorship penalty was applied due to the absence of a sponsored ratio.","어릿광대양조장 masterfully crafts unique, dry makgeolli, earning its moniker as the 'Pyeongyang Naengmyeon of makgeolli'. Its innovative aperitif concept and the engaging personality of its young brewer shine through, offering a refined experience for the discerning palate.","어릿광대양조장은 '막걸리계의 평양냉면'이라는 별명에 걸맞게 드라이하고 깔끔한 막걸리를 능숙하게 빚어냅니다. 젊은 양조인의 독창적인 식전주 콘셉트와 매력적인 개성이 돋보이며, 미식가들에게 세련된 경험을 선사합니다.",http://place.map.kakao.com/437203663,37.51371244,126.8971296,The reviews express enthusiasm and enjoyment with no negative comments about the food or service.,Yes,"The reviews are overwhelmingly positive, highlighting the deliciousness of the beer and the overall experience, which aligns with the AI score of 85/100.",false,False
이태원동,수제맥주,맥파이브루샵,85,1 Neon Heart,Supreme Court Overruled (Manual Intervention): A foundational pillar of Seoul's craft beer scene. The tap list takes priority over the food menu.,"Magpie Brewshop delivers a consistently diverse range of craft beers, showcasing a pioneering spirit in the Korean scene. While the brewing is strong, the food menu could use refinement to match the quality of its beverages.",맥파이브루샵은 한국 수제맥주 시장의 선구자로서 꾸준히 다양한 맥주를 선보입니다. 훌륭한 브루잉 실력에 비해 음식 메뉴는 맥주의 품질에 걸맞게 개선될 여지가 있습니다.,http://place.map.kakao.com/1847689100,37.53945315,126.9875196,"The reviews are overwhelmingly positive, praising the taste of the drinks and the overall experience. The customer enjoyed the drinks and recommends others to try the place. There are no significant criticisms or contradictions found in the reviews. The AI score of 85/100 aligns well with the positive feedback provided by the customers.",Yes,The reviews indicate that the customers had a great time and enjoyed the drinks. The score of 85/100 matches the positive sentiment expressed in the reviews.,false,False
역삼동,수제맥주,생활맥주 역삼점,75,1 Neon Heart,Solid craft beer chain with decent food.,"This craft beer specialist offers a reliable experience with fresh, diverse brews and well-executed fried chicken. Its strong brand identity and consistent popularity make it a solid choice for casual gatherings.",신선하고 다채로운 수제맥주와 훌륭하게 조리된 치킨을 제공하는 생활맥주는 믿을 수 있는 경험을 선사합니다. 확고한 브랜드 정체성과 꾸준한 인기는 캐주얼한 모임에 훌륭한 선택지입니다.,http://place.map.kakao.com/1153760221,37.50325309,127.0393026,"The reviews indicate that the restaurant offers a wide variety of drinks, including Korean specialty beer and fried chicken, which are well-received. The place is praised for its good atmosphere, and the customers seem to enjoy the variety and quality of the food. The staff is considered attentive, and the prices are considered good value for the food and drinks offered.",Yes,The restaurant appears to have a good reputation based on the positive reviews. The AI score of 85/100 is reasonable given the feedback.,false,False
성수동,수제맥주,서울브루어리 성수 SEOUL BREWERY,85,1 Neon Heart,Excellent craft brewery.,"Seoul Brewery Seongsu offers a truly unique urban brewery experience with a strong focus on innovative brewing techniques and a vibrant cultural space. While the ingredient sourcing remains a mystery, their diverse, well-crafted beers and consistent quality make it a compelling destination.","서울브루어리 성수는 혁신적인 양조 기술과 다채로운 문화 공간을 결합한 독특한 도시형 브루어리 경험을 선사합니다. 식재료의 구체적인 품질 언급은 없지만, 다양한 수제 맥주의 뛰어난 맛과 꾸준한 품질은 방문할 가치가 충분합니다.",http://place.map.kakao.com/565712525,37.54306966,127.0522842,"The receipts are overwhelmingly positive, praising the ambiance, service, food quality, and recommending the establishment to others. There are no complaints or negative remarks.",Yes,"The reviews are completely positive, indicating that the AI score of 85/100 is accurately reflected in the customer receipts. The place is highly recommended and praised for its quality food and excellent service.",false,False
연남동,수제맥주,대환영,86,1 Neon Heart,"The score of 86 reflects strong points in uniqueness, flavor mastery, and ingredient quality, balanced by good consistency and fair value.",Daehwan-yeong offers a uniquely curated craft beer experience with a hip ambiance and thoughtfully paired snacks. Its distinct personality and consistent quality make it a compelling choice for a second round.,대환영은 힙한 분위기와 독특한 안주 페어링으로 특별한 수제맥주 경험을 선사합니다. 개성 넘치는 공간과 꾸준한 품질은 2차 장소로 손색이 없습니다.,http://place.map.kakao.com/27495095,37.56528563,126.9231226,"The reviews indicate that customers enjoyed the ambiance and basic appetizers, which aligns with the AI score of 86/100. The reviews do not mention any significant issues or complaints.",Yes,"The reviews are positive and focus on the interior and basic appetizers, which are reflected in the AI score of 86/100.",false,False
공덕동,수제맥주,케그샵 프리미엄수제맥주&전통주셀렉샵 마포공덕본점,87,1 Neon Heart,"The restaurant scored well due to the owner's unique passion for craft beer and excellent recommendations, combined with consistently satisfying food and atmosphere, despite ingredient quality not being a standout.","Kegshop offers a commendable selection of craft beers, expertly curated by an owner whose passion shines through personalized recommendations. While the pub fare is satisfying and well-executed, the overall experience is elevated by the unique 'Mac-Omakase' and consistent quality.",케그샵은 사장님의 열정적인 추천과 함께 훌륭한 수제 맥주 셀렉션을 자랑합니다. 만족스러운 펍 음식과 더불어 '맥마카세'와 일관된 품질이 전반적인 경험을 한층 더 높여줍니다.,http://place.map.kakao.com/1456365819,37.54855904,126.9554953,"The reviews highlight the variety of self-made beer, the unique selection of dishes, the friendly atmosphere, and the great location. The feedback is overwhelmingly positive with no specific criticisms. The restaurant seems to meet or exceed the expectations set by the AI score of 87/100.",Yes,"The reviews show enthusiasm and satisfaction with the food, atmosphere, and variety of offerings, which aligns well with the high AI score of 87/100.",false,False
성수동,수제맥주,쿨쉽 탭하우스 성수,87,1 Neon Heart,"The score of 87 reflects exceptional quality in rare beer selection (18/20) and a highly unique concept (19/20), balanced against a high price point (16/20) and simple food offerings (17/20 for mastery, 17/20 for ingredients consistency).","Coolship Taphouse Seongsu offers an unparalleled journey into the world of rare Lambic beers, curated with expert knowledge and a truly unique vision. While the prices are steep and the accompanying snacks are simple, the exceptional quality and educational experience for beer enthusiasts are undeniable.","쿨쉽 탭하우스 성수는 희귀한 람빅 맥주의 세계로 이끄는 독보적인 경험을 제공하며, 전문적인 지식과 독창적인 비전이 돋보입니다. 가격대가 높고 안주가 평범하지만, 맥주 애호가들에게는 탁월한 품질과 교육적인 경험을 선사합니다.",http://place.map.kakao.com/1380602278,37.53739594,127.054559,"The reviews highlight the positive aspects such as the special menu, unique lambic dishes, friendly service, and beautiful interior. The AI score of 87/100 aligns well with the positive feedback provided in the customer receipts.",Yes,"The AI score and customer reviews are in line with each other, indicating a strong positive reception from customers.",false,False
정릉동,수제맥주,데블스피자,87,1 Neon Heart,"The score of 87 reflects strong points in flavor mastery (18), exceptional value for money (19), and good consistency (18), supported by a unique personality (17) and solid ingredient quantity (15).","Devils Pizza delivers a delightful experience with its generous, flavorful pizzas and excellent value, perfectly complemented by its unique, friendly atmosphere. While the ingredient quality isn't explicitly gourmet, the overall execution and consistency make it a strong local favorite.","데블스피자는 풍성하고 맛있는 피자와 뛰어난 가성비로 즐거운 경험을 선사하며, 독특하고 친근한 분위기가 완벽하게 어우러집니다. 식재료의 품질이 명시적으로 최고급은 아니지만, 전반적인 조리 솜씨와 일관성이 돋보이는 지역 명소입니다.",http://place.map.kakao.com/1845416868,37.60822129,127.0034656,The receipt mentions '인테리어가 멋져요' which translates to 'The interior is cool' or 'The interior is nice'. This is a positive compliment.,Yes,"The customer's comment is a positive and complimentary remark about the restaurant's interior, matching the AI score of 87/100 which is a strong positive.",false,False
산림동,수제맥주,끽비어컴퍼니,87,1 Neon Heart,"Ingredients, flavor mastery, and uniqueness were strong, complemented by good value for money, though consistency was slightly impacted by the rotating beer lineup. (No sponsored ratio was provided for weighting.)","Kkik Beer Company delivers a truly unique craft beer experience with its diverse, self-brewed selection and fun names in a cozy, welcoming setting. While the rotating lineup keeps things fresh, it slightly impacts the consistency of specific offerings, though overall quality remains high.","끽비어컴퍼니는 독특한 자체 제작 맥주와 아늑한 분위기로 특별한 수제 맥주 경험을 선사합니다. 다양한 라인업은 신선함을 주지만, 특정 맥주의 일관성 면에서는 약간의 아쉬움이 있으며, 전반적인 품질은 뛰어납니다.",http://place.map.kakao.com/1393694123,37.5669657,126.9955267,"The reviews highlight positive aspects such as the good selection of beer, pleasant atmosphere, and good food like the mixed berry sauce. There are no contradictions or complaints about food quality or staff, which supports a positive review. The reviews show enthusiasm and recommend the restaurant for a good dining experience.",Yes,The reviews are overwhelmingly positive and do not contain any criticisms of the food or service. The restaurant is described as a good place for a date with a nice atmosphere and good food options.,false,False
을지로,수제맥주,더랜치브루잉 을지로3가점,88,2 Neon Hearts,"The restaurant earned high marks for its quality ingredients (18), mastery of flavor (17), unique craft beer program (19), solid value (17), and consistent positive reputation (17).","This craft beer haven in Euljiro delivers substantial, flavorful Detroit-style pizzas paired with an impressive array of house-brewed beers. It's a consistently satisfying spot, perfect for a lively 'pimaek' experience.","을지로의 이 수제맥주 전문점은 풍미 가득한 디트로이트 스타일 피자와 직접 양조한 인상적인 맥주 셀렉션을 선보입니다. 꾸준히 만족스러운 경험을 제공하며, 활기찬 피맥을 즐기기에 완벽한 장소입니다.",http://place.map.kakao.com/168774091,37.56565271,126.9912664,"The reviews are overwhelmingly positive, praising the decor, special menu items, and the Detroit-style pizza with its thick dough and pizza naif style. Customers mention enjoying both the pizza and the variety of beers available. The review indicates that the place is a hidden gem and a must-visit spot for those who enjoy beer and pizza. The reviewer also suggests returning for more visits and recommending it as a favorite place to enjoy beer in Yeojiro.",Yes,The reviews describe the restaurant as a hidden gem with a unique menu and perfect combination of Detroit-style pizza and craft beers. The detailed description of the pizza and the variety of beers mentioned in the review supports the AI's score of 88/100.,false,False
성수동,수제맥주,선셋뚝도,88,2 Neon Hearts,"The score of 88 reflects high marks for the owner's brewing mastery, exceptional uniqueness, and outstanding value, balanced by basic in-house food and unverified long-term consistency.","Sunset Ttukdo offers an exceptional craft beer experience, elevated by an owner who brews their own beer and fosters a unique, community-driven atmosphere with a market potluck system. While the in-house food is simple, the diverse drink selection, excellent value, and distinct personality make it a standout destination for discerning drinkers.","선셋뚝도는 직접 양조한 수제맥주와 다양한 주류, 그리고 뚝도시장 음식 반입이 가능한 독특한 시스템으로 탁월한 경험을 선사합니다. 간결한 안주에도 불구하고, 뛰어난 가치와 개성 넘치는 분위기는 애주가들에게 잊을 수 없는 추억을 선사할 것입니다.",http://place.map.kakao.com/994155096,37.53805395,127.0539553,"The reviews are overwhelmingly positive, praising the staff's friendliness, the atmosphere, and the food. The only minor suggestion is for better seating arrangements. The overall experience is excellent.",Yes,"The reviews do not contain any significant criticisms or contradictions with the score of 88. The staff is described as very pleasant, and the food is praised multiple times.",false,False
익선동,수제맥주,아트몬스터 익선동점,89,2 Neon Hearts,"The score of 89 reflects strong points in flavor mastery, unique branding, and consistent quality, complemented by good value for money.","Artmonster Ikseon-dong shines with its award-winning craft beers and surprisingly refined pub fare, offering a delightful culinary escape. Its creative branding and consistent quality cement its status as an exceptional neighborhood staple.",아트몬스터 익선동점은 수상 경력에 빛나는 수제 맥주와 기대를 뛰어넘는 펍 메뉴로 즐거운 미식 경험을 선사합니다. 독창적인 브랜드와 꾸준한 품질은 이곳을 익선동의 탁월한 명소로 자리매김하게 합니다.,http://place.map.kakao.com/1599567374,37.57360664,126.9904549,"The reviews highlight the restaurant's attractive interior, unique menu items, and especially the special World Champion handcrafted beer. Customers praise the success of the beer and appreciate its variety. The space is well-lit and suitable for casual conversations, and the staff's service seems friendly. The overall experience is described as positive and recommendable for those who enjoy beer. The customer's favorite product, the peanut butter-flavored chicken, is also mentioned as a highlight. However, the space is described as bustling, which might be an inconvenience for some customers.",Yes,"The reviews are overwhelmingly positive, describing the restaurant's attractive features and the positive experience of its customers. The AI score of 89/100 aligns well with the positive feedback from customers.",false,False
합정동,수제맥주,서울브루어리 합정 SEOUL BREWERY,90,,"Supreme Court Overruled (Manual Intervention): As a specialized brewery, exceptional craft beer quality and ambiance override average food critiques.","Seoul Brewery stands out with its innovative craft beers and thoughtfully designed spaces, offering a truly unique brewing experience. While most flavors are exceptional, a few experimental brews might not hit the mark for every palate.","서울 브루어리는 혁신적인 수제 맥주와 세심하게 디자인된 공간으로 독특한 양조 경험을 선사합니다. 대부분의 맛은 훌륭하지만, 일부 실험적인 맥주는 모든 입맛에 완벽하게 맞지 않을 수 있습니다.",http://place.map.kakao.com/1147527319,37.54591556,126.9146318,"The reviews contain several complaints such as '개의 리뷰가 더 있습니다', '사건 개요: 찬 바람 불잖아 맥주 한 잔 해', and '사과도 안 보여서', indicating dissatisfaction. The AI score of 90/100 is too high compared to the negative comments in the reviews.",No,The restaurant has received complaints and the reviews contain multiple negative points. The AI score should not exceed the lowest rated review.,false,False
망원동,수제맥주,더파인트,91,2 Neon Hearts,"The score of 91 reflects exceptional uniqueness (20), strong value (19), and proven consistency (19), complemented by good quality ingredients (16) and flavor mastery (17) in their craft beer selection; no sponsored ratio was provided, allowing for normal scoring.","더파인트 offers a truly unique atmosphere, curated by a film director owner, making it a standout destination for craft beer enthusiasts. While the snack menu is simple, the excellent value and consistent quality of their signature local ale ensure a memorable experience.",영화감독 출신 사장의 감각으로 꾸며진 더파인트는 독특한 분위기와 시그니처 수제맥주로 단연 돋보입니다. 간단한 안주에도 불구하고 뛰어난 가성비와 일관된 품질은 잊을 수 없는 경험을 선사합니다.,http://place.map.kakao.com/1616501763,37.55740758,126.9083498,"The reviews highlight the positive aspects such as the ambiance, the variety of drinks, and the friendliness of the staff. The review mentions the extensive selection of beer and whiskey, as well as the personalized service for Guinness. The reviewer also appreciated the cleanliness and the smoke-free area. Despite mentioning some minor details, the overall tone is very positive and complimentary.",Yes,"The reviews contain no significant negative points and reflect a very positive experience, which aligns well with the AI score of 91/100.",false,False
서초동,수제맥주,생활맥주 교대1호점,91,2 Neon Hearts,"The score reflects high marks for exceptional cooking techniques, consistent quality, and strong value, making it a standout for its category.","This establishment masterfully delivers on its promise of crisp, flavorful fried chicken and diverse craft beers, making it a reliable choice for any occasion. Its consistent quality and generous value firmly establish it as an exceptional neighborhood staple.","신선한 재료와 뛰어난 조리 기술로 바삭하고 부드러운 치킨을 선보이며, 다양한 수제맥주와의 조화가 훌륭합니다. 꾸준한 맛과 넉넉한 양은 이 곳을 교대역의 믿고 찾을 수 있는 명소로 만듭니다.",http://place.map.kakao.com/2029684739,37.49300631,127.0134112,"Customer receipts are overwhelmingly positive, praising the atmosphere, unique so-maek, food quality (Golbimyeon, fried items, butter popcorn), and staff kindness. There are no negative comments or complaints.",Yes,"The AI score of 91/100 is well-justified by the highly positive and detailed customer reviews. There are no explicit complaints about food, prices, or service that would contradict the high score.",false,False
한남동,수제맥주,서울집시 한남점,88,,Supreme Court Overruled (Manual Intervention): Incredible experimental beers and unique fusion food. Protected from generic AI scoring.,"Seoul Gypsy Hannam offers an exceptional culinary journey with its unique, passionately crafted beers and addictive global fusion dishes. The owner's dedication to quality and consistent, personalized service makes it a true neighborhood gem.",서울집시 한남점은 독창적이고 열정적으로 만든 맥주와 중독성 있는 글로벌 퓨전 요리로 특별한 미식 경험을 선사합니다. 사장님의 품질에 대한 헌신과 일관되고 개인적인 서비스는 이곳을 진정한 동네 보석으로 만듭니다.,http://place.map.kakao.com/788172544,37.53587684,127.0003847,"The reviews highlight several issues, including complaints about staff behavior, long wait times, and the inconvenience of the 2-hour use restriction. The staff's response to the customer's question about the use limit was perceived as inconsiderate.",No,There is a severe contradiction between the high AI score (91/100) and the negative aspects mentioned in the reviews. The staff's response to the customer's concern about the 2-hour use limit was seen as inconsiderate and the customer felt treated poorly.,false,False
용산동2가,치킨,치맥라이프,91,2 Neon Hearts,"The score of 91 reflects high marks for ingredient quality, flavor mastery, unique concept, and exceptional consistency, further bolstered by a 0% sponsored review ratio.","Chimaek Life delivers an exceptional chicken and craft beer experience, showcasing creative flavors and consistent quality. With unique menu items and a well-curated drink list, it's a neighborhood gem deserving of repeat visits.",치맥라이프는 독창적인 맛과 꾸준한 품질로 특별한 치킨과 수제맥주 경험을 선사합니다. 개성 있는 메뉴와 엄선된 주류 목록을 갖춘 이곳은 재방문할 가치가 충분한 동네의 보석입니다.,http://place.map.kakao.com/1843302599,37.54311305,126.9878291,"The reviews overwhelmingly praise the food quality, service, and overall experience. Customers mention the crispy and flavorful chicken, the friendly staff, and the delicious sides. The unique interior and the special menu items are also highlighted. While there are minor positive comments, the overall sentiment is very positive and enthusiastic.",Yes,"The reviews confirm that the restaurant meets or exceeds expectations, with multiple customers expressing that they are eager to return and recommending the restaurant. The score of 91/100 aligns well with the positive feedback received.",false,False
필동,수제맥주,브아브아,93,2 Neon Hearts,"The score reflects exceptional quality in ingredients, masterful cooking techniques, the unique personality of a certified beer sommelier, strong value for money, and consistent positive experiences.","브아브아 stands out as a craft beer destination, where an international sommelier expertly guides your drink choice alongside dishes prepared with remarkable skill and generous portions. This establishment consistently delivers a unique and valuable culinary experience, making it an exceptional neighborhood staple.","브아브아는 국제 공인 맥주 소믈리에의 전문적인 추천과 훌륭한 조리 기술, 넉넉한 양의 요리가 돋보이는 수제 맥주 명소입니다. 독특한 맥주와 만족스러운 미식 경험이 꾸준히 조화를 이루며, 이웃들의 사랑을 받는 특별한 곳입니다.",http://place.map.kakao.com/1459195401,37.56141369,126.993801,"The reviews are overwhelmingly positive, praising the delicious food, inviting atmosphere, and reasonable prices. The reviews do not mention any specific issues or complaints, and the overall tone is very complimentary.",Yes,"The reviews support the high AI score, with multiple customers expressing their satisfaction with the food quality, ambiance, and value for money. There are no criticisms or contradictions found in the reviews.",false,False
성수동,수제맥주,브루어리을를 서울숲,95,3 Neon Hearts,"This establishment earned a high score due to outstanding ingredient quality, masterful flavor execution, a compelling brand story, excellent value, and strong consistency across reviews. No sponsored ratio was provided, so no penalties were applied.","Brewery Eul-eul Seoul Forest delivers a flawless craft beer experience, pairing exceptional house-brewed selections with meticulously prepared, high-quality pub fare. With a unique brand story and consistent excellence, it's a destination for any beer enthusiast.","브루어리을를 서울숲은 훌륭한 수제 맥주와 엄선된 재료로 정성껏 조리된 요리를 완벽하게 선보입니다. 독특한 브랜드 스토리와 한결같은 품질로, 맥주 애호가라면 반드시 방문해야 할 곳입니다.",http://place.map.kakao.com/894670615,37.54688574,127.0424408,Customers praise the stylish interior and unique menu options.,Yes,"The receipts highlight positive aspects like a great interior and special menus, with no negative feedback regarding food, service, or price, which aligns with the expectation for a 95/100 score.",false,False
성수동,막걸리,이아래,95,3 Neon Hearts,"The restaurant achieved a high score of 95 due to its exceptional house-brewed makgeolli, high-quality ingredients, masterful flavor combinations, unique sommelier-led experience, excellent value, and consistently positive customer feedback, with no indication of a high sponsored ratio.","이아래 offers an unparalleled makgeolli experience, boasting house-brewed selections and expertly crafted small plates that showcase fresh ingredients and balanced flavors. Coupled with a sommelier-owner's unique hospitality and consistent charm, it's a truly destination-worthy establishment.",이아래는 직접 빚은 막걸리와 신선한 재료로 만든 섬세한 안주들이 완벽한 조화를 이루는 곳입니다. 전통주 소믈리에 사장님의 개성 있는 환대와 변함없는 품질은 이곳을 진정한 미식의 명소로 만듭니다.,http://place.map.kakao.com/153605496,37.54786282,127.0413188,"The reviews are overwhelmingly positive, praising the decor, service, and food quality. Customers mention the delicious drinks and the friendly atmosphere. They also appreciate the personalized touches like the custom sake and the thoughtful staff interactions. The review provides specific recommendations for dishes, indicating a high level of satisfaction.",Yes,"Despite the high AI score, the customer receipts show enthusiastic and detailed positive feedback across various aspects of the restaurant, including the ambiance, service, and food. This aligns with the AI score and justifies a positive recommendation.",false,False
성수동,수제맥주,바스버거 성수점,96,3 Neon Hearts,"The score reflects outstanding ingredient quality, masterful cooking techniques, excellent value, and proven consistency across multiple branches, complemented by a strong craft beer selection.","Basburger Seongsu delivers a flawless burger experience, boasting exceptional ingredient quality and masterful cooking techniques. Their diverse craft beer selection perfectly complements the juicy patties, making it a true destination for burger aficionados.",바스버거 성수점은 흠잡을 데 없는 재료의 품질과 숙련된 조리 기술로 완벽한 버거 경험을 선사합니다. 육즙 가득한 패티와 잘 어울리는 다채로운 수제 맥주 라인업은 이곳을 버거 애호가들의 진정한 성지로 만듭니다.,http://place.map.kakao.com/1793286778,37.54615718,127.0462957,"The reviews are overwhelmingly positive, praising the nice interior, special menu, delicious food, excellent service, and friendly staff. The customers also enjoyed drinking the burgers with beer in the evening, and recommended visiting the store for its warm burger and unlimited fries. The reviews suggest there are no major issues, only minor suggestions for improvement.",Yes,"Despite the positive reviews, the overall sentiment is very positive, with no significant issues mentioned. The customers appreciate the experience and recommend the restaurant for its quality.",false,False
을지로,수제맥주,맥파이 을지로점,85,3 Neon Hearts,Supreme Court Overruled (Manual Intervention): A foundational pillar of Seoul's craft beer scene. The tap list takes priority over the food menu.,"Magpie Euljiro masterfully blends artisanal brewing with inventive, high-quality pub fare, creating a truly unique culinary experience. Their dedication to house-made ingredients and bold flavors makes it a destination for craft beer and gourmet pizza lovers.",맥파이 을지로는 자체 양조 맥주와 독창적인 고품격 펍 음식을 절묘하게 결합하여 독특한 미식 경험을 선사합니다. 수제 재료와 과감한 맛에 대한 헌신은 수제 맥주와 미식 피자를 사랑하는 이들에게 꼭 방문해야 할 곳으로 만듭니다.,http://place.map.kakao.com/1228139047,37.5665862,126.992062,"The reviews are overwhelmingly positive, praising the interior, food quality, and staff. There are no mentions of bad food or service, and the reviews are very enthusiastic.",Yes,"The reviews match the high score of 97/100, with no negative comments and a strong emphasis on the positive aspects of the restaurant.",false,False
역삼동,수제맥주,바스버거 역삼점,98,3 Neon Hearts,"The restaurant earned an outstanding score for its exceptional ingredient quality, masterful cooking techniques, unique atmosphere and service, strong value, and proven consistency, with minor deductions reflecting the rigorous standards of fine dining.","Bas Burger Yeoksam delivers an exceptional burger experience, boasting fresh, high-quality ingredients and expertly balanced flavors in a unique diner setting. Its consistent quality, outstanding value, and innovative unlimited fries make it a truly destination-worthy spot.",바스버거 역삼점은 신선한 재료와 완벽한 조리 기술로 빚어낸 버거의 정수를 보여줍니다. 독특한 다이너 분위기와 무한리필 감자칩이 더해져 꾸준히 사랑받는 완벽에 가까운 미식 경험을 선사합니다.,http://place.map.kakao.com/218274780,37.49963305,127.0358379,"The reviews are overwhelmingly positive, praising the interior, special menu items, and the overall experience. The reviewer expresses satisfaction with the food, composition, portion, and atmosphere. The AI score of 98/100 aligns well with the high praise received from customers.",Yes,"The reviews are filled with enthusiasm and positive comments, indicating that the restaurant meets and exceeds expectations. The high score from the AI reflects the consistency and quality of the customer feedback.",false,False
서교동,국밥,웰빙뚝배기,84,1 Neon Heart,"The restaurant scored 84 points, excelling in ingredient quality, value, and consistency, but its broad menu slightly diminished its uniqueness as a dedicated gukbap establishment. No deductions were applied due to the low sponsored review ratio (1/5).","Welbing Ttukbaegi offers a comforting bowl of soemori-gukbap with excellent ingredients and consistent quality, making it a reliable neighborhood favorite. While the chef's personal story is charming, the overly diverse menu slightly dilutes its focus as a gukbap specialist.","웰빙뚝배기는 훌륭한 재료와 꾸준한 품질로 편안한 소머리국밥을 제공하며, 믿을 수 있는 동네 맛집입니다. 셰프의 개성은 매력적이나, 너무 다양한 메뉴는 국밥 전문점으로서의 집중도를 다소 흐립니다.",http://place.map.kakao.com/26222844,37.55359684900237,126.91255311666202,"The reviews are overwhelmingly positive, praising the fresh and generous portion of the dishes, especially the kimchi, which is described as having a good taste. The reviews also mention the daily menu changes, the preference for simple porridge, and the self-service option for fried eggs. The customer seems to be very satisfied with the restaurant.",Yes,"The reviews highlight the quality of the dishes, the variety of the daily menu, and the positive aspects of the restaurant. There are no significant complaints or criticisms that would justify a lower score.",false,False
창천동,국밥,송준옥,81,1 Neon Heart,"The score reflects high marks for ingredient quality, cooking mastery, and consistency, with moderate points for uniqueness and value for money, based solely on the provided information without a sponsored ratio.","Song Jun Ok delivers a refined take on Gukbap with its clear bone broth and tender, game-free meat, earning its Blue Ribbon recognition. While the modern, efficient setup is unique, the lack of a distinct chef's narrative or detailed pricing prevents a higher distinction.","송준옥은 맑은 뼈국과 부드러운 고기로 블루리본 서베이 선정에 걸맞은 훌륭한 국밥을 선보입니다. 현대적인 키오스크 시스템과 바 테이블은 독특하지만, 셰프의 개성과 가격 정보 부족으로 더 높은 평가를 받기에는 아쉬움이 남습니다.",http://place.map.kakao.com/265774533,37.5582740317495,126.935055281878,The receipt mentions '특별한 메뉴가 있어요' which translates to 'There is a special menu'. This is a positive mention of the menu diversity or offer.,Yes,"The receipt only mentions the special menu, which is generally a positive aspect for a restaurant, not necessarily indicating bad food or service. The score of 81/100 suggests that the restaurant is near perfect, and this single positive mention in the receipt does not contradict this expectation.",false,False
연남동,국밥,정민옥,83,1 Neon Heart,"The score of 83 reflects strong points in flavor mastery, value for money, and consistent quality, with solid ingredient quality and thoughtful customer-centric personality.","This establishment offers a genuinely satisfying Gukbap experience, balancing a rich, clear broth with generous portions of meat. Its thoughtful customer service and consistent value make it a reliable choice for a hearty meal.",맑고 진한 국물과 푸짐한 고기 양이 돋보이는 국밥집입니다. 세심한 고객 서비스와 한결같은 가성비가 훌륭하여 든든한 한 끼를 위한 믿음직한 선택입니다.,http://place.map.kakao.com/856772894,37.5590733028339,126.917838958057,"The customer reviews highlight both positive aspects such as the delicious food and the high customer satisfaction, as well as minor issues like the incorrect portion size and the need for additional sauces. The majority of the feedback indicates that the restaurant offers good value for money and excellent taste. However, there are some points that could be improved, such as the unclear portion sizes and the need for a more consistent service, especially during peak times. Overall, the restaurant seems to deliver a good experience, especially considering the positive sentiment of the majority of the reviews.",Yes,"The reviews are predominantly positive, indicating that the restaurant provides good value for money and delicious food. The minor issues mentioned can be addressed through better communication and service improvements, which can help to elevate the customer experience further.",false,False
망원동,국밥,친친국밥,86,1 Neon Heart,"The score reflects high marks for ingredient quality (19/20), chef's uniqueness (19/20), and value (19/20), balanced by strong technique (18/20) and a significant deduction for concerning inconsistency in taste and texture reported by one reviewer (11/20).","친친국밥 offers an innovative, high-quality dry-aged Hanwoo gukbap, showcasing a chef's unique vision and excellent value. However, a concerning inconsistency in broth and meat quality prevents it from reaching higher acclaim.",친친국밥은 셰프의 독창적인 비전과 훌륭한 가성비를 자랑하는 혁신적인 드라이에이징 한우 국밥을 선보입니다. 하지만 국물과 고기 품질의 일관성에서 아쉬움이 발견되어 더 높은 평가를 받지 못했습니다.,http://place.map.kakao.com/988241701,37.55785449834284,126.90495736245784,"The reviews are overwhelmingly positive, praising the food quality, portion sizes, and overall experience. The minor nitpicks mentioned do not outweigh the positive aspects. The restaurant is described as a favorite, and customers express a desire to return.",Yes,"Despite some minor criticisms, the majority of reviews highlight the delicious food, friendly atmosphere, and consistent quality, which justifies a high score.",false,False
망원동,국밥,묘내,90,2 Neon Hearts,"The score of 90 reflects exceptional ingredient quality (18), masterful technique (19), a unique chef's touch (18), good value (17), and strong consistency (18).","Myonae delivers a refined Pork Gomtang experience, marked by its pristine broth and the chef's meticulous technique. While offering solid value, its focused menu and dedicated craftsmanship promise a consistently exceptional meal.","묘내는 맑고 깊은 국물과 섬세한 조리 기술로 돼지곰탕의 품격을 한 단계 높였습니다. 단일 메뉴에 집중하는 장인의 정신이 돋보이며, 꾸준히 만족스러운 미식 경험을 선사합니다.",http://place.map.kakao.com/1829726744,37.5547432688909,126.904850405018,"이 키워드를 선택한 인원 | ""인테리어가 멋져요""",Yes,"The receipt mentions only one positive point about the interior design, which aligns with the AI score of 90. While this is only a single positive mention, it does not indicate any negative aspects such as bad food or service. Therefore, it is justified to say the reviews match the 90/100 score.",false,False
상수동,국밥,따로소고기국밥,95,3 Neon Hearts,"The high score reflects exceptional ingredient quality, masterful technique, a dedicated chef, outstanding value, and proven consistency, earning it a top-tier rating.","This establishment masterfully recreates the soulful depth of Gyeongsang-do style beef and radish soup, showcasing impeccable ingredient quality and a chef's dedicated touch. It delivers a consistently comforting, homemade experience that justifies its status as a culinary destination.","이곳은 경상도식 소고기 무국을 영혼이 담긴 깊이로 완벽하게 재현하며, 흠잡을 데 없는 재료 품질과 셰프의 헌신적인 손길을 보여줍니다. 꾸준히 변함없는 집밥 같은 편안함을 선사하여 미식의 목적지로서 그 가치를 증명합니다.",http://place.map.kakao.com/1198064853,37.54619484889536,126.92244057420017,"The reviews indicate positive experiences with friendly service, new menu additions, and a pleasant atmosphere. While there are some minor details like ordering extra side dishes, the overall tone is very positive and complimentary. The AI score of 95/100 aligns well with the feedback provided.",Yes,"The reviews contain enthusiastic comments, compliments on the service and atmosphere, and no significant complaints or criticisms.",false,False
공덕동,국밥,이맛콩나물국밥 마포점,86,1 Neon Heart,"The score reflects strong points in ingredient quality, value for money, and consistency, with competent but not exceptional scores for flavor mastery and uniqueness.","This establishment offers a consistently good Jeonju-style bean sprout gukbap, providing solid value and quality ingredients. While it doesn't innovate, its dedication to traditional flavors makes it a dependable choice for a hearty meal.",전주 본점의 맛을 꾸준히 지켜온 이맛콩나물국밥은 신선한 재료와 합리적인 가격으로 든든한 한 끼를 선사합니다. 특별한 혁신보다는 기본에 충실하며 지역 주민들에게 사랑받는 곳입니다.,http://place.map.kakao.com/16326951,37.54723416758256,126.95444706455874,"The reviews highlight the restaurant's warm and generous nature, emphasis on simple and healthy dishes, generous side dishes, and attentive service. Despite some minor criticisms, the overall tone is positive and the restaurant is described as a comforting and enjoyable place to visit. The consistent enthusiasm from the reviews supports the AI score of 86/100.",Yes,"The reviews contain multiple positive comments and minor criticisms. The restaurant is praised for its warmth, simple dishes, generous side dishes, and attentive service. The AI score is relatively high, indicating that the restaurant meets or exceeds customer expectations, especially with its attentive service and generous side dishes.",false,False
공덕동,국밥,신가네수제순대뒷고기,71,,"The score reflects solid ingredient quality and unique offerings, but was significantly penalized due to the high sponsored review ratio, which casts doubt on consistency and value for money.","While 신가네수제순대뒷고기 offers intriguing special pork cuts and a popular 'hidden menu' 순대국, the substantial sponsored review ratio raises concerns about its true value and long-term consistency. It's a decent spot, but lacks the verifiable excellence for a Neon Heart.","신가네수제순대뒷고기는 특색 있는 돼지고기 부위와 인기 있는 순대국을 선보이지만, 높은 협찬 비율은 진정한 가치와 꾸준함에 의문을 제기합니다. 괜찮은 식당이지만, 네온 하트를 받을 만큼의 검증된 탁월함은 부족합니다.",http://place.map.kakao.com/661288457,37.546175548594896,126.95458915790348,"This receipt only mentions 'This keyword to select the number of people', which is not specific enough to match any bad reviews about food or service issues. It's more like a placeholder or incomplete information.",Yes,"The receipt does not contain any information that would justify the AI score being 90+ or 70+ and still being 71/100. The only information provided is insufficient to evaluate the service, food quality, or prices as per the AI score.",false,False
상암동,국밥,용길이네소머리국밥,87,1 Neon Heart,"The restaurant earned a solid 87 points for its high-quality ingredients, commendable cooking techniques, and excellent value, with minor deductions for tendon portion size; the absence of a sponsored ratio meant normal scoring was applied.","용길이네소머리국밥 offers a genuinely comforting bowl, showcasing quality Hanwoo beef and a clear, clean broth. While the tendon portion could be more generous, its exceptional value and consistent popularity make it a solid local choice.","용길이네소머리국밥은 한우 소머리와 직접 담근 김치로 빚어낸 진정성 있는 국밥을 선보입니다. 맑고 담백한 국물과 합리적인 가격은 훌륭하나, 스지 양의 아쉬움이 있어 한 단계 더 나아가기 위한 노력이 필요합니다.",http://place.map.kakao.com/816176291,37.5794544228143,126.889827747117,"The reviews are overwhelmingly positive, highlighting the quality of food, service, and ambiance. Customers praise the portion sizes, flavors, and attentive staff. There are no serious complaints or contradictions found in the reviews.",Yes,The reviews are consistent in their praise and there are no issues reported that would justify a lower score.,false,False
이태원동,국밥,진선소고기국밥 이태원직영점,84,1 Neon Heart,"The score of 84 reflects strong ingredient quality, masterful flavor, and excellent consistency and value, offset by a less distinct culinary personality. The low sponsored ratio allowed for a normal scoring assessment.","This establishment offers a robust and flavorful Gukbap experience, complemented by generous portions and excellent value. While the flavors are consistently satisfying, it operates more as an efficient, diverse eatery rather than showcasing a distinct culinary personality.","진선소고기국밥은 든든하고 깊은 맛의 국밥과 푸짐한 양으로 뛰어난 가성비를 자랑합니다. 맛은 꾸준히 만족스럽지만, 독창적인 셰프의 개성보다는 효율적인 운영에 중점을 둔 인상이 강합니다.",http://place.map.kakao.com/1092695295,37.5342791739897,126.993235277897,"The reviews are overwhelmingly positive, praising the taste, portion sizes, and overall dining experience. The customer mentioned that the food is delicious, portions are generous, and the dish arrives promptly. The reviews also highlight the restaurant's value for money, with a high-quality meal at a reasonable price. The enthusiasm of the customers is evident in their feedback.",Yes,"The reviews contain no significant criticism or contradictions to the high score. The customers appreciate the quality of the food, portion sizes, and value for money, which aligns with the AI score of 84/100.",false,False
신당동,국밥,미수국밥,95,3 Neon Hearts,"The score of 95 reflects outstanding ingredient quality (20), masterful flavor and technique (19), a distinctive chef's personality (18), excellent value for money (19), and proven consistency over time (19), with the low sponsored ratio allowing for a normal, high score.","This establishment masterfully elevates gukbap with its pristine, deep broth and meticulously sourced ingredients, showcasing a unique culinary vision that has garnered a devoted local following. Its exceptional consistency and value solidify its status as a destination-worthy experience.","미수국밥은 맑고 깊은 육수와 엄선된 재료로 국밥의 경지를 한 단계 끌어올렸으며, 독창적인 요리 철학으로 이미 탄탄한 단골층을 확보했습니다. 탁월한 일관성과 합리적인 가치는 이곳을 미식의 성지로 만듭니다.",http://place.map.kakao.com/379525132,37.56365102913771,127.02058849105718,"The reviews highlight positive aspects such as the delicious food, generous portions, and clean environment. There are no complaints or contradictions. The AI score of 95/100 aligns well with the enthusiastic customer feedback.",Yes,"The customer feedback is overwhelmingly positive and does not contain any contradictions with the AI score. The restaurant is praised for its delicious food, generous portions, and clean environment.",false,False
신당동,국밥,육대장 신당점,79,,"The score reflects strong ingredient quality (18/20) and value for money (18/20), but is tempered by the inherent limitations of a franchise in terms of chef personality and uniqueness (12/20), alongside the nascent consistency of a newly opened establishment (14/20) despite good initial reports, and competent flavor mastery (17/20).","Yukdaejang Sindang offers a reliably hearty bowl of yukgaejang with fresh ingredients and generous portions, making it a solid choice for a satisfying meal. However, as a franchise, it lacks the distinct culinary personality and long-term consistency needed to truly stand out.","육대장 신당점은 신선한 재료와 푸짐한 양으로 든든한 한 끼를 제공하지만, 프랜차이즈의 한계로 독창적인 개성이 부족합니다. 새로 오픈한 매장으로서 장기적인 일관성 검증이 더 필요합니다.",http://place.map.kakao.com/75800003,37.5649604240002,127.024046737073,"The reviews are overwhelmingly positive with enthusiastic praise for the food quality, portion sizes, and overall experience. The customer also mentions they will return and reiterates their satisfaction. The only minor issue mentioned is that the staff had a different attitude compared to other tables, but this does not affect the overall positive sentiment. The restaurant has a good atmosphere and is suitable for both solo dining and group gatherings.",Yes,"Despite the minor nitpick, the overall sentiment of the reviews is very positive and enthusiastic. The restaurant's food quality and portion sizes are highlighted as strengths. The staff's service is also appreciated, especially their helpfulness in explaining the cooking process for takeout.",false,False
낙원동,국밥,소문난국밥전문,73,,"The score of 73 reflects exceptional value and unique heritage, but is significantly pulled down by concerns regarding ingredient quality and hygiene, alongside only average mastery of flavor.","While its legendary 60-year history and unbelievable 3,000 won price point are commendable, the lack of ingredient quality specifics and concerning hygiene reports prevent it from earning a Neon Heart. This establishment offers unparalleled value and a unique cultural experience, but falls short on the rigorous culinary standards of the Neon Guide.","60년 전통과 3천 원이라는 경이로운 가격은 칭찬받을 만하나, 식재료 품질에 대한 구체적인 언급 부족과 위생 우려는 네온 하트를 받기에는 역부족입니다. 비할 데 없는 가치와 독특한 문화를 제공하지만, 네온 가이드의 엄격한 미식 기준에는 미치지 못합니다.",http://place.map.kakao.com/21408033,37.5724910086314,126.98826124869744,"The customer receipts only provide metadata: 660 reviews and 13 followers, along with an instruction to leave a reaction. There is no actual review content available to assess food quality, service, or other aspects.",Yes,"The AI score of 73/100 falls within the 70-89 range. For this range, the score is only considered unjustified if the reviews explicitly state that the food is genuinely bad. Since the provided customer receipts contain no specific feedback, positive or negative, about the food quality or any other aspect, there is no evidence to contradict the AI's expected score. Therefore, the score is considered justified due to the absence of contradictory information.",false,False
낙원동,국밥,돈맛꿀,96,3 Neon Hearts,"The restaurant earned a high score due to its impeccable ingredient quality, masterful cooking techniques, unique chef personality, excellent value, and undeniable consistency, all supported by 100% organic reviews.","돈맛꿀 delivers an exceptional 국밥 experience, showcasing meticulous ingredient quality and masterful technique. Its genuine consistency and thoughtful touches elevate it to a destination for authentic Korean comfort.",돈맛꿀은 흠잡을 데 없는 재료 품질과 숙련된 조리 기술로 뛰어난 국밥 경험을 선사합니다. 진정한 일관성과 세심한 배려가 어우러져 한국의 진정한 맛을 찾는 이들에게 꼭 방문해야 할 곳입니다.,http://place.map.kakao.com/2118553572,37.57106936057438,126.98956323724336,"The reviews highlight the deliciousness of the dish, particularly the grilled pork and soup. Customers appreciate the tender meat and flavorful broth. They also praise the cleanliness and service of the establishment. Based on these positive comments, the AI score of 96/100 seems accurate and justified.",Yes,"The reviews are overwhelmingly positive and endorse the quality of the food, service, and cleanliness, which aligns with the AI score of 96/100.",false,False
충무로,국밥,진심,93,2 Neon Hearts,"The score reflects outstanding ingredient quality (19/20), masterful technique and flavor (19/20), a unique culinary vision (19/20), excellent value for money (18/20), and consistent popularity (18/20); the absence of a sponsored ratio allowed for normal scoring.","A masterful reinterpretation of gukbap, Jinshim elevates the humble dish with premium ingredients and a chef's refined touch. Its innovative flavors and consistent quality make it an exceptional neighborhood staple.",진심은 최상급 재료와 셰프의 섬세한 기술로 국밥을 재해석하여 한 차원 높은 경험을 선사합니다. 혁신적인 맛과 꾸준한 품질은 이곳을 탁월한 동네 명소로 만듭니다.,http://place.map.kakao.com/968855449,37.56260932141943,126.99406914834816,"The customer reviews are overwhelmingly positive, praising the special menu, tender beef, clear broth, and the staff's friendliness. The review also highlights the restaurant's cleanliness, ease of ordering, and the spacious tables. However, there are some minor nitpicks like the restaurant being a bit noisy, but overall the experience seems excellent.",Yes,"Despite some minor issues, the majority of the reviews are very positive and enthusiastic, which justifies the high AI score of 93/100.",false,False
충무로,국밥,육수당 충무로점,82,1 Neon Heart,"The score of 82 reflects strong points in ingredient quality (17), flavor mastery (18), and consistency (17), balanced by a slightly less distinctive chef personality (14) and good, but not exceptional, value for money (16).","Yuksu-dang Chungmuro offers a reliably satisfying gukbap experience with fresh, quality ingredients and a diverse menu showcasing well-executed regional flavors. While the chef's personality is somewhat understated, the consistent quality and value make it a solid choice for a hearty meal.","육수당 충무로점은 신선한 재료와 다양한 지역 국밥 메뉴로 꾸준히 만족스러운 경험을 선사합니다. 셰프의 개성은 다소 평범하지만, 변함없는 품질과 합리적인 가격은 든든한 한 끼 식사로 훌륭한 선택입니다.",http://place.map.kakao.com/27530916,37.5630469715197,126.990487944883,"The reviews highlight the restaurant's diverse menu, weekly discounts, and convenient refilling of side dishes, which are the main positive aspects. There are some constructive suggestions for side dishes and additional dishes to try. The overall impression is positive with no severe contradictions or complaints.",Yes,"The reviews indicate a positive dining experience with various recommendations, but they do not explicitly contradict the score. The AI score of 82 is not significantly below the average 90+ scores for a perfect score, but there are room for slight improvements in side dishes and additional dishes to consider.",false,False
충무로,국밥,유진,97,3 Neon Hearts,"The score of 97 reflects exceptional ingredient quality, masterful cooking techniques, profound chef personality and uniqueness, outstanding value for money, and undeniable consistency over time.","Yujin offers a rare glimpse into culinary heritage, serving meticulously crafted Gyeongsang-do style Hanwoo Gukbap and other delights at an unbeatable price. Its multi-generational legacy and unwavering quality make it a truly destination-worthy establishment.","유진은 경상도식 한우국밥을 비롯한 전통 요리를 흠잡을 데 없는 가성비와 함께 선보이며, 세대를 잇는 깊은 맛과 정성을 느낄 수 있는 곳입니다. 13년 단골이 증명하는 변함없는 맛과 서비스는 이곳을 진정한 미식의 성지로 만듭니다.",http://place.map.kakao.com/1475195676,37.5630021124147,126.993258714143,"The reviews are overwhelmingly positive with multiple customers praising the meat quality, taste, and overall experience. There are no significant complaints or contradictions to the score. The customer feedback is consistent and enthusiastic.",Yes,"The reviews indicate that the meat is fresh and flavorful, and the portions are well-sized. The staff is described as friendly and attentive. The restaurant is considered a good value for money and is a popular spot for customers to visit, especially during busy times. There are no specific negative points mentioned in the reviews.",false,False
필동,국밥,시루국밥,99,3 Neon Hearts,"The score reflects near-perfect execution across all five criteria, from the pristine ingredient quality and masterful, refined flavors to the unparalleled chef personality, exceptional value, and proven consistency, all authentically confirmed by a low sponsored ratio.","This establishment redefines gukbap with its refined, clear broths and exceptional, thoughtful service, delivering a truly unique and consistently outstanding dining experience. The meticulous attention to ingredient quality and customer comfort elevates humble fare to an art form.",시루국밥은 정갈하고 맑은 국물과 세심한 서비스로 국밥의 격을 한 단계 높였습니다. 재료의 품질과 손님 편의에 대한 꼼꼼한 배려가 평범한 음식을 예술의 경지로 끌어올린 곳입니다.,http://place.map.kakao.com/21876927,37.56003239120315,126.99265459894612,"Customers consistently praise the delicious food, fresh ingredients, and kind owners. Specific dishes like Gamjaongsim and Abalone Tteokguk are highlighted as exceptionally tasty. Reviewers appreciate the warm, comforting meals, especially on cold days, and many express a desire to revisit. There is one minor comment about bulgogi being 'a bit sweet,' but it does not detract from the overall overwhelmingly positive sentiment.",Yes,"The customer receipts overwhelmingly support the high AI score of 99/100, with numerous enthusiastic comments about the food quality, taste, fresh ingredients, and friendly service. The minor nitpick about the bulgogi's sweetness is not a severe contradiction and is outweighed by the extensive positive feedback.",false,False
역삼동,국밥,국밥 참 맛있는 집 역삼점,78,,"Ingredients (18/20), Flavor & Technique (18/20), and Personality (17/20) showed promise, but Value for Money (15/20) and Consistency (10/20) were heavily penalized due to the missing sponsored ratio, leading to skepticism about long-term reliability and true value, resulting in a score below our minimum threshold.","Despite some positive mentions regarding ingredients and flavor, the absence of a transparent sponsored ratio raises significant doubts about this 국밥 spot's long-term consistency and true value. Its purported quality remains unverified under critical scrutiny.","재료와 맛에 대한 긍정적인 언급에도 불구하고, 협찬 비율의 부재는 이 국밥집의 장기적인 일관성과 진정한 가치에 대한 심각한 의문을 제기합니다. 비판적인 검토 아래, 주장되는 품질은 아직 검증되지 않았습니다.",http://place.map.kakao.com/1525467817,37.50469538417964,127.04495820038012,"The reviews are overwhelmingly positive, praising the food quality, portion sizes, and overall experience. Customers mention that the food is delicious, with authentic flavors and high-quality ingredients. The service and cleanliness are also commended. The reviews indicate that the restaurant offers good value for money and is suitable for both business lunches and casual visits.",Yes,"The reviews show that the restaurant consistently meets or exceeds customer expectations, with no significant complaints or contradictions to the AI score.",false,False
역삼동,국밥,솔마루,81,1 Neon Heart,"The score reflects solid ingredient quality and outstanding value for money, balanced against a lack of distinctive culinary personality and unproven long-term consistency in flavor.","Solmaru offers a commendable, traditional Jeonju-style gukbap with exceptional value, utilizing fresh, directly sourced ingredients. While the flavors are clean and satisfying, it lacks the distinctive culinary innovation or consistent refinement required for a higher Neon Guide commendation.","솔마루는 신선한 직송 재료로 훌륭한 가성비의 전주식 국밥을 선보이며, 깔끔하고 만족스러운 맛을 자랑합니다. 하지만 독창적인 요리 기법이나 일관된 섬세함은 부족하여 네온 가이드의 더 높은 평가를 받기에는 아쉬움이 남습니다.",http://place.map.kakao.com/10548216,37.502306232353575,127.0441232717158,"The reviews mention positive aspects such as tasty dishes, good value for money, and a cozy atmosphere. There are no complaints about food quality or service. The restaurant is described as a great place to have lunch, with a clean and affordable environment. The AI score of 81/100 aligns well with the positive feedback provided in the customer reviews.",Yes,"The AI score of 81/100 is slightly below the threshold for a perfect score (100/100), but the customer reviews are overwhelmingly positive and do not contradict the AI score. The restaurant is praised for its tasty dishes, good value for money, and a clean and affordable environment, which justifies the AI score without a need for a downgrade.",false,False
역삼동,국밥,이필녀국밥,83,1 Neon Heart,"The score of 83 reflects strong points in chef's personality and value for money, balanced against minor deductions for ingredient quality, flavor consistency across the menu, and a singular instance of preparation inconsistency.","This venerable establishment, helmed by the renowned Lee Pil-nyeo, offers comforting 국밥 with a remarkable sense of history and value. While the core dishes shine, minor inconsistencies in ingredient quality and preparation, particularly outside of the signature 국밥, prevent it from reaching higher echelons.","이필녀 여사의 손맛이 담긴 유서 깊은 국밥집으로, 훌륭한 가성비와 따뜻한 접객이 돋보입니다. 다만, 일부 식재료의 아쉬움과 핵심 국밥 외 메뉴의 편차는 개선의 여지가 있습니다.",http://place.map.kakao.com/1003714564,37.503320233325,127.034941716069,"The customer reviews are overwhelmingly positive, praising the flavor of the kimchi, variety of soup options, excellent service, and popularity among Asian tourists. The critiques are minor and focused on small issues, such as the restaurant being full and the soup's spiciness not being perfect for some customers. The overall experience is described as excellent, and the restaurant is noted as a good choice for a quick meal and for tourists.",Yes,"The reviews are positive and highlight multiple strengths of the restaurant, including its food quality, service, and popularity. There are only minor critiques and no significant issues that would warrant a lower score.",false,False
역삼동,국밥,3일한우국밥 역삼직영점,75,,"The score of 75 reflects strong points in ingredient quality (18/20) and value for money (19/20), but is significantly pulled down by the absence of unique culinary personality (8/20) and limited evidence of long-term consistency (14/20).","While 3일한우국밥 offers commendable ingredient quality and exceptional value, its lack of culinary uniqueness and unproven long-term consistency prevent it from earning a Neon Heart. It's a reliable spot for a hearty meal, but not a destination for gastronomic discovery.","3일한우국밥은 훌륭한 재료 품질과 강남에서 보기 드문 가성비를 자랑하지만, 요리적 개성과 검증되지 않은 일관성이 아쉽습니다. 든든한 한 끼로는 충분하나, 미식의 경험을 선사하기에는 부족합니다.",http://place.map.kakao.com/1621627981,37.49544142591475,127.03912210642422,"The receipts indicate that the customer had a very positive experience with the meal, including descriptions of the food and service being excellent.",Yes,"The receipt mentions 'literally the best meal of my life! Flawless food and amazing staff!', which aligns with the 75/100 score. The positive language used suggests the food and service were satisfactory and possibly above average.",false,False
역삼동,국밥,부산아지매국밥 GS타워점,86,1 Neon Heart,"The score of 86 reflects high marks for ingredient quality, masterful flavor, and consistent execution, though the chain format naturally limits the 'personality of the chef' score. (Supreme Court Verified: Reviews confirm exceptional quality).","부산아지매국밥 GS타워점 delivers a commendably clean and flavorful Gukbap, boasting deeply satisfying broth and tender pork. While its chain nature limits individual chef personality, it stands as a reliable and well-loved spot for a consistent, quality meal.","부산아지매국밥 GS타워점은 깊고 깔끔한 국물과 부드러운 고기로 훌륭한 국밥을 선보입니다. 셰프의 개성은 다소 희미하지만, 꾸준한 맛과 가성비로 직장인들에게 사랑받는 믿음직한 식당입니다.",http://place.map.kakao.com/19634015,37.50306082548367,127.0376094881095,"Customer reviews are overwhelmingly positive, consistently praising the delicious taste, good quality of meat, and overall satisfaction with the gukbap. Many reviewers state they visit frequently and find it the most delicious, even comparing it favorably to gukbap from Busan.",Yes,"The AI score of 86/100 indicates a genuinely good place, and the customer reviews strongly support this, with no serious complaints or contradictions. All feedback is positive, highlighting the food quality and taste, aligning perfectly with a high score.",false,False
서초동,국밥,육전국밥 서초역점,73,,"The score reflects solid ingredient quality and cooking technique, but is tempered by a lack of unique chef personality, unverified value for money, and no explicit proof of long-term consistency.","While the Yukjeon Gukbap offers a unique culinary twist with its well-prepared broth and savory beef pancakes, the overall experience lacks the distinct personality and proven consistency required for a higher accolade. It serves its purpose as a convenient, albeit average, option for a quick meal.","육전국밥은 깊고 진한 국물과 고소한 육전으로 독특한 매력을 선보이지만, 전반적인 경험은 특별한 개성과 검증된 일관성이 부족합니다. 편리하고 깔끔하지만, 더 높은 평가를 받기에는 아쉬움이 남는 평범한 선택지입니다.",http://place.map.kakao.com/1030787820,37.4896621809356,127.009160127524,"The reviews are overwhelmingly positive, praising the food quality, taste, and portions. The staff is described as welcoming. Despite a minor detail about the absence of certain complete sets in the menu, the general sentiment is very favorable. The customers seem to enjoy their dining experience and recommend the place.",Yes,"The reviews indicate a high level of satisfaction with the food and service, outweighing the minor issue mentioned in the customer receipts.",false,False
서초동,국밥,담미온 교대역점,80,1 Neon Heart,"The score of 80 reflects solid ingredient quality and value, good flavor mastery despite a minor flaw in side dishes, and a generally appealing but not overtly unique culinary personality.","Dammion Gyodae Station delivers a reliably clean and flavorful gukbap experience, making it a popular lunch spot for its generous portions and good value. While the broth is commendable, a minor inconsistency in side dishes keeps it from reaching higher culinary acclaim.","담미온 교대역점은 깔끔하고 잡내 없는 국물로 직장인들의 점심을 책임지는 인기 국밥집입니다. 푸짐한 양과 좋은 가성비는 칭찬할 만하나, 곁들임 찬의 미세한 아쉬움이 옥에 티로 남습니다.",http://place.map.kakao.com/1471728292,37.4947937487709,127.014783179833,"The reviews indicate that the food is consistently delicious, the staff is friendly and attentive, and the portion sizes are generous. The restaurant is popular during lunch hours and is comfortable for quick dining. There are no complaints about the food quality or service. The restaurant's warm and spacious atmosphere also adds to the positive experience.",Yes,The reviews are overwhelmingly positive with no significant criticisms or contradictions to the AI score of 80/100. The restaurant appears to meet or exceed the expectations based on the customer feedback.,false,False
서초동,국밥,육전국밥 교대사거리점,91,2 Neon Hearts,"The score reflects exceptional ingredient quality (19/20), masterful flavor combinations and techniques (18/20), strong perceived consistency (19/20), and excellent value for money (18/20), with minor deductions for its franchise nature and a slightly diluted chef's personality (17/20).","This establishment masterfully combines the delicate crispness of yukjeon with a clean, deep gukbap broth, creating a truly unique and satisfying experience. With high-quality ingredients and commendable consistency, it stands as an exceptional neighborhood staple.","육전과 국밥의 독창적인 결합은 깔끔하면서도 깊은 맛으로 미식가들의 찬사를 받습니다. 뛰어난 재료 품질과 한결같은 맛으로, 이곳은 지역의 자랑스러운 명소로 자리매김했습니다.",http://place.map.kakao.com/2029098783,37.4882875379791,127.015070231112,"The customer reviews are overwhelmingly positive, praising the food quality, service, and value for money. They mention that the food is tasty and properly seasoned, the service is friendly, and the restaurant is clean. Despite minor criticisms such as the food being slightly bland, these are minor points in comparison to the overall positive feedback. The customer also mentioned that they would visit again, indicating satisfaction with the restaurant.",Yes,"The customer reviews consistently highlight positive aspects of the restaurant without any major complaints that could warrant a lower score. The AI score of 91/100 aligns well with the positive reviews, suggesting that the restaurant is well-liked and performs well in terms of taste, service, and value.",false,False
서초동,국밥,가마솥순대국밥 서초역점,76,,"The score of 76 reflects excellent ingredient quality (18/20) and value for money (19/20), strong flavor mastery (17/20), but is significantly pulled down by a lack of unique chef personality (8/20) and unproven long-term consistency for this specific new branch (14/20).","While the ingredients are commendably fresh and the broth boasts a rich, clean flavor, the restaurant's lack of unique culinary identity and misleading branding prevent it from earning a Neon Heart. The focus on corporate expansion over genuine chef personality is palpable.","신선한 재료와 진하고 깔끔한 국물 맛은 칭찬할 만하지만, 이 식당은 고유한 요리적 정체성이 부족하고 브랜드 이름마저 오해의 소지가 있어 네온 하트를 받지 못했습니다. 진정한 셰프의 개성보다는 기업적 확장에 치중하는 모습이 역력합니다.",http://place.map.kakao.com/1691358393,37.4915768824578,127.008343945977,"The receipt mentions '고기 질이 좋아요' which translates to 'The meat quality is good', indicating satisfaction with the food quality.",Yes,"The receipt provided contains a positive remark about the food quality, matching the AI score of 76/100, which falls within the 70-89 range. Since it is not a criticism, the restaurant should be considered passable.",false,False
서초동,국밥,유성옥,84,1 Neon Heart,"The score of 84 reflects strong ingredient quality (18), masterful broth technique (18), and unique menu items (17), balanced by good value (16) and a conservative estimate for consistency (15) due to limited information.","Yuseongok presents a refined take on Gukbap, offering a clear, deep broth and unique signature dishes like the Donbok Jaengban. While the ingredients and culinary philosophy are commendable, a lack of long-term consistency data prevents a higher accolade.","유성옥은 맑고 깊은 국물과 돈복쟁반 같은 독특한 시그니처 메뉴로 국밥의 품격을 높입니다. 훌륭한 재료와 확고한 요리 철학을 보여주지만, 장기적인 일관성에 대한 검증이 부족하여 더 높은 평가를 받지 못했습니다.",http://place.map.kakao.com/1280456164,37.4951037357078,127.014455302447,"The reviews are overwhelmingly positive, praising the quality of the food, the care taken in ingredients, the friendliness of the staff, and the overall dining experience. The detailed compliments and the recommendation to return indicate that the restaurant meets or exceeds expectations.",Yes,"The reviews highlight the high quality of the food, the staff's attentiveness, and the welcoming atmosphere, which justifies a higher score despite a few minor criticisms.",false,False
신사동,국밥,블랙국밥 신사점,80,1 Neon Heart,"The score of 80 reflects strong points in ingredient quality, unique concept, and value, but is tempered by a lack of verifiable information regarding long-term consistency.","블랙국밥 신사점 offers a unique take on gukbap with its signature Shabu Gukbap and a stylish ambiance, complemented by generous portions and thoughtful service. While its innovative approach and value are commendable, the long-term consistency of its culinary execution remains unproven.","블랙국밥 신사점은 시그니처 샤브 국밥과 세련된 분위기로 국밥에 대한 독특한 접근을 선보이며, 푸짐한 양과 세심한 서비스가 돋보입니다. 혁신적인 시도와 가성비는 칭찬할 만하나, 요리의 장기적인 일관성은 아직 입증되지 않았습니다.",http://place.map.kakao.com/793460275,37.5176893138394,127.02005891534,"The receipts highlight consistently positive feedback with no mentions of bad food or service issues. The restaurant is praised for its satisfaction levels, variety of dishes, and overall value for money.",Yes,"The reviews are overwhelmingly positive, indicating that the customer was very satisfied with their experience, and there are no complaints about the food or service. The restaurant's recommendation for customers seeking 'an enjoyable, comforting meal' is also validated.",false,False
성수동,국밥,비사벌 전주콩나물국밥,92,2 Neon Hearts,"The score reflects exceptional consistency and a singular focus on a well-executed dish, with minor points deducted for some imported ingredients and the broth cooling quickly. (Supreme Court Verified: Reviews confirm exceptional quality).","This establishment offers a deeply satisfying kongnamul gukbap, built on decades of dedication and a remarkably consistent broth. While the price point is on the higher side, the generous portions and free refills ensure a truly worthwhile experience.",20년 넘게 한결같은 맛을 지켜온 이곳은 깊고 시원한 국물과 아삭한 콩나물이 일품입니다. 다소 높은 가격에도 불구하고 푸짐한 양과 넉넉한 리필 인심이 돋보여 만족스러운 한 끼를 선사합니다.,http://place.map.kakao.com/21237863,37.54626489308063,127.04503068048648,"The AI score is 92/100, which is very close to the maximum score. However, the customer reviews indicate that the food tasted much better than expected for a single dish. The customer mentions the clear, rich flavor of the soup, which they describe as being made with 24 hours of simmering and using 20 natural ingredients. They also appreciate the fact that the soup is not too strong, allowing them to enjoy the full flavor of the dish. Despite these positive points, the reviews also mention that the soup is very clear, which might be seen as a downside for some customers. The reviews are generally positive and enthusiastic, but they do not explicitly state that the food is perfect, just that it is a better-than-expected experience.",No,"The customer reviews suggest that the food is very tasty, but they do not give a perfect score. The AI score is high, but there is a minor contradiction between the high score and the explicit praise for the clear soup.",false,False
성수동,국밥,진국당성수국밥 본점,86,1 Neon Heart,"The score of 86 reflects exceptional ingredient quality (18/20) and a distinctive culinary personality (19/20), complemented by solid technique (17/20), fair value (16/20), and generally positive but not fully proven long-term consistency (16/20).","Jin Guk Dang presents a meticulously crafted gukbap, distinguished by its unique 48-hour broth and innovative serving vessel. While its culinary personality and ingredient quality are commendable, the overall value and long-term consistency, though positive, prevent it from achieving a higher distinction.","진국당성수국밥 본점은 48시간 우려낸 육수와 세계 최초 특수 뚝배기로 차별화된 국밥 경험을 제공합니다. 재료의 품질과 독창적인 접근은 돋보이나, 가치와 장기적인 일관성 측면에서 미세한 개선의 여지가 보입니다.",http://place.map.kakao.com/2808153,37.542157885313,127.0522100475,"Customers consistently praise the restaurant for its delicious, rich broth, high-quality meat (no gamey smell, tender), and generous portions. Many reviews highlight the tasty side dishes, friendly staff, clean environment, and overall pleasant dining experience, with several expressing strong recommendations and intent to revisit.",Yes,"The AI score of 86 is well-justified by the overwhelmingly positive customer feedback, which consistently highlights excellent food quality, service, and atmosphere without any negative remarks or contradictions.",false,False
성수동,국밥,돼지공탕 하우,92,2 Neon Hearts,"The score of 92 reflects exceptional ingredient quality, masterful cooking techniques, a strong unique personality, good value for money, and proven consistency over time.","Dwaejigongtang Hau elevates the humble Gukbap with its meticulous use of premium Mungyeong Yakdol pork and a broth of remarkable clarity and depth. This establishment stands out with its unique aesthetic and confident culinary vision, delivering an exceptional dining experience that consistently draws regulars.","돼지공탕 하우는 문경 약돌 돼지의 최상급 재료와 맑고 깊은 국물로 국밥의 격을 높였습니다. 독특한 미학과 확고한 요리 철학이 돋보이며, 꾸준히 단골을 이끄는 일관된 맛으로 특별한 미식 경험을 선사합니다.",http://place.map.kakao.com/1159905218,37.54841913867853,127.05569303631056,"The reviews are overwhelmingly positive, highlighting the delicious food, especially the spicy pork soup, the generous portion sizes, and the clean and cozy interior. The customers appreciate the unique experience, comparing it to a café setting with their description of '곰탕집인데 너무 맛있네요!!'. There are no significant criticisms and the reviews suggest that the restaurant meets or exceeds expectations for a dining experience.",Yes,"The reviews consistently praise the food quality, portion sizes, and the restaurant's unique atmosphere, indicating a high level of satisfaction from the customers.",false,False
문래동,국밥,오복순대국,94,2 Neon Hearts,"The score reflects high marks across all criteria, particularly for the exceptional quality of domestic ingredients, masterful cooking techniques, the unique offering of handmade sundae, and proven consistency as a local favorite.","오복순대국 delivers an exceptional sundae-guk experience, marked by its pristine, handmade sundae and a broth that is both savory and impeccably clean. This establishment is a testament to consistent quality, drawing long queues with its thoughtful, value-driven offerings.","오복순대국은 흠잡을 데 없는 수제 순대와 구수하면서도 깔끔한 국물로 탁월한 순대국 경험을 선사합니다. 꾸준한 품질로 긴 웨이팅을 자랑하며, 사려 깊고 가치 있는 메뉴로 손님들을 사로잡는 곳입니다.",http://place.map.kakao.com/24040605,37.51574102668877,126.89156501552227,"The receipt mentions positive sentiments such as '고기 질이 좋아요', '속이 촉촉해요', '맛나고', '달달하니', and '진짜 맛있었어요'. The customer also appreciates the staff's service and the cleanliness of the restaurant.",Yes,"The customer's receipt indicates overall satisfaction with the food quality, taste, and service, which aligns with the AI score of 94/100. The review shows no significant criticisms or issues.",false,False
정릉동,국밥,평사리 메밀막국수,78,,"The score of 78 reflects strong points in flavor, technique, and consistency, but was significantly lowered due to the poor value for money and concerns over portion sizes.","평사리 메밀막국수 offers a refreshing makguksu with made-to-order noodles and commendable side dishes, showcasing a chef's dedication to technique. However, the overall experience is marred by questionable value for money and perceived small portions, preventing it from earning a Neon Heart.","평사리 메밀막국수는 주문 즉시 뽑는 면과 훌륭한 밑반찬으로 셰프의 기술력을 엿볼 수 있는 시원한 막국수를 선보입니다. 하지만 아쉬운 가성비와 적게 느껴지는 양은 옥의 티로, 네온 하트를 받기에는 역부족입니다.",http://place.map.kakao.com/11665323,37.611240187073776,127.00936076137502,"The reviews highlight the restaurant's emphasis on fresh ingredients, particularly seafood (like scallops and clams), and the variety of dishes including a wide range of seafood-based options like 보쌈정식 and 물막국수. The customers appreciate the restaurant's commitment to health and taste, with praises for the freshness, taste, and portion sizes. The staff is also mentioned as friendly and attentive. There are no complaints about the food quality or service, indicating a generally positive experience overall.",Yes,The customer feedback supports a high score and does not contradict the AI score of 78/100.,false,False
망원동,순대국,소문난순대국왕족발,94,2 Neon Hearts,"The score of 94 reflects high marks across all categories, particularly for exceptional value and consistency, with minor deductions for the purchased kimchi and occasional mixed reviews on the soup; no sponsorship penalty was applied.","This establishment excels with its fresh, house-made ingredients and generous portions, embodying the true spirit of a beloved local eatery. While the soup occasionally draws mixed reviews, the overall experience of flavor, value, and heartfelt service makes it a standout.","신선한 재료와 푸짐한 인심으로 지역 주민들의 사랑을 받는 진정한 맛집입니다. 간혹 국물에 대한 미묘한 의견 차이가 있지만, 맛과 가성비, 그리고 진심 어린 서비스가 돋보이는 곳입니다.",http://place.map.kakao.com/19011122,37.55906553886731,126.90508258447508,"The reviews indicate that the restaurant offers a variety of options, such as both traditional and soupy versions of the dish. Customers praise the dish's taste, portion size, and the overall dining experience. The positive feedback suggests that the restaurant meets the expectations and provides a satisfying meal.",Yes,"The reviews are overwhelmingly positive, with customers recommending the dish for those who want a hearty and filling meal. The restaurant's reputation is also mentioned, further supporting the positive reception.",false,False
합정동,순대국,합정순대국,86,1 Neon Heart,"The score of 86 reflects strong points in flavor, value, and exceptional consistency, which was not penalized due to the low sponsored ratio, but was tempered by the use of imported kimchi and inconsistent service.","Hapjeong Sundaeguk offers a deeply satisfying, clean broth with tender meats, a testament to its long-standing consistency. However, the use of imported kimchi and reports of an unwelcoming owner prevent it from achieving a higher distinction.",합정순대국은 오랜 세월 변함없는 깊고 깔끔한 국물 맛과 부드러운 고기로 만족감을 선사합니다. 하지만 중국산 김치 사용과 불친절하다는 평은 아쉬움을 남깁니다.,http://place.map.kakao.com/16045153,37.54912243726477,126.91494383628245,"Customers consistently praise the restaurant for its delicious and comforting sundaeguk, tender offal and pork head meat, and the owner's exceptional kindness and attentiveness, including offering to reheat and refill soup without being asked. Many found the food to be a great source of comfort and relief after a long journey.",Yes,"The AI score of 86 is justified as the customer receipts are overwhelmingly positive, highlighting excellent food quality, a pleasant atmosphere, and outstanding customer service. The reviews are highly enthusiastic and indicate a very well-regarded establishment.",false,False
합정동,순대국,도돌곱창전골,88,2 Neon Hearts,"The score reflects excellent ingredient quality (19), masterful flavors (18), and dedicated service (18), with minor deductions to value (16) and consistency (17) due to the presence of sponsored reviews which can slightly skew objective assessment.","This establishment offers a truly exceptional 곱창전골, boasting high-quality ingredients and a masterfully balanced, addictive broth. Its dedicated owners provide attentive service, making it a standout neighborhood gem.",도돌곱창전골은 최상급 재료와 완벽하게 균형 잡힌 중독성 있는 국물로 진정한 곱창전골의 진수를 보여줍니다. 헌신적인 사장님의 세심한 서비스는 이곳을 동네의 뛰어난 보석으로 만듭니다.,http://place.map.kakao.com/920498975,37.5501726693943,126.910830214069,This receipt mentions the quality of the meat,Yes,"The receipt mentions '고기 질이 좋아요', which translates to 'the meat quality is good', aligning with the 88/100 score provided by the AI. This positive feedback about the meat quality is consistent with the high score given.",false,False
상암동,순대국,김둘레순대국 상암본점,85,1 Neon Heart,"The score of 85 reflects strong points in flavor mastery, uniqueness, and exceptional consistency, balanced against minor deductions for ingredient consistency (fat content) and mixed value for money, with no sponsorship influencing the evaluation.","Kimdulle Sundaeguk Sangam Main Branch offers a uniquely comforting sundae-guk, distinguished by its savory dried radish greens and consistently rich broth. While the value for some dishes could improve and the meat occasionally too fatty, its loyal following speaks volumes about its enduring quality.","김둘레순대국 상암본점은 시래기를 넣은 독특한 순대국으로 깊고 구수한 맛을 꾸준히 유지하고 있습니다. 일부 메뉴의 가성비와 고기 품질에 아쉬움이 있지만, 변함없는 국물 맛으로 단골들의 발길이 끊이지 않는 곳입니다.",http://place.map.kakao.com/1636089503,37.5818407793787,126.889426852181,"The reviews are overwhelmingly positive, praising the rich and flavorful stew, the variety of side dishes, and the overall dining experience. The staff is mentioned as helpful, and the environment is clean. The reviews indicate a solid dining experience despite minor nitpicks like the potential for leftovers.",Yes,"The reviews are enthusiastic and cover multiple aspects of the dining experience, which aligns with the AI score of 85/100. There are no contradictions or complaints that would justify a lower score.",false,False
상암동,순대국,큰맘할매순대국 상암점,89,2 Neon Hearts,"The score of 89 reflects excellent ingredient quality, masterful flavor balance, strong value for money, and consistent customer satisfaction, with a solid showing in chef's personality.","This establishment offers a remarkably clean and flavorful sundae-guk, distinguished by its premium ingredients and thoughtful culinary execution. It stands out as an exceptional neighborhood staple, consistently delivering quality and value.","이 식당은 최상급 재료와 세심한 조리 기술로 깨끗하고 깊은 맛의 순대국을 선보입니다. 꾸준한 품질과 훌륭한 가치를 제공하며, 지역의 뛰어난 맛집으로 자리매김했습니다.",http://place.map.kakao.com/1493148680,37.5763607911227,126.895193691638,"The reviews are overwhelmingly positive, praising the quality of the meat, the care with which the ingredients are prepared, the cleanliness of the establishment, and the helpful staff. The customers express a desire to return, which indicates a high level of satisfaction. Despite some minor criticisms (e.g., the food could be even more flavorful), the overall tone is very positive and enthusiastic.",Yes,"The reviews contain no significant criticisms of the food quality or service, and the customers' desire to return is a strong indicator of satisfaction. The minor criticisms do not outweigh the positive feedback.",false,False
상암동,순대국,도시해장국,100,3 Neon Hearts,"The perfect score reflects exceptional quality in ingredients, masterful technique, unique chef personality, outstanding value, and proven consistency, with no deductions applied due to a low sponsored ratio.","도시해장국 is a culinary masterpiece, delivering an unparalleled 순대국 experience with its pristine ingredients and profound flavors. The owner's passion and unwavering consistency elevate this establishment to a destination-worthy status.",도시해장국은 최상급 재료와 깊이 있는 맛으로 순대국 미학의 정점을 보여줍니다. 사장님의 열정과 변함없는 일관성은 이 식당을 미식의 성지로 만들기에 충분합니다.,http://place.map.kakao.com/1538374271,37.5801309037504,126.888691247444,"The reviews are overwhelmingly positive, praising the taste, portion sizes, and service. Customers appreciate the variety of dishes and enjoy the restaurant's offerings, even during peak hours. There are no complaints or negative remarks.",Yes,"The AI score is 100/100, matching the positive feedback provided in the customer receipts. The comments indicate that customers enjoyed the food, portion sizes, and service, and even noted that they shared positive experiences with others.",false,False
삼청동,순대국,권사부순대국,85,1 Neon Heart,"The score of 85 reflects strong performance in ingredient quality, value for money, and consistency, but is tempered by a less distinctive culinary personality and minor variations in flavor balance.","Kwon Sabu Sundaeguk offers a robust experience with undeniably fresh ingredients and exceptional value, especially given its prime location. While the broth is rich and the consistency laudable, the culinary personality and unique chef's touch remain somewhat elusive.","권사부순대국은 신선한 재료와 삼청동이라는 위치를 고려할 때 탁월한 가성비를 자랑하는 든든한 순대국을 선사합니다. 국물은 진하고 일관성도 훌륭하지만, 요리사의 개성이나 특별한 독창성은 다소 부족합니다.",http://place.map.kakao.com/1284798953,37.586962055569,126.982473380643,"The reviews highlight the positive aspects such as the delicious and plentiful soup, the large portion size, and the tender bone soup. The customers seem to enjoy the restaurant despite its popularity, indicating a good dining experience overall. There are no significant criticisms or contradictions to the AI score.",Yes,"The positive reviews align with the AI score of 85/100, suggesting that the restaurant delivers on its promises of a tasty and generous meal. The AI score and customer reviews both indicate that the restaurant meets or exceeds the expectations set by its offerings.",false,False
신당동,순대국,해남순대국,78,,"The score reflects strong ingredient quality (17/20) and unique character (18/20), but is significantly pulled down by the reported inconsistencies in hygiene, impacting consistency (13/20), and a merely competent mastery of technique (16/20) and value for money (14/20). No sponsored ratio was provided, so no related penalties were applied.","해남순대국 offers a robust 순대국 with high-quality, fresh ingredients and a unique, charming old-school ambiance. However, inconsistent hygiene standards, particularly concerning the restrooms, prevent it from achieving a truly elevated dining experience.",해남순대국은 신선한 재료와 독특한 노포 감성으로 훌륭한 순대국을 선보입니다. 하지만 화장실 위생 문제와 같은 전반적인 일관성 부족이 미식 경험을 저해하여 높은 평가를 받기 어렵습니다.,http://place.map.kakao.com/27439556,37.5528620692666,127.009868375983,"해남순대국의 음식은 깔끔하고 담백한 사골 육수가 인상적인 맛집으로, 국물은 깊으면서도 가벼운 입맛에 맞는 맛을 제공합니다. 순대와 내장은 잡내 없고 쫀쫀하며, 시원한 깍두기와 끝까지 부담 없이 즐길 수 있는 기본적인 메뉴들이 있습니다. 피크 시간대에는 붐빌 수 있지만, 기본기가 탄탄해 추천하고 싶은 순대국집입니다.",Yes,"해남순대국의 고객들이 제시한 모든 리뷰가 음식의 품질과 서비스에 만족한 것으로 보이지만, AI의 평가보다 낮은 점수로 인해 적당한 평가를 필요로 합니다.",false,False
신당동,순대국,화순식당,99,3 Neon Hearts,"The score reflects exceptional ingredient quality, masterful flavor profiles, a unique and engaging chef personality, outstanding value, and proven long-term consistency, with no sponsorship influence.","Hwasun Sikdang delivers an authentic, soul-satisfying experience with its generous portions and deeply flavored dishes, all served with the warm hospitality of a seasoned proprietor. This venerable establishment consistently proves why it remains a cherished destination for traditional Korean comfort food.","화순식당은 푸짐한 인심과 깊은 맛의 요리로 진정성 있고 만족스러운 경험을 선사하며, 노련한 사장님의 따뜻한 환대가 더해집니다. 이 유서 깊은 식당은 전통 한식의 소중한 목적지로 꾸준히 그 명성을 증명합니다.",http://place.map.kakao.com/20196563,37.5642397916545,127.010671238158,"The reviews are overwhelmingly positive, praising the food quality, the staff's friendliness, and the overall experience. Despite minor details like the need for better spacing, the restaurant's performance is excellent.",Yes,"The reviews indicate high satisfaction with the food and service, with no significant criticisms. The AI score of 99/100 aligns well with the positive feedback received.",false,False
신당동,순대국,소문난순대집,94,2 Neon Hearts,"The score reflects high marks across all criteria, particularly for the chef's unique personality and dedication, and is not penalized by a low sponsored ratio.","소문난순대집 offers a deeply personal and expertly crafted 순대국, distinguished by a chef's unique story and 30 years of dedication. While the availability of their signature sundae can be a minor challenge, the overall experience is one of exceptional quality and value.","소문난순대집은 셰프의 독특한 이야기와 30년간의 헌신이 돋보이는, 깊이 있고 전문적으로 만들어진 순대국을 선보입니다. 시그니처 순대의 재료 소진이 가끔 아쉽지만, 전반적으로 뛰어난 품질과 가치를 제공합니다.",http://place.map.kakao.com/27552091,37.5643647556029,127.019785060872,"The reviews are overwhelmingly positive, praising the taste of the dishes and the restaurant's popularity. The reviews indicate that the food is delicious and the restaurant is well-known for its tasty dishes.",Yes,"The reviews do not contain any negative comments or criticisms about the food quality or service. The restaurant is praised for its delicious dishes and popularity, which aligns with the AI score of 94/100.",false,False
창신동,순대국,대원집,73,,"The score of 73 reflects decent ingredient quality and good value, but is significantly pulled down by inconsistent cooking techniques and flavor mastery, particularly in the Kimchi-jjigae, and a lack of truly exceptional culinary personality.","대원집 offers a decent, affordable 순대국 experience with generous portions and a traditional '노포' charm. Yet, inconsistent execution, particularly with the overly sweet and tough Kimchi-jjigae, prevents it from rising above the ordinary.",대원집은 푸짐한 양과 노포의 정취가 있는 무난한 순대국을 선보입니다. 하지만 김치찌개에서 드러나는 일관성 없는 조리 기술과 맛의 불균형은 아쉬움을 남깁니다.,http://place.map.kakao.com/16619045,37.5707233642817,127.010595189533,"The reviews indicate that the restaurant offers a tasty and satisfying meal, with a focus on dishes like stewed pork and beef hotpot. Customers appreciate the mild and clean taste, and enjoy the full dining experience. The positive feedback without any significant criticisms suggests a generally satisfactory experience.",Yes,"The reviews highlight the taste, satisfaction, and overall dining experience, with no severe contradictions or complaints. The content of the reviews aligns with the positive AI score.",false,False
산림동,순대국,청계왕순대,98,3 Neon Hearts,"The score of 98 reflects perfect marks for ingredient quality, chef's personality, and value, alongside near-perfect scores for cooking mastery and consistency, all without any sponsored review penalties.","청계왕순대 is a legendary establishment where a 30-year supplier has taken the helm, ensuring unparalleled ingredient quality and a deeply authentic experience. This is a masterclass in 순대국, offering profound flavors and exceptional value that honors its decades-long legacy.",30년 넘게 가게에 재료를 공급해온 장인이 직접 운영하며 타의 추종을 불허하는 재료의 신선도와 깊은 맛을 선사합니다. 수십 년의 역사를 잇는 순대국 명인의 진수를 맛볼 수 있는 곳입니다.,http://place.map.kakao.com/1495164337,37.56814875632171,126.99699473718012,"The reviews are overwhelmingly positive, praising the quality of the meat, the spiciness of the broth, and the overall experience. The staff is described as very attentive and courteous. There are no complaints or contradictions to the AI score of 98/100.",Yes,"The reviews reflect a perfect dining experience with no issues or negatives mentioned, which aligns well with the AI score.",false,False
초동,순대국,농가순대국,99,3 Neon Hearts,"The score of 99 reflects exceptional quality in ingredients, masterful cooking techniques, outstanding value, and genuine, long-standing consistency, complemented by a unique and engaging owner personality.","This establishment exemplifies the pinnacle of 순대국, offering an unparalleled experience built on pristine ingredients and masterful execution. The vibrant, proud personality of the owners further elevates a meal that is both exceptionally flavorful and remarkably consistent.",농가순대국은 최상급 재료와 숙련된 조리 기술로 순대국의 정수를 보여줍니다. 주인장의 강렬한 개성과 한결같은 맛은 이곳을 단순한 식당을 넘어선 미식의 성지로 만듭니다.,http://place.map.kakao.com/16733950,37.5651410774189,126.99325399387833,"The customer receipts are overwhelmingly positive, highlighting exceptional cleanliness, friendly and attentive service, and high-quality, delicious food with no gamey smell. Patrons praised the 순대국, 모둠순대, and various internal organs, noting the deep flavor of the soup and the tender texture of the meat. Many expressed strong intent to revisit. A minor comment about the interior being slightly narrow was framed positively within the context of the restaurant's atmosphere.",Yes,"The customer reviews consistently praise all aspects of the restaurant, including food quality, cleanliness, and outstanding customer service, fully justifying the high AI score. There are no significant negative points or contradictions.",false,False
역삼동,순대국,복돈이가마솥순대국,94,2 Neon Hearts,"The high score reflects exceptional ingredient quality, masterful cooking techniques, unique chef personality, outstanding value, and genuine consistency over its 7-year operation, with no sponsored reviews impacting the assessment. (Supreme Court Verified: Reviews confirm exceptional quality).","This establishment masterfully elevates sundae-guk with its 10-hour gamasot broth and fresh, handmade ingredients, offering exceptional value. Its unique menu diversity and consistent quality over seven years make it a true neighborhood gem.","10시간 가마솥 육수와 신선한 수제 재료로 순대국의 품격을 높였으며, 탁월한 가성비를 자랑합니다. 7년간 변함없는 독창적인 메뉴 구성과 일관된 품질은 진정한 동네 맛집의 표본입니다.",http://place.map.kakao.com/170118016,37.5036608322466,127.04052425074,"Customer reviews are overwhelmingly positive, praising the deep and rich soup, tender meat, and fresh vegetables. The restaurant is highlighted as a chef-recommended spot and offers good value. One review mentions the need to season the soup personally but notes that guidance is provided, which is not a serious complaint.",Yes,"The reviews consistently praise the food quality and value, with no serious complaints that would contradict an 'exceptional neighborhood staple' score of 94. The minor point about self-seasoning the soup is not a severe contradiction.",false,False
역삼동,순대국,입맛을훔친순댓국,96,3 Neon Hearts,"The score reflects outstanding ingredient quality (19/20), masterful and unique flavor profiles (19/20), a distinct culinary identity (20/20), exceptional value (20/20), and impressive early consistency (18/20).","A truly exceptional 순대국 experience, this establishment elevates a humble dish with unparalleled ingredient sourcing and inventive flavor profiles. Its commitment to quality and unique offerings makes it a destination for discerning palates.",최상급 재료와 독창적인 조리법으로 순대국의 품격을 한 단계 끌어올린 곳입니다. 평범함을 넘어선 특별한 맛과 경험을 선사하며 미식가들의 발길을 이끌기에 충분합니다.,http://place.map.kakao.com/1983466285,37.5054125782542,127.047281658774,"The majority of the reviews highlight the variety of dishes, the delicious flavors, and the cozy atmosphere. There are some minor nitpicks but overall the reviews are overwhelmingly positive and enthusiastic.",Yes,"Despite a few minor negative comments, the majority of the reviews praise the restaurant's food quality, portion sizes, and atmosphere. The reviews indicate a high level of satisfaction from customers.",false,False
역삼동,순대국,담미온,87,1 Neon Heart,"The score reflects outstanding ingredient quality, masterful techniques, and strong consistency and value, though the franchise model inherently limits the 'personality of the chef' score.","Dammi-on delivers a consistently high-quality Sundaeguk experience, boasting fresh ingredients and sophisticated cooking techniques that elevate humble dishes. While its franchise nature limits individual chef personality, the exceptional value and reliable execution make it a solid choice.",담미온은 신선한 재료와 섬세한 조리 기술로 순대국밥의 품격을 높이며 꾸준히 만족스러운 맛을 선사합니다. 프랜차이즈의 한계에도 불구하고 뛰어난 가성비와 변함없는 맛으로 굳건한 입지를 다지고 있습니다.,http://place.map.kakao.com/317898781,37.5007948385204,127.034518710488,"The reviews highlight the restaurant's delicious and flavorful dishes, especially the rich taste of the side dishes. The restaurant is praised for its welcoming and convenient location, as well as its 24-hour operation. However, there are some minor points such as the smell of the meat and the lack of perilla powder. Despite these minor issues, the overall experience is positive and the food quality is high.",Yes,"Despite the minor criticisms, the majority of the reviews are positive and enthusiastic, and the food quality is praised. The restaurant's convenient location and 24-hour operation are also highlighted as positive aspects.",false,False
서초동,순대국,인하순대국,77,,"The score of 77 reflects solid value and a long-standing presence, but is hampered by the use of mixed-origin ingredients, a lack of unique culinary identity, and a noted inconsistency with its own historical flavor profile, preventing it from earning a Neon Heart.","Inha Sundaeguk delivers a reliably popular and generous bowl, but its use of mixed-origin ingredients and a perceived shift from its historical flavor prevent it from achieving true culinary distinction. While offering excellent value, it remains a competent local option rather than a destination.","인하순대국은 대중적이고 푸짐한 순대국을 제공하지만, 일부 식재료의 원산지 혼용과 과거의 맛에서 변화가 감지되어 진정한 미식의 경지에는 미치지 못합니다. 훌륭한 가성비에도 불구하고, 특별한 목적지라기보다는 믿을 수 있는 동네 식당에 가깝습니다.",http://place.map.kakao.com/686766181,37.4965292242744,127.013649285528,"The customer's feedback is very positive, mentioning only the quality of the meat as a minor point of interest.",Yes,"The customer’s feedback is extremely positive, indicating they are very satisfied with the food quality. The feedback does not mention any issues related to service, prices, or any other major concerns.",false,False
신사동,순대국,설백가마순대국,84,1 Neon Heart,"The score of 84 reflects strong ingredient quality and exceptional value for money, supported by a low sponsored review ratio, though minor inconsistencies in side dishes and occasional portioning prevented a higher rating.","설백가마순대국 offers a remarkably clean and flavorful 순대국 broth, providing excellent value in the bustling Gangnam district. While the main dish shines, minor inconsistencies in side dishes and occasional portioning prevent it from achieving a higher distinction.","설백가마순대국은 강남에서 보기 드물게 깔끔하고 깊은 순대국 국물로 뛰어난 가치를 선사합니다. 다만, 일부 반찬의 일관성 부족과 가끔 아쉬운 고기 양은 개선의 여지를 남깁니다.",http://place.map.kakao.com/1306723314,37.5216226014229,127.030728527291,"The reviews highlight the restaurant's signature dish, 순대국, as tasty and comforting. The customer also enjoyed other dishes like 감자탕 and 모듬순대. The AI score of 84/100 is well-aligned with the positive feedback received. There are no severe contradictions or complaints in the reviews.",Yes,"The AI score of 84/100 is consistent with the positive reviews received, which praise various dishes and the restaurant's overall experience. The reviews do not contain any complaints or contradictions to the score.",false,False
신사동,순대국,청담동 순도리 신사점,93,2 Neon Hearts,"The high score reflects exceptional ingredient quality, masterful cooking techniques, a unique dining concept, strong value, and proven consistency over 8 years, with no sponsorship influencing the evaluation.","Cheongdam-dong Sundori Sinsa-jeom elevates the humble Sundaeguk to an art form, boasting impeccable ingredients and masterful technique in a stylish setting. Its consistent quality and generous portions make it an exceptional destination, truly earning its place as a neighborhood staple.","청담동 순도리 신사점은 최상급 재료와 숙련된 조리 기술로 순대국의 품격을 한 단계 높였습니다. 세련된 공간에서 8년간 변함없는 맛과 푸짐한 양을 제공하며, 진정한 미식 경험을 선사합니다.",http://place.map.kakao.com/973006164,37.5174405361482,127.020643658127,"The reviews are overwhelmingly positive, praising the restaurant's cleanliness, fresh ingredients, and flavorful dishes. Customers appreciate the self-service condiment refill and the variety of menu options. They also mention the delicious food and good value for money. The only minor criticism is that some dishes might be a bit overcooked. The overall sentiment is very positive.",Yes,"Despite minor criticisms, the majority of the reviews are highly positive and the scores from the AI align well with the customer feedback.",false,False
성수동,순대국,조양순대국,77,,"The score of 77 reflects significant flaws in ingredient quality, particularly the sundae, and a lack of refined cooking technique, despite strong points in value for money and consistency over time.","A traditional spot with generous portions and a loyal following, but its core sundae suffers from a factory taste and off-putting odors. The broth, while rich, lacks the refined touch expected from a true master.","푸짐한 양과 오랜 단골을 자랑하는 전통적인 순대국집이지만, 핵심인 순대에서 공장 맛과 잡내가 느껴져 아쉽습니다. 국물은 진하나 섬세한 조리 기술의 부재가 엿보입니다.",http://place.map.kakao.com/364156992,37.5486649699173,127.047791040521,"The reviews mention the restaurant's cleanliness, tasty food, and that it's suitable for those who enjoy traditional dishes. There are also some minor criticisms like the lack of aroma, but overall the feedback is positive and enthusiastic.",Yes,"Despite the minor criticisms, the majority of the reviews indicate a positive experience, including the mention of delicious food and a pleasant dining environment. The reviews also suggest that the restaurant is worth visiting and coming back to.",false,False
성수동,순대국,일월순대국,82,1 Neon Heart,"The score reflects high marks for ingredient quality, flavor mastery, and consistency, balanced by an average score for chef's personality/uniqueness and good value for money.","This establishment offers a genuinely satisfying 순대국 experience, marked by its clean broth and quality ingredients. While lacking a distinctive culinary voice, it remains a reliable choice for a well-prepared meal.","이곳은 깔끔한 국물과 좋은 재료로 진정으로 만족스러운 순대국을 제공합니다. 독창적인 개성은 부족하지만, 잘 만들어진 한 끼 식사로는 믿을 수 있는 선택입니다.",http://place.map.kakao.com/322813680,37.5461225400128,127.045018147339,"The reviews highlight the restaurant's tasty and flavorful hotpot, its cleanliness, and its good service. The main criticisms are about the extra fees for the soup base and that some diners do not enjoy it, but these are relatively minor issues compared to the overall positive feedback.",Yes,"Despite some minor complaints, the majority of the reviews are positive and complimentary, with no severe contradictions. The restaurant's offerings and service are well-received, and the cleanliness of the food is appreciated.",false,False
성수동,순대국,송범순대국,100,3 Neon Hearts,"The perfect score reflects impeccable ingredient quality, masterful cooking techniques, the unique character of a 30-year-old establishment, outstanding value, and undeniable, genuine consistency over decades, unmarred by sponsored content.","This establishment offers a truly flawless 순대국 experience, boasting exceptional ingredients and a broth of profound depth, all delivered with the unwavering dedication of a seasoned master. Its three-decade legacy and consistent excellence make it an undeniable destination for any discerning palate.",송범순대국은 흠잡을 데 없는 재료와 깊이 있는 국물로 완벽한 순대국 경험을 선사합니다. 30년 넘게 한결같은 장인의 손길이 깃든 이곳은 미식가라면 반드시 찾아야 할 명소입니다.,http://place.map.kakao.com/13128338,37.5476934197526,127.043852395672,"This restaurant received a perfect score of 100/100 from the AI, which is backed by a series of enthusiastic and positive customer reviews. The customers praised the dish's clarity and taste, enjoyed the traditional atmosphere, and appreciated the owner's unique style. They also mentioned the high quality of the ingredients, including the Kimchi which complemented the dish well. The reviews highlight the consistent and delicious taste over time, despite the owner's age, which is seen as a testament to the quality of the establishment. Overall, the reviews are overwhelmingly positive and supportive.",Yes,"The customer reviews are overwhelmingly positive, praising the taste, atmosphere, and quality of the ingredients. There are no contradictions or criticisms in the reviews, which supports the high score given by the AI.",false,False
성수동,순대국,소유담순대국,96,3 Neon Hearts,"The score of 96 reflects exceptional ingredient quality (20), masterful flavor and technique (19), a dedicated chef's personality (19), outstanding value (20), and strong, organic consistency (18).","Soyudam Sundaeguk delivers a masterclass in the dish, boasting impeccable ingredients and a broth of profound depth and cleanliness. This establishment sets a new benchmark for the dish, proving that dedication and quality can elevate everyday fare to an art form.",소유담순대국은 흠잡을 데 없는 재료와 깊고 깔끔한 국물로 순대국의 진수를 보여줍니다. 일상적인 음식을 예술의 경지로 끌어올리는 헌신과 품질로 새로운 기준을 제시합니다.,http://place.map.kakao.com/2123571161,37.5494699400296,127.051187615404,"The reviews are overwhelmingly positive, praising the quality of the meat, the freshness of the broth, the portion sizes, and the hospitality of the staff. The reviews mention no major complaints and some even suggest visiting more frequently. The only minor nitpick is about the cleanliness, which is acknowledged as 'quite clean' in the reviews. The scores for the dish are consistent with the positive sentiments expressed.",Yes,"The reviews are predominantly positive and enthusiastic, with no significant criticisms of the food quality or service.",false,False
성수동,순대국,술래감자탕,80,1 Neon Heart,"The score of 80 reflects strong ingredient quality, value, and genuine consistency, particularly for its ppyeohaejangguk, but is tempered by the merely 'edible' sundae-guk and a less distinct culinary personality, with no penalty applied due to the low sponsored ratio.","술래감자탕 offers a genuinely consistent experience with its traditional charm and generous portions, particularly for its well-regarded ppyeohaejangguk. However, the sundae-guk, while acceptable, lacks the distinctive flair and mastery expected from a truly exceptional establishment.","술래감자탕은 전통적인 매력과 푸짐한 양으로 꾸준함을 보여주며, 특히 뼈해장국은 훌륭합니다. 하지만 순대국은 무난한 수준에 머물러, 진정으로 뛰어난 식당에서 기대하는 독보적인 맛과 기술력은 부족합니다.",http://place.map.kakao.com/27074145,37.5459699503277,127.04585203756,"The receipts highlight the positive aspects such as the excellent flavor, generous portion, and friendly service, which aligns with the 80/100 score.",Yes,"The reviews are overwhelmingly positive, praising the flavor, portion sizes, and service quality without any significant criticisms. The AI score of 80/100 is consistent with this level of praise and no issues mentioned in the receipts are significant enough to justify a 'No' for justification.",false,False
성수동,순대국,성수찰순대국,87,1 Neon Heart,"The score of 87 reflects high marks for ingredient quality, flavor mastery, and consistency, slightly tempered by mixed reviews on value for money, particularly for the assorted sundae.","Seongsu Chal Sundaeguk delivers a deeply satisfying sundae-guk experience with its rich, clean broth and quality Jeju pork. While the main dish shines, some side offerings and overall value could be refined for a truly exceptional rating.","성수찰순대국은 제주산 돼지고기와 직접 담근 김치로 깔끔하고 깊은 순대국 맛을 선사합니다. 주메뉴는 훌륭하나, 일부 사이드 메뉴의 구성과 가격 대비 만족도는 개선의 여지가 있습니다.",http://place.map.kakao.com/1234306705,37.5483373703343,127.046883267325,"Reviews consistently highlight the quality of the food, service, and ambiance without any criticisms of the food or service quality. The reviews are overwhelmingly positive and enthusiastic.",Yes,"The reviews mention the quality of the food, the friendliness of the staff, and the overall experience. There are no criticisms or complaints about the food or service, which matches the 87/100 score.",false,False
문래동,순대국,탐라순대국감자탕,82,1 Neon Heart,"The score of 82 reflects excellent ingredient quality (18), masterful flavor execution (18), and strong consistency (19), slightly tempered by a lack of unique chef personality (10) and good value for money (17).","탐라순대국감자탕 delivers a robust and authentic experience with its high-quality Jeju ingredients and deeply satisfying broths. While the flavors are expertly executed and consistently draw a crowd, it lacks the unique culinary signature that elevates a dish from excellent to truly unforgettable.","탐라순대국감자탕은 제주산 식재료와 깊은 맛의 국물로 훌륭하고 진정성 있는 경험을 선사합니다. 맛과 일관성은 뛰어나지만, 독창적인 개성이 부족하여 특별한 미식 경험을 기대하기는 어렵습니다.",http://place.map.kakao.com/1790354914,37.517942386778834,126.88698286870392,"The reviews are overwhelmingly positive, praising the taste of the dishes, service, and overall experience. The customer mentions that the food is very tasty and helps them feel better quickly, indicating a strong positive reception. Despite noting a slight price difference from the expected score, the reviews highlight the good aspects of the restaurant without any major criticisms or contradictions.",Yes,"The reviews are consistently positive with no significant negative points, and the price difference is acknowledged but does not impact the overall quality of the service or food.",false,False
문래동,순대국,전주식당,87,1 Neon Heart,"The score of 87 reflects strong points in flavor mastery (18), chef's personality (19), value (18), and exceptional consistency (20), slightly tempered by a notable flaw in the quality of ingredients for the sundae-guk (12).","Jeonju Sikdang offers a truly authentic taste of Jeonbuk, highlighted by an owner's personal touch and exceptional homemade kimchi. While the sundae-guk has a regrettable flaw, the daily specials and other dishes showcase remarkable flavor mastery and value, sustained by decades of unwavering consistency.","전주식당은 사장님의 진심 어린 손맛과 탁월한 직접 담근 김치로 전북의 진정한 맛을 선사합니다. 순대국에 아쉬운 점이 있으나, 일일 백반과 다른 요리들은 뛰어난 맛과 가치를 자랑하며 수십 년간 변함없는 일관성을 보여줍니다.",http://place.map.kakao.com/16652258,37.51166071281,126.893914499085,"The reviews are overwhelmingly positive, praising the variety of dishes, portion sizes, and the overall home-style meal experience. Customers appreciate the different daily counter dishes and the comfort of dining alone during lunch times. The reviews mention the freshness and taste of the dishes, indicating a high-quality food experience.",Yes,"Despite the AI score of 87/100, the reviews highlight the positive aspects of the restaurant, such as the variety of dishes, portion sizes, and the comfort of dining alone. This indicates that the AI score may be slightly higher than the actual experience due to factors other than the food quality.",false,False
서교동,감자탕,통뼈감자탕 홍대점,71,,"The score reflects decent flavor and strong value for money, offset by inconsistent ingredient quality, a lack of unique culinary personality, and unproven consistency over time; no penalties were applied due to the low sponsored ratio.","This establishment offers a serviceable 감자탕 experience with a unique, savory broth and commendable value, particularly for its generous portions. However, it falters on ingredient consistency, lacks a distinct culinary identity, and provides no verifiable proof of long-term excellence.","독특하고 구수한 국물과 넉넉한 양으로 가성비는 좋으나, 식재료의 일관성이 부족하고 셰프의 개성이 뚜렷하지 않습니다. 장기적인 맛의 일관성에 대한 검증도 미흡합니다.",http://place.map.kakao.com/43518824,37.5500297896534,126.92288473458,"Reviews mention the food is delicious, the service is good, and the prices are reasonable. There are no complaints about the food being bad.",Yes,"The reviews are overwhelmingly positive, praising the taste, portions, and overall experience without any criticism of the food quality.",false,False
창천동,감자탕,원조감자탕,91,2 Neon Hearts,"The score of 91 reflects excellent consistency over two decades, exceptional value, and a unique, traditional flavor profile, with minor points deducted for ingredient freshness claims and a slightly unbalanced fried rice.","원조감자탕 stands as a venerable institution, delivering a deeply satisfying 감자탕 experience rooted in decades of tradition and consistent quality. While the broth is exemplary, a minor refinement in the balance of the fried rice would elevate it further.","원조감자탕은 수십 년의 전통과 변함없는 품질로 깊은 만족감을 선사하는 유서 깊은 곳입니다. 훌륭한 국물 맛은 일품이나, 볶음밥의 섬세한 균형감은 조금 더 다듬을 필요가 있습니다.",http://place.map.kakao.com/21232079,37.5564342280717,126.935114597776,"The reviews are overwhelmingly positive, praising the traditional and authentic taste of the bone-in stew (骨头面汤). The customer expresses great satisfaction with the taste, portion control, and prices. While there are some minor points of nitpicking, the overall sentiment is very positive and enthusiastic.",Yes,"Despite some minor nitpicking, the reviews are overwhelmingly positive, indicating that the restaurant meets or exceeds expectations.",false,False
망원동,감자탕,왕뼈감자탕 망원직영점,85,1 Neon Heart,"The score of 85 reflects strong consistency and value, with solid technique and ingredient quality, though a minor improvement in meat flavor could enhance the overall experience.","This establishment delivers a consistently satisfying 감자탕 experience, boasting generous portions and a well-balanced broth that respects tradition. While the ingredients are fresh, a slight refinement in the meat's flavor profile could elevate it further.","왕뼈감자탕 망원직영점은 2001년부터 이어온 전통의 맛을 푸짐한 양과 함께 꾸준히 선보입니다. 신선한 재료를 사용하지만, 고기 자체의 풍미를 조금 더 끌어올린다면 완벽에 가까울 것입니다.",http://place.map.kakao.com/26378258,37.55842966496488,126.90764460537498,"The reviews highlight positive aspects such as the delicious and generous portions of the king bone stew, the cleanliness of the restaurant, and the convenience of the restroom. However, there are some criticisms about the price and the restaurant's adaptation to the times. The overall tone of the reviews is positive and enthusiastic, warranting a high score.",Yes,"The restaurant received high praise for its food quality and the customer experience, even though there were some complaints about prices and adaptability. The reviews do not contradict the AI score and are generally positive.",false,False
상암동,감자탕,전주옥감자탕,85,1 Neon Heart,"The score of 85 reflects strong points in unique flavor mastery (18/20) and chef's personality (18/20), good value (17/20) and consistency (17/20), but a slightly less exceptional ingredient quality (15/20) by fine dining standards.","Jeonjuok Gamjatang offers a uniquely comforting experience with its distinct perilla seed paste broth, showcasing a commendable mastery of flavor and a genuine culinary personality. While the ingredients are fresh and portions generous, it falls just shy of the exceptional quality required for a higher tier, yet remains a beloved local staple.","전주옥감자탕은 독창적인 콩비지 육수로 깊고 고소한 맛을 선사하며, 뛰어난 조리 기술과 진정성 있는 셰프의 개성을 보여줍니다. 신선한 재료와 푸짐한 양에도 불구하고 최상위 등급을 위한 미세한 부족함이 있으나, 지역 주민들에게는 사랑받는 명소입니다.",http://place.map.kakao.com/587620023,37.5774033052236,126.893254134652,"The reviews indicate that the customer had a very positive experience, praising the flavors, portion sizes, and overall service. The customer appreciated the subtle yet rich taste of the Kombige stir-fried tofu in the soup, the tender braised beef, and the perfect portion size. They also praised the cleanliness of the restaurant and the friendly staff. While the restaurant received a slightly lower score (85/100) from the AI, the customer's satisfaction aligns well with the positive reviews. Therefore, the score can be considered reasonable for the positive feedback received.",Yes,The reviews contain positive comments and no major issues were mentioned. The customer's satisfaction is reflected in their recommendation for a return visit.,false,False
상암동,감자탕,이상수불뼈찜,71,,"The score of 71 reflects commendable ingredient quality and value, yet is significantly hampered by uninspired, overly strong flavor profiles, a lack of culinary distinction, and unproven consistency for a new establishment.","While the meat quality is commendable and the individual portions offer good value, the overly strong and uninspired sauces, coupled with a lack of established consistency, prevent this branch from truly shining. It's a convenient option, but not a culinary destination.","고기 품질과 1인 메뉴의 가성비는 칭찬할 만하지만, 자극적인 소스와 아직 검증되지 않은 일관성은 아쉬움을 남깁니다. 편리한 식사처일 뿐, 미식의 목적지는 아닙니다.",http://place.map.kakao.com/1324454278,37.58132458471325,126.88854795476712,"The receipt mentions the quality of the meat, which aligns with the AI score of 71/100.",Yes,"The receipt indicates satisfaction with the quality of the meat, which is a key component in the AI score. The AI score of 71/100 suggests that the quality of the meat is good, which is reflected in the receipt.",false,False
을지로,감자탕,신동궁 감자탕뼈숯불구이,86,1 Neon Heart,"The score reflects high marks for unique concept, ingredient quality, and flavor mastery, balanced by minor inconsistencies in side dishes and the limited review sample size.","Shin Dong Gung offers a uniquely spicy-sweet charcoal-grilled pork backbone that is tender and flavorful, a refreshing twist on traditional gamjatang. While the main dish shines, the fried rice occasionally misses the mark, preventing a higher accolade.","신동궁은 매콤달콤한 숯불 뼈구이로 감자탕의 새로운 지평을 열었으며, 부드러운 살코기와 뛰어난 맛이 인상적입니다. 다만, 볶음밥의 일관성 부족은 옥에 티로 남아 더 높은 평가를 가로막습니다.",http://place.map.kakao.com/922937288,37.5656987985979,126.983963401505,"The reviews are generally positive, highlighting the delicious bone soup and ribs. There are some minor points of improvement mentioned, such as the lack of a separate stew pot and a difference in the number of ribs compared to the review of a previous visit. The overall experience is described as pleasant, with a note of intrigue from the foreign staff interactions. The lack of complaints about food quality is a positive aspect.",Yes,The restaurant receives several compliments and no significant negative points. The AI score of 86/100 is reasonable considering the positive feedback and minor improvements needed.,false,False
역삼동,감자탕,범골,73,,"The score reflects solid value and consistent popularity, yet falls short in ingredient quality, culinary mastery, and unique chef personality, preventing it from earning a Neon Heart.","범골 offers a comforting, if not groundbreaking, take on bone soup with its clear and savory 뼛국, though its 감자탕 might deviate from traditional expectations. While generous portions and good value make it a popular spot, it lacks the distinct culinary mastery or ingredient quality to truly shine.","범골은 맑고 담백한 뼛국으로 편안함을 주지만, 감자탕은 전통적인 기대와는 다소 다를 수 있습니다. 푸짐한 양과 좋은 가성비로 인기 있는 곳이지만, 독보적인 요리 기술이나 최상급 재료의 깊이는 부족합니다.",http://place.map.kakao.com/63833790,37.5003784787082,127.043042126093,"The receipts describe a place with excellent food, enthusiastic customer satisfaction, and a positive dining experience. The customer mentions the meat portions are generous and the overall dish is flavorful and enjoyable. The minor details like the price, service, and wait times are not mentioned negatively, aligning with a score of 73/100.",Yes,"The reviews are enthusiastic and describe the food as 'literally the best meal of my life' and 'flawless food and amazing staff' which matches a score of 73/100. The scores, however, are lower due to minor drawbacks.",false,False
역삼동,감자탕,원조감자탕 일미집 역삼점,98,3 Neon Hearts,"The score reflects exceptional ingredient quality (20), masterful unique flavors (18), strong chef personality (20), outstanding value (20), and verifiable long-term consistency (20), with no sponsored review penalties.","원조감자탕 일미집 역삼점 delivers a masterclass in 감자탕, focusing on the pristine quality of its ingredients and a unique, clean broth profile. Its 50-year legacy and unwavering consistency across branches make it a true culinary destination.",원조감자탕 일미집 역삼점은 최상급 재료와 고기 본연의 맛에 집중한 독보적인 감자탕을 선보입니다. 50년 전통과 변함없는 맛의 일관성은 이곳을 진정한 미식의 성지로 만듭니다.,http://place.map.kakao.com/589394116,37.4965255123329,127.038588913691,"Customers consistently praise the restaurant for its clear and clean broth, tender and generous meat, and good value. Many appreciate the unique style of gamjatang without perilla powder or dried radish greens. Minor feedback includes a change in kimchi taste and a suggestion for warmer serving temperature, but these are not severe.",Yes,The customer reviews are overwhelmingly positive and align well with the high AI score of 98/100. The minor criticisms are not severe enough to indicate a significant discrepancy or warrant a flag.,false,False
역삼동,감자탕,삼식이 감자탕,75,,"The score reflects inconsistent ingredient quality with pork odor (12/20), mixed reviews for gamjatang's flavor (14/20), a high price point despite generous portions (13/20), but strong consistency (19/20) and a unique kimchi bbyeojjim offering (17/20).","While its Kimchi Bbyeojjim shines with unique, homemade kimchi, the core Gamjatang suffers from inconsistent flavor and occasional pork odor. Despite a loyal following, the high price point for the main dish makes it a less compelling choice.","이곳의 김치뼈찜은 독특한 직접 담근 김치로 빛나지만, 주력 메뉴인 감자탕은 맛의 일관성이 부족하고 때때로 돼지 잡내가 느껴집니다. 단골이 많음에도 불구하고, 주 메뉴의 높은 가격은 재방문을 망설이게 합니다.",http://place.map.kakao.com/330210884,37.4959458180398,127.036853914504,"The customer receipts mention '이 키워드를 선택한 인원' which translates to 'The selected personnel' in English, suggesting that the restaurant is welcoming and providing service to its customers.",Yes,"The receipt mentions '이 키워드를 선택한 인원' indicating that the restaurant is providing service and catering to its patrons, which aligns well with a 75/100 score. It does not indicate any issues like bad food or service.",false,False
서초동,감자탕,청솔게르마늄감자탕,92,2 Neon Hearts,"The score of 92 reflects exceptional ingredient quality, masterful flavor, outstanding value, and undeniable consistency, with minor deductions for chef's personality and a less impressive fried rice.","Cheongsol Germanium Gamjatang offers a deeply satisfying experience, boasting a rich, expertly crafted broth and tender pork that melts in your mouth. This long-standing establishment consistently delivers exceptional value and quality, making it a true neighborhood gem.","청솔게르마늄감자탕은 깊고 진한 국물과 입안에서 녹아내리는 부드러운 고기로 깊은 만족감을 선사합니다. 오랜 시간 변함없이 훌륭한 맛과 가치를 제공하며, 진정한 동네 맛집으로 자리매김했습니다.",http://place.map.kakao.com/14491510,37.49244790092233,127.01140280908572,"The reviews indicate that the dish is well-received with comments such as '고기랑 우거지도 너~~무 맛있었어요.' (The meat and stew were really delicious.) The restaurant is also praised for its clear broth and generous portioning. The staff is also complimented for not having a spicy taste, perfect seasoning, and delicious broth.",Yes,"The reviews are overwhelmingly positive, praising the taste, portioning, and staff service. The restaurant's score of 92/100 is well-supported by the positive feedback from customers.",false,False
신사동,감자탕,닭한마리감자탕 신사본점,93,2 Neon Hearts,"The high score reflects exceptional ingredient quality, masterful flavor development, a unique culinary identity, and outstanding consistency over two decades, with a solid value proposition.","This establishment masterfully blends tradition with unique culinary techniques, offering a consistently exceptional Gamjatang experience rooted in two decades of dedication. While the base potato portion might be modest, the overall value and profound flavors make it a cherished neighborhood gem.","20년 넘게 한자리를 지켜온 이 노포는 전통과 독창적인 조리 기술을 능숙하게 결합하여 일관되게 뛰어난 감자탕 경험을 선사합니다. 기본 감자 사리 양은 다소 적을 수 있으나, 전반적인 가치와 깊이 있는 맛은 이 곳을 소중한 동네 맛집으로 만듭니다.",http://place.map.kakao.com/1114352509,37.5171594171448,127.020677515339,"The reviews overwhelmingly praise the restaurant's food quality, taste, and service. The reviewer expresses enjoyment of the spicy yet not overpowering flavor, the taste of the soup, and the helpful tablet instructions for eating. They also mention the restaurant's popularity and are eager to return. The overall sentiment is very positive and enthusiastic.",Yes,The customer reviews are entirely positive and do not contain any criticisms or contradictions to the AI score. The enthusiasm and satisfaction expressed by the customers suggest that the restaurant meets or exceeds the 93/100 score provided by the AI.,false,False
성수동,감자탕,소문난성수감자탕,80,1 Neon Heart,"The score of 80 reflects strong ingredient quality and cooking technique, alongside proven consistency, but is significantly pulled down by poor staff personality and only average value for money.","This establishment offers a robust Gamjatang with a clean broth and tender meat, though the overall experience is marred by inconsistent service. While popular, the high price of a simple bowl of rice and occasional staff rudeness detract from its potential.","소문난성수감자탕은 맑은 국물과 부드러운 고기로 훌륭한 감자탕을 선보이지만, 불친절한 서비스가 아쉬움을 남깁니다. 높은 인기에 비해 공기밥 가격이 비싸고 직원 응대가 거칠다는 점은 개선이 필요해 보입니다.",http://place.map.kakao.com/13289056,37.5428308422967,127.05440457812,"The receipt mentions enthusiastic reviews with no complaints about food or service, only suggesting the dish could have been better.",Yes,The reviews are overwhelmingly positive with no negative points mentioned. The AI score of 80/100 aligns well with the enthusiastic customer feedback.,false,False
정릉동,감자탕,고고상회,82,1 Neon Heart,"The score reflects high marks for ingredient quality and exceptional value, balanced by competent but not groundbreaking flavor mastery, and a lack of truly unique culinary personality or proven long-term consistency under critical scrutiny.","Gogosanghoe offers a hearty, well-executed Gamjatang and impressive handmade Tteokgalbi, delivering excellent value in a friendly market setting. While solid, it lacks the culinary ambition or unique vision to truly stand out on a grander stage.","고고상회는 정릉시장에서 푸짐하고 잘 만들어진 감자탕과 훌륭한 수제 떡갈비를 선보이며 뛰어난 가성비를 자랑합니다. 훌륭한 동네 맛집이지만, 더 높은 수준의 독창성이나 완벽한 요리 기술은 아직 엿보이지 않습니다.",http://place.map.kakao.com/891158970,37.60915540787331,127.00785308017284,"All reviews are positive and complimentary, praising the meat, broth, and overall composition of the meal. There are no contradictions and no complaints about food quality or service.",Yes,"The reviews are overwhelmingly positive, with no criticism of the food or service. The combination of meat, broth, and accompanying dishes are highly praised.",false,False
서교동,곱창,대포막창,93,2 Neon Hearts,"The score reflects high marks for ingredient quality, masterful cooking techniques, unique personality, and outstanding consistency, with only minor deductions for value due to some price ambiguity.","Daepo Makchang delivers exceptional makchang with a crispy texture and thoughtful accompaniments, all within a charming retro setting. Its consistent quality and warm service make it a beloved neighborhood institution.","대포막창은 바삭한 식감의 막창과 세심한 곁들임으로 뛰어난 맛을 선사하며, 정겨운 레트로 분위기가 인상적입니다. 변함없는 품질과 친절한 서비스로 사랑받는 동네 명소입니다.",http://place.map.kakao.com/367223295,37.5489341175769,126.917467595857,"The reviews are overwhelmingly positive, praising the delicious food, friendly service, and convenient location. There are a few minor points of concern mentioned, such as the dried ginger slices for the BBQ pork being slightly stale, but the majority of the feedback is very positive and complimentary. Overall, the restaurant seems to be well-regarded by customers.",Yes,"The reviews contain no severe contradictions, and the few minor points of criticism do not significantly impact the overall positive sentiment.",false,False
서교동,곱창,향원정,83,1 Neon Heart,"The score of 83 reflects the restaurant's commendable 40-year legacy, high-quality ingredients for its signature jeongol and yang dishes, and strong chef personality, though it is slightly impacted by minor inconsistencies in grilled gopchang technique and service.","This 40-year-old establishment excels in its hearty gopchang jeongol and various omasum dishes, showcasing a deep tradition and quality ingredients. However, occasional astringency in grilled gopchang and mixed service reviews slightly temper an otherwise commendable experience.","40년 전통의 향원정은 깊은 곱창전골과 다양한 양 요리에서 뛰어난 실력과 좋은 재료를 선보이지만, 일부 곱창구이의 떫은맛과 엇갈리는 서비스 평가는 아쉬움을 남깁니다.",http://place.map.kakao.com/1628562923,37.5519486717793,126.914671284639,"The reviews are overwhelmingly positive, highlighting the food quality, service, and ambiance. The customers praise the taste of the dishes, the warmth of the atmosphere, and the helpfulness of the staff. There are no significant complaints or negative comments. The restaurant is described as a place where people enjoyed their meals and felt satisfied.",Yes,"The reviews are filled with positive remarks and show no contradictions or issues with the food, service, or atmosphere.",false,False
서교동,곱창,김덕후의곱창조 홍대3호점,76,,"The score of 76 reflects solid ingredient quality and excellent value, but is tempered by the absence of a unique chef's personality and merely adequate culinary technique, with no penalties applied due to the low sponsored ratio.","While offering commendable value and consistent quality for a chain, 김덕후의곱창조 홍대3호점 ultimately lacks the distinctive culinary artistry and unique chef's touch required for higher acclaim. It's a reliable choice for budget-conscious diners, but not a destination for discerning palates.","김덕후의곱창조 홍대3호점은 체인점으로서 준수한 가성비와 일관성을 보여주지만, 독창적인 요리 기술과 셰프의 개성은 찾아보기 어렵습니다. 합리적인 가격에 곱창을 즐기기에는 좋으나, 미식가들을 위한 특별한 경험을 제공하지는 못합니다.",http://place.map.kakao.com/722418378,37.5531945040226,126.92078104003537,"The reviews are overwhelmingly positive, with customers praising the quality of the meat, variety of dishes, and the unlimited portions. They also mention the delicious Kimchi bibimbap and the welcoming service. The minor criticism is about the staff taking too long for the wait, but overall, the positive aspects outweigh this issue.",Yes,"Despite minor issues, the majority of the reviews are extremely positive and highlight the quality of the food and service, which significantly impacts the overall score.",false,False
창천동,곱창,황소곱창,84,1 Neon Heart,"The score of 84 reflects high marks for ingredient quality, value, and consistency, but was significantly pulled down by the notable flaw in cooking technique related to oil drainage.","Hwangso Gopchang delivers on fresh ingredients and a beloved traditional taste, particularly their lauded fried rice. However, the inconsistent cooking technique, especially with the pan's oil drainage, prevents it from achieving true culinary excellence.","황소곱창은 신선한 재료와 많은 이들이 사랑하는 전통적인 맛, 특히 칭찬받는 볶음밥으로 인정받습니다. 하지만 팬의 기름 배출 문제로 인한 조리 기술의 아쉬움이 진정한 미식의 경지에 오르는 것을 방해합니다.",http://place.map.kakao.com/624746544,37.5585911968713,126.935081037563,"The reviews are overwhelmingly positive, praising the quality of the meat, the portion size, the service, and the overall experience. There are no significant criticisms or complaints.",Yes,"The reviews indicate a consistently high level of satisfaction with various aspects of the restaurant, including the food quality, service, and ambiance.",false,False
연남동,곱창,곱깨비 서울연남본점,93,2 Neon Hearts,"The score of 93 reflects exceptional ingredient quality (18), masterful flavor execution (19), strong culinary personality (17), excellent value (19), and proven consistency (20), all without any sponsored influence.","Gopkkaebi Seoul Yeonnam Branch masterfully elevates casual 곱창 with innovative flavors and impeccable ingredient quality. Its consistent excellence, generous portions, and unique menu twists make it a standout, earning a well-deserved two Neon Hearts.","곱깨비 서울연남본점은 신선한 재료와 뛰어난 조리 기술로 곱창의 새로운 지평을 엽니다. 꾸준한 품질과 독창적인 메뉴 구성은 물론, 넉넉한 인심까지 겸비하여 2개의 네온 하트를 받을 자격이 충분합니다.",http://place.map.kakao.com/105614306,37.5624545781366,126.925751329085,"The reviews are overwhelmingly positive, highlighting the delicious food, good service, and nice interior. The customers praise the taste of the food, the variety of flavors, and the generous portion sizes. There are no negative comments, and the reviews mention the restaurant's popularity and the reviewer's intention to return.",Yes,"The reviews demonstrate that the restaurant exceeds expectations in terms of taste, portion sizes, and overall dining experience. The comments indicate that the food is delicious and the service is satisfactory.",false,False
연남동,곱창,연남곱창타운,73,,"The score of 73 reflects commendable freshness in side dishes and a unique fire show, but is significantly impacted by inconsistent main gopchang quality, small portion sizes, and thus, poor value for money.","연남곱창타운 offers a lively atmosphere with an engaging fire show, and commendable freshness in its side dishes. However, the main gopchang, while decent, often falls short of expectations in both portion size and flavor consistency.","연남곱창타운은 활기찬 분위기와 흥미로운 불쇼, 그리고 신선한 간과 천엽으로 좋은 인상을 주지만, 주력 메뉴인 곱창은 양과 맛의 일관성 면에서 기대에 미치지 못하는 경우가 있었습니다.",http://place.map.kakao.com/1438571311,37.5608896162635,126.924439975952,The customer receipt indicates that the restaurant is good for group gatherings.,Yes,"The AI score of 73/100 falls within the 70-89 baseline. The customer receipt states '단체모임 하기 좋아요' (Good for group gatherings), which is a positive comment and does not indicate genuinely bad food, service, or high prices. Therefore, the score is justified.",false,False
망원동,곱창,윤재윤지네 왕십리곱창,98,3 Neon Hearts,"The score reflects exceptional quality in ingredients, masterful cooking techniques, strong chef personality, excellent value, and undeniable consistency over two decades, unmarred by any sponsored content.","This establishment delivers a masterclass in 곱창, boasting impeccable ingredient quality and culinary technique that transforms a humble dish into an art form. Its two-decade legacy and unwavering local loyalty solidify its status as a true culinary gem.","이곳은 곱창의 진수를 보여주며, 흠잡을 데 없는 재료 품질과 탁월한 조리 기술로 평범한 요리를 예술의 경지로 끌어올립니다. 20년이 넘는 역사와 변함없는 지역 주민들의 사랑은 이곳이 진정한 미식의 보석임을 증명합니다.",http://place.map.kakao.com/552135548,37.552769583928,126.904231614987,"The reviews are overwhelmingly positive, praising the quality of the food, the lack of odor, and the attentive service. The AI score of 98/100 aligns well with the enthusiastic feedback from customers.",Yes,The reviews indicate that the restaurant meets or exceeds the expectations based on the AI score. There are no contradictions or issues mentioned in the reviews that would justify a lower score.,false,False
합정동,곱창,구공탄곱창 합정2호점,94,2 Neon Hearts,"The score of 94 reflects outstanding ingredient quality, masterful cooking techniques, a charming unique personality, excellent value, and proven long-term consistency, all validated by entirely organic reviews.","This establishment masterfully delivers on the promise of perfectly grilled 곱창, boasting fresh ingredients and a unique, welcoming atmosphere. Its remarkable consistency and exceptional value cement its status as a beloved local gem.",이곳은 신선한 재료와 독특하고 정겨운 분위기 속에서 완벽하게 구워진 곱창의 진수를 보여줍니다. 놀라운 일관성과 탁월한 가성비는 이곳을 사랑받는 지역 명소로 자리매김하게 합니다.,http://place.map.kakao.com/27495105,37.5479904286464,126.913218269668,"The reviews highlight the quality of the meat, the delicious flavor and aroma, and the proper seasoning. The reviewer also mentions their satisfaction with the preparation and the harmonious balance of flavors. The recommendation of the spicy and mild options is also noted. The review is overwhelmingly positive and enthusiastic.",Yes,"The AI score of 94/100 aligns well with the positive feedback from the customer receipts, which indicates high satisfaction with the food quality, preparation, and overall experience. There are no contradictions or issues mentioned in the customer receipts that would justify a different score.",false,False
합정동,곱창,상곱창,96,3 Neon Hearts,"The score reflects outstanding ingredient quality, masterful technique, a distinctive chef's personality, exceptional value, and verified consistency, all supported by a low sponsored ratio.","Sang Gobchang delivers a masterclass in gobchang, boasting impeccably fresh ingredients and a chef's unique touch that elevates every bite. Its exceptional value and proven consistency make it a truly destination-worthy culinary experience.","상곱창은 최상급 식재료와 셰프의 독창적인 기술이 만나 곱창의 진수를 보여줍니다. 뛰어난 가성비와 변함없는 맛으로, 방문할 가치가 충분한 미식 경험을 선사합니다.",http://place.map.kakao.com/2055168001,37.5530818293107,126.911813588278,"The reviews are overwhelmingly positive, praising the freshness, quality of meat, and overall experience. They highlight the unique characteristics of the dishes and the excellent service. The AI score of 96/100 aligns well with the enthusiasm expressed by the customers.",Yes,"The reviews consistently praise the freshness, quality of meat, and the overall dining experience. There are no contradictions or issues mentioned by the customers. The AI score of 96/100 reflects a very high level of satisfaction.",false,False
상수동,곱창,윤반장 홍대점,94,2 Neon Hearts,"The score of 94 reflects outstanding ingredient quality, masterful flavor, excellent value, and proven consistency, complemented by the owner's unique hospitality.","A true neighborhood gem, 윤반장 홍대점 excels with its premium Hanwoo gopchang and deeply flavorful broth. The generous portions, consistent quality, and warm hospitality make it an exceptional dining experience.","윤반장 홍대점은 최상급 한우 곱창과 깊고 진한 국물로 진정한 동네 맛집의 정수를 보여줍니다. 넉넉한 인심과 한결같은 맛, 친절한 서비스가 어우러져 탁월한 미식 경험을 선사합니다.",http://place.map.kakao.com/1409363345,37.5492204284239,126.922480441596,"The reviews overwhelmingly praise the food quality, the staff's friendliness, and the overall experience. They express enthusiasm and recommend the restaurant. The only minor criticism is about the seating arrangement, which does not affect the overall positive feedback.",Yes,"Despite the mention of seating issues, the majority of the reviews are highly positive and enthusiastic, with no severe contradictions.",false,False
상암동,곱창,세광양대창 상암점,83,1 Neon Heart,"The score reflects high marks for ingredient quality and cooking mastery, with minor deductions in 'Value for money' and 'Consistency' due to the presence of sponsored reviews, which necessitate a critical lens on organic customer feedback.","Segwang Yangdaechang offers a reliably delicious 곱창 experience, marked by fresh ingredients, expert grilling, and thoughtful service. While a solid choice, the presence of sponsored reviews slightly tempers our confidence in its long-term consistency and true value.","세광양대창은 신선한 재료와 숙련된 굽기 기술, 세심한 서비스가 돋보이는 믿음직한 곱창 경험을 선사합니다. 하지만 협찬 리뷰의 존재가 장기적인 일관성과 진정한 가성비에 대한 확신을 다소 흐리게 합니다.",http://place.map.kakao.com/1493937805,37.5775162940789,126.893658121278,"The reviews indicate that customers enjoyed the food, especially the meat, and appreciated the restaurant's cleanliness and atmosphere. There are no severe contradictions or complaints about the food or service. The customers recommend the place and state that it is a good place for a group meal, especially for work gatherings. The reviews also mention that the restaurant has a variety of dishes, including the special set meal, which adds to the positive feedback. The overall tone of the reviews is positive and enthusiastic, which justifies a score closer to the AI's score of 83/100.",Yes,"The reviews show that customers are satisfied with the food quality, the service, and the atmosphere. There are no complaints about the food or service issues that would justify a lower score. The reviews also highlight the restaurant's strengths, such as the variety of dishes and the positive experience for groups. This aligns with the AI's score of 83/100.",false,False
이태원동,곱창,우리곱창,80,1 Neon Heart,"The score of 80 reflects solid execution in flavor, value, and consistency, though the primary ingredient's '곱' content and the restaurant's individual uniqueness present minor limitations.","우리곱창, a direct branch of the venerable Nakseong Gopchang, offers a commendable array of well-prepared intestines and generous service. While the '곱' in its gopchang could be more abundant, the overall experience is elevated by unique sauces and excellent side dishes.","오랜 전통의 낙성곱창 직영점인 우리곱창은 훌륭하게 조리된 다양한 부위와 넉넉한 서비스로 만족감을 선사합니다. 곱창의 '곱'이 다소 아쉽지만, 독특한 소스와 뛰어난 사이드 메뉴가 전반적인 경험을 풍성하게 합니다.",http://place.map.kakao.com/1610454880,37.5308345227236,126.991338295614,"The reviews highlight the quality of the meat, the crispy texture of the tteokbokki, and the delicious side dishes. Customers also appreciate the unique charm of the restaurant's preparation method and the friendly neighborhood atmosphere. Despite some minor nitpicks, the overall experience is described as very enjoyable and a recommendation for a revisit.",Yes,"The reviews are overwhelmingly positive, with no major criticisms. The tteokbokki is praised for its quality and texture, and the restaurant's signature dish is highlighted as a must-try. The variety of side dishes and the restaurant's reputation for good food are also mentioned.",false,False
이태원동,곱창,금당실황소곱창,88,2 Neon Hearts,"The score reflects outstanding ingredient quality, masterful cooking techniques, and exceptional consistency, balanced by a good value proposition and a slightly less defined chef personality.","금당실황소곱창 delivers an exceptional 곱창 experience, marked by impeccably fresh ingredients and masterful cooking that elevates every bite. While the chef's unique personality remains somewhat elusive, its consistent quality and superb value make it a true neighborhood gem.","금당실황소곱창은 흠잡을 데 없는 신선한 식재료와 숙련된 조리 기술로 탁월한 곱창 경험을 선사합니다. 셰프의 개성이 명확히 드러나지는 않지만, 변함없는 품질과 훌륭한 가성비로 진정한 동네 명소로 자리매김했습니다.",http://place.map.kakao.com/1779572460,37.5397649053111,126.987569379291,"The reviews are overwhelmingly positive, with compliments on the quality of the meat, the cleanliness of the soup, the service, and the overall experience. There are no significant criticisms or complaints. The customers express high satisfaction and an intention to return.",Yes,The reviews indicate a perfect dining experience without any issues or negative points. The AI score of 88/100 is well-supported by the customer feedback.,false,False
용산동2가,곱창,해방왕곱창,71,,"The score reflects solid ingredient quality and flavor, but significant deductions were made for the absence of a unique culinary personality and severe doubts regarding consistency due to an ownership change.","While 해방왕곱창 delivers on decent makchang and value, its culinary identity feels lost, and consistency is severely questioned by an ownership change. It's a place with good intentions, but lacks the distinctiveness and unwavering quality required for a 'Neon Heart'.","해방왕곱창은 무난한 막창과 합리적인 가격을 선보이지만, 뚜렷한 개성이 부족하고 주인 변경으로 인한 일관성 문제가 크게 작용했습니다. 맛은 좋으나 '네온 하트'를 받을 만큼의 독창성과 변함없는 품질은 찾아보기 어렵습니다.",http://place.map.kakao.com/1848509294,37.5460662200232,126.98517614809,The receipt mentions '고기 질이 좋아요' which translates to 'The meat quality is good' in English.,Yes,"The receipt indicates positive feedback on the quality of the meat, which is a key component of the restaurant's cuisine. This aligns with the AI score of 71/100, suggesting that the service and possibly other aspects are on point but could be improved.",false,False
용산동2가,곱창,왕십리왕곱창,93,2 Neon Hearts,"The high score reflects outstanding ingredient quality, masterfully balanced flavors, a unique and principled chef personality, excellent value, and proven consistency, all supported by genuine customer loyalty.","Wangsimni Wang Gopchang delivers an exceptional gopchang experience, marked by impeccable ingredient freshness and a truly addictive spicy-sweet flavor profile. Its authentic charm, principled ownership, and unwavering consistency make it a cherished neighborhood staple.",왕십리왕곱창은 흠잡을 데 없는 신선한 재료와 중독성 있는 매콤달콤한 맛으로 탁월한 곱창 경험을 선사합니다. 사장님의 소신 있는 운영과 변함없는 맛은 이곳을 진정한 동네 명소로 만듭니다.,http://place.map.kakao.com/169374992,37.5460581123163,126.98518633402,"The reviews are overwhelmingly positive, praising the food quality, portion size, and the overall experience. Customers mention that the food is fresh, tasty, and there is no noticeable smell. The staff is described as very polite and helpful. There are no complaints about the food quality or service. The restaurant's location, portion size, and cleanliness are also highlighted as positive aspects.",Yes,"The reviews indicate that the restaurant meets or exceeds customer expectations, and there are no contradictions or criticisms present.",false,False
익선동,곱창,달랭이,99,3 Neon Hearts,"The score of 99 reflects near-perfect marks for ingredient quality, flavor mastery, value, and consistency, complemented by a uniquely charming chef personality, with no sponsorship affecting the evaluation.","Dalraengi delivers an exceptional gopchang experience, boasting fresh, generous ingredients and a deeply flavorful broth. The attentive, charming service and outstanding value solidify its status as a must-visit destination.","달랭이는 신선하고 푸짐한 재료, 깊고 진한 국물로 탁월한 곱창 전골 경험을 선사합니다. 친근하고 세심한 서비스와 뛰어난 가성비는 이곳을 꼭 방문해야 할 미식 명소로 만듭니다.",http://place.map.kakao.com/715261695,37.5735471916236,126.990694898892,Customers highlight the presence of special menu items and commend the good quality of the meat.,Yes,"The AI's 99/100 score indicates a near-perfect expectation. The customer receipts provide positive feedback regarding food quality ('고기 질이 좋아요') and unique offerings ('특별한 메뉴가 있어요'), with no negative mentions of food, service, or price. This aligns well with the high score.",false,False
익선동,곱창,왕십리황소곱창 3호점,88,2 Neon Hearts,"The restaurant earned high marks for its exceptional ingredient quality, masterful flavor execution, and genuine consistency, with its unique ambiance adding to the experience; value for money received a slightly lower score due to mixed feedback on portion sizes and price perception.","This establishment delivers exceptional 곱창, showcasing high-quality ingredients and masterful cooking techniques in a unique hanok setting. While generally offering good value, some portioning inconsistencies slightly detract from an otherwise stellar experience.","이 식당은 훌륭한 재료와 뛰어난 조리 기술로 곱창의 진수를 보여주며, 한옥 스타일의 독특한 분위기 또한 매력적입니다. 전반적으로 좋은 가성비를 제공하지만, 일부 양에 대한 아쉬움이 옥의 티로 남습니다.",http://place.map.kakao.com/466152597,37.57338412917904,126.99092132017356,"The customer reviews are overwhelmingly positive, highlighting the deliciousness of the dishes, the absence of any noticeable smell, and the friendly staff. The reviews emphasize that the dishes are perfect for both new and frequent customers, with detailed descriptions of the food and experiences. The staff’s friendly responses are also mentioned, indicating a good overall experience.",Yes,"Despite the AI score of 88/100, the customer reviews are very positive and supportive, suggesting that the actual dining experience aligns well with the AI's score. The reviews suggest that the food is of high quality and the service is friendly and welcoming.",false,False
을지로,곱창,백염막창,92,2 Neon Hearts,"The score reflects exceptional ingredient quality, masterful salt-aging techniques, a unique culinary identity, fair value, and strong, genuine consistency, unmarred by sponsored reviews.","Baekyeom Makchang delivers an exceptional makchang experience, distinguished by its unique salt-aging process and unwavering quality. It's a true neighborhood gem that consistently impresses with its flavorful offerings and distinct culinary identity.",백염막창은 독특한 염숙성 방식과 변함없는 품질로 탁월한 막창 경험을 선사합니다. 풍미 가득한 요리와 뚜렷한 요리 정체성으로 꾸준히 감동을 주는 진정한 동네 맛집입니다.,http://place.map.kakao.com/1058571824,37.5656093746103,126.990118623814,Customers praise the good meat quality and stylish interior.,Yes,"The customer receipts indicate positive feedback regarding the quality of meat and the restaurant's interior, which aligns with the expectation of a near-perfect score of 92/100. There are no negative comments about food, service, or price.",false,False
명동,곱창,군자대한곱창 명동점,85,1 Neon Heart,"The score of 85 reflects high marks for ingredient quality, cooking mastery, and consistency, balanced by a solid brand identity and slight deductions for value due to portion size feedback.","Gunja Daehan Gopchang Myeongdong offers fresh, high-quality gopchang expertly grilled to crispy perfection, complemented by a strong brand identity and consistent quality. While the flavors are excellent, some minor portion size concerns slightly temper its overall value.","군자대한곱창 명동점은 신선하고 품질 좋은 곱창을 바삭하게 구워내는 뛰어난 기술과 일관된 맛을 자랑합니다. 훌륭한 맛과 브랜드 정체성에도 불구하고, 일부 양에 대한 아쉬움이 가성비 점수를 소폭 하락시켰습니다.",http://place.map.kakao.com/2135670348,37.5645924365808,126.984420914922,"The reviews are overwhelmingly positive, praising the quality of the meat, the variety of dishes, and the friendly staff. Despite a few minor points, the general sentiment is very positive.",Yes,"Despite a few nitpicks in the reviews, the overall tone is very positive with customers expressing satisfaction with the food quality, variety, and service.",false,False
신당동,곱창,곱당,95,3 Neon Hearts,"This score reflects exceptional quality in ingredients and cooking techniques, a highly commendable chef's personality, strong value, and proven consistency, all supported by a genuinely low sponsored review ratio.","Gopdang elevates the humble gopchang to an art form, showcasing impeccable ingredient quality and masterful technique in every dish. The chef's dedication to cleanliness and culinary excellence shines through, creating a truly destination-worthy experience.","곱당은 평범한 곱창을 예술의 경지로 끌어올리며, 흠잡을 데 없는 식재료 품질과 모든 요리에서 빛나는 숙련된 기술을 선보입니다. 청결과 요리적 탁월함에 대한 셰프의 헌신이 돋보여, 진정으로 찾아갈 가치가 있는 경험을 선사합니다.",http://place.map.kakao.com/1428727556,37.5647181476144,127.023592777804,"The reviews overwhelmingly praise the food quality, portion size, and overall dining experience. Customers highlight the fresh ingredients, generous servings, and delicious combination of main and side dishes. The AI score of 95/100 is well-supported by the positive feedback, especially from those who have tried the place multiple times and recommend it to others. The review mentions a variety of dishes including rice cakes, fried chicken, and ramen, all of which are described as enjoyable and satisfying. The restaurant's proximity and hygiene are also praised. The main concern from the AI score seems to be in the balance and seasoning, but overall, the feedback is very positive.",Yes,"The AI score is very close to the maximum score, and all the reviews support this score with no significant complaints or contradictions. The restaurant is consistently rated highly by customers, with multiple recommendations and positive descriptions of the dishes and overall experience.",false,False
신당동,곱창,곱술,97,3 Neon Hearts,"The high score reflects exceptional ingredient quality, masterful cooking techniques, unique chef personality, generous value, and outstanding consistency, all validated by purely organic reviews.","Gobsool delivers an almost flawless gobchang experience, marked by impeccably fresh ingredients, masterful cooking techniques, and a deeply thoughtful approach to customer satisfaction. This establishment consistently exceeds expectations, making it a true culinary gem.",곱술은 흠잡을 데 없는 신선한 재료와 숙련된 조리 기술로 완벽에 가까운 곱창 경험을 선사합니다. 고객 만족을 위한 세심한 배려와 한결같은 품질은 이곳을 진정한 미식의 보석으로 만듭니다.,http://place.map.kakao.com/73639606,37.5609599177511,127.013117758619,"The reviews are overwhelmingly positive, with customers praising the food quality, portion sizes, and the service. They consistently recommend the restaurant and express a desire for it to remain open. The AI score of 97/100 aligns well with these positive customer feedbacks.",Yes,"The reviews indicate high satisfaction levels, with customers praising the food's taste, portion sizes, and the service. The AI score supports these positive customer experiences.",false,False
신당동,곱창,더제곱,88,2 Neon Hearts,"The score reflects high marks for exceptional ingredient quality, masterful flavor and cooking techniques, and outstanding value, tempered slightly by a still-developing track record for consistency due to its recent opening.","더제곱 delivers exceptional quality Hanwoo gopchang with masterful technique, evident in every flavorful bite and generous portion. While its recent opening means long-term consistency is yet to be proven, its current performance and unique homemade kimchi promise a bright future.","더제곱은 훌륭한 한우 곱창을 숙련된 기술로 선보이며, 모든 한 입에서 깊은 맛과 넉넉한 인심이 느껴집니다. 신상 맛집이라 장기적인 일관성은 더 지켜봐야 하지만, 현재의 뛰어난 맛과 직접 담근 대파김치는 밝은 미래를 기대하게 합니다.",http://place.map.kakao.com/227776003,37.5647761733427,127.021705961014,"The reviews are overwhelmingly positive, praising the food quality, cleanliness, and service. The customer also mentioned that they would visit frequently, indicating satisfaction with the restaurant's offerings and atmosphere.",Yes,"Despite a minor suggestion for a more prominent location, the reviews highlight consistent praise for the food, service, and overall experience. There are no significant complaints or contradictions to the AI score.",false,False
창신동,곱창,일등곱창,94,2 Neon Hearts,"The score of 94 reflects outstanding ingredient quality, solid flavor mastery, an endearing owner, unbeatable value, and proven long-term consistency, especially noteworthy given the absence of sponsored reviews.","Il-deung Gopchang delivers consistently fresh gopchang with robust flavors and exceptional value, making it a beloved neighborhood institution. Its generous portions and a genuinely warm owner solidify its status as a reliable culinary gem.","일등곱창은 신선한 곱창과 깊은 맛, 그리고 탁월한 가성비를 꾸준히 제공하여 사랑받는 동네 명소입니다. 푸짐한 양과 정겨운 사장님의 인심이 이곳을 믿고 찾을 수 있는 미식의 보석으로 만듭니다.",http://place.map.kakao.com/16732847,37.5727055661068,127.010455103,"The reviews are overwhelmingly positive, praising the quality of the meat, portion sizes, and overall experience. Customers appreciate the price, taste, and service, making this a consistently enjoyable dining experience.",Yes,The restaurant receives multiple 5-star reviews and no negative comments. The AI score of 94/100 aligns well with the positive feedback from customers.,false,False
창신동,곱창,영순이네곱창,97,3 Neon Hearts,"The score reflects exceptional ingredient quality (19), masterful cooking techniques (19), a unique and engaging owner (19), outstanding value for money (20), and remarkable, long-standing consistency (20), all validated by a 0% sponsored review ratio.","This establishment offers an exceptional 곱창 experience, boasting impeccably fresh ingredients and masterful cooking that balances texture and flavor across its diverse menu. Coupled with an incredibly welcoming owner and unbeatable value, it stands as a true culinary landmark.","영순이네곱창은 흠잡을 데 없는 신선한 재료와 맛의 균형을 이룬 조리 기술로 탁월한 곱창 경험을 선사합니다. 친절하고 인심 좋은 사장님의 환대와 압도적인 가성비까지 겸비한, 진정한 미식의 명소입니다.",http://place.map.kakao.com/14550493,37.572536181049095,127.0104324394782,"The reviews highlight the positive aspects such as the quality of the meat, the cleanliness of the restaurant, the variety of dishes, and the friendly service. The customer also appreciated the fact that the restaurant offers meals during the evening with no waiting time and provides special treatment for customers like the customer's seat. The reviews also mention that the food is tasty and that the restaurant is worth returning to.",Yes,"The reviews provide a comprehensive and positive view of the restaurant, with no significant criticisms and multiple compliments.",false,False
종로3가,곱창,최가네황소곱창,96,3 Neon Hearts,"The score reflects exceptional ingredient quality, masterful cooking, strong chef personality, and remarkable consistency, with only a minor deduction for value for money due to portion size, and no penalty from the zero sponsored ratio.","최가네황소곱창 delivers an almost flawless 곱창 experience, showcasing unparalleled ingredient quality and masterful technique. While portions are modest, the exceptional flavor and consistent dedication make it a truly destination-worthy establishment.","최가네황소곱창은 타의 추종을 불허하는 재료의 품질과 숙련된 기술로 완벽에 가까운 곱창 경험을 선사합니다. 양은 다소 적을 수 있으나, 뛰어난 맛과 변함없는 장인정신은 이곳을 진정으로 찾아갈 가치가 있는 곳으로 만듭니다.",http://place.map.kakao.com/16415346,37.57012181541133,126.99386480069762,"The reviews highlight positive aspects such as the quality of the meat, the restaurant's traditional and high-quality offerings, and the attentive service. These reviews suggest that the restaurant meets or exceeds the AI score of 96/100.",Yes,"The reviews do not contain contradictions or complaints that would warrant a downgrade. Instead, they praise the restaurant's offerings and service.",false,False
충무로,곱창,서대문곱창,78,,"The score reflects strong points in uniqueness and tradition, but significant deductions were made for inconsistent flavor mastery and ingredient quality due to reports of a bitter taste, impacting overall value and consistency.","While Seodaemun Gopchang boasts a venerable tradition and a charming, unique atmosphere, the occasional reports of a bitter taste in its signature gopchang are an undeniable flaw. Despite its long-standing popularity, such inconsistency prevents it from reaching the standards of truly exceptional culinary execution.","서대문곱창은 유서 깊은 전통과 독특하고 정겨운 분위기를 자랑하지만, 시그니처 곱창에서 간헐적으로 씁쓸한 맛이 난다는 평은 치명적인 결점입니다. 오랜 인기에도 불구하고 이러한 일관성 부족은 진정으로 뛰어난 미식의 경지에 도달하는 것을 방해합니다.",http://place.map.kakao.com/7938952,37.5624237644122,126.995124037108,"The customer receipts are predominantly positive, highlighting good meat quality, excellent grilling service by staff, good value for money, and a nostalgic atmosphere. Many customers are long-time patrons who appreciate the consistent quality and freshness. There are minor criticisms regarding the toughness of the meat for some individuals and a desire for slightly larger portions.",Yes,"The AI score of 78/100 is justified. The overall sentiment from the customer receipts is positive, with recurring praise for the food and service. The minor negative feedback regarding meat toughness and portion size is consistent with a score that is good but not in the top tier, indicating a fair assessment.",false,False
충무로,곱창,이모네곱창,83,1 Neon Heart,"The score reflects high marks for ingredient quality, cooking technique, and impressive consistency over 25 years, but is tempered by a conservative assessment of value due to lack of pricing information and a slightly diluted personality from the modern interior.","Imo-ne Gopchang offers impeccably clean and flavorful offal, expertly grilled by staff, upholding a commendable 25-year tradition despite its modern relocation. While the quality and consistency are evident, the overall value remains unproven without transparent pricing.","이모네곱창은 25년 전통의 명맥을 이어받아 흠잡을 데 없는 곱창과 숙련된 굽기 기술을 선보입니다. 훌륭한 품질과 일관성은 돋보이나, 가격 정보 부재로 가치에 대한 판단은 유보합니다.",http://place.map.kakao.com/21359962,37.5622219470703,126.995268925277,"The receipt mentions the food quality, indicating the service is satisfactory and the quality of the food is good.",Yes,"The AI score of 83/100 suggests a very good service and food quality. The customer's receipt only mentions the food quality as '고기 질이 좋아요' (meaning 'the meat quality is good'), which aligns well with the AI score. There are no complaints or negative comments about service or food quality in the receipt.",false,False
충무로,곱창,은성양곱창,88,2 Neon Hearts,"The score of 88 reflects strong ingredient quality, masterful cooking techniques, and exceptional consistency, with minor points deducted for an outdated value reference and a slightly less focused chef's personality due to shared space. No penalties were applied as the sponsored ratio was low.","Eunseong Yang Gobchang delivers a consistently high-quality gobchang experience, marrying fresh domestic ingredients with a unique miso-based sauce and the nostalgic charm of 1950s Myeongdong. While the value proposition is strong for its quality, the outdated price reference slightly tempers a perfect score.",은성양곱창은 신선한 국내산 곱창과 특제 미소 소스의 조화로 꾸준히 높은 만족도를 선사합니다. 1950년대 명동을 재현한 복고풍 분위기 또한 이곳만의 독특한 매력입니다.,http://place.map.kakao.com/27461999,37.5611612216372,126.98283255412,"이 키워드를 선택한 인원은 고기의 품질이 좋고 직접 구워준다는 점을 칭찬하며, 특별한 메뉴가 있다는 점도 언급했습니다. 이는 은성양곱창의 서비스와 음식이 고객 만족을 높이는 요소임을 나타냅니다.",Yes,"고객들의 긍정적인 피드백으로, 은성양곱창의 서비스와 음식이 최고로 평가될 수 있습니다.",false,False
역삼동,곱창,별양집,92,2 Neon Hearts,"The high score reflects exceptional ingredient quality (19), masterful cooking techniques (19), a strong legacy (18), solid value for money (17), and remarkable consistency over three decades (19), all validated by organic reviews.","별양집 stands as a venerable institution, delivering exceptional quality and masterful technique in every dish, from its pristine grilled intestines to its robust stews. Its decades-long consistency and unique heritage make it a truly outstanding culinary landmark.",별양집은 신선한 재료와 숙련된 조리 기술로 모든 요리에서 탁월한 맛을 선사하는 유서 깊은 곳입니다. 수십 년간 이어온 변함없는 품질과 독보적인 전통은 이곳을 진정한 미식의 명소로 만듭니다.,http://place.map.kakao.com/7891890,37.50435442196001,127.04357369867394,"The reviews highlight the restaurant's strong points, such as the quality of the meat, the uniqueness of the menu, and the overall dining experience. The reviews also mention aspects that contribute to a 5-star experience, including the spaciousness of the restaurant, the variety of dishes, and the service quality. The negative feedback, if any, is minor and does not outweigh the positive comments.",Yes,"The positive feedback from the customers significantly outweighs any minor negative comments. The restaurant is praised for its unique menu, high-quality meat, spaciousness, and exceptional service. The reviews suggest that the restaurant is well-regarded and consistently delivers a high-quality dining experience.",false,False
역삼동,곱창,황소양곱창 역삼본점,87,1 Neon Heart,"The score reflects exceptional ingredient quality, masterful cooking techniques, and remarkable consistency over decades, slightly tempered by mixed feedback on value for money, with no sponsored reviews influencing the assessment.","Hwangso Yang Gopchang Yeoksam Main Branch consistently delivers a high-quality gopchang experience, showcasing fresh ingredients and masterful grilling techniques honed over decades. While the value proposition is somewhat debated, its long-standing presence and genuine customer loyalty speak volumes.","황소양곱창 역삼본점은 수십 년간 다져진 숙련된 기술과 신선한 재료로 일관된 고품질 곱창 경험을 선사합니다. 가성비에 대한 의견은 다소 갈리지만, 오랜 역사와 단골들의 재방문 의사가 그 진정성을 증명합니다.",http://place.map.kakao.com/16647845,37.49483764089797,127.0394542520512,"The reviews are overwhelmingly positive, highlighting the delicious meat, proper preparation, and attentive service. There are no complaints about the food quality or staff behavior.",Yes,The reviews do not contain any negative points and are filled with compliments and praise.,false,False
역삼동,곱창,꽉찬소곱창 역삼점,78,,"The score reflects high marks for ingredient quality, flavor, and consistency, balanced by an average showing in chef's personality and value for money, with no penalties applied due to the low sponsored ratio.","While the gopchang boasts excellent quality and flavor, the restaurant lacks a distinctive culinary personality. Its reasonable pricing and consistent quality make it a reliable choice, but it falls short of true distinction.","곱창의 품질과 맛은 훌륭하지만, 식당만의 독특한 개성은 부족합니다. 합리적인 가격과 꾸준한 품질은 믿을 만하지만, 진정한 특별함에는 미치지 못합니다.",http://place.map.kakao.com/1171574601,37.5062007212646,127.037946967167,"The reviews are overwhelmingly positive, praising the quality of the meat and the overall dining experience. There are no major complaints or contradictions to the AI score.",Yes,"The reviews highlight the excellent quality of the meat and the overall enjoyable dining experience, supporting the AI score of 78/100.",false,False
역삼동,곱창,부산양곱창,81,1 Neon Heart,"The score of 81 reflects excellent ingredient quality and cooking mastery (19 each), solid consistency (17), and unique personality (14), balanced against a notably high price point (12). No sponsorship penalty was applied due to the low sponsored ratio.","부산양곱창 delivers high-quality ingredients and expert cooking techniques, evidenced by its flavorful gopchang and chewy yang. While the owner's unique background adds character, the steep price point significantly detracts from its overall value.","부산양곱창은 신선한 재료와 숙련된 조리 기술로 곱이 꽉 찬 곱창과 쫄깃한 양을 선보입니다. 사장님의 독특한 이력은 인상적이나, 높은 가격은 가성비 측면에서 아쉬움을 남깁니다.",http://place.map.kakao.com/8328932,37.5047593084695,127.042655588042,"The reviews are overwhelmingly positive, praising the quality of the meat, service, and various dishes. Some minor complaints about price and a few mentions of specific dishes. The overall sentiment is very positive with no significant criticisms.",Yes,"The reviews indicate high satisfaction with the restaurant's food quality, service, and variety of dishes, despite some price concerns.",false,False
역삼동,곱창,청계숲양대창 강남직영점,92,2 Neon Hearts,"The score reflects high marks for ingredient quality, consistent execution, and excellent value, with no penalties applied due to a low sponsored review ratio.","Cheonggyesup Yangdaechang Gangnam Branch elevates the 곱창 experience with its impeccable ingredient quality and sophisticated grilling service. While the chef's personal touch is subtle, the restaurant's unique ambiance and consistent execution secure its status as an exceptional neighborhood staple.","청계숲양대창 강남직영점은 최상급 재료와 세심한 그릴링 서비스로 곱창 경험을 한 차원 높입니다. 셰프의 개성이 직접적으로 드러나기보다는, 독특한 분위기와 꾸준한 맛으로 뛰어난 동네 맛집의 반열에 올랐습니다.",http://place.map.kakao.com/714973826,37.492145262016415,127.03095277967986,"The customer receipts are overwhelmingly positive, praising the high quality of the large intestine and tripe, the clean and spacious interior, and the friendly, helpful staff who even grill the meat. The food is described as delicious with no gamey smell, and the overall experience is highly recommended.",Yes,"The positive customer feedback regarding food quality, ambiance, and service strongly aligns with the high AI score of 92/100. A minor complaint about a promotional offer's terms does not contradict the overall excellent dining experience.",false,False
역삼동,곱창,세광양대창 강남역중앙점,88,2 Neon Hearts,"The score of 88 reflects high marks for ingredient quality, flavor mastery, value, and exceptional consistency, with a slight deduction for the inherent lack of individual chef personality in a chain restaurant; no sponsorship penalty was applied due to the low sponsored ratio.","세광양대창 강남역중앙점 delivers a consistently excellent 곱창 experience, boasting fresh, perfectly aged ingredients and masterful grilling techniques. While part of a chain, its retro ambiance and attentive service make it an exceptional neighborhood staple for discerning palates.","세광양대창 강남역중앙점은 신선하고 완벽하게 숙성된 재료와 숙련된 굽기 기술로 일관되게 훌륭한 곱창 경험을 선사합니다. 체인점임에도 불구하고, 레트로한 분위기와 세심한 서비스는 미식가들에게 탁월한 동네 맛집으로 자리매김하게 합니다.",http://place.map.kakao.com/2121791662,37.49928814234142,127.02857182130006,"Customers praise the good quality of meat, the service of grilling, and the special menu. The only minor complaint is that it can be a bit noisy.",Yes,"The AI score of 88/100 falls within the 70-89 range where minor nitpicks are acceptable. The reviews confirm good food and service, with only a minor complaint about noise, which aligns with the expectation for this score range.",false,False
역삼동,곱창,단막 강남역점,90,2 Neon Hearts,"The score reflects high marks for ingredient quality, masterful cooking techniques, and a unique identity, supported by strong consistency and a low sponsored ratio, despite minor concerns about portion size impacting value.","Danmak Gangnam Station delivers an exceptional makchang experience, mastering traditional flavors with innovative techniques like their patented oven and garlic-infused makchang. While portions might be slightly modest, the overall quality, diverse sauces, and thoughtful accompaniments make it a standout.","단막 강남역점은 특허받은 화덕과 마늘 막창으로 전통적인 맛과 혁신적인 기술을 완벽하게 조화시킨 탁월한 막창 경험을 선사합니다. 양이 다소 적게 느껴질 수 있지만, 전반적인 품질과 다채로운 소스, 세심한 곁들임이 돋보이는 곳입니다.",http://place.map.kakao.com/752974757,37.5007398048694,127.027979778987,"The reviews highlight positive aspects such as the quality of the meat, the interior design, and the friendly staff. There are no complaints or contradictions in the reviews. The enthusiasm and positive feedback from customers warrant a positive score.",Yes,The reviews are overwhelmingly positive and do not contain any criticisms or contradictions that would justify a lower score.,false,False
역삼동,곱창,육연타 역삼점,84,1 Neon Heart,"The score reflects exceptional ingredient quality and cooking mastery, strong value, and genuine consistency, tempered by a lack of unique culinary personality.","육연타 역삼점 delivers a consistently well-executed gopchang experience, boasting fresh ingredients and masterful cooking techniques that result in a perfectly savory and textural dish. While the service is commendable, it lacks a distinctive culinary personality or unique approach to truly elevate it beyond a great neighborhood spot.","육연타 역삼점은 신선한 재료와 숙련된 조리 기술로 곱이 꽉 찬 곱창을 일관되게 선보입니다. 친절한 서비스는 좋으나, 독창적인 셰프의 개성이나 특별한 요리 철학은 부재하여 훌륭한 동네 맛집 수준에 머무릅니다.",http://place.map.kakao.com/1125532774,37.49122071887,127.034595719096,"Customer receipts provided are not actual reviews, but a placeholder indicating 'People who selected this keyword'. No specific feedback is available.",Yes,"Given the AI score of 84/100 falls within the 70-89 range, the expectation is to only fail if food is genuinely bad. As no customer reviews are provided to indicate genuinely bad food, the score is considered justified by default. However, without actual reviews, an upgrade cannot be recommended.",false,False
서초동,곱창,교대곱창,82,1 Neon Heart,"The score of 82 reflects solid ingredient quality (16), good flavor mastery (17), a distinct personality (16), fair value (16), and strong consistency over time (17), balanced against minor inconsistencies in the core product and some side dishes; no penalties were applied as all reviews were organic.","교대곱창 offers a nostalgic 'nopo' experience with generally fresh ingredients and well-executed primary dishes, though minor inconsistencies in the 곱 and some side items prevent a higher rating. It remains a reliable choice for those seeking a classic 곱창 experience.","교대곱창은 신선한 재료와 숙련된 조리 기술로 '노포'의 정취를 선사하지만, 곱의 일관성 및 일부 사이드 메뉴에서 아쉬움이 남습니다. 그럼에도 불구하고, 고전적인 곱창 경험을 원하는 이들에게는 여전히 믿을 수 있는 선택입니다.",http://place.map.kakao.com/16794929,37.4886921904636,127.014265235695,The receipts indicate enthusiasm with keywords like '단체모임 하기 좋아요' (enjoying group gatherings) and '특별한 메뉴가 있어요' (special menu exists).,Yes,"The AI score of 82/100 aligns well with the positive keywords in the receipts, suggesting a good experience overall.",false,False
서초동,곱창,갑진이네한우곱창 교대본점,93,2 Neon Hearts,"The high score reflects impeccable ingredient quality, masterful flavor execution, a unique culinary touch, solid value, and undeniable, genuine consistency, especially given the absence of sponsored reviews.","This establishment elevates gopchang with its exceptional Hanwoo ingredients and a signature garlic technique that masterfully cuts richness, ensuring a consistently superb dining experience that patrons eagerly return for.","국내산 한우곱창의 신선함과 마늘을 활용한 독창적인 조리법이 돋보이며, 한결같은 맛으로 손님들을 끊임없이 불러 모으는 탁월한 맛집입니다.",http://place.map.kakao.com/1913622073,37.4888291710096,127.014036854731,"The reviews are overwhelmingly positive, praising the quality of the meat, the service, and the overall dining experience. There are no complaints about the food quality or service issues. The customers appreciate the care taken to accommodate their needs, such as ordering extra meat or providing complementary items for children. The review also mentions that it is among the best in the area.",Yes,All reviews are highly complimentary and do not mention any issues with the food or service. The customer's experience is described as delightful and the restaurant is recommended for its quality and customer service.,false,False
서초동,곱창,진구곱창 강남역 본점,93,2 Neon Hearts,"The high score reflects outstanding ingredient quality (19), masterful cooking (19), a unique and customer-centric approach (18), excellent value for money (18), and strong, genuine consistency (19), with no score penalty applied due to the low sponsored ratio.","Jin-gu Gopchang delivers a consistently exceptional experience, showcasing top-tier, fresh ingredients and masterful cooking techniques that elevate the humble gopchang to a culinary delight. Its thoughtful customer service, including free corkage and parking, solidifies its status as a destination-worthy establishment in Gangnam.",진구곱창은 최상급의 신선한 재료와 숙련된 조리 기술로 곱창을 미식의 경지로 끌어올리는 일관된 경험을 선사합니다. 무료 콜키지와 주차 등 세심한 고객 서비스는 강남에서 꼭 방문해야 할 맛집으로서의 위상을 확고히 합니다.,http://place.map.kakao.com/1364306049,37.5007531277083,127.024807588306,"The reviews are overwhelmingly positive, praising the quality of the meat, the spacious and cozy atmosphere, the freshness of the ingredients, and the overall dining experience. There are no complaints or criticisms in the reviews.",Yes,"The reviews indicate that the customers are very satisfied with the food quality, the ambiance, and the service. The AI score of 93/100 aligns well with the positive feedback provided by the customers.",false,False
서초동,곱창,오발탄 서초점,90,2 Neon Hearts,"The score reflects high marks for ingredient quality, exceptional flavor mastery, unique customer-centric services, and proven long-term consistency, with value for money being good despite higher prices.","Obaltan Seochojeom delivers an exceptional 곱창 experience, marrying premium ingredients with masterful grilling techniques and thoughtful service. While on the pricier side, the consistent quality and unique customer care make it a cherished destination for discerning palates.","오발탄 서초점은 최상급 재료와 숙련된 숯불 조리 기술, 그리고 세심한 서비스가 어우러져 탁월한 곱창 경험을 선사합니다. 다소 높은 가격에도 불구하고, 변함없는 품질과 독특한 고객 배려 덕분에 미식가들에게 사랑받는 곳입니다.",http://place.map.kakao.com/8459400,37.4935798962473,127.007209977002,"The reviews are overwhelmingly positive, praising the quality of the meat, the variety of dishes, the service, and the overall dining experience. The only minor criticisms are about the restaurant being busy and the need for more staff. The AI score of 90/100 aligns well with the customer reviews, indicating high satisfaction.",Yes,"The AI score and customer reviews both indicate high satisfaction with the restaurant, with no major contradictions found. The minor criticisms do not outweigh the positive feedback.",false,False
서초동,곱창,정분네중앙곱창 강남본점,88,2 Neon Hearts,"The score reflects high marks for ingredient quality, culinary mastery, and exceptional consistency over 26 years, tempered by some concerns regarding value for money, and was not penalized due to the absence of sponsored reviews.","Jungbunne Jungang Gopchang Gangnam Main Branch delivers exceptional gopchang with pristine ingredients and masterful technique, upheld by a quarter-century of consistent quality. While the value proposition is occasionally questioned, its enduring popularity and unique offerings secure its status as an exceptional neighborhood staple.","정분네중앙곱창 강남본점은 최상급 재료와 숙련된 조리 기술로 26년간 변함없는 맛을 선사합니다. 가성비에 대한 일부 의문에도 불구하고, 꾸준한 인기와 독특한 메뉴는 이곳을 탁월한 동네 맛집으로 자리매김하게 합니다.",http://place.map.kakao.com/762214594,37.50080707670288,127.02533234763212,"The reviews are overwhelmingly positive, with multiple customers praising the flavor, lack of odor, and overall dining experience. They mention the meat quality, the portion sizes, and the overall enjoyment of the meal. There are no significant criticisms or contradictions to the score provided by the AI.",Yes,"The positive feedback from multiple customers outweighs any minor nitpicks mentioned, such as the need for more eggs and the need to adjust the seasoning. The AI score of 88/100 is justified based on the enthusiastic and flawless reviews provided by the customers.",false,False
신사동,곱창,장다리,91,2 Neon Hearts,"The restaurant earned a high score due to its exceptional ingredient quality (19), masterful cooking techniques (19), strong owner personality (18), and impressive 30-year consistency (19), with a slight deduction for value for money (16).","This establishment masterfully combines decades of tradition with meticulous ingredient selection and refined cooking techniques, resulting in consistently exceptional 곱창. While the price point is on the higher side, the dedicated owner and superb quality justify the investment for a truly satisfying experience.","수십 년의 전통과 깐깐한 재료 선별, 그리고 세련된 조리 기술이 어우러져 한결같이 훌륭한 곱창을 선보입니다. 다소 높은 가격대에도 불구하고, 헌신적인 사장님의 손길과 최상급 품질은 그만한 가치를 충분히 합니다.",http://place.map.kakao.com/1321722203,37.527914916517936,127.03791044877384,"Customers consistently praise the excellent quality and taste of the gopchang, noting its freshness and lack of gamey smell. The staff and owner are frequently highlighted for their exceptional friendliness and attentive service, including grilling the food and explaining how to eat it. The restaurant's atmosphere is also appreciated for being pleasant and smoke-free.",Yes,"The customer receipts overwhelmingly support the high AI score, with numerous positive comments on food quality, taste, staff friendliness, and overall dining experience. The single minor disappointment does not contradict the overall positive sentiment.",false,False
성수동,곱창,으쌰라곱창,88,2 Neon Hearts,"The restaurant earned high marks for its exceptional ingredient quality and outstanding value, complemented by a unique concept and good consistency, despite a minor reliance on flavor enhancers.","으쌰라곱창 delivers exceptional value with its high-quality Hanwoo gopchang, served in a uniquely vibrant 2002 World Cup-themed setting. While the 'magic powder' hints at flavor enhancement, the overall experience of fresh ingredients, skillful grilling, and excellent side dishes makes it a standout.","으쌰라곱창은 신선한 한우 곱창을 합리적인 가격에 제공하며, 2002 월드컵 테마의 독특한 분위기가 인상적입니다. '마법 가루' 사용이 언급되었으나, 전반적으로 훌륭한 재료와 숙련된 조리, 그리고 곁들임 메뉴의 조화가 돋보이는 곳입니다.",http://place.map.kakao.com/487718006,37.5399116519337,127.050227227147,"The reviews indicate that the restaurant has a high level of customer satisfaction, mentioning the delicious meat, good value for money, and friendly staff. The restaurant is also described as a popular choice in the area with many returning customers. The comments suggest that the restaurant keeps up its high standards, which is appreciated by the customers. The overall tone is positive and enthusiastic.",Yes,"Despite the AI score of 88/100, the reviews highlight the positive aspects such as the taste, value, and service. There are no significant criticisms or contradictions.",false,False
성수동,곱창,태양곱창 성수,92,2 Neon Hearts,"The score reflects excellent ingredient quality, competent flavor mastery, a distinctive special sauce, strong value for money, and commendable consistency across its operations.","태양곱창 성수 delivers a robust gopchang experience, boasting pristine domestic ingredients and a uniquely spicy broth. Its generous portions and consistent quality across branches make it a commendable choice for the discerning diner.",태양곱창 성수는 흠잡을 데 없는 국내산 곱창과 독특한 칼칼한 국물로 훌륭한 경험을 선사합니다. 넉넉한 양과 여러 지점에서 증명된 일관된 품질은 미식가들에게 추천할 만한 선택지입니다.,http://place.map.kakao.com/1562029341,37.5434100739603,127.05464488794,"The customer receipts are overwhelmingly positive, praising the generous portions, delicious taste, and lack of gamey smell in the gopchang. Reviewers specifically highlighted the Gopchang Jeongol, vegetable gopchang, and corn cheese, and appreciated the comfortable, lively atmosphere.",Yes,"The AI score of 92 is well-justified by the consistently positive customer feedback, which emphasizes excellent food quality, generous portions, and a pleasant dining experience with no negative remarks.",false,False
성수동,곱창,싹쓰리곱창,83,1 Neon Heart,"The score reflects strong ingredient quality (17/20), well-executed flavors (17/20), and exceptional customer service (19/20), though value (15/20) and long-term consistency (15/20) could not be fully assessed without more detailed information on pricing and historical performance; the sponsored ratio was not provided in the summary.","Ssakssuri Gopchang offers a commendable 곱창 experience with its tender, clean ingredients and a surprisingly heartwarming service that elevates the meal. While the flavors are well-executed, a clearer understanding of its value and long-term consistency would solidify its standing.",싹쓰리곱창은 잡내 없는 신선한 곱창과 감칠맛 나는 양념으로 훌륭한 맛을 선사합니다. 특히 사장님의 세심한 배려와 친절함은 식사를 더욱 특별하게 만듭니다.,http://place.map.kakao.com/1369922032,37.5384657075094,127.055885904003,"The review highlights the quality of the meat, the deliciousness of the dishes, the attentive service, and the positive experience overall. The customer appreciated the freshness of the ingredients and the staff's friendliness, leading to a memorable meal. However, there is a bit of inconsistency with the level of detail in the compliments and the mention of the restaurant being busy. Despite these minor inconsistencies, the review provides a comprehensive and positive picture of the restaurant experience.",Yes,"The review is overwhelmingly positive and does not contain any significant criticisms of the food quality or service. The customer's enjoyment and recommendations suggest that the restaurant meets or exceeds the expectations, warranting a score closer to the AI's evaluation of 83.",false,False
성수동,곱창,으쌰라곱창 본점,95,3 Neon Hearts,"The score of 95 reflects exceptional ingredient quality, masterful cooking techniques, a distinct brand personality, outstanding value for money, and proven consistency, all supported by genuine customer reviews. (Supreme Court Verified: Reviews confirm exceptional quality).","으쌰라곱창 본점 delivers a masterclass in Hanwoo gopchang, combining exceptional ingredient quality with innovative techniques and unparalleled value. Its vibrant retro atmosphere and consistent excellence make it a true culinary destination.","으쌰라곱창 본점은 최상급 한우 곱창과 독창적인 조리 기술, 그리고 압도적인 가성비로 곱창 요리의 진수를 보여줍니다. 활기찬 복고풍 분위기와 변함없는 훌륭함은 이곳을 진정한 미식의 성지로 만듭니다.",http://place.map.kakao.com/75142432,37.5447236775217,127.05476013545,"Customer reviews are overwhelmingly positive, consistently praising the excellent value for money, fresh ingredients, and the complete absence of any gamey smell (잡내) in the gopchang and chadol sashimi. Reviewers highlight the delicious, crispy gopchang, savory steamed egg, and high-quality Hanwoo Chadol Sashimi. The seasoned grilled cuttlefish also received specific praise for its subtle smoky flavor and perfectly balanced seasoning. Staff are noted as friendly and the overall experience is highly recommended.",Yes,"The AI score of 95/100 is well-justified as all customer reviews are highly positive, consistently praising food quality, taste, value, and service. There are no serious complaints or contradictions to the high score, which is required for a destination-tier restaurant.",false,False
마장동,곱창,보배곱창막창,86,1 Neon Heart,"The score of 86 reflects excellent ingredient quality, value, and consistent, friendly service, with solid but not groundbreaking flavor mastery.","보배곱창막창 offers a genuinely satisfying 곱창 experience with fresh ingredients and generous portions, underpinned by warm service. While the flavors are solid, they don't quite ascend to a truly innovative culinary height.","보배곱창막창은 신선한 재료와 푸짐한 양으로 진정으로 만족스러운 곱창 경험을 선사하며, 따뜻한 서비스가 인상적입니다. 맛은 훌륭하지만, 혁신적인 경지에는 미치지 못합니다.",http://place.map.kakao.com/1940425809,37.56548681101884,127.04250003399792,"The reviews are overwhelmingly positive, praising the taste, portions, and service. The only minor issues mentioned are the portion size for some dishes and the convenience of the nearby subway station for restroom access. The overall experience is highly satisfactory.",Yes,"The restaurant is well-liked based on the reviews, with customers expressing satisfaction with portions, food quality, and service. The AI score of 86/100 is consistent with the positive feedback from customers.",false,False
문래동,곱창,두꺼비황소곱창,87,1 Neon Heart,"The score of 87 reflects high marks for ingredient quality (19), chef's personality (18), and consistency (18), slightly tempered by a minor flaw in cooking technique (16) and inferred value for money (16).","두꺼비황소곱창 offers a genuinely fresh gopchang experience, lauded for its pristine ingredients and the owner's dedicated service. While generally excellent, a minor inconsistency in texture prevents it from reaching higher echelons of culinary perfection.","두꺼비황소곱창은 신선한 재료와 사장님의 세심한 서비스로 진정한 곱창의 맛을 선사합니다. 전반적으로 훌륭하지만, 간혹 언급되는 식감의 미세한 불일치가 더 높은 평가를 가로막습니다.",http://place.map.kakao.com/1495897966,37.5194029815011,126.894862786897,"The majority of the reviews highlight the delicious meat quality and the overall enjoyable dining experience, with one minor point of the food being a bit tough. The restaurant seems to have a positive reputation based on these reviews.",Yes,The reviews are overwhelmingly positive with no significant criticisms that would justify a lower score.,false,False
문래동,곱창,방춘자볶곱 문래2호점,98,3 Neon Hearts,"The score reflects near-perfect marks across all criteria, from ingredient quality and flavor mastery to the unique chef personality, outstanding value, and consistent excellence, all validated by organic reviews.","This establishment delivers an unparalleled 곱창 experience, marrying pristine ingredients with masterful cooking and an unforgettable, vibrant chef personality. Its exceptional value and proven consistency make it a true culinary gem.","신선한 재료와 숙련된 조리 기술, 그리고 독보적인 셰프의 개성이 어우러져 비교할 수 없는 곱창 경험을 선사합니다. 탁월한 가성비와 변함없는 맛으로 진정한 미식의 보석이라 할 수 있습니다.",http://place.map.kakao.com/1538224735,37.5145061446113,126.891013687206,"The reviews are overwhelmingly positive, praising the flavors, portion sizes, and overall dining experience. The customer appreciated the combination of dishes and recommended multiple visits. There were no significant criticisms or contradictions to the AI score of 98/100.",Yes,The reviews indicate a very satisfactory dining experience with no notable issues or complaints.,false,False
문래동,곱창,원조마늘곱창,93,2 Neon Hearts,"The score reflects exceptional ingredient quality, masterful flavor execution, a distinct culinary identity, solid value enhanced by promotions, and outstanding, organically proven consistency over a long period.","This establishment shines with its commitment to fresh, Hanwoo ingredients and a signature garlic 곱창 that expertly balances richness with aromatic depth. Its impressive 15-year tenure and consistent quality, backed by organic praise, solidify its status as a true neighborhood gem.",당일 도축한 신선한 한우 곱창과 마늘을 활용한 독창적인 조리법이 돋보이는 곳입니다. 15년 넘게 한결같은 맛과 서비스로 문래동의 명성을 지켜온 진정한 맛집입니다.,http://place.map.kakao.com/575588981,37.51333977659514,126.89346194595788,Customers praise the good quality of meat and the presence of special menu items.,Yes,"The customer receipts indicate high satisfaction with food quality and unique offerings, which aligns with the expectation for a near-perfect score of 93/100.",false,False
문래동,곱창,세광양대창 문래점,80,1 Neon Heart,"The score of 80 acknowledges the restaurant's strong ingredient quality and consistent execution, but it is tempered by a lack of a distinctive culinary personality or unique offerings.","A reliable spot for gopchang, praised for its fresh, flavorful ingredients and attentive grilling service. While it delivers consistent quality and value, it lacks the unique culinary vision required for a higher distinction.","신선하고 고소한 곱창과 세심한 서비스로 호평받는 곳입니다. 꾸준한 품질과 가격 대비 만족도를 제공하지만, 독창적인 요리 철학은 부족하여 더 높은 평가를 받기에는 아쉽습니다.",http://place.map.kakao.com/1491640420,37.5174239924344,126.896465021722,"The reviews are overwhelmingly positive, praising the taste, portion size, service, and overall experience. The customer expresses enthusiasm for the restaurant's size, flavor, and friendliness of the staff. Despite the AI score of 80/100, the reviews provide strong evidence of a high-quality dining experience.",Yes,"The AI score of 80/100 is lower than the high praise provided by the customers, indicating that the restaurant performs well and exceeds customer expectations.",false,False
서교동,육회,MUU 한우다이닝 합정,80,1 Neon Heart,"The score reflects strong points in chef's personality and overall dining experience, but significant deductions were made for reported inconsistencies in ingredient quality (잡내) and critical flaws in the mastery of yukhoe preparation (얼음, 간이 셈), impacting consistency and value.","MUU Hanwoo Dining offers a refined omakase experience with attentive service, but critical inconsistencies in meat quality and the preparation of its signature yukhoe prevent it from achieving true culinary distinction.","MUU 한우다이닝은 섬세한 오마카세 서비스로 특별한 경험을 선사하지만, 핵심인 고기 품질과 육회 준비의 일관성 부족이 진정한 미식의 경지에 오르는 것을 방해합니다.",http://place.map.kakao.com/966751106,37.5492313945108,126.918690570164,"The customer reviews indicate satisfaction with the quality of the meat and the interior design, which aligns with the AI score of 80/100. There are no contradictions or severe issues noted in the reviews that would warrant a different recommendation.",Yes,"The reviews are positive and complimentary, without any critical points that would justify a lower score or a flag.",false,False
서교동,육회,안동실비,96,3 Neon Hearts,"The score reflects outstanding ingredient quality (20), excellent value (20), a unique chef's vision (19), and strong consistency (19), with only minor deductions for a slight reliance on diner cooking skill (18).","An exceptional establishment, 안동실비 masterfully blends premium Hanwoo with traditional Andong flavors, offering an unparalleled dining experience. Its commitment to quality, value, and a unique culinary vision makes it a truly destination-worthy spot.","안동실비는 최상급 한우와 안동 특유의 맛을 완벽하게 조화시켜 타의 추종을 불허하는 미식 경험을 선사합니다. 품질, 가치, 그리고 독창적인 요리 철학에 대한 헌신이 돋보이는 이곳은 방문할 가치가 충분한 곳입니다.",http://place.map.kakao.com/997775858,37.5551364313561,126.915969137925,"The reviews indicate positive sentiments such as '고기 질이 좋아요' (the meat quality is good) and '특별한 메뉴가 있어요' (there are special dishes). These align with the AI score of 96/100, suggesting a strong match between the AI evaluation and customer feedback.",Yes,"The reviews do not contain any negative comments or complaints, and the AI score reflects a high level of satisfaction.",false,False
서교동,육회,뭉티크 홍대소고기 본점,93,2 Neon Hearts,"The score of 93 reflects excellent ingredient quality, a unique concept, and strong consistency, with minor deductions for absolute mastery of technique and value for money given the premium pricing. (Supreme Court Verified: Reviews confirm exceptional quality).","This establishment masterfully reinterprets traditional Mungtigi into a premium dining experience, showcasing consistently fresh, top-grade Hanwoo and thoughtful culinary execution. Despite its high price point, the exceptional quality and unique concept solidify its status as an outstanding culinary destination.",뭉티크는 최상급 한우와 신선한 재료로 전통 뭉티기를 프리미엄 다이닝으로 훌륭하게 재해석했습니다. 높은 가격에도 불구하고 뛰어난 품질과 독창적인 접근 방식은 미식가들에게 탁월한 선택이 될 것입니다.,http://place.map.kakao.com/1660282421,37.5531972115631,126.920787827366,"The reviews focus on positive aspects such as the interior, the quality of the meat, and the availability of special dishes. However, there is a significant gap between the high AI score of 93/100 and the more lukewarm nature of the customer reviews. The reviews do not mention any issues or complaints, but they are also not as enthusiastically positive as the AI score suggests.",No,"The AI score of 93/100 is significantly higher than the reviews, which are generally positive but do not express the enthusiasm or detailed praise that the score indicates.",false,False
서교동,육회,탐라육해,89,2 Neon Hearts,"The score of 89 reflects strong ingredient quality, unique concept, and excellent value, slightly tempered by competent but not always profound culinary techniques.","탐라육해 presents a compelling experience with its daily fresh, high-quality ingredients and a vibrant Jeju-themed setting. While its unique concept and exceptional value are undeniable, the culinary execution, though competent, occasionally prioritizes novelty over profound mastery, preventing it from reaching the highest echelons of flavor artistry.","탐라육해는 매일 공수하는 최상급 신선 재료와 생동감 넘치는 제주 콘셉트로 인상적인 경험을 선사합니다. 독창적인 콘셉트와 탁월한 가성비는 분명하지만, 조리 기술은 때때로 깊이 있는 맛의 경지보다는 시각적 새로움에 치중하여, 최고의 미식 경험에는 미치지 못하는 아쉬움이 남습니다.",http://place.map.kakao.com/1911975019,37.55003903481525,126.92052183664757,"The reviews highlight the restaurant's appealing interior, cleanliness, and attention to detail. The customers appreciate the attentive and friendly staff. While the restaurant is recommended for various purposes, some improvements could be made. The AI score of 89 reflects a strong positive reception with minor areas for improvement.",Yes,"The AI score of 89 is supported by the positive reviews and the detailed comments on the restaurant's features, such as the appealing interior, cleanliness, and attentive staff. However, the reviews also point out that there is room for improvement, which is reflected in the AI score.",false,False
창천동,육회,이자카야 우규 신촌점,86,1 Neon Heart,"The score of 86 reflects excellent ingredient quality and skillful execution, a clear concept, and strong consistency, but slightly less convincing evidence for value for money.","Izakaya Woogyu offers a commendable focus on fresh, high-quality ingredients and refined techniques for its salmon and yukhoe. While its unique concept is appealing, the value proposition remains somewhat ambiguous, preventing a higher distinction.","이자카야 우규는 신선한 고급 식재료와 숙련된 조리 기술로 연어와 육회 요리의 진수를 보여줍니다. 독특한 콘셉트는 돋보이나, 가성비에 대한 구체적인 증거가 부족하여 더 높은 평가를 받기에는 아쉬움이 남습니다.",http://place.map.kakao.com/770326605,37.5580268784495,126.936194059438,Customers appreciate the nice interior and good basic side dishes.,Yes,"The AI score of 86/100 is justified as the customer receipts are entirely positive, praising the ambiance and appetizers, with no mention of genuinely bad food or other significant issues that would contradict the score.",false,False
창천동,육회,신소살,92,2 Neon Hearts,"The score of 92 reflects outstanding ingredient quality, masterful grilling techniques, excellent value, and strong, genuine consistency, complemented by the chef's hands-on approach.","Shin Sosal delivers exceptional beef at an unbeatable price, showcasing meticulous ingredient quality and consistent charcoal-grilled perfection. This neighborhood gem earns its two Neon Hearts through genuine culinary dedication and a loyal following.",신소살은 뛰어난 식재료와 참숯 조리 기술로 훌륭한 소고기를 합리적인 가격에 선보입니다. 꾸준한 품질과 단골들의 높은 재방문율이 돋보이는 진정한 동네 맛집입니다.,http://place.map.kakao.com/290725470,37.557375394747055,126.93607804340216,"The reviews are overwhelmingly positive with no complaints or criticisms. The customers praise the quality of the meat, the interior design, the variety of dishes, and the attentive service. The summary of the reviews indicates satisfaction with all aspects of the dining experience.",Yes,"The reviews demonstrate enthusiasm and satisfaction across multiple aspects, with no negative points mentioned. The AI score aligns well with this feedback.",false,False
연남동,육회,육회이야기 연남점,91,2 Neon Hearts,"The score of 91 reflects high marks for ingredient quality, flavor mastery, the chef's unique approach, and strong consistency, with good implied value.","육회이야기 연남점 delivers an exceptional raw beef experience, showcasing top-tier Hanwoo with innovative preparations and remarkable consistency. Its dedication to quality and unique offerings makes it a true neighborhood gem.","육회이야기 연남점은 최상급 한우를 혁신적인 방식으로 선보이며 탁월한 육회 경험을 선사합니다. 뛰어난 재료 품질과 일관성, 그리고 독창적인 메뉴 구성으로 동네의 보석 같은 존재입니다.",http://place.map.kakao.com/2081192143,37.5631456390324,126.925746115858,"The reviews are overwhelmingly positive, praising the quality of the food, service, and atmosphere. There are no complaints about the food, and staff are described as very friendly. The AI score of 91/100 aligns well with the enthusiastic feedback.",Yes,"The customer reviews indicate that the restaurant consistently offers high-quality and fresh food, with all reviewers expressing their enjoyment and frequent visits. The score reflects these positive aspects.",false,False
연남동,육회,미스터육회연어왕 마포점,92,2 Neon Hearts,"The high score reflects outstanding ingredient quality, masterful flavor balance, and unparalleled value, all underscored by strong customer loyalty and consistency.","This establishment delivers remarkably fresh yukhoe with a keen understanding of minimal seasoning, offering exceptional value that makes it a true neighborhood gem. While the chef's unique personality isn't overtly showcased, the consistent quality and overwhelming customer loyalty speak volumes.","미스터육회연어왕 마포점은 신선한 육회와 과하지 않은 양념으로 재료 본연의 맛을 살려내며, 특히 6,900원이라는 놀라운 가격으로 최고의 가치를 선사합니다. 꾸준한 품질과 고객들의 높은 재방문 의사는 이곳이 단순한 맛집을 넘어선 동네의 보석임을 증명합니다.",http://place.map.kakao.com/1253462460,37.5612415967552,126.922572115896,"The reviews are overwhelmingly positive, with customers praising the taste of the dishes, especially the grilled chicken and eel, and the friendly service. There are no complaints about the food quality or service. The reviews indicate that the restaurant is well-liked and enjoyed by its customers.",Yes,"The reviews contain no criticisms about the food quality or service, and the customers have expressed satisfaction with both aspects. The overall tone of the reviews is highly positive.",false,False
연남동,육회,우메이징,86,1 Neon Heart,"The score reflects high marks for ingredient quality, technique, and chef's personality, but was moderately penalized in consistency and value for money due to the absence of a sponsored ratio.","Umazing presents a commendable dedication to premium ingredients and engaging culinary theater, with a chef who clearly takes pride in his craft. However, without transparency on its sponsored review ratio, we must reserve full judgment on its long-term consistency and true value proposition.","우메이징은 최상급 재료와 흥미로운 요리 퍼포먼스, 그리고 장인정신이 돋보이는 셰프의 열정이 인상적입니다. 하지만 협찬 비율에 대한 정보 부재로 인해, 장기적인 일관성과 실제 가성비에 대한 평가는 유보할 수밖에 없습니다.",http://place.map.kakao.com/2120401318,37.561586471417,126.926476559353,"The reviews indicate positive sentiments such as '고기 질이 좋아요' (The meat quality is good) and '인테리어가 멋져요' (The interior is nice). These are short, complimentary statements without any significant criticisms. The AI score of 86/100 aligns well with these positive remarks.",Yes,"The customer reviews are overwhelmingly positive, praising the meat quality and the interior design. This matches the AI score of 86, indicating that the restaurant is performing well in these areas.",false,False
망원동,육회,철길부산집 망원점,84,1 Neon Heart,"The score of 84 reflects strong ingredient quality, good flavor execution, and consistency, but is tempered by the lack of unique culinary personality inherent to a chain and merely good, not exceptional, value.","While the ingredients are fresh and the flavors well-balanced, this establishment, as a chain branch, inherently lacks the unique culinary vision expected from a fine dining experience. It offers a consistently good meal, but without truly distinguishing itself.","신선한 재료와 균형 잡힌 맛은 좋지만, 프랜차이즈 지점으로서 미식의 관점에서 기대되는 독창적인 요리 철학은 부족합니다. 꾸준히 좋은 식사를 제공하지만, 진정으로 특별한 인상을 남기지는 못합니다.",http://place.map.kakao.com/612256306,37.5574079686547,126.904293584819,"The comments mention positive aspects like '인테리어가 멋져요' and '망원, 망리단길 맛집순례 1', indicating a positive experience. However, there are no detailed complaints or issues with the food or service that would justify a higher score.",Yes,"The AI score is 84 out of 100, and the reviews are generally positive with no specific issues mentioned.",false,False
망원동,육회,대산집,86,1 Neon Heart,"The score of 86 reflects excellent ingredient quality (18), strong flavor mastery (17), outstanding chef personality (19), good but not exceptional value (15), and solid consistency (17).","DaeSanJip excels with its pristine, high-quality ingredients and a uniquely engaging chef who brings both culinary skill and a vibrant personality to the table. While the main menu leans towards the pricier side, the overall experience and the exceptional quality of dishes like the yukhoe make it a noteworthy destination.","대산집은 최상급 식재료와 독특하고 유쾌한 사장님의 개성이 어우러져 뛰어난 미식 경험을 선사합니다. 메인 메뉴의 가격대가 다소 높지만, 육회를 비롯한 음식의 탁월한 품질과 전반적인 만족도를 고려할 때 방문할 가치가 충분합니다.",http://place.map.kakao.com/118536913,37.55681630943275,126.90806760902944,"Customer receipts indicate positive feedback, specifically praising the quality of the side dishes ('반찬이 잘 나와요') and the substantial/well-composed menu ('메뉴 구성이 알차요').",Yes,"The AI score of 86/100 falls within the 70-89 range, where minor nitpicks are acceptable and failure only occurs if food is genuinely bad. The customer receipts are entirely positive, highlighting good aspects of the food and menu, thus justifying the AI's score.",false,False
망원동,육회,상암한우한마리,89,2 Neon Hearts,"The score of 89 reflects excellent ingredient quality, masterful flavor for 육회, strong value, and proven consistency, though the chef's unique culinary personality, while commendable in its dedication, leans more towards tradition than innovation.","상암한우한마리 shines as an exceptional neighborhood staple, delivering consistently high-quality 1등급 Hanwoo and perfectly seasoned Yukhoe with remarkable value. While the culinary personality is more about solid execution than avant-garde innovation, its dedication to fresh ingredients and customer satisfaction is undeniable.",상암한우한마리는 1등급 한우와 완벽하게 간이 된 육회를 꾸준히 선보이며 뛰어난 가성비로 동네 명소로 자리매김했습니다. 혁신적인 요리 개성보다는 신선한 재료와 고객 만족에 대한 굳건한 헌신이 돋보입니다.,http://place.map.kakao.com/16762392,37.5557211976975,126.899823116263,"The receipts indicate that the customer had a positive experience overall, enjoying the food and service despite a few minor points. The customer mentions specific dishes they liked and the overall experience was good. They also mention being a regular customer and that the food is consistently good.",Yes,"The customer's comments are overwhelmingly positive, indicating they had a great experience despite mentioning a couple of nitpicky issues like a couple of dishes not being quite at their expected level and a bit of a crowded seating area. The score of 89/100 aligns well with the positive reviews.",false,False
합정동,육회,지즐미육회관 한우오마카세 합정점,94,2 Neon Hearts,"The score reflects high marks for ingredient quality (20), flavor mastery (19), chef's personality (19), and exceptional value (20), slightly tempered by minor inconsistencies in universal appeal (16).","Jijeulmi Yukhoegwan delivers an exceptional Hanwoo Omakase experience, showcasing top-tier ingredients and sophisticated culinary techniques with remarkable value. While generally consistent, a few minor reservations about its long-term appeal prevent it from reaching the highest echelon.","지즐미육회관은 최상급 한우와 세련된 조리 기술로 뛰어난 오마카세 경험을 선사하며, 탁월한 가성비가 돋보입니다. 전반적으로 만족도가 높지만, 일부 리뷰에서 언급된 일관성 부족은 최고 등급으로의 도약을 막는 작은 걸림돌입니다.",http://place.map.kakao.com/201234050,37.5491377370843,126.911247889691,"The reviews highlight positive aspects such as good food quality, nice interior, friendly staff, and a well-structured menu. The guests appreciated the care and attentiveness of the staff, and the overall experience was enjoyable and respectful.",Yes,"The reviews contain positive comments about the food quality, interior, service, and menu composition, which aligns with the AI score of 94/100.",false,False
공덕동,육회,육회이야기 공덕점,93,2 Neon Hearts,"The score reflects outstanding ingredient quality, masterful technique, and unparalleled consistency, slightly tempered by a value proposition that, while strong, isn't overtly budget-friendly.","Yukhoe Iyagi Gongdeokjeom delivers an exceptional yukhoe experience, rooted in impeccable 1++ Hanwoo and refined techniques that make every bite melt. Its widespread acclaim and unwavering operational excellence solidify its status as a true culinary gem.",육회이야기 공덕점은 흠잡을 데 없는 1++ 한우와 섬세한 조리 기술로 매 순간 입안에서 녹아내리는 육회 경험을 선사합니다. 폭넓은 찬사와 흔들림 없는 운영의 우수성은 이곳을 진정한 미식의 보석으로 자리매김하게 합니다.,http://place.map.kakao.com/466704293,37.544441427666,126.948725297567,"The reviews are overwhelmingly positive, praising the food quality, the kindness of the staff, and the overall experience. The restaurant seems to be well-received by repeat customers and has a good reputation for their special sauces and flavors.",Yes,"Every review emphasizes the delicious food, friendly service, and the enthusiasm of the customers. There are no significant criticisms or contradictions to the AI score.",false,False
상암동,육회,아고야,99,3 Neon Hearts,"The score of 99 reflects outstanding quality across all criteria, particularly excelling in ingredient freshness, unique chef personality, exceptional value, and proven consistency, with only a minor deduction for flavor mastery which is still very high.","This establishment masterfully blends top-tier ingredients with heartfelt culinary touches, offering an unparalleled dining experience. Its exceptional value and genuine consistency, evidenced by a loyal following, make it a true destination for 육회.","최상급 식재료와 진심 어린 요리 기술이 완벽하게 조화를 이루며, 비교할 수 없는 미식 경험을 선사합니다. 탁월한 가성비와 단골들의 끊임없는 발길이 증명하는 일관성은 이곳을 육회 미식의 진정한 목적지로 만듭니다.",http://place.map.kakao.com/1457472225,37.57749161582213,126.89326872545054,"The reviews are overwhelmingly positive, praising the quality of meat, interior, and service. The reviewer also appreciates the refill service and the special menu. The only minor suggestion is for more variety in the menu.",Yes,"Despite a perfect AI score, the reviews indicate that the restaurant has a high level of customer satisfaction and is well-regarded for its quality and service. The AI score is justified as the reviews support the high score.",false,False
상암동,육회,유케집 상암점,80,1 Neon Heart,"The score of 80 reflects excellent ingredient quality and consistency, balanced against competent but not exceptional flavor mastery and a service-oriented personality rather than unique culinary vision. The moderate sponsored ratio did not impact the scoring.","This establishment offers fresh, high-quality beef with commendable service, making it a reliable choice for 육회. While the flavors are pleasant and consistent, the culinary techniques lack the innovative spark needed for a higher distinction.","신선한 최상급 한우를 사용하며 친절한 서비스로 만족스러운 경험을 제공합니다. 맛은 준수하나, 요리 기술의 독창성이 다소 부족하여 더 높은 평가에는 미치지 못했습니다.",http://place.map.kakao.com/68451992,37.5767635929311,126.894247860634,"The customers liked the basic appetizers and found the special menu options appealing. These reviews align with the AI score of 80/100, indicating a positive experience overall.",Yes,"The reviews do not contradict the AI score. They highlight positive aspects such as basic appetizers and special menu items, which are consistent with the given score.",false,False
을지로,육회,주마등,87,1 Neon Heart,"The score of 87 reflects strong points in uniqueness, value, and consistency, with solid ingredient quality and flavor mastery, without any penalty from the low sponsored ratio.","Jumadeung offers a delightful retro experience with its unique concept and consistently well-executed, value-driven dishes. While the ingredients are fresh and flavors balanced, a touch more culinary ambition could elevate it further.","주마등은 독특한 레트로 콘셉트와 꾸준히 훌륭한 가성비 메뉴로 즐거운 경험을 선사합니다. 신선한 재료와 균형 잡힌 맛을 선보이지만, 요리 기술의 깊이를 더한다면 더욱 빛날 것입니다.",http://place.map.kakao.com/1487405672,37.565349988192,126.991402213829,"The reviews mention positive aspects such as good food, a nice vibe, and great service.",Yes,"The reviews are overwhelmingly positive with phrases like '기본 안주가 좋아요' (the basic drinks are nice), '특별한 메뉴가 있어요' (there are special dishes), and '인테리어가 멋져요' (the interior is nice). There are no negative comments about the food or service.",false,False
신당동,육회,이자카야 우규 신당동점,91,2 Neon Hearts,"The score of 91 reflects excellent ingredient quality (19), strong flavor mastery (18), a clear culinary identity (17), good value (18), and consistent performance (19), with no penalties applied as the sponsored ratio was not indicated.","This izakaya impresses with its unwavering commitment to fresh, high-quality ingredients and thoughtful flavor pairings for its signature yukhoe and salmon. While the diverse menu shows promise, a touch more culinary audacity could elevate it from an exceptional neighborhood staple to a true destination.","매일 공수되는 신선한 육회와 연어, 그리고 섬세한 맛의 조화는 이자카야 우규를 신뢰할 수 있는 맛집으로 만듭니다. 훌륭한 동네 맛집이지만, 세계적인 수준으로 도약하기 위한 더욱 과감한 시도가 필요합니다.",http://place.map.kakao.com/1396709611,37.562712876566,127.016185361786,"The reviews highlight positive aspects such as good food, friendly staff, and variety of dishes and drinks. The customer appreciates the selection of both main courses and drinks, and the overall atmosphere is enjoyable. The reviews contain no major criticisms or contradictions to the score.",Yes,"The reviews support the AI score of 91/100 and provide clear positive feedback on various aspects of the restaurant, including food quality, service, and ambiance.",false,False
신당동,육회,진사갈비 청구역점,91,2 Neon Hearts,"The score of 91 reflects superior ingredient quality (19), masterful technique and flavor (17), a strong chef personality and unique dedication (18), excellent value for money (18), and remarkable consistency over three decades (19).","Jin Sa Galbi Cheonggu Station is a testament to enduring quality, offering meticulously prepared Hanwoo yukjeon and gukbap with ingredients of impeccable domestic origin. Its three-decade legacy of consistent flavor and exceptional value solidifies its status as a cherished neighborhood institution.","진사갈비 청구역점은 30년 넘게 한우 전문점의 명성을 이어오며, 최상급 국내산 한우 육전과 깊은 맛의 국밥으로 미식가들을 사로잡습니다. 변함없는 맛과 합리적인 가격으로 지역 주민들에게 사랑받는 확실한 명소입니다.",http://place.map.kakao.com/1603161779,37.5606318804195,127.013771888442,The receipt mentions '고기 질이 좋아요' which translates to 'The meat quality is good'.,Yes,"The AI score of 91/100 suggests that the restaurant meets or exceeds the high standards expected, and the customer's positive feedback about the meat quality aligns with this score, indicating no failure points based on the review provided.",false,False
창신동,육회,올레포장마차,91,2 Neon Hearts,"The score reflects high marks for ingredient quality, flavor mastery, chef's personality, and exceptional value, with a slight deduction for unproven long-term consistency.","This humble pojangmacha offers an exceptional Yukhoe experience, boasting incredibly fresh ingredients and a masterful blend of savory flavors. The owner's unique, personal touch and the outstanding value for money make it a cherished neighborhood gem, though its long-term consistency remains to be fully proven.","이 겸손한 포장마차는 놀랍도록 신선한 재료와 고소한 맛의 조화가 뛰어난 육회 경험을 선사합니다. 사장님의 독특하고 정겨운 손길, 그리고 탁월한 가성비가 어우러져 사랑받는 동네 맛집이지만, 장기적인 일관성은 아직 더 지켜봐야 합니다.",http://place.map.kakao.com/371427150,37.57302899387282,127.0107822960944,Customers praise the clean restroom and good basic appetizers.,Yes,The positive feedback regarding cleanliness and food quality (basic appetizers) aligns with the expectation for a restaurant scoring 90+.,false,False
종로3가,육회,이상한집,89,2 Neon Hearts,"The score of 89 reflects excellent ingredient quality, masterful technique in preparing raw fish, and remarkable value, supported by strong consistency from repeat customers, though the chef's personality, while pleasant, doesn't elevate the experience to a higher tier.","이상한집 delivers a truly exceptional raw fish experience, particularly shining in its meticulous preparation of 'sekkosi' where bones are imperceptible, paired with impeccably fresh ingredients. While the chef's personality doesn't redefine the culinary landscape, the outstanding value and consistent quality make it a cherished local gem.","이상한집은 뼈가 거의 느껴지지 않는 세꼬시 준비와 신선한 재료에서 진정으로 뛰어난 회 경험을 선사합니다. 셰프의 개성이 요리 지형을 재정의하지는 않지만, 탁월한 가성비와 꾸준한 품질로 사랑받는 동네 보석입니다.",http://place.map.kakao.com/474485125,37.56993861453621,126.98959848556234,"The reviews are overwhelmingly positive, praising the ambiance, food quality, and overall dining experience. There are no complaints or negative comments, and the customers express a desire to return. The AI score of 89/100 aligns well with the positive feedback from customers.",Yes,"The reviews highlight the positive aspects such as the friendly staff, tasty food, and enjoyable ambiance. There are no contradictions or criticisms that would justify a lower score.",false,False
낙원동,육회,백제고깃간,71,,"The score reflects strong points in value and some technique, but is heavily penalized for critical inconsistencies in ingredient quality and a complete lack of a distinct chef's personality or culinary vision.","While Baekje Gogitgan offers commendable value and some well-executed dishes like its signature semi-frozen yukhoe, critical inconsistencies in ingredient quality, such as reported frozen yukhoe and pork odors, prevent it from achieving true culinary distinction. The absence of a unique chef's personality further limits its appeal beyond a casual, budget-friendly option.","백제고깃간은 저렴한 가격과 살얼음 육회 등 몇몇 괜찮은 메뉴를 선보이지만, 육회 냉동 상태나 돼지 누린내 같은 재료 품질의 치명적인 불일치가 발목을 잡습니다. 셰프의 개성이 부재하여 단순한 가성비 맛집을 넘어선 미식 경험을 제공하지 못합니다.",http://place.map.kakao.com/1417966805,37.5723955815976,126.989078560454,"The reviews are overwhelmingly positive, praising the quality of the meat, friendliness of the staff, and the restaurant's convenience. The reviews do not mention any significant issues that would justify a lower score.",Yes,"The restaurant is highly praised for its meat quality, staff service, and overall experience. There are no significant criticisms or contradictions with the AI score of 71/100.",false,False
역삼동,육회,창고43 역삼점,84,1 Neon Heart,"The score reflects strong points in ingredient quality, unique techniques, and consistent service, balanced against a slightly lower score for value for money.","Changgo43 Yeoksam offers a refined Hanwoo experience with distinctive grilling techniques and high-quality ingredients, particularly its tender Seolhwa Deungsim. While the ambiance and service are consistently excellent, the premium pricing for some signature dishes slightly detracts from its overall value.","창고43 역삼점은 독특한 고기 찢는 방식과 최상급 한우 식재료로 세련된 미식 경험을 제공합니다. 훌륭한 분위기와 서비스는 일관적이나, 일부 시그니처 메뉴의 높은 가격은 가성비 측면에서 다소 아쉽습니다.",http://place.map.kakao.com/387631786,37.5025855503958,127.04410647206,"The reviews are overwhelmingly positive, praising the quality of the meat, the atmosphere, and the overall experience. There are no complaints or contradictions to the AI score. The AI score of 84/100 is in line with the positive feedback provided.",Yes,"The reviews reflect a high level of satisfaction with the restaurant's food quality, service, and ambiance. There are no criticisms that would justify a lower score.",false,False
역삼동,육회,이백,94,2 Neon Hearts,"The score of 94 reflects exceptional ingredient quality, well-executed traditional techniques, a strong chef philosophy emphasizing natural flavors and hygiene, outstanding value, and proven consistency.","Lee Baek delivers an exceptional dining experience, showcasing fresh Hanwoo and live abalone with a clear philosophy of natural flavors and meticulous hygiene. Its consistent quality and remarkable value, especially for lunch, make it a true neighborhood gem.","이백은 신선한 한우와 살아있는 전복을 활용한 요리로 탁월한 미식 경험을 선사합니다. 재료 본연의 맛을 살리려는 철학과 위생에 대한 세심한 배려가 돋보이며, 꾸준한 품질과 뛰어난 가성비로 지역의 보석 같은 존재입니다.",http://place.map.kakao.com/1062324511,37.501261855726405,127.04195469278348,"The reviews are overwhelmingly positive, praising the special menu, convenience, affordability, and friendliness of the staff. There are no complaints about the food quality or service. The AI score of 94/100 is well-supported by the customer feedback.",Yes,"The reviews indicate that the restaurant excels in multiple aspects including the special menu, convenience, affordability, and the friendliness of the staff. There are no complaints about the food quality or service. The AI score reflects this high level of satisfaction.",false,False
역삼동,육회,복돈이막회물회육회해산물 역삼본점,92,2 Neon Hearts,"The score reflects exceptional ingredient quality, strong culinary execution across a diverse menu, and outstanding value and consistency, with only minor deductions for a lack of truly groundbreaking culinary innovation.","This establishment shines with its unwavering commitment to fresh, high-quality ingredients and a surprisingly broad menu executed with skill. It consistently delivers exceptional value, making it a reliable choice for both casual meals and special occasions.","신선한 최상급 재료에 대한 흔들림 없는 고집과 놀랍도록 폭넓은 메뉴를 솜씨 좋게 구현해낸 곳입니다. 꾸준히 뛰어난 가치를 제공하며, 일상적인 식사부터 특별한 모임까지 믿고 찾을 수 있는 선택지입니다.",http://place.map.kakao.com/712590869,37.503708567664,127.040576300336,"The customer receipts are overwhelmingly positive, consistently praising the freshness, quality, and generous portions of the seafood dishes, including thick sashimi, fresh bigeye tuna, and sweet Dokdo shrimp. Reviewers also highlighted the quality of other items like crispy fried food, spicy seafood ramen, and refreshing nurungji tang, along with fresh vegetables, clean side dishes, and a comfortable atmosphere suitable for group gatherings. Many expressed high satisfaction and intent to revisit.",Yes,"The AI score of 92/100 is well-justified as the customer reviews are entirely positive and strongly support a high rating, with no contradictions or negative feedback.",false,False
역삼동,육회,데이릿 강남점,82,1 Neon Heart,"The score of 82 reflects strong points in ingredient quality (18/20) and uniqueness (18/20), balanced by minor reservations regarding the depth of culinary mastery across its diverse fusion menu (15/20), unverified long-term consistency (15/20), and value for money (16/20) from a fine dining perspective.","Daylit Gangnam offers a creative fusion take on yukhoe, utilizing premium Hanwoo 1++ grade beef with unique dishes like Mukeunji Yukhoe Maki. While its inventiveness and ingredient quality are commendable, the overall mastery of diverse fusion techniques and long-term consistency still leave room for refinement.","데이릿 강남점은 한우 1++ 등급 육회와 묵은지 육회마키 같은 독창적인 퓨전 메뉴로 주목할 만합니다. 재료의 신선함과 개성은 높이 평가되지만, 다양한 퓨전 메뉴 전반의 기술적 완성도와 꾸준함은 개선의 여지가 보입니다.",http://place.map.kakao.com/1043026107,37.5025186599116,127.026817842459,Customers highlight the presence of special menus and appreciate the stylish interior.,Yes,"The AI score of 82/100 falls within the 70-89 range. The customer receipts are positive, mentioning a special menu and nice interior, with no indication of genuinely bad food. Therefore, the score is justified.",false,False
역삼동,육회,소뭉집 본점,92,2 Neon Hearts,"The score of 92 reflects outstanding ingredient quality (19), masterful flavors (18), a strong culinary identity (17), exceptional value (19), and proven consistency (19), with no penalties applied due to the low sponsored ratio.","소뭉집 본점 delivers an exceptional mungtigi experience, anchored by its unwavering commitment to daily fresh, high-quality Hanwoo and masterful execution of traditional flavors. Its generous value and consistent popularity solidify its status as a true neighborhood gem.",소뭉집 본점은 당일 도축 한우의 신선함과 전통적인 맛의 숙련된 조화로 탁월한 뭉티기 경험을 선사합니다. 넉넉한 가성비와 꾸준한 인기는 이곳을 진정한 동네 맛집으로 자리매김하게 합니다.,http://place.map.kakao.com/1499378367,37.4906058952896,127.032610961353,"The reviews are overwhelmingly positive, praising the quality of the meat, the unique flavors, and the overall dining experience. There are no negative comments and the customers seem very satisfied with their visit.",Yes,"The reviews highlight the freshness and quality of the meat, along with the traditional flavors and the quality of the service. There are no contradictions or issues mentioned by the customers.",false,False
서초동,육회,육회바른연어 교대점,75,,"The score of 75 reflects solid ingredient quality (16/20) and flavor execution (17/20), offset by a lack of unique culinary vision (10/20), inconsistent value (15/20), and minor issues with consistency (17/20).","While Yukhoe Bareun Yeon-eo Gyodae Branch offers fresh ingredients and generally pleasant flavors, it lacks a distinct culinary identity or chef's personality, leading to an uninspired dining experience. Inconsistent portioning and a notable flaw with frozen yukhoe prevent it from rising above average.","육회바른연어 교대점은 신선한 재료와 깔끔한 맛을 선보이지만, 셰프의 개성이나 독창적인 요리 철학이 부재합니다. 일부 메뉴의 아쉬운 가성비와 육회가 얼어있었다는 점은 평범함을 벗어나지 못하게 합니다.",http://place.map.kakao.com/825721520,37.4934682847696,127.015429734873,The receipt mentions '인테리어가 멋져요' (Interior is nice),Yes,"The review highlights the positive aspect of the restaurant's interior, which is reflected in the AI score of 75/100. While the score is above the 70+ baseline, it is in line with the positive reception of the interior design.",false,False
서초동,육회,토종한우뭉티기정육식당,84,1 Neon Heart,"The score of 84 reflects high marks for ingredient quality and consistent sourcing, balanced by minor deductions for the overall value of side dishes and a lack of truly innovative culinary technique.","토종한우뭉티기정육식당 shines with its exceptional, daily-slaughtered Hanwoo, offering a fresh and flavorful Yukhoe experience. While its core dishes and generous owner impress, some auxiliary items fall short, preventing a higher distinction.","토종한우뭉티기정육식당은 당일 도축한 최상급 한우로 신선하고 깊은 맛의 육회를 선보입니다. 핵심 메뉴의 뛰어난 품질과 넉넉한 사장님의 인심은 돋보이나, 일부 사이드 메뉴의 아쉬움이 더 높은 평가를 가로막았습니다.",http://place.map.kakao.com/357638639,37.48610817927135,127.03219065211763,"The reviews indicate positive experiences with the food quality and a special menu, which aligns with the AI score of 84/100.",Yes,"The reviews mention '고기 질이 좋아요' (the meat quality is good) and '특별한 메뉴가 있어요' (there is a special menu), which matches the high score. There are no complaints about the food quality or service.",false,False
신사동,육회,대봉집 신사본점,89,2 Neon Hearts,"The score reflects excellent ingredient quality, masterful flavor combinations, and strong consistency over time, complemented by a unique retro atmosphere and fair value for money. (Supreme Court Verified: Reviews confirm exceptional quality).","Daebongjip Sinsa Bonjeom delivers a robust culinary experience, excelling in ingredient quality and nuanced flavor profiles, particularly with its premium Hanwoo and well-executed frozen pork belly. Its long-standing presence and unique retro charm make it a cherished neighborhood staple, consistently drawing crowds with its generous portions and reasonable pricing.",대봉집 신사본점은 최상급 한우와 섬세하게 조리된 냉삼 등 식재료의 품질과 맛의 조화에서 뛰어난 실력을 보여줍니다. 오랜 시간 가로수길의 명성을 지켜온 이곳은 독특한 레트로 감성과 넉넉한 인심으로 단골과 관광객 모두에게 사랑받는 동네 맛집입니다.,http://place.map.kakao.com/1853910181,37.5182621089107,127.0214424917,"Customer reviews are overwhelmingly positive, consistently praising the high quality of the frozen pork belly, its savory taste, and the absence of gamey smell. Reviewers also highlight the good value, satisfying portions, pleasant atmosphere, and excellent service, including staff grilling the meat and complimentary side dishes. There are no negative comments or serious complaints.",Yes,"The customer reviews strongly support the AI score of 89/100, with no serious contradictions or complaints found. All feedback is positive, reinforcing the restaurant's reputation as an exceptional neighborhood staple.",false,False
신사동,육회,오늘잡은안동갈비 신사점,92,2 Neon Hearts,"The high scores reflect superior ingredient quality (20), excellent value (20), strong consistency (19), and solid flavor mastery (17) and personality (16). The sponsored ratio was not provided, so no related penalties were applied.","오늘잡은안동갈비 신사점 delivers exceptional 1++ Hanwoo, expertly seasoned to highlight its natural flavor, complemented by outstanding value and free corkage. Its long-standing reputation and consistent quality make it a true neighborhood gem.","오늘잡은안동갈비 신사점은 최고 등급 1++ 한우를 본연의 맛을 살리도록 훌륭하게 양념하며, 탁월한 가성비와 무료 콜키지까지 제공합니다. 오랜 명성과 한결같은 품질로 진정한 동네 맛집으로 자리매김했습니다.",http://place.map.kakao.com/17100607,37.52264729438784,127.02591666141451,"고기의 품질과 맛이 훌륭하며, 고객의 만족도가 매우 높습니다. 직원들의 친절함과 매장의 깔끔함도 호평받았습니다. 또한, 양이 넉넉하게 제공되어 고기 모임을 즐길 수 있었습니다. 고기와 함께 곁들인 된장찌개도 깊게 배어 있어 달짝지근하면서도 짜지 않아 좋았습니다. 이러한 점들을 고려하면 AI 점수와 고객의 피드백이 잘 일치합니다.",Yes,"AI 점수는 92/100이고, 고객들의 피드백에 따라 고기의 품질, 맛, 양, 그리고 직원들의 서비스 등 다양한 측면에서 높은 점수를 받고 있습니다. 이러한 점수 차이를 설명할 수 있는 피드백이 없으며, 모든 리뷰가 고객들의 만족을 보여주므로 AI 점수와 일치합니다.",false,False
신사동,육회,우살롱,92,2 Neon Hearts,"The score of 92 reflects exceptional ingredient quality, a unique dining personality, and strong consistency, with minor deductions for the lack of specific detail on revolutionary Yukhoe techniques and the inherent challenge of perfect value at a high price point.","Woosalon delivers a truly luxurious Hanwoo experience, with impeccable ingredients and service in a private setting. While the overall dining is exceptional, the specific mastery of its Yukhoe, though an 'signature dish,' isn't detailed enough to warrant our highest accolade.","우살롱은 최상급 한우와 전담 서버의 섬세한 서비스로 프라이빗한 미식 경험을 선사합니다. 전반적인 만족도가 높지만, 육회 자체의 독보적인 기술적 완벽함은 아직 최고 등급에 미치지 못합니다.",http://place.map.kakao.com/544347111,37.5261963310253,127.029786906124,"Customers consistently praise the good quality of the meat, the stylish interior, and the presence of special menu items.",Yes,"The customer receipts are entirely positive, highlighting key aspects like food quality, ambiance, and unique offerings, which perfectly align with the expectation of a near-perfect experience for a 92/100 AI score. There are no negative comments regarding food, service, or price.",false,False
신사동,육회,한우드림,98,3 Neon Hearts,"The score reflects perfect marks for ingredient quality, value, and consistency, alongside near-flawless execution in flavor mastery and the chef's unique, dedicated approach.","Hanwoo Dream delivers an unparalleled Hanwoo experience, showcasing 1++ grade beef with masterful preparation and an exceptional value proposition. Its direct sourcing and consistent quality across multiple locations solidify its status as a culinary destination.","한우드림은 최상급 한우를 직접 선별하고 가공하여 제공하며, 모든 요리에서 완벽에 가까운 맛과 기술을 선보입니다. 압도적인 양과 품질, 그리고 변함없는 일관성으로 미식가들에게 최고의 경험을 선사합니다.",http://place.map.kakao.com/1302332951,37.5186886388139,127.024262640933,"The reviews highlight positive aspects such as the quality of the meat, the care in preparation, the friendliness of the staff, and the overall enjoyable experience. There are no significant complaints or contradictions with the AI score of 98/100. The customer appreciates the unique dining experience and considers it memorable and worthwhile.",Yes,"The reviews are overwhelmingly positive, with no contradictions to the AI score. The meat quality, preparation, and service are praised, and the customers express gratitude for the memorable experience.",false,False
성수동,육회,술있는식탁,91,2 Neon Hearts,"The score of 91 reflects high marks for ingredient quality, chef's personality, and consistency, with minor deductions for occasional saltiness and value for money not being explicitly world-beating; the low sponsored ratio allowed for normal scoring without penalty.","This establishment excels with fresh, seasonal ingredients and a creative menu that pairs traditional Korean elements with unique twists. While some dishes lean slightly salty, its consistent quality and innovative spirit make it a beloved local gem.","신선한 제철 재료와 독창적인 메뉴 조합이 돋보이는 곳입니다. 일부 메뉴의 간 조절에 미세한 아쉬움이 있지만, 꾸준한 품질과 혁신적인 시도로 단골들의 사랑을 받고 있습니다.",http://place.map.kakao.com/1277534745,37.546561678779,127.046435173555,"Customers praise the good basic side dishes, special menu options, and stylish interior.",Yes,"The customer receipts are entirely positive, highlighting good food (basic side dishes), unique offerings (special menu), and a pleasant ambiance (interior). This aligns perfectly with the expectation of a near-perfect experience for a 91/100 score, with no negative feedback regarding food, service, or price.",false,False
성수동,육회,우일뭉티기 두번째이야기,91,2 Neon Hearts,"The score reflects high marks for ingredient quality, consistent execution, and excellent value, with minor deductions for flavor mastery and chef's uniqueness which, while good, could be more distinctive, and no sponsored ratio penalty was applied.","우일뭉티기 두번째이야기 delivers an exceptional experience with its daily-slaughtered Hanwoo and consistently praised muntigi, proving itself a reliable neighborhood staple. While the generous portions and unique menu additions are commendable, a truly world-class culinary signature remains just out of reach.","우일뭉티기 두번째이야기'는 매일 도축한 신선한 한우와 뭉티기의 일관된 품질로 뛰어난 미식 경험을 선사합니다. 푸짐한 인심과 독창적인 메뉴 개발은 칭찬할 만하나, 세계적인 수준의 독보적인 맛을 향한 마지막 한 걸음은 아직 남았습니다.",http://place.map.kakao.com/1306429661,37.5468670736645,127.046546260161,"The reviews highlight the positive aspects such as the good quality of the meat, the friendliness of the staff, and the cleanliness of the restaurant. Customers also mention the variety of dishes and the freshness of the ingredients. The AI score of 91/100 is well-aligned with the positive feedback provided by the customers.",Yes,The customer feedback is overwhelmingly positive and supports the AI score. There are no complaints or negative points mentioned in the reviews.,false,False
성수동,육회,도믹스,92,2 Neon Hearts,"The score reflects high marks for the chef's unique personality, masterful techniques, and consistent quality, balanced by strong ingredient quality and good, though not exceptional, value for money.","도믹스 offers a truly inventive take on Korean cuisine, blending diverse culinary traditions with exceptional flair and a clear, singular vision. While wine prices are a slight deterrent, the food's creative execution and consistent quality make it an exceptional neighborhood staple.","도믹스는 한식을 기반으로 한 독창적인 퓨전 요리를 선보이며, 셰프의 독보적인 비전과 뛰어난 기술이 돋보입니다. 다소 높은 와인 가격에도 불구하고, 음식의 창의적인 맛과 꾸준한 품질은 이곳을 훌륭한 동네 맛집으로 만듭니다.",http://place.map.kakao.com/1544982248,37.53671327237188,127.0498234170197,"The customer mentions that the food is creatively unique with a range of dishes like grilled mango, golden shrimps, and fried lotus root with a positive tone.",Yes,"The AI score of 92/100 suggests that the restaurant excels in terms of quality and service. The customer's receipt mentions the creativity and variety of the dishes, which aligns with the high score. However, there are some areas like the high prices of alcohol and the lack of glasses that may warrant a more detailed look to ensure a perfect score can be achieved.",false,False
성수동,육회,평화로,83,1 Neon Heart,"The score of 83 reflects solid ingredient quality, competent flavor execution, and commendable value for its location, with minor deductions for lacking truly exceptional uniqueness or long-term proven consistency.","Pyeonghwaro delivers a commendable yukhoe experience with creative pairings and a diverse menu, all while maintaining reasonable prices in the trendy Seongsu-dong area. While its handmade approach by young owners is admirable, a deeper dive into ingredient sourcing and long-term consistency could elevate its standing.","평화로는 성수동에서 합리적인 가격으로 창의적인 육회 조합과 다양한 한식 메뉴를 선보입니다. 젊은 사장님들의 수제 방식은 칭찬할 만하나, 식재료의 깊이 있는 출처와 장기적인 일관성에 대한 더 명확한 증명이 필요합니다.",http://place.map.kakao.com/1723583888,37.54613430795876,127.0471851544101,"The reviews highlight the positive aspects of the restaurant, including the good food, nice interior, and friendly staff. The customer also appreciated the cozy atmosphere and the complimentary air freshener. Overall, the reviews seem to be overwhelmingly positive and enthusiastic about the dining experience.",Yes,"The reviews indicate that the restaurant has received high praise from customers, with multiple compliments about the food, interior, and overall experience. There are no significant criticisms or contradictions to the AI score.",false,False
성수동,육회,육타,77,,"The score of 77 reflects strong points in ingredient quality and value, offset by significant flaws in cooking technique for premium dishes and a lack of unique culinary personality.","Yukta offers quality Hanwoo and great value, especially with its generous lunch specials and reasonable dinner prices. However, inconsistent execution, particularly with the T-bone steak, prevents it from achieving a higher culinary distinction.",육타는 훌륭한 한우 재료와 합리적인 가격으로 특히 점심 특선에서 높은 만족도를 제공합니다. 하지만 티본 스테이크에서 드러난 조리 기술의 불일치는 더 높은 미식의 경지로 나아가는 데 걸림돌이 됩니다.,http://place.map.kakao.com/895813119,37.54255352803384,127.04541996054388,"The customer reviews indicate satisfaction with the food quality and the interior design, which aligns with the AI score of 77/100. No severe contradictions or contradictions with the score are present.",Yes,"The reviews show positive sentiments about the food quality and the interior design, which are consistent with the AI score. There are no criticisms that contradict the score.",false,False
마장동,육회,신숯불탁탁,84,1 Neon Heart,"The score of 84 reflects outstanding ingredient quality, strong value, and consistent meat sourcing, but is significantly hampered by the lack of specific information regarding the mastery of 육회 preparation techniques.","While Shin Sutbul Tak Tak boasts exceptional Hanwoo quality and value, its specific mastery of 육회 preparation remains largely unproven by the current data. The restaurant's unique market-to-table model and consistent ingredient quality are commendable, yet a lack of detail on its raw meat techniques prevents a higher accolade for its 육회.","신숯불탁탁은 최상급 한우의 품질과 가성비는 뛰어나지만, 육회 조리 기술에 대한 구체적인 정보는 부족합니다. 독특한 시장 직거래 방식과 일관된 재료 품질은 칭찬할 만하나, 육회 자체의 섬세한 맛과 기술에 대한 증거가 미흡하여 아쉬움을 남깁니다.",http://place.map.kakao.com/20136054,37.56983356207025,127.0388768641878,"The reviews highlight the restaurant's friendly staff, reasonable prices, and satisfactory food quality. Although some items are slightly overpriced, the overall experience is positive and the restaurant is praised for its atmosphere and grilled meat.",Yes,"Despite some minor issues with prices, the majority of the reviews indicate satisfaction with the service, food quality, and atmosphere. The restaurant is recommended for its friendly service and satisfactory dining experience.",false,False
마장동,육회,용문집 본점,84,1 Neon Heart,"The score reflects high marks for ingredient quality and a strong culinary legacy, balanced by minor concerns regarding consistency post-relocation and mixed feedback on value for money.","Yongmunjip Bonjeom, a three-generation institution, offers premium 1++ Hanwoo with undeniable quality and a unique culinary heritage. However, its recent relocation introduces a question mark over long-term consistency, and value remains a point of contention for some patrons.","용문집 본점은 3대째 이어온 전통과 함께 1++ 한우의 뛰어난 품질을 자랑합니다. 다만, 최근 이전으로 인한 일관성 유지 여부는 지켜봐야 하며, 일부 고객에게는 가격 부담이 있을 수 있습니다.",http://place.map.kakao.com/2124340945,37.57147110444593,127.04027004577384,"The reviews are overwhelmingly positive, praising the quality and freshness of the meat, the welcoming atmosphere, and the attentive staff. The customer also mentions that they are planning to return, indicating a high level of satisfaction.",Yes,"The reviews highlight the positive aspects of the restaurant without any major criticisms or complaints, aligning well with the AI score of 84/100.",false,False
마장동,육회,마장동 호랑이,91,2 Neon Hearts,"The score reflects exceptional ingredient quality, innovative culinary techniques, and a unique chef's personality, balanced against its premium pricing and solid consistency.","마장동 호랑이 elevates the humble yukhoe with a Le Cordon Bleu touch, showcasing impeccable 1++ Hanwoo and innovative French-Korean fusion. While prices reflect its premium offerings, the culinary artistry and unique chef's vision make it an exceptional destination for discerning palates.","마장동 호랑이는 르 코르동 블루 출신 셰프의 손길로 육회를 미식의 경지로 끌어올립니다. 최고급 1++ 한우와 독창적인 프렌치-한식 퓨전 요리는 다소 높은 가격에도 불구하고 그 가치를 충분히 증명하며, 미식가들에게 특별한 경험을 선사합니다.",http://place.map.kakao.com/355102039,37.5702622682256,127.041996762285,Customers highlight the presence of special menu items and praise the stylish interior design.,Yes,"The customer receipts are positive, mentioning special menu items and a cool interior. These comments align with the expectation for a near-perfect score of 91/100, as there are no mentions of bad food, bad service, or high prices.",false,False
역삼동,육회,서초동연가 테헤란점,94,2 Neon Hearts,"The score reflects outstanding consistency and personality, supported by high-quality ingredients and solid technique, all contributing to excellent value. No sponsorship penalty was applied as no sponsored ratio was provided.","This establishment, boasting 45 years of tradition, excels with its 1등급+ Hanwoo and masterful execution of both classic and unique 육회 dishes. Its generous portions and deep-rooted identity make it an exceptional neighborhood staple.",45년 전통의 이 곳은 1등급 이상 한우를 사용하여 전통 육회와 독창적인 메뉴 모두에서 뛰어난 맛을 선보입니다. 푸짐한 양과 확고한 정체성으로 지역의 자랑스러운 명소로 자리매김했습니다.,http://place.map.kakao.com/21025569,37.5033667084228,127.03902445614992,"The reviews are overwhelmingly positive, praising the quality of the meat, the service, and the overall atmosphere. The staff is described as friendly, the food is described as delicious, and the restaurant is appreciated for its traditional feel. There are no significant criticisms or contradictions to the AI score of 94/100.",Yes,"The reviews do not contradict the AI score and are all highly complimentary, indicating a high-quality dining experience.",false,False
신사동,육회,육회담,88,2 Neon Hearts,"The high scores reflect superior ingredients, skilled technique, and a distinct personality, supported by solid value and consistent quality across all services.","Yukhoedam delivers an exceptional yukhoe experience, marked by impeccable ingredient freshness and a chef's dedicated passion. While some prices are premium, the overall quality and consistency across all services justify its reputation.","육회담은 최상급 재료의 신선함과 셰프의 깊은 열정으로 탁월한 육회 경험을 선사합니다. 일부 메뉴는 가격대가 있지만, 전반적인 품질과 일관성은 그 명성을 충분히 뒷받침합니다.",http://place.map.kakao.com/1041199912,37.51910740404612,127.02057624625468,"The customer reviews highlight the positive aspects such as the special menu, nice ambiance, and variety of dishes. The customer also appreciated the taste and variety of the food items served. There were no criticisms or negative comments regarding the food quality or staff service.",Yes,"The reviews indicate enthusiasm for the restaurant's offerings and overall experience, supporting a high score.",false,False
문래동,육회,채윤희,74,,"The high scores for ingredients, technique, and value are significantly offset by the absence of information regarding personality and consistency, leading to a moderate overall score; no sponsorship penalty was applied.","While 채윤희 offers exceptional quality ingredients and masterful technique at an outstanding value, its lack of a discernible personality and unproven consistency prevent it from achieving higher accolades. The culinary execution is impressive, but the overall dining experience lacks a unique identity and established reputation.","채윤희는 최상급 식재료와 뛰어난 조리 기술, 그리고 압도적인 가성비를 자랑하지만, 뚜렷한 개성과 검증되지 않은 일관성이 아쉬움을 남깁니다. 요리의 완성도는 훌륭하나, 전반적인 경험에서 독창적인 정체성과 확고한 명성을 찾아보기 어렵습니다.",http://place.map.kakao.com/1136854034,37.51539328494587,126.89460146605822,"The reviews are overwhelmingly positive, praising the food quality, portion sizes, and overall experience. The AI score of 74/100 is not far from the enthusiastic praise in the reviews, indicating that the restaurant excels in its offerings and execution.",Yes,"The reviews highlight the delicious food, generous portions, and a positive dining experience, which aligns well with the AI score. The restaurant is commended for its quality of food, price-to-quality ratio, and overall ambiance, which suggests a high-quality dining experience despite the score not being perfect.",false,False
문래동,육회,한옥집,88,2 Neon Hearts,"The score reflects high marks for ingredients, personality, and value, with solid technique, but a slightly lower score for consistency due to limited long-term evidence. No sponsorship penalty was applied as the ratio was 50%.","한옥집 delivers a robust dining experience with impeccably fresh ingredients and generous portions, helmed by a unique MMA fighter owner. While the technique is generally strong, the long-term consistency and local customer base could benefit from more explicit evidence.","한옥집은 신선한 재료와 푸짐한 양으로 만족스러운 식사를 제공하며, MMA 파이터 사장의 개성이 돋보입니다. 전반적인 조리 기술은 훌륭하나, 장기적인 일관성과 지역 단골층에 대한 명확한 증거는 다소 부족합니다.",http://place.map.kakao.com/850513749,37.514330490090266,126.89402948695329,"The reviews are generally positive, with praises for the menu variety, interior, and overall experience. There are a few minor criticisms, such as the food being slightly lacking (except for some dishes liked). The staff is also described as friendly and attentive. These comments suggest that the restaurant provides a good dining experience with room for improvement in some areas.",Yes,"Despite some minor criticisms, the majority of the reviews are positive and highlight the strengths of the restaurant. The AI score of 88/100 is well-aligned with the overall positive feedback received from customers.",false,False
용강동,육회,전주향,78,,"The score reflects superior ingredient quality and a strong personality, balanced by moderate value and a notable lack of detailed evidence for 육회's technique and consistency. No sponsorship penalty was applied as the ratio was not provided.","Jeonjuhyang boasts exceptional 1++ Hanwoo ingredients and a dedicated owner's personal touch. However, the specific mastery and consistent execution of its Yukhoe technique lack sufficient evidence, holding back its overall standing.","전주향은 최상급 1++ 한우 식재료와 사장의 정성 어린 접객으로 높은 평가를 받습니다. 하지만 육회 조리 기술의 일관성과 품질에 대한 구체적인 증거가 부족하여, 더 높은 점수를 부여하기 어렵습니다.",http://place.map.kakao.com/911838761,37.539877504879,126.943967079049,"The reviews indicate that the food quality is good ('고기 질이 좋아요'), the staff is friendly ('직원분들도 너무 친절하시고'), and the variety of dishes is appreciated ('식사 후 기분이 좋을 정도로 만족스러웠습니다'). There are also positive comments about specific dishes and the overall dining experience. However, there are some minor points where the portions could be slightly larger or the menu could offer more dishes.",Yes,The reviews contain no major complaints or contradictions with the score. The positive aspects outweigh the minor concerns.,false,False
서초동,해물파전,북새통,89,2 Neon Hearts,"The score reflects high marks across all categories, particularly for technique and value, with no sponsorship penalty applied.","북새통 stands out as an exceptional neighborhood staple, offering generously portioned, delicious pancakes with a delightful crispness. Despite the potential for slower service from its sole proprietor, the unique character and consistent quality make it a highly satisfying culinary experience.","북새통은 푸짐하고 맛있는 바삭한 전으로 뛰어난 동네 맛집으로 자리매김했습니다. 사장님 혼자 운영하여 서비스가 다소 느릴 수 있지만, 그 독특한 개성과 일관된 품질은 매우 만족스러운 미식 경험을 선사합니다.",http://place.map.kakao.com/16058264,37.4930347876313,127.016269823538,"인테리어가 멋져요, 기본 안주가 좋아요. 개의 리뷰는 추가적으로 개선사항을 제공합니다.",Yes,"주요 리뷰는 음식의 품질에 대해 긍정적이며, 개의 리뷰는 추가적인 개선사항을 요청하고 있습니다.",false,False
성수동,해물파전,종가빈대떡,85,1 Neon Heart,"The high scores in technique, value, and consistency reflect the excellent execution and affordability, while personality received a moderate score due to its traditional, rather than unique, culinary identity; no sponsorship penalty was applied.","Jonggabindaetteok excels with its meticulously prepared mung bean pancakes, showcasing masterful technique and fresh ingredients at an exceptional value. While the food's personality leans traditional, its consistent quality and friendly owner make it a beloved local spot.","종가빈대떡은 정성껏 준비된 녹두전과 신선한 재료, 뛰어난 조리 기술로 훌륭한 가치를 제공합니다. 음식의 개성은 전통에 충실하지만, 꾸준한 품질과 정겨운 사장님 덕분에 지역 주민들에게 사랑받는 곳입니다.",http://place.map.kakao.com/16557600,37.5472814852484,127.046667600112,"The reviews highlight positive aspects such as the taste, variety of dishes, and the ambiance. However, there are mentions of the restaurant being crowded and busy, which could affect the dining experience. The overall tone is positive, with many customers enjoying their visits and recommending the place, especially during rainy days.",Yes,"Despite some minor issues related to crowding, the majority of the reviews are very positive and enthusiastic about the food and atmosphere. The restaurant seems to be a favorite among customers who appreciate its variety and quality of dishes.",false,False
합정동,빈대떡,덕이손만두,91,2 Neon Hearts,"The high scores across all categories reflect the exceptional quality of homemade ingredients, masterful technique, and consistent, long-standing reputation, with no sponsorship penalty applied.","덕이손만두 offers a masterclass in comfort food, with meticulously crafted mandu and a deeply flavorful broth that speaks to years of dedication. The unique, crispy 빈대떡 and homemade noodles elevate this establishment to an exceptional neighborhood staple.",덕이손만두는 수십 년의 노력이 담긴 깊은 육수와 정성껏 빚은 만두로 편안한 음식의 진수를 보여줍니다. 독특하고 바삭한 빈대떡과 직접 제면한 면은 이 식당을 뛰어난 동네 명소로 만듭니다.,http://place.map.kakao.com/15621480,37.54906552633,126.909885484683,"The reviews are overwhelmingly positive, with customers expressing satisfaction and recommending the restaurant. They highlight the deliciousness of the dishes, the friendliness of the staff, and the perfect portions. However, there are a few minor points of improvement noted, such as the quantity of the dishes and the variety of toppings. Overall, the restaurant seems to be a great experience for diners.",Yes,"The reviews are positive and enthusiastic, but there are some minor nitpicks regarding portion sizes and toppings. Despite these, the overall sentiment is very positive.",false,False
서교동,쭈꾸미,홍스쭈꾸미 홍대본점,86,1 Neon Heart,"The score reflects excellent ingredients, technique, personality, and value, but is tempered by concerning reports of recent inconsistency, particularly regarding side dishes like muk.","Hong's Jjukkumi offers a vibrant, spicy octopus experience with expertly balanced flavors and a generous value proposition. However, recent reports of inconsistent side dish quality and a perceived decline from its storied past prevent it from achieving a higher distinction.","홍스쭈꾸미는 활기찬 매운맛과 절묘한 양념, 그리고 넉넉한 가성비를 자랑합니다. 하지만 최근 일부 사이드 메뉴의 품질 저하와 과거 명성 대비 일관성 부족이 지적되어 아쉬움을 남깁니다.",http://place.map.kakao.com/11786671,37.5561874609149,126.926097071033,"The customer's review highlights the restaurant's signature dish, the Beef Stercut, favoring its spicy flavor and unique texture. The review suggests the dish is tender yet satisfying, with a natural, delicious taste that excites the appetite and satisfies cravings.",Yes,"The review is overwhelmingly positive, praising the dish's taste, texture, and ability to satisfy cravings. The level of detail provided in the review supports an improved score.",false,False
서교동,쭈꾸미,동강해물찜,85,1 Neon Heart,"The score reflects high marks for ingredient quality and unique personality, balanced by deductions in technique and consistency due to minor flaws in seasoning and dish composition. No sponsorship penalty was applied. (Supreme Court Verified: Reviews confirm exceptional quality).","동강해물찜 excels with its fresh, seasonal ingredients and a unique 'Imokase' approach, offering a distinct culinary journey. However, minor inconsistencies in seasoning and dish composition, particularly with the seafood jjim, prevent it from achieving a higher distinction.","동강해물찜은 신선한 제철 식재료와 이모카세 방식의 독특한 운영으로 특별한 미식 경험을 선사합니다. 다만, 일부 요리의 간 조절과 해물찜 구성에서 미세한 불일치가 발견되어 아쉬움을 남깁니다.",http://place.map.kakao.com/17448771,37.5535913785335,126.924189316169,"The reviews describe a positive experience with friendly service and delicious food, which aligns with the AI's score of 85/100. However, there are no detailed compliments or flawless reviews that would justify an upgrade. The AI score and the positive but not overly enthusiastic customer feedback are in line with this score.",No,"The reviews mention a positive dining experience with good food and service, but do not contain detailed compliments or overly enthusiastic praise that would justify a higher score.",false,False
서교동,쭈꾸미,오쭈꾸미,89,2 Neon Hearts,"The high scores in ingredients, technique, and consistency reflect the quality and execution, while a solid personality and value round out a strong performance without any sponsorship penalty. (Supreme Court Verified: Reviews confirm exceptional quality).","오쭈꾸미 presents a compelling culinary experience with its expertly balanced, addictive secret sauce and remarkably fresh, plump jjukumi. While the chef's personality is present through the unique seasoning, the overall execution and consistent value make it an exceptional neighborhood staple.","오쭈꾸미는 비법 양념의 중독성 있는 맛과 신선하고 통통한 쭈꾸미의 식감으로 인상적인 미식 경험을 제공합니다. 셰프의 개성이 양념에 잘 드러나며, 전반적인 뛰어난 조리 기술과 일관된 가성비가 돋보이는 훌륭한 동네 맛집입니다.",http://place.map.kakao.com/625517208,37.5557653216539,126.925346013787,"The customer reviews are overwhelmingly positive, praising the delicious and fresh jjukumi, generous portions, excellent value (with free pizza/steamed egg options), friendly and attentive staff, and cozy atmosphere. Customers repeatedly express satisfaction with the taste, service, and overall experience, with many stating they would revisit.",Yes,"The reviews consistently highlight high food quality, excellent service, and great value, fully supporting the AI score of 89/100. There are no serious complaints or contradictions that would warrant flagging or an upgrade.",false,False
창천동,쭈꾸미,주막보리밥,92,2 Neon Hearts,"The high scores reflect exceptional ingredient quality, masterful technique, and outstanding value, supported by a strong culinary identity and consistent positive feedback.","This establishment excels with its meticulous ingredient preparation and masterful cooking techniques, delivering complex flavors and perfect textures across its diverse menu. While the generous portions offer exceptional value, the restaurant maintains a distinct culinary identity and consistent quality, making it a beloved local staple.","주막보리밥은 식재료의 세심한 준비와 숙련된 조리 기술로 다채로운 메뉴에서 복합적인 맛과 완벽한 식감을 선사합니다. 푸짐한 양으로 뛰어난 가성비를 자랑하며, 독자적인 요리 철학과 꾸준한 품질을 유지하여 지역 주민들에게 사랑받는 명소입니다.",http://place.map.kakao.com/1538767777,37.55820027021706,126.9290037448772,"The reviews highlight positive aspects such as the flavorful stewed noodle dish, crispy fried wontons, and the overall dining experience. Customers appreciated the warm and cozy atmosphere, and the restaurant's location in the area where people gather and find more options. The food was well-prepared and enjoyable, with a satisfying texture and taste.",Yes,"The AI score of 92/100 aligns well with the positive customer reviews, indicating that the restaurant meets and exceeds expectations. There are no contradictions or issues mentioned in the reviews that would warrant a different assessment.",false,False
연남동,쭈꾸미,부추긴돼지,89,2 Neon Hearts,"The score reflects high marks across all categories, particularly for technique and ingredients, with no sponsorship penalty applied.","부추긴돼지 demonstrates exceptional mastery in cooking and ingredient selection, particularly with its 1+ grade pork and tender jukkumi. The consistent quality, attentive service, and distinct brand identity make it a standout establishment.","부추긴돼지는 1+ 등급 삼겹살과 부드러운 쭈꾸미 등 식재료 선정과 조리 기술에서 탁월함을 보여줍니다. 일관된 품질, 세심한 서비스, 그리고 독창적인 브랜드 정체성이 돋보이는 곳입니다.",http://place.map.kakao.com/1738836426,37.5614675187992,126.926442721514,"The reviews are overwhelmingly positive, praising the quality of the meat, the staff's friendliness, the ambiance, and the overall dining experience. The customers appreciate the variety of dishes and the flavors. Despite some minor nitpicks, the overall sentiment is highly positive.",Yes,"Despite a few minor criticisms, the majority of the reviews are highly positive and enthusiastic, indicating that the restaurant's quality and service meet or exceed expectations. The reviews are consistent in their praise, with no severe contradictions found.",false,False
상암동,쭈꾸미,어제그쭈꾸미jib,84,1 Neon Heart,"The score reflects high marks for ingredient quality, technique, and value, balanced by a slightly lower score in personality due to a less distinct culinary identity; no sponsorship penalty was applied.","어제그쭈꾸미jib delivers fresh, well-prepared jjukumi with excellent value, making it a reliable choice for a satisfying meal. While the execution is solid and service attentive, it lacks a truly distinctive culinary signature to elevate it further.","어제그쭈꾸미jib은 신선한 쭈꾸미와 훌륭한 가성비를 자랑하며, 만족스러운 식사를 위한 믿음직한 선택입니다. 조리 기술과 서비스는 훌륭하나, 독창적인 요리 개성이 다소 부족하여 다음 단계로 나아가기에는 아쉬움이 남습니다.",http://place.map.kakao.com/17032544,37.57630417292051,126.89637789391443,"The customer reviews indicate that the restaurant is delicious and has satisfying food despite the minor inconvenience of no side dishes. The reviewer describes the dishes as tasty and flavorful, and enjoyed the meal with their friends. They also mention the restaurant is popular and worth visiting again. The comments suggest that the restaurant has a good reputation and is enjoyable.",Yes,"The AI score is 84/100, which is close to the upper limit of the good range. The reviews contain multiple positive aspects and no significant criticisms. The AI score aligns well with the positive feedback given by the customers.",false,False
익선동,쭈꾸미,오죽이네,84,1 Neon Heart,"The high scores in technique and consistency reflect the masterful flavor and long-standing quality, while ingredients, personality, and value are also strong. No sponsorship penalty was applied as the ratio was below 50%.","오죽이네 delivers a robust dakmaeuntang with a deeply flavorful broth and perfectly tender chicken, showcasing consistent quality over many years. While not groundbreaking in its culinary approach, its reliable execution and excellent value make it a commendable local choice.","오죽이네는 수년간 변함없는 깊고 칼칼한 국물과 부드러운 닭고기로 닭매운탕의 정수를 보여줍니다. 혁신적이지는 않지만, 뛰어난 조리 기술과 합리적인 가격으로 꾸준히 사랑받는 곳입니다.",http://place.map.kakao.com/16734831,37.57375803293386,126.99080354567867,"The reviews highlight the deliciousness of the dishes, particularly the Chicken Stew with lots of chili and the cold and tender chicken. The reviewer also mentions that the menu is for first-time visitors and provides useful information. The overall tone of the reviews is positive, praising the quality of the food and the restaurant's atmosphere.",Yes,"Despite the AI score of 84/100, the detailed and positive feedback from the customers justifies the score. The AI system appears to have accurately captured the positive sentiment of the reviews.",false,False
을지로,쭈꾸미,용광쭈꾸미,84,1 Neon Heart,"The score reflects exceptional technique and personality derived from a 50-year tradition, alongside strong consistency and good value, with a slightly lower score for ingredients due to lack of specific detail.","This establishment masterfully executes its 쭈꾸미볶음 with a 50-year-old traditional sauce, delivering a potent blend of spice, umami, and smoky char. Its unique potato pancake pairing and consistent quality make it a cherished local favorite, though specific ingredient sourcing details remain elusive.",용광쭈꾸미는 50년 전통의 양념으로 매콤하면서도 깊은 감칠맛과 불향을 완벽하게 구현합니다. 얇은 감자전과의 독특한 조합과 꾸준한 맛으로 지역 주민들에게 사랑받는 명소입니다.,http://place.map.kakao.com/1403433057,37.5651995963946,126.992495628261,"The reviews highlight the restaurant's nice interior, delicious marinade and mix of ingredients, and the enjoyable dining experience. The diners appreciate the quick service and the satisfying taste of the food, especially the spicy and tender beef sujji. The restaurant seems to be well-loved among its customers.",Yes,The positive comments outweigh the minor nitpicks and there are no contradictions to the AI score. The customers seem to have enjoyed their visit and recommend the restaurant.,false,False
을지로,쭈꾸미,공평동꼼장어 을지로점,78,,"The score breakdown reflects strong points in ingredients, value, and consistency for the main dish, balanced against a lower score for personality and minor flaws in technique for other items; no sponsorship penalty was applied as the ratio was 50%.","This establishment offers commendable quality and consistent preparation for its primary eel dish, alongside reasonable pricing. However, a notable absence of distinct culinary personality and inconsistent execution on secondary menu items preclude a higher rating.",이곳은 주꾸미 메인 요리의 품질과 일관된 조리 기술이 훌륭하며 합리적인 가격을 제공합니다. 하지만 뚜렷한 요리적 개성이 부족하고 일부 보조 메뉴의 완성도가 아쉬워 더 높은 평가를 받지 못했습니다.,http://place.map.kakao.com/590134050,37.5667013849756,126.990156964297,"The reviews highlight the deliciousness of the grilled mackerel, the pleasant atmosphere, and the perfect combination of flavors. The customer appreciated the wide menu options and the ability to order individually. These positive aspects outweigh any minor nitpicks.",Yes,"The reviews are overwhelmingly positive, praising the taste, atmosphere, and variety of the dishes, which justifies the AI's score of 78/100.",false,False
명동,쭈꾸미,다동황소막창,76,,"The score reflects strong technique and consistency, balanced against a lower value score due to pricing and portion size, with no sponsorship penalty applied.","This establishment demonstrates commendable mastery in cooking technique, delivering perfectly textured makchang and addictive jjukumi with consistent quality. However, the value proposition is notably weak, with portions feeling insufficient for the premium pricing.",다동황소막창은 완벽한 식감의 막창과 중독성 있는 쭈꾸미를 일관된 품질로 제공하며 조리 기술에서 칭찬할 만한 숙련도를 보여줍니다. 하지만 가격 대비 양이 부족하다는 점에서 가성비는 현저히 아쉬운 부분입니다.,http://place.map.kakao.com/129517930,37.5626621896615,126.98220856438,"The reviews are overwhelmingly positive, praising the ambiance, special dishes, and overall dining experience. The customer enjoyed their visit and recommends the restaurant for future visits. They also mentioned that the restaurant has a new menu item (egg stir-fry and bibimbap), which they tried and liked. The AI score of 76/100 aligns well with the positive customer feedback, suggesting that the restaurant meets the expectations of its customers.",Yes,"The reviews are entirely positive with no significant criticisms. The AI score is slightly below the typical threshold for a 5-star review, but the enthusiasm in the customer comments aligns with the AI score.",false,False
역삼동,쭈꾸미,든든아구,91,2 Neon Hearts,"The high score reflects superior ingredient sourcing, masterful technique, and a strong owner-driven identity, all consistently delivered with reasonable value. (Supreme Court Verified: Reviews confirm exceptional quality).","든든아구 exhibits an exceptional commitment to quality, meticulously sourcing fresh, live anglerfish directly from Pohang, which translates into dishes of remarkable freshness and precise execution. The owner's dedication ensures a consistent, high-quality experience, making it an outstanding culinary destination.",든든아구는 포항에서 직접 공수한 신선한 활아구를 통해 탁월한 재료의 맛과 정교한 조리 기술을 선보입니다. 사장의 헌신적인 노력과 일관된 품질은 이 곳을 뛰어난 미식 경험을 제공하는 곳으로 만듭니다.,http://place.map.kakao.com/2272595,37.4943237040711,127.034879852991,"The reviews describe a variety of appetizers, main courses, and desserts, including fresh and delicious dishes like grilled fish, seafood platters, and unique additions such as fish liver. The customer seems to have had a memorable and enjoyable dining experience, praising the freshness and quality of the fish. However, the AI score of 91/100 is high, which contradicts the customer's positive feedback. The customer does not mention any complaints or issues with the food quality. It is unclear if the high AI score is based on the actual customer experience or some other metric.",No,"The AI score of 91/100 is significantly higher than the average score given by customers, which raises concerns about whether the score is aligned with the actual experience described in the reviews.",false,False
역삼동,쭈꾸미,백년교동짬뽕 강남본점,72,,"The score reflects strong technique and exceptional value, but is significantly hampered by the complete absence of data regarding the restaurant's personality and consistency.","While the culinary execution and value are commendable, particularly the fiery Jjukkumi Jjajangmyeon, the lack of information regarding the chef's unique identity and long-term consistency prevents a higher rating. This establishment offers excellent daily deals but remains an unproven entity in terms of enduring reputation.","불맛 쭈꾸미 짜장면의 훌륭한 조리 기술과 뛰어난 가성비는 칭찬할 만하지만, 셰프의 개성과 장기적인 일관성에 대한 정보가 부족하여 높은 평가를 내리기 어렵습니다. 매일 파격적인 할인을 제공함에도 불구하고, 지속적인 명성에 있어서는 아직 검증되지 않은 곳입니다.",http://place.map.kakao.com/2069139051,37.4909663430788,127.032448288623,"The reviews highlight positive aspects such as the flavorful menu, hearty portions, and a pleasant interior. The customer appreciated the unique combination of flavors and the variety of ingredients. The only potential areas for improvement are minor details like the interior space not being as spacious as advertised. Overall, the reviews indicate a high level of satisfaction and enthusiasm.",Yes,"The restaurant received positive feedback with no major complaints, indicating that the AI score of 72 is reasonable and accurately reflects the overall customer experience.",false,False
역삼동,쭈꾸미,갓포돈 역삼2호점,72,,"The score reflects exceptional ingredient quality and technical mastery, but is significantly hampered by the complete lack of information regarding the chef's personality and the restaurant's value proposition.","While the ingredients are undeniably premium and the cooking execution superb, the establishment lacks a discernible culinary personality. Furthermore, the absence of information regarding value and long-term customer consistency prevents a higher commendation.","최고급 재료와 뛰어난 조리 기술은 칭찬할 만하나, 이 식당만의 독특한 개성이 부족합니다. 가성비와 장기적인 고객 일관성에 대한 정보 부재로 인해 더 높은 평가를 내리기 어렵습니다.",http://place.map.kakao.com/1200683079,37.5034737230233,127.036857614442,"The reviews highlight the restaurant's top features such as delicious food, good prices, friendly staff, and a clean environment. Despite a few nitpicks, the overall sentiment is overwhelmingly positive and enthusiastic. The restaurant is clearly a favorite among customers who regularly visit and recommend it.",Yes,"The majority of reviews are highly complimentary and suggest that the restaurant is well-loved by its customers. The AI score of 72 is within the range where positive and neutral reviews outweigh any minor criticisms, making it appropriate to give the restaurant a higher score based on customer feedback.",false,False
대현동,제육볶음,참참참,78,,"The score reflects strong points in ingredients, personality, and value, balanced against minor technical flaws and a lack of explicit consistency data, with no sponsorship penalty applied.","While 참참참 offers a heartwarming, homemade jeyuk-bokkeum with quality ingredients and good value, its technique shows minor flaws in seasoning balance. A lack of explicit evidence for long-term consistency prevents it from earning a Neon Heart.","참참참은 따뜻한 분위기에서 좋은 재료와 합리적인 가격의 제육볶음을 선보이지만, 간 조절에서 미세한 아쉬움이 있습니다. 장기적인 일관성에 대한 명확한 증거가 없어 네온 하트를 받기에는 부족합니다.",http://place.map.kakao.com/10770219,37.5594592726059,126.944750333255,"The reviews are overwhelmingly positive, praising the food quality, consistency, and the overall dining experience. The staff seems to be appreciated, and the restaurant is considered a favorite by its regulars. The feedback is consistent and enthusiastic, indicating a high level of customer satisfaction.",Yes,The reviews contain no negative comments and are filled with compliments and appreciation for the restaurant's food and service.,false,False
대현동,제육볶음,박가네,80,1 Neon Heart,"The score breakdown reflects strong points in technique and exceptional value, offset by a lack of distinct personality and explicit consistency data. No sponsorship penalty was applied.","박가네 delivers a delicious 제육볶음 with truly exceptional value, offering generous portions that defy profitability expectations. While the core execution is strong, the restaurant lacks a distinct culinary personality and long-term consistency data.","박가네의 제육볶음은 맛과 더불어 놀라운 가성비를 자랑하며, 남는 것이 있을까 의문이 들 정도로 푸짐합니다. 하지만 독창적인 개성과 장기적인 일관성에 대한 명확한 증거는 부족합니다.",http://place.map.kakao.com/1932668117,37.55814757767813,126.9450863069545,"The reviews are overwhelmingly positive, praising the food quality, hygiene, and service. The reviewer mentions the consistent provision of side dishes like egg fried rice and the deliciousness of various dishes, including kimchi meatball stir-fry and chicken hotpot. The restaurant is compared favorably to other restaurants, especially in terms of portion sizes and overall dining experience. The only minor critiques are about the price and the availability of all meals for takeout.",Yes,"Despite some minor critiques, the reviews are entirely positive and enthusiastic, indicating that the restaurant meets or exceeds customer expectations in every aspect. The consistent delivery of side dishes and the overall dining experience are highlighted as positive points.",false,False
망원동,제육볶음,가정식고바우식당,80,1 Neon Heart,"The score breakdown reflects strong technique and value, balanced by a focus on home-style personality rather than unique flair, and a deduction in consistency due to reports of lukewarm dishes.","This establishment offers a commendable home-style experience with well-balanced flavors and exceptional value, reminiscent of a comforting meal at home. However, minor inconsistencies in serving temperature prevent it from achieving a higher distinction.","이곳은 집밥 같은 편안함과 훌륭한 가성비, 그리고 균형 잡힌 맛으로 칭찬할 만한 경험을 제공합니다. 하지만 음식 온도의 사소한 불일치가 더 높은 평가를 받는 데 걸림돌이 됩니다.",http://place.map.kakao.com/16047613,37.556340510776046,126.8991500297048,"The reviews are overwhelmingly positive, praising the food quality, variety, and overall dining experience. The restaurant is recommended by customers and described as having delicious main dishes and side dishes. The AI score of 80/100 aligns with the positive reception from customers.",Yes,"The reviews indicate that the restaurant is highly satisfactory and recommended, which is consistent with the AI score of 80/100. There are no negative points mentioned in the reviews.",false,False
망원동,제육볶음,행복나들맛집,88,2 Neon Hearts,"The score reflects high marks for authentic ingredients, skilled technique, and a strong personal identity, combined with excellent value, though specific consistency for Jeyuk-bokkeum itself was less documented. No sponsorship penalty was applied as the ratio was 0%.","This establishment excels with its authentic Southern Korean ingredients and the owner's distinct, skilled hand, offering exceptional value for its signature dishes. While specific Jeyuk-bokkeum mentions are sparse, the overall consistency and warm personality make it a beloved local gem.","남도의 신선한 재료와 사장님의 뛰어난 손맛, 그리고 독보적인 개성이 어우러져 탁월한 가치를 선사합니다. 제육볶음에 대한 구체적인 언급은 적으나, 전반적인 음식의 일관성과 친근한 분위기가 지역 주민들에게 사랑받는 이유입니다.",http://place.map.kakao.com/1836184766,37.5558539051644,126.899071463729,"The reviews indicate positive feedback with compliments about the food, atmosphere, and prices. The review mentions the specialty menu, the chef's presence, and the variety of dishes. There are no complaints or contradictions to the AI score.",Yes,"The reviews are overwhelmingly positive and complimentary, which aligns with the AI score of 88/100. There are no significant issues or contradictions.",false,False
합정동,제육볶음,염돈,82,1 Neon Heart,"The score breakdown reflects strong technique and exceptional value, with good points for ingredients and personality. Consistency received a moderate score due to the lack of explicit long-term reputation evidence in the provided summary.","Yeomdon's Jeyuk Bokkeum offers a remarkably well-executed, lean, and smoky rendition of the classic, served at an exceptional value. While the ingredients are fresh and technique precise, direct evidence of long-term consistency and unique sourcing remains somewhat understated.","염돈의 제육볶음은 담백하고 불향 가득한 훌륭한 조리법으로, 뛰어난 가치를 제공합니다. 신선한 재료와 정교한 기술이 돋보이지만, 장기적인 일관성과 특별한 재료 조달에 대한 명확한 언급은 부족합니다.",http://place.map.kakao.com/228645538,37.5462787605394,126.916027740254,"The reviews are overwhelmingly positive, praising the quality of the meat, the hospitality of the staff, and the variety of side dishes. The customer enjoyed their visit and recommends the restaurant for future visits.",Yes,"The reviews are full of praise and enthusiasm, with no significant criticisms or contradictions to the score.",false,False
상암동,제육볶음,도담부대찌개,89,2 Neon Hearts,"The score reflects high marks for technique, personality, and value, supported by fresh ingredients and consistent quality in banchan, with no sponsorship penalty applied.","This establishment delivers a robust 제육볶음, distinguished by its fresh ingredients, authentic '불맛,' and exceptional value. While some dishes may exhibit a unique, less intense seasoning, the overall culinary execution and the chef's distinct personality shine through consistently.","신선한 재료와 정통 '불맛'이 살아있는 제육볶음은 탁월한 가성비를 자랑합니다. 일부 메뉴에서 독특한 양념 스타일이 엿보이지만, 전반적인 요리 기술과 이모님의 개성이 꾸준히 빛나는 곳입니다.",http://place.map.kakao.com/1127889631,37.5761535557146,126.89518605776216,"The reviews are overwhelmingly positive, praising the flavors, portion sizes, and overall experience. There are no complaints or issues mentioned.",Yes,"The reviews indicate that the food is delicious, the portions are ample, and the customer service is satisfactory. The only minor issues mentioned are about timing and a few reviews not being included.",false,False
창신동,제육볶음,고기와찌개마을,76,,"The score reflects strong points in general ingredient quality, value, and overall restaurant consistency, but is significantly tempered by the lack of specific focus and personality for the requested Jeyuk-bokkeum. No sponsorship penalty was applied.","This establishment offers a broad menu with commendable quality in its homemade ingredients and consistent execution across many dishes. However, its Jeyuk-bokkeum lacks a distinct identity, overshadowed by other popular items, preventing it from achieving a higher culinary distinction.",이 식당은 다양한 메뉴에서 칭찬할 만한 수제 재료와 일관된 조리 기술을 선보입니다. 하지만 제육볶음은 다른 인기 메뉴들에 가려져 독자적인 개성이 부족하여 높은 미식적 평가를 받기 어렵습니다.,http://place.map.kakao.com/1867895069,37.5726693995483,127.011799906986,"The reviews are overwhelmingly positive, praising the delicious Kimchi Jjigae and enthusiastic about the attentive service. The reviewer also suggests trying the reactions by pressing the facial expressions, which adds a unique feature to the dining experience. The minor criticisms are minor nitpicks and do not significantly detract from the overall positive sentiment.",Yes,"The majority of the reviews are highly complimentary and enthusiastic, with no severe contradictions or criticisms that would justify a lower score.",false,False
창신동,제육볶음,행복하면돼지,88,2 Neon Hearts,"The score reflects strong technique and a unique 'mom-style' personality, complemented by high-quality ingredients and excellent value, with consistency implied by its local charm. No sponsorship penalty was applied.","This 'mom-style' eatery delivers exceptional home-cooked 제육볶음 and an array of consistently delicious banchan, embodying authentic Korean comfort food. Its unassuming setting belies a culinary heart that truly shines, offering remarkable value in a local residential gem.","진정한 '엄마표' 손맛으로 제육볶음과 모든 반찬이 한결같이 훌륭하며, 꾸밈없는 주택가 식당에서 탁월한 가치를 선사합니다. 소박한 분위기 속에서도 음식의 깊은 맛과 정성으로 빛나는 보석 같은 곳입니다.",http://place.map.kakao.com/19314063,37.5745574952692,127.015205329239,"The customer reviews are overwhelmingly positive, praising the variety and quality of dishes, as well as the service. The AI score aligns well with the customer feedback.",Yes,"The customer reviews are filled with compliments about the food quality, variety, and service, which supports the AI score of 88/100.",false,False
낙원동,제육볶음,일미식당,83,1 Neon Heart,"The score breakdown reflects strong points in ingredients, personality, and consistency, with minor deductions for slight ambiguity in technique and a slightly higher price point for value. No sponsorship penalty was applied as no sponsored ratio was provided.","Ilmi Sikdang offers a commendable Jeyuk Bokkeum with tender pork and a sauce that is generally well-balanced, though flavor descriptions show slight variance. The owner's dedication is palpable, contributing to a consistent and satisfying meal.","일미식당의 제육볶음은 부드러운 돼지고기와 균형 잡힌 양념으로 훌륭하지만, 맛 표현에 미세한 차이가 있습니다. 사장님의 정성이 느껴지며, 꾸준히 만족스러운 식사를 제공합니다.",http://place.map.kakao.com/15700115,37.5725756555685,126.987801646366,食事の内容は充実しており、特に緑茶と蒸した海鮮の皿は人気があり、また、個室の座席も気に入ったようでした。ただし、メニューにオマケの緑茶が付いていない点を指摘しました。全体的には好評のレビューで、サービスや料理の質には満足しているようでした。,Yes,緑茶のオマケについては、AIのスコア83に対して、より具体的なフィードバックが必要でした。全体的には正面が明確で、評価は高く、AIスコアと一致しています。,false,False
인현동,제육볶음,성원식당 별관,91,2 Neon Hearts,"Scores reflect high marks for ingredients, technique, value, and consistency, with a strong personality score, based on the provided LA Galbi summary. No sponsorship penalty was applied. (Supreme Court Verified: Reviews confirm exceptional quality).","While my expertise lies in 제육볶음, this establishment's LA Galbi demonstrates exceptional quality and masterful technique. The briquette-grilled meat, balanced seasoning, and robust local recognition truly set it apart.","제육볶음 전문 비평가로서, 이 식당의 LA갈비는 탁월한 품질과 숙련된 조리 기술을 선보입니다. 연탄불에 구운 고기, 균형 잡힌 양념, 그리고 견고한 지역적 명성이 돋보이는 곳입니다.",http://place.map.kakao.com/1069536169,37.565062792632766,126.99536835097793,"Customer reviews are overwhelmingly positive, praising the high quality of LA Galbi and stir-fried squid, generous portions, excellent value for money (especially lunch specials), and friendly staff. Multiple reviews specifically highlight good meat quality, delicious flavors, and kind service.",Yes,"The customer reviews are consistently positive, highlighting excellent food quality, taste, value, and service, which strongly supports and justifies the high AI score. There are no serious complaints or contradictions to the score.",false,False
역삼동,제육볶음,동해식당,76,,"The score reflects strong points in value and consistency, alongside competent technique and good ingredients, but is significantly pulled down by the absence of a unique culinary personality.","Donghae Sikdang delivers generous portions of well-executed comfort food, particularly its Jeyuk Bokkeum, which boasts balanced seasoning and a satisfying texture. However, it lacks a distinctive culinary personality, and while ingredients are good, they don't reach an exceptional standard.","동해식당은 넉넉한 양과 균형 잡힌 양념의 제육볶음으로 편안한 집밥의 맛을 훌륭하게 구현합니다. 다만, 식당만의 독창적인 개성이 부족하며, 재료의 품질은 좋으나 최상급에는 미치지 못합니다.",http://place.map.kakao.com/20000724,37.50463306449,127.042940519651,"The customer provided enthusiastic feedback, mentioning that the food was very delicious and the staff were very friendly, indicating a positive experience.",Yes,"The review conveys an overwhelmingly positive sentiment without any critical remarks, which aligns with the AI score of 76/100.",false,False
서초동,제육볶음,진미정생선구이,75,,"The score reflects solid ingredients and value for the 제육볶음, coupled with a clear home-style personality, but is significantly pulled down by inconsistent technique and execution, particularly concerning the grilled fish; no sponsorship penalty was applied.","While the 제육볶음 offers well-seasoned meat and the restaurant provides good value with a comforting, home-style identity, significant technical inconsistencies mar the experience. The noted issue with fish not being freshly grilled raises concerns about overall kitchen execution and reliability.","제육볶음은 양념이 잘 배어 있고 깔끔하며, 전반적으로 가성비 좋은 집밥 같은 정갈한 한 끼를 제공합니다. 하지만 생선구이가 갓 구운 맛이 아니라는 평은 주방의 기술적 일관성에 대한 의문을 제기합니다.",http://place.map.kakao.com/21412170,37.48838410058074,127.01380384291136,"The customer reviews highlight the strengths of the restaurant, particularly in the quality of the seafood, the freshness of the ingredients, and the reasonable portion sizes. There are no severe complaints or contradictions found in the reviews. The customer seems to enjoy the restaurant and recommends trying the kim (kimchi).",Yes,"The reviews indicate that the customer is a fan of the restaurant's food, especially the seafood dishes, and enjoys the freshness and taste of the ingredients. There are no notable issues mentioned, and the customer even recommends trying the kimchi. This aligns well with the AI score of 75/100, suggesting that the restaurant has positive attributes that are acknowledged by customers.",false,False
서초동,제육볶음,서초된장박이생삼겹살,83,1 Neon Heart,"The score reflects high marks for ingredients, personality, value, and consistency, slightly tempered by the 'ordinary' rating for the 제육볶음's technique.","This 25-year-old establishment shines with its homemade ingredients and exceptional value, offering a truly authentic experience. While the jeyuk-bokkeum itself is merely ordinary, the overall dedication to quality and consistency makes it a worthwhile visit.","25년 전통의 이 식당은 직접 담근 재료와 뛰어난 가성비로 진정한 맛을 선사합니다. 제육볶음 자체는 평범하나, 전반적인 품질과 일관성에 대한 헌신은 방문할 가치가 충분합니다.",http://place.map.kakao.com/104262035,37.48937560904079,127.00980121985438,"The majority of the reviews are positive, praising the taste of the meat, the variety of dishes, and the overall dining experience. There are no significant complaints or criticisms about the food or service. The reviews suggest that the restaurant met or exceeded the customer's expectations.",Yes,"The reviews are overwhelmingly positive, indicating that the restaurant's service and food quality met or exceeded customer expectations. There are no criticisms or contradictions to the AI score of 83/100.",false,False
문래동,제육볶음,문래옥,91,2 Neon Hearts,"The score reflects high marks for its quality ingredients, distinct personality, and exceptional value, with minor deductions for technique due to some feedback on flavor intensity.","Moonraeok delivers a robust, authentic Korean dining experience, particularly excelling in its home-style banchan and deeply flavored stews. While the jeyuk-bokkeum and doenjang-jjigae might be intense for some palates, its generous portions and warm service solidify its status as a beloved local institution.","문래옥은 정갈한 집밥 같은 밑반찬과 깊은 맛의 찌개로 견고하고 진정한 한식 경험을 선사합니다. 제육볶음과 된장찌개가 일부에게는 다소 자극적일 수 있으나, 넉넉한 인심과 친절한 서비스로 사랑받는 지역 명소로서의 입지를 굳건히 합니다.",http://place.map.kakao.com/7876403,37.5212948265209,126.886783242957,"The reviews highlight the positive aspects of the restaurant, such as the delicious '차돌 된장찌개' and the satisfying side dishes. The AI score of 91/100 aligns well with the overwhelmingly positive feedback. The customer praised the restaurant's consistency and recommended dishes. The only potential area for improvement could be the limited availability of the lunch menu. Overall, the reviews support the AI score of 91/100.",Yes,The restaurant received multiple positive reviews praising the food and service. The AI score is consistent with the positive feedback.,false,False
문래동,제육볶음,옛골,74,,"The score of 74 is the sum of points for implied good ingredients, strong technique, moderate personality, excellent value, and limited explicit evidence for consistency. No sponsorship penalty was applied as the ratio was not provided. (Supreme Court Verified: Reviews confirm exceptional quality).","옛골 delivers a remarkably balanced 제육볶음, executed with precision and offering exceptional value. However, it lacks a distinctive culinary personality and concrete evidence of long-term consistency to merit a Neon Heart.",옛골은 균형 잡힌 제육볶음을 훌륭한 기술로 선보이며 가격 대비 뛰어난 만족감을 제공합니다. 하지만 독창적인 개성과 장기적인 일관성에 대한 명확한 증거가 부족하여 네온 하트를 받기에는 미흡합니다.,http://place.map.kakao.com/15686293,37.5127138569443,126.894777159354,"Customer reviews are positive, praising the generous side dishes and mentioning a special menu, with no negative feedback.",Yes,"The AI score of 74/100 is in the 70-79 range, which indicates a decent spot where mixed reviews are normal. The provided customer reviews are positive or neutral, highlighting generosity and unique offerings, and contain no serious complaints that would contradict the AI's score.",false,False
문래동,제육볶음,시골청국장된장찌개,82,1 Neon Heart,"The score reflects strong consistency and value, with excellent technique for the stews, but the 제육볶음's flavor profile and limited ingredient details for the main dish slightly tempered the overall assessment; no sponsorship penalty was applied. (Supreme Court Verified: Reviews confirm exceptional quality).","The stews at this establishment shine with authentic depth and flavor, offering exceptional value that truly impresses. However, the 제육볶음's pronounced sweetness and a general lack of specific ingredient details for the main dish prevent a higher commendation.",이곳의 청국장과 된장찌개는 깊은 맛과 훌륭한 가성비를 자랑하며 깊은 인상을 남깁니다. 하지만 제육볶음의 강한 단맛과 주력 메뉴의 재료 품질에 대한 구체적인 언급 부족이 더 높은 평가를 가로막습니다.,http://place.map.kakao.com/27322508,37.5159300199779,126.888429233042,"The reviews describe a variety of dishes and a memorable dining experience. However, the AI score of 82/100 suggests there might be room for improvement. The restaurant seems to have a positive reputation based on customer experiences, despite the slightly lower score.",No,"The AI score (82/100) is lower than the scores in the customer reviews (described as enthusiastic and 5-star). Despite this difference, the reviews indicate a positive dining experience.",false,False
정릉동,제육볶음,성원식당,92,2 Neon Hearts,"The high score reflects outstanding value and consistency, supported by excellent ingredients, solid technique, and a unique, welcoming personality. No sponsorship penalty was applied.","성원식당 delivers an exceptional home-style dining experience, marked by its incredible value and the heartwarming, consistent quality of its fresh ingredients. The generous portions and daily changing banchan solidify its status as a beloved local gem.",성원식당은 놀라운 가치와 신선한 재료의 따뜻하고 일관된 품질로 뛰어난 가정식 식사 경험을 선사합니다. 푸짐한 양과 매일 바뀌는 반찬은 이곳을 사랑받는 지역 명소로 굳건히 자리매김하게 합니다.,http://place.map.kakao.com/24265806,37.6024741569551,127.012592795084,"The reviews are overwhelmingly positive, praising the food quality, value for money, and friendly atmosphere. The AI score of 92/100 aligns well with the enthusiastic feedback from customers, who recommend the restaurant and express a desire to return. Despite the restaurant being popular and sometimes crowded, the customer satisfaction seems high.",Yes,"The reviews are consistently positive, indicating high satisfaction with the food and service. The AI score of 92/100 is in line with the positive feedback from customers, who recommend the restaurant and express a desire to return.",false,False
망원동,기사식당,만복기사식당,77,,"The score reflects exceptional technique and strong consistency, but is significantly pulled down by a poor value proposition due to increased prices and reduced portions.","While 만복기사식당 excels in culinary technique and maintains consistent flavors, its value proposition has significantly diminished. Portions are smaller and prices have risen, detracting from the traditional 기사식당 charm.","만복기사식당은 뛰어난 조리 기술과 일관된 맛을 자랑하지만, 가성비는 크게 하락했습니다. 줄어든 양과 높아진 가격은 기사식당 본연의 매력을 반감시킵니다.",http://place.map.kakao.com/11969069,37.5552707878608,126.899927838397,"The reviews indicate that the restaurant offers good quality food, with specific mentions of the variety and freshness of the dishes. The staff is described as courteous, and the ambiance is appreciated. However, the food is described as '느끼' (slightly salty), which is a minor criticism. Despite this, the overall experience seems positive and the food is recommended for those who enjoy the taste of the dishes served.",Yes,"The restaurant is described as a good option for a quick meal, especially when visiting the nearby Momyeonggang Park. The reviews highlight the quality of the food, the friendly staff, and the variety of dishes offered. The minor criticism of the food's saltiness is outweighed by the positive aspects mentioned.",false,False
서교동,치킨,로켓치킨,72,,"Ingredients and technique scored highly due to the use of fresh, domestic chicken and excellent flavor execution across multiple dishes, while consistency received a low score due to a complete lack of supporting information.","Rocket Chicken demonstrates exceptional mastery in ingredient selection and culinary technique, crafting well-balanced and flavorful dishes. However, a lack of documented consistency and a somewhat generic brand personality prevent it from achieving a higher distinction.","로켓치킨은 식재료 선정과 조리 기술에서 탁월한 실력을 보여주며, 균형 잡히고 맛있는 요리를 선보입니다. 하지만 일관성에 대한 정보 부족과 다소 평범한 브랜드 개성으로 인해 더 높은 평가를 받지 못했습니다.",http://place.map.kakao.com/2079469733,37.55129687257679,126.91539856018991,"The reviews are overwhelmingly positive, praising the chicken as delicious and crispy, the portion sizes, and the overall experience. There are no complaints about the food or service. The restaurant seems to be well-received by customers for its tasty food and spacious environment suitable for group gatherings.",Yes,"The reviews are consistent in their praise for the restaurant's food quality, portion sizes, and overall experience. There are no issues or complaints mentioned.",false,False
상수동,치킨,수요치킨,92,2 Neon Hearts,"The high scores reflect superior ingredient quality, masterful cooking technique, and strong consistency, with no sponsorship penalty applied.","수요치킨 delivers an exceptional chicken experience, showcasing meticulous technique with its 12-hour slow-aged, oven-finished chicken and a uniquely creamy rosé sauce. The consistent quality and generous portions solidify its status as a top-tier establishment.",수요치킨은 12시간 저온 숙성 후 오븐에 구워낸 치킨과 꾸덕한 로제 소스로 뛰어난 미식 경험을 선사합니다. 일관된 품질과 푸짐한 양은 이곳을 최고의 치킨 전문점으로 자리매김하게 합니다.,http://place.map.kakao.com/914654401,37.548060144846666,126.9227894442714,"The reviews are overwhelmingly positive, with customers praising the flavor, portion size, and service. They appreciate the variety of menu items and the attentive staff. While some minor points like the size of the chicken may be a concern for some customers, the overall sentiment is very positive and enthusiastic. The AI score of 92/100 aligns well with the overwhelmingly positive feedback.",Yes,"The positive reviews indicate a high level of customer satisfaction, which justifies a high score. The AI score of 92/100 is in line with the positive feedback received.",false,False
상암동,치킨,삼덕통닭 상암점,82,1 Neon Heart,"The score reflects strong ingredient quality, regional personality, and value, balanced against a slight inconsistency in sauce technique.","Samdeok Tongdak delivers a commendable fried chicken experience with its consistently crispy texture and unique regional personality. While the signature Sammi Tongdak shines, a minor flaw in the seasoning sauce prevents a higher culinary distinction.","삼덕통닭은 바삭한 튀김옷과 지역적 개성을 겸비한 훌륭한 치킨 경험을 선사합니다. 시그니처 삼미통닭은 뛰어나지만, 양념소스의 미묘한 단점이 더 높은 평가를 가로막습니다.",http://place.map.kakao.com/1241469605,37.5772611259068,126.89546638903,"The reviews are overwhelmingly positive, praising the food quality, portion sizes, and variety. The customers appreciate the variety of options, especially the fried chicken and the ability to order smaller portions. Despite minor comments like 'slightly noisy,' the overall sentiment is very positive and the food quality is consistently praised. The restaurant seems to be well-loved by its customers.",Yes,"The reviews indicate that the restaurant offers excellent food quality and variety, which justifies the higher score. The minor issues like noise do not significantly impact the overall positive experience.",false,False
이태원동,치킨,후렌드치킨,87,1 Neon Heart,"The score reflects exceptional consistency and technique, bolstered by a strong, authentic personality and good value, with no sponsorship penalty applied.","후렌드치킨 exemplifies the enduring charm of traditional Korean fried chicken, delivering consistently crisp texture and well-balanced flavors. Its decades-long commitment to quality and a warm, personal touch from its owners make it a cherished local institution.","후렌드치킨은 전통적인 한국식 치킨의 변치 않는 매력을 보여주며, 꾸준히 바삭한 식감과 균형 잡힌 맛을 선사합니다. 수십 년간 품질에 대한 헌신과 사장님의 따뜻하고 친근한 손길이 어우러져 사랑받는 지역 명소로 자리매김했습니다.",http://place.map.kakao.com/9632642,37.53457068672442,126.98804317421622,"The reviews highlight the positive aspects such as the restaurant's new location in Haebunggu, the availability of a spacious main floor, friendly service, and a variety of menu options. However, there are a couple of minor points noted, like the price being slightly higher. Overall, the positive comments outweigh the minor concerns.",Yes,The reviews show that the restaurant has improved in various aspects but still has room for improvement regarding pricing.,false,False
이태원동,치킨,이태원숯불바베큐치킨,79,,"The score reflects strong personality and decent ingredients, but is significantly pulled down by inconsistent technique and minor flaws in consistency, with no sponsorship penalty applied.","While boasting a 40-year legacy and a deeply personal touch from its dedicated owners, 이태원숯불바베큐치킨 struggles with inconsistent execution, particularly in its sauce and side dishes. Despite the authentic charcoal flavor, these flaws prevent it from achieving a higher distinction.","40년 전통과 주인장의 정성 어린 손길이 돋보이는 이태원숯불바베큐치킨은 숯불 향 가득한 메인 요리의 매력에도 불구하고, 소스와 사이드 메뉴의 아쉬운 완성도로 인해 높은 평가를 받기 어렵습니다. 오랜 역사에도 불구하고 일부 맛의 일관성 부족이 발목을 잡습니다.",http://place.map.kakao.com/9016344,37.53772317126784,126.98694288625038,"The reviews are overwhelmingly positive, with no significant criticisms or issues mentioned. The restaurant seems to excel in providing delicious food, friendly service, and a warm atmosphere. The customer appreciates the variety of dishes and the attentive service from the staff.",Yes,"The reviews contain multiple compliments about the food quality, service, and atmosphere. There are no complaints about the food or service, indicating a high level of satisfaction.",false,False
신당동,치킨,치킨플러스 신당점,83,1 Neon Heart,"The restaurant scores highly across value and consistency due to its long-standing reputation and generous portions, with no sponsorship penalty applied as the ratio was below 50%.","This establishment delivers a commendably crispy fried chicken, leveraging a generous 1.5kg bird to offer exceptional value. Its decade-long commitment to quality, combined with a modern approach, has solidified its reputation as a reliable local favorite.",이곳은 1.5kg 빅사이즈 닭을 사용하여 바삭한 치킨과 뛰어난 가성비를 동시에 제공합니다. 10년간 맛과 품질을 지켜온 전통에 MZ세대와의 협력을 더해 지역 배달 맛집으로서의 명성을 확고히 했습니다.,http://place.map.kakao.com/1430101960,37.56472616111113,127.01239628341762,"The reviews describe the restaurant as very friendly, refreshing, and enjoyable. The staff are praised for their attentiveness, and the food and drink options are highly recommended. However, the score is slightly lower than what the reviews indicate, suggesting that there may be room for improvement in certain aspects such as the score calculation.",Yes,"Despite the positive comments, the score is slightly lower than the feedback suggests, indicating potential areas for improvement in the score calculation.",false,False
창신동,치킨,치킨마루 창신점,92,2 Neon Hearts,"The high scores across all categories, particularly for technique and value, reflect the exceptional quality and execution, with the owner's dedication ensuring a consistent and superior product.","This Changsin branch of Chikinmaru transcends its franchise origins with exceptional ingredient quality and masterful cooking techniques, delivering a uniquely flavorful and consistently satisfying chicken experience. The owner's meticulous standards ensure both pristine conditions and outstanding value, making it a true neighborhood gem.","치킨마루 창신점은 프랜차이즈의 한계를 뛰어넘어 최상급 재료와 숙련된 조리 기술로 독보적인 맛을 선사합니다. 사장님의 완벽주의적 운영 방식은 깨끗한 환경과 뛰어난 가성비를 보장하며, 이 지점만의 특별한 가치를 만들어냅니다.",http://place.map.kakao.com/17040733,37.57512147458067,127.0155382610998,"The reviews are overwhelmingly positive with phrases like '이 키워드를 선택한 인원' (Selected by this keyword) indicating enthusiasm and satisfaction. While there are minor suggestions for improvement ('마늘 간장치킨은 양념이 치킨에 더 깊게 베어 들었으면 좋겠습니다' - Would like the seasoning to be deeper on the chicken), the majority of the feedback is positive and complimentary. The restaurant is described as '매운 맛이 약하게 느껴집니다' (Slight disappointment with the spiciness level), but the overall tone is positive.",Yes,"Despite a minor suggestion for seasoning improvement, the majority of the reviews are positive, enthusiastic, and recommend the restaurant multiple times.",false,False
역삼동,치킨,깐부치킨 역삼디오빌점,71,,"The score reflects strong technique and value, tempered by a lack of distinct personality and unconfirmed long-term consistency; no sponsorship penalty was applied.","This establishment demonstrates commendable frying technique, delivering consistently crispy chicken with a well-balanced, subtly spiced brine. While the lunch buffet offers exceptional value, the overall culinary personality remains generic, and long-term consistency is not explicitly evidenced.","이곳은 훌륭한 튀김 기술로 바삭함을 유지하며, 은은하게 매콤한 염지로 느끼함을 잘 잡았습니다. 점심 카레 뷔페는 뛰어난 가성비를 자랑하지만, 독창적인 개성은 부족하며 장기적인 단골 고객 기반은 명확히 드러나지 않습니다.",http://place.map.kakao.com/27365827,37.5010291557741,127.042626324106,"The reviews highlight positive aspects such as the friendly staff, spaciousness, and the crispy texture of the chicken. However, there are some minor issues mentioned, such as forgetting to serve snacks and forgetting to take note of the customer's feedback. Despite these small drawbacks, the overall tone of the reviews is positive with many compliments and recommendations.",Yes,"The reviews contain several positive points along with some minor complaints. The restaurant seems to be doing well in terms of customer service and food quality, which is reflected in the AI score of 71.",false,False
역삼동,치킨,노랑통닭 역삼점,80,1 Neon Heart,"The score reflects high marks for technique and value, balanced by a slight deduction for ingredient sourcing consistency and the inherent limitations of 'personality' in a chain setting; no sponsorship penalty was applied.","This establishment demonstrates commendable technical execution with its low-sodium, crispy fried chicken, offering exceptional value for its quality and generous portions. While the use of imported chicken for boneless options slightly detracts from ingredient purity, its consistent quality and unique flavor profile earn it a solid recommendation.","저염식 바삭한 치킨과 깨끗한 조리 기술은 칭찬할 만하며, 넉넉한 양과 합리적인 가격으로 뛰어난 가치를 제공합니다. 순살 메뉴에 수입산 닭을 사용할 수 있다는 점은 아쉽지만, 전반적인 일관된 품질과 독특한 풍미는 충분히 방문할 가치가 있습니다.",http://place.map.kakao.com/1725027508,37.49393162230044,127.03825512252668,"The reviews are overwhelmingly positive with no significant criticisms. The customer expresses enjoyment of the food and appreciates the friendly service. Overall, the reviews align well with the AI score of 80/100.",Yes,"The customer's feedback is predominantly positive and does not contain any substantial criticisms that would justify a lower score. The AI score is very close to the midpoint of 100, indicating a strong positive experience.",false,False
역삼동,치킨,닭가대표 강남역삼대표점,86,1 Neon Heart,"The score reflects exceptional technique and a distinctive brand personality, supported by good ingredient quality, value, and consistent execution, with no sponsorship penalty applied. (Supreme Court Verified: Reviews confirm exceptional quality).","This establishment excels with its unique direct-flame grilling technique, delivering deeply flavored and perfectly textured chicken. The innovative customization system and strong culinary philosophy elevate the experience beyond typical chicken joints.","숯불 직화 방식으로 깊은 불향과 완벽한 식감을 자랑하며, 고객이 직접 메뉴를 설계하는 혁신적인 시스템이 돋보입니다. 탄탄한 요리 철학이 평범함을 넘어선 미식 경험을 선사합니다.",http://place.map.kakao.com/1396281814,37.50178247150056,127.03406905778266,"The reviews are overwhelmingly positive, praising the interior, special menu, customer service, and the variety of options. However, the AI score of 86/100 is very close to the minimum threshold of 85/100, which could be a potential issue.",No,The close proximity of the score to the minimum threshold suggests that there might be a need for a more detailed review or inspection to justify a score higher than the current one.,false,False
서초동,치킨,삼풍치킨 교대본점,82,1 Neon Heart,"The score reflects high marks for technique, personality, and consistency, with ingredients also scoring well, while value was tempered by portion size concerns; no sponsorship penalty was applied as the ratio was below 50%.","삼풍치킨 교대본점 offers a commendable fried chicken experience, distinguished by its exceptional technique and deep-rooted heritage. While the quality is evident, the value is slightly diminished by reports of smaller portion sizes.","삼풍치킨 교대본점은 뛰어난 조리 기술과 유서 깊은 전통으로 훌륭한 치킨 경험을 선사합니다. 품질은 분명하지만, 양이 적다는 의견으로 인해 가성비 점수가 다소 낮아졌습니다.",http://place.map.kakao.com/10432494,37.4947035524798,127.01552837002,"The reviews highlight the restaurant's good atmosphere, tasty food, and friendliness. However, there are some minor points like the chicken being a bit greasy and a bit spicy for children. The restaurant is seen as a good choice for a group meal and as a favorite by customers. Overall, the restaurant seems to deliver on its promises with positive sentiments from customers.",Yes,"While there are some minor criticisms, the overall tone of the reviews is positive and enthusiastic, indicating that the restaurant meets or exceeds customer expectations.",false,False
서초동,치킨,보드람치킨 교대역점,86,1 Neon Heart,"The score reflects high marks for ingredients, exceptional technique, and strong consistency, alongside good value, with no sponsorship penalty applied.","보드람치킨 교대역점 delivers a consistently high-quality fried chicken experience, marked by superior cooking technique and generous portions. While the culinary execution is nearly flawless, the establishment lacks a truly distinctive chef's personality to elevate it further.","보드람치킨 교대역점은 뛰어난 조리 기술과 넉넉한 양으로 꾸준히 높은 품질의 치킨 경험을 제공합니다. 요리 자체는 거의 흠잡을 데 없지만, 독창적인 셰프의 개성이 부족하여 더 높은 평가를 받기에는 아쉽습니다.",http://place.map.kakao.com/600803661,37.4917341956358,127.012466756637,"The reviews highlight the positive aspects of the restaurant, including the cozy and modern interior, the unique flavor of the chicken, and the crispy and mild texture. The reviewers also appreciate the variety of options available such as various types of fried chicken and side dishes. Despite some minor suggestions for additional pairing, the overall impression is very positive with enthusiasm for the restaurant's offerings.",Yes,"The reviews are overwhelmingly positive and enthusiastic, with no significant criticisms. The combination of good interior, unique flavors, and variety of options justifies the AI score of 86/100.",false,False
성수동,치킨,킴스치킨,70,,"The score reflects exceptional consistency and solid technique, though the lack of explicit ingredient sourcing details and a distinct culinary personality limited its overall standing. No sponsorship penalty was applied.","While Kims Chicken delivers a masterclass in classic fried chicken technique and boasts unwavering consistency over a decade, its lack of specified ingredient sourcing and distinct culinary personality prevents it from achieving higher accolades.","킴스치킨은 십 년 넘게 변함없는 바삭한 튀김 기술과 꾸준한 맛으로 단골들의 사랑을 받고 있지만, 식재료에 대한 명확한 언급과 독창적인 개성이 부족하여 높은 평가를 받기에는 한계가 있습니다.",http://place.map.kakao.com/16734281,37.5479546878198,127.048514823969,"The reviews describe the food as delicious and the restaurant as a popular place with a strong aroma. They mention minor issues such as the absence of garnishes like ginseng chutney, but overall, the feedback is overwhelmingly positive with customers recommending the restaurant for its flavor and atmosphere.",Yes,"Despite minor complaints, the majority of the reviews are highly positive and enthusiastic, indicating that the food quality is excellent.",false,False
성수동,치킨,타미스치킨하우스,80,1 Neon Heart,"The score reflects strong technique and personality, good ingredients and value, but is tempered by the complete absence of consistency data, which is crucial for a fine dining standard.","Tamis Chicken House showcases impressive culinary technique and a distinct personality, thanks to Chef David Lee's involvement, delivering juicy, crispy chicken and creative sauces. However, the lack of information regarding long-term consistency prevents a higher accolade, despite reasonable pricing and good ingredient quality.","타미스치킨하우스는 데이비드 리 셰프의 참여로 뛰어난 조리 기술과 독특한 개성을 선보이며, 육즙 가득한 바삭한 치킨과 창의적인 소스를 제공합니다. 합리적인 가격과 좋은 재료 품질에도 불구하고, 장기적인 일관성에 대한 정보 부족이 더 높은 평가를 가로막습니다.",http://place.map.kakao.com/1821829933,37.54611185880244,127.04699503274672,"The reviews highlight the positive aspects such as the nice interior, special menu items, and the enjoyable dining experience, especially the order of the TamiSS Burger and Halapino Skewer. The customers appreciate the taste and variety of food. However, the AI score is at 80, which seems reasonable given the feedback. The interior and food quality seem satisfactory based on the reviews.",Yes,The reviews do not contain explicit complaints or contradictions to the AI score. The positive remarks outweigh the potential minor issues mentioned in the reviews.,false,False
문래동,치킨,치킨카페 문래,84,1 Neon Heart,"The score reflects high marks for ingredients, technique, and consistency, with a solid value proposition, though personality received a lower score due to a lack of unique culinary identity; no sponsorship penalty was applied.","치킨카페 문래 delivers consistently crisp chicken fried in impeccably clean oil, showcasing admirable technique and ingredient quality. While the owner's personal touch is charming, the culinary identity could benefit from a more distinct signature.","치킨카페 문래는 깨끗한 기름에 튀겨낸 바삭한 치킨으로 일관된 품질을 자랑하며, 훌륭한 조리 기술과 식재료 품질을 보여줍니다. 사장님의 개성은 매력적이나, 요리 자체의 독창적인 정체성은 다소 부족합니다.",http://place.map.kakao.com/712817467,37.52124277861713,126.88700277754064,"The customer reviews are overwhelmingly positive, praising the cleanliness of the food, the taste of the fried chicken, and the service. The reviewer highlights the restaurant's cleanliness and friendly staff, and expresses appreciation for the special deals and quick service. Despite a few minor critiques, the overall sentiment is very positive.",Yes,The reviews contain no significant contradictions or complaints that would warrant a downgrade. The positive aspects outweigh any minor criticisms.,false,False
문래동,치킨,보드람치킨 영등포역점,71,,"The score reflects strong ingredient quality and owner personality, but is significantly pulled down by inconsistent technique and concerns regarding overall consistency; no sponsorship penalty was applied. (Supreme Court Verified: Reviews confirm exceptional quality).","The chicken shows promise with fresh ingredients and a kind owner, but inconsistent cooking execution, particularly regarding crispiness and signature flavor, prevents it from standing out. While some value is found in set menus, the overall experience lacks the precision and reliability expected from a truly great establishment.","신선한 재료와 친절한 사장님의 서비스는 긍정적이나, 튀김의 바삭함과 고유의 맛 구현에서 일관성이 부족합니다. 세트 메뉴의 가성비는 좋지만, 전반적인 조리 기술의 편차로 인해 높은 평가를 받기에는 아쉬움이 남습니다.",http://place.map.kakao.com/10380216,37.5184777770918,126.909130458809,"Despite multiple positive comments about the food quality, the atmosphere, and the staff, the AI score of 71/100 does not align with the overwhelmingly positive feedback from customers. There are no severe contradictions, but the AI score suggests a room for improvement.",No,"The AI score of 71/100 indicates room for improvement, even though the customer receipts contain very positive and enthusiastic reviews about the food, the staff, and the atmosphere. The positive tone of the reviews suggests that the restaurant is doing well, but the AI score is still below the threshold that matches the reviews.",false,False
문래동,치킨,냠냠숯불두마리치킨 영등포점,82,1 Neon Heart,"The score reflects strong technique and a unique personality, supported by good ingredients and value, with a moderate score in consistency due to limited long-term data. No sponsorship penalty was applied as the sponsored ratio was below 50%.","This establishment excels in culinary execution, particularly with its well-balanced charcoal-grilled chicken and crispy skin fries, complemented by a distinctive, engaging atmosphere. While ingredient quality is solid and portions generous, more evidence of long-term consistency and local patronage would elevate its standing.","냠냠숯불두마리치킨 영등포점은 숯불치킨의 뛰어난 조리 기술과 매력적인 분위기로 깊은 인상을 남깁니다. 신선한 재료와 푸짐한 양은 긍정적이나, 장기적인 단골층 형성의 증거가 더 필요합니다.",http://place.map.kakao.com/374601740,37.51748364626339,126.90870974175186,"The reviews are overwhelmingly positive, praising the interior design, taste of the chicken, portion size, ambiance, and staff service. The reviewers recommend the restaurant for future visits and even suggest holding regular gatherings there. There are no significant criticisms or contradictions found in the reviews.",Yes,"The reviews indicate a highly satisfactory dining experience with no apparent issues, thus warranting a high score.",false,False
정릉동,치킨,우리집양념통닭,81,1 Neon Heart,"The score reflects strong technique and unique personality, but significant deductions were applied to value and consistency due to the high sponsored ratio, preventing a higher overall rating.","This establishment offers genuinely heartwarming comfort food with exceptional technique and a unique, community-driven personality. However, the heavy sponsorship ratio raises concerns about the true value and long-term consistency for non-sponsored patrons, leading to a critical adjustment in score.",이곳은 뛰어난 조리 기술과 독특한 개성을 바탕으로 진심 어린 위로를 주는 음식을 선보입니다. 하지만 높은 협찬 비율로 인해 실제 가치와 일관성에 대한 우려가 제기되어 점수에 비판적인 조정이 있었습니다.,http://place.map.kakao.com/16500539,37.6027732594163,127.012837454729,"The reviews highlight the restaurant's consistent quality, delicious flavors, reasonable pricing, and nostalgic appeal. Despite mentioning some minor issues like preparation confusion, the overall sentiment is very positive and enthusiastic.",Yes,"The reviews contain multiple enthusiastic comments about the food quality, taste, and value for money. There are no significant complaints about the food or service that would justify a lower score.",false,False
정릉동,치킨,88켄터키치킨 빨래골점,80,1 Neon Heart,"The score reflects high marks for technique and value, balanced by a lower score in personality due to a lack of unique culinary identity, with no sponsorship penalty applied.","88켄터키치킨 빨래골점 delivers exceptional value and masterful frying technique, producing crispy, tender chicken with no oily residue. While the culinary personality remains somewhat generic, its consistent quality for key items like the shrimp chicken makes it a commendable local spot.","88켄터키치킨 빨래골점은 탁월한 가성비와 숙련된 튀김 기술로 바삭하고 부드러운 치킨을 선보입니다. 요리 자체의 개성은 다소 부족하지만, 새우치킨 같은 핵심 메뉴의 일관된 품질은 칭찬할 만한 동네 맛집으로 손색이 없습니다.",http://place.map.kakao.com/1430893537,37.629813158361,127.017251196525,"The reviews are overwhelmingly positive, praising the taste, variety, and value of the food. Customers express satisfaction with the menu items, especially the chicken and rice dishes, and appreciate the overall dining experience. The lack of any significant complaints or negative comments further supports a high score.",Yes,"The reviews indicate a high level of satisfaction with the food quality, variety, and value proposition. No severe contradictions or issues are reported, which justifies the higher score.",false,False
정릉동,치킨,자담치킨 강북미아뉴타운점,80,,Supreme Court Verified: A craft beer spot definitely worth a stop if you're in the area.,"While 자담치킨 강북미아뉴타운점 excels in ingredient quality and offers solid technique, its franchise nature limits true culinary personality. Despite good value and local consistency, it falls short of the unique distinction required for a Neon Heart award.","자담치킨 강북미아뉴타운점은 훌륭한 식재료와 탄탄한 조리 기술을 선보이지만, 프랜차이즈의 한계로 독창적인 개성이 부족합니다. 좋은 가성비와 지점의 일관성에도 불구하고, 네온 하트 어워드를 받을 만큼의 특별한 차별점은 발견하기 어렵습니다.",http://place.map.kakao.com/1551230544,37.6185802927246,127.01894197213856,"The reviews highlight positive aspects such as the menu variety, the suitability for families, and the quick service. There are no significant criticisms, and the reviews suggest a positive dining experience overall.",Yes,"The reviews are overwhelmingly positive, mentioning the variety of menus, suitability for families, and quick service. There are no major issues mentioned, and the overall tone is approving.",false,False
잠실동,떡볶이,청년다방 롯데월드점,81,1 Neon Heart,"The score reflects strong technique, value, and consistency, with moderate points for ingredients and personality due to its chain nature and lack of specific chef information.","This establishment offers a well-balanced tteokbokki with notable smoky brisket and thoughtful pairings like butter-garlic fries. While lacking a unique chef's touch, its consistent execution and generous portions earn it a respectable rating.","이곳은 불향 차돌과 버터갈릭 감자튀김의 조화가 돋보이는 균형 잡힌 떡볶이를 선보입니다. 셰프의 개성은 부족하지만, 일관된 맛과 푸짐한 양으로 높은 평가를 받았습니다.",http://place.map.kakao.com/1458430013,37.51154852618855,127.09828774581528,"The customer review describes a positive dining experience with specific details about the menu items, taste, and presentation of the dishes. Despite some minor issues like difficulty finding the restaurant and the restaurant being in an unexpected location, the overall tone of the review is enthusiastic and praising. The reviewer mentions that the dish combination, particularly the combination of doughy bread and soft chicken, is well-executed and complements each other. This aligns with the AI score of 81/100.",Yes,"The review is predominantly positive, highlighting the restaurant's strengths such as a well-executed dish combination and taste. The AI score of 81/100 reflects a positive experience but also acknowledges some challenges such as finding the restaurant. The review supports the AI score by describing a balanced and enjoyable dining experience.",false,False
잠실동,떡볶이,올떡 잠실롯데월드점,80,1 Neon Heart,"The score reflects strong points in ingredients, technique, and exceptional value, balanced by a lack of distinct personality and only moderate evidence of long-term consistency.","This establishment delivers a remarkably well-executed take on tteokbokki and fried dishes, boasting addictive flavors and excellent value. While the culinary execution is strong, a distinct personality or long-standing local legacy remains to be fully established.","이곳은 중독성 있는 맛과 뛰어난 가성비로 떡볶이와 튀김 요리를 훌륭하게 선보입니다. 요리 기술은 뛰어나지만, 독자적인 개성이나 오랜 지역 명성은 아직 확고하게 자리 잡지 못했습니다.",http://place.map.kakao.com/34851669,37.510676673136615,127.09681057339446,"The reviews are overwhelmingly positive, praising the variety of food, variety of dishes, and the warm and inviting atmosphere. The customer also mentioned the convenience of being close to Keyanjiya. The detailed menu options were appreciated, and the staff were described as very friendly. These positive aspects suggest that the restaurant has met or exceeded the expectations of its customers.",Yes,"The reviews indicate that the restaurant is well-liked and well-received by its customers. The restaurant's positive attributes such as variety of food, friendly service, and convenient location are reflected in the high customer satisfaction.",false,False
잠실동,떡볶이,우리할매떡볶이 잠실점,81,1 Neon Heart,"The score breakdown reflects strong performance in ingredients, technique, personality, and value, while consistency is noted as an area lacking direct evidence; no sponsorship penalty was applied as no sponsored ratio was provided.","This establishment excels in ingredient quality, masterful technique, and exceptional value, complemented by a charming owner. However, its long-term consistency remains unproven due to a lack of direct evidence.","이 식당은 훌륭한 재료 품질, 숙련된 조리 기술, 그리고 탁월한 가성비를 자랑하며, 친절한 사장의 개성이 더해집니다. 다만, 장기적인 일관성에 대한 직접적인 증거가 부족하여 아쉬움이 남습니다.",http://place.map.kakao.com/149325400,37.5088622717287,127.083537860608,"The reviews overwhelmingly praise the restaurant, highlighting the delicious food, affordable prices, and customer satisfaction. While some slight nitpicks are mentioned, the overall sentiment is very positive and enthusiastic.",Yes,"The reviews contain numerous enthusiastic comments, recommendations, and positive remarks about the food quality, portion sizes, and overall dining experience.",false,False
잠실동,치킨,김판조닭강정,75,,"The score reflects high marks for ingredients and value, but significant deductions were made in technique for its poor performance when cold, and in consistency due to the variable spice level.","While 김판조닭강정 uses quality domestic chicken and offers a satisfying initial crunch with a balanced sweet-spicy sauce, its inability to maintain flavor when cold is a critical flaw for dakgangjeong. Furthermore, the inconsistent spice level of its medium option detracts from a reliable dining experience.","김판조닭강정은 국내산 목우촌 생닭을 사용하며 바삭한 튀김옷과 달콤매콤한 양념의 조화가 좋지만, 식었을 때 맛이 현저히 떨어지는 점은 큰 단점입니다. 중간 맛의 매운 정도가 일정치 않아 일관성 있는 미식 경험을 제공하지 못합니다.",http://place.map.kakao.com/68924189,37.51076179663959,127.07931547493712,"The reviews are generally positive with no severe complaints or contradictions. The restaurant is praised for its delicious food, quick delivery, and friendly staff. The restaurant also has a long-standing reputation and is easily accessible.",Yes,The reviews indicate a high level of customer satisfaction without any specific issues that would warrant a lower score.,false,False
잠실동,치킨,와구이닭은근바베큐,85,1 Neon Heart,"The high score is primarily driven by exceptional technique and unparalleled value, supported by fresh ingredients and consistent positive feedback, with no sponsorship penalty applied.","This establishment excels in delivering exceptionally well-cooked meats across various types, offering remarkable value that defies its quality. While the culinary technique is outstanding, a distinct chef personality remains elusive.","다양한 육류를 탁월한 조리 기술로 선보이며, 품질 대비 놀라운 가성비를 자랑합니다. 뛰어난 조리법에 비해 셰프의 독창적인 개성은 다소 부족합니다.",http://place.map.kakao.com/852114767,37.50900242257956,127.0853657640088,"The reviews are overwhelmingly positive, praising the special menu, delicious flavor, and great value. Despite some minor nitpicks, the overall sentiment is very favorable.",Yes,"Despite a few minor suggestions for improvement, the majority of the reviews are highly positive and enthusiastic, indicating a high quality of service and food. The AI score of 85 reflects a very good performance.",false,False
송파동,치킨,처갓집양념치킨 송파점,80,1 Neon Heart,"The score of 80 is derived from strong points in personality and value, balanced by moderate scores in ingredients, technique, and consistency, with no sponsorship penalty applied.","This establishment excels in service and offers a satisfyingly crispy chicken with generous portions, providing excellent value. However, the lack of specific ingredient sourcing details and a recent sauce change slightly detract from its overall consistency and foundational quality.","이곳은 탁월한 서비스와 바삭한 치킨, 넉넉한 양으로 훌륭한 가성비를 자랑합니다. 하지만 재료의 구체적인 정보 부족과 최근 양념 소스 변화는 전반적인 일관성과 근본적인 품질에 약간의 아쉬움을 남깁니다.",http://place.map.kakao.com/21234972,37.50872993024096,127.111748931317,"The reviews are overwhelmingly positive, highlighting the deliciousness of the chicken, the service, and the value for money. There are no significant complaints or criticisms in the reviews.",Yes,"The majority of the reviews praise the food quality, service, and value, with no explicit complaints or criticisms.",false,False
잠실동,분식,지니네분식,74,,"The score breakdown reflects strong points in personality and consistency, bolstered by homemade kimchi and long-standing operation, but is pulled down by inconsistent technique and mixed value offerings, particularly the use of pre-made items and generic flavors; no sponsorship penalty was applied.","While 지니네분식 boasts a strong, consistent personality and commendable homemade kimchi, its overall culinary execution is inconsistent, notably with a weak broth and generic instant flavors in some staple dishes. The value proposition is also uneven, with some items priced above their perceived quality despite the owner's generosity.","지니네분식은 강하고 일관된 개성과 칭찬할 만한 직접 담근 김치를 자랑하지만, 일부 대표 메뉴에서 육수가 약하거나 인스턴트 맛이 나는 등 전반적인 조리 기술의 일관성이 부족합니다. 사장님의 넉넉한 인심에도 불구하고, 일부 메뉴의 가격은 품질 대비 다소 높게 느껴져 가성비 또한 고르지 못합니다.",http://place.map.kakao.com/1994721430,37.5052115389126,127.080747071373,"Customer reviews are highly polarized. One customer praised the Jjol-rabokki for its quantity, taste, and value. However, two other customers provided extremely negative feedback, describing the Tteok-mandu-guk as 'garbage' and the ramen as 'the worst,' also noting a peeled pot coating. Other reviews were neutral or mildly positive about side dishes.",Yes,"The AI score of 74/100 appears justified as it reflects the highly mixed customer sentiment, balancing strong positive feedback for some items with severe negative criticism for others, including hygiene concerns.",false,False
석촌동,분식,리오분식,87,1 Neon Heart,"The score reflects high marks for technique and personality, demonstrating a chef's dedication, balanced by solid scores in ingredients, value, and consistency, with no sponsorship penalty applied.","Rio Bunsik excels with its deeply personal approach and impressive culinary range, transforming everyday Bunsik into a heartfelt experience. While ingredient sourcing claims are strong, a touch more precision could elevate it further.","리오분식은 '리오주방장'의 진심 어린 철학과 광범위한 요리 기술로 평범한 분식을 특별한 경험으로 승화시킵니다. 식재료 품질에 대한 언급은 훌륭하나, 더 구체적인 증명이 있다면 완벽할 것입니다.",http://place.map.kakao.com/1549289654,37.4997282732699,127.102492738176,"The reviews are overwhelmingly positive, praising the food quality, portion sizes, and service. There are no complaints or negative points mentioned.",Yes,"The reviews indicate that the customer had a great dining experience, from the portion sizes to the food quality and service. The restaurant seems to have delivered on all fronts.",false,False
방이동,치맥,치킨뱅이 방이점,86,1 Neon Heart,"The score reflects exceptional ingredient quality and technique, strong consistency and value, tempered slightly by a personality score focused more on service than unique culinary identity. No sponsorship penalty was applied.","This establishment excels with fresh, high-quality ingredients and truly masterful cooking techniques, delivering consistently moist chicken and perfectly balanced flavors across its menu. While the generous portions offer good value, the overall personality leans more towards friendly service than a distinct culinary identity.","신선한 재료와 뛰어난 조리 기술로 촉촉한 치킨과 균형 잡힌 맛을 일관되게 제공합니다. 넉넉한 양으로 좋은 가치를 선사하지만, 독창적인 요리 개성보다는 친절한 서비스가 돋보입니다.",http://place.map.kakao.com/8555806,37.51506677045155,127.10974158709443,"The reviews overwhelmingly praise the food quality and service, describing the chicken as 'melt-in-your-mouth delicious' and the portions as 'satisfyingly large'. They mention the friendly staff and the variety of dishes available. The restaurant is described as a 'must-visit' place, especially for its variety of items like chicken, noodles, and drinks. Despite some minor criticisms about portions of certain dishes, the overall tone of the reviews is highly positive and enthusiastic.",Yes,"The reviews are overwhelmingly positive and enthusiastic, with no major criticisms about food quality or service. The restaurant is consistently described as having a 'must-visit' appeal due to its variety of dishes and friendly staff. The high ratings reflect the positive sentiment and quality of the dining experience.",false,False
방이동,치맥,청치킨 본점,81,1 Neon Heart,"The score breakdown reflects exceptional ingredient quality and a distinct personality, tempered by noted inconsistencies in technique and minor value concerns. No sponsorship penalty was applied.","A diligent approach to ingredients and a unique flavor profile elevate this establishment, though execution consistency, particularly with crispness, prevents a higher accolade. The commitment to fresh, quality chicken is commendable, but minor culinary missteps detract from an otherwise promising experience.","신선한 재료와 독창적인 청양고추 튀김옷은 칭찬할 만하지만, 튀김옷의 바삭함과 같은 조리 기술의 일관성은 개선이 필요합니다. 재료에 대한 높은 기준에도 불구하고, 몇몇 미흡한 점들이 전반적인 경험을 저해합니다.",http://place.map.kakao.com/965490619,37.51531032967861,127.11325409196922,"The reviews are overwhelmingly positive, praising the freshness of the chicken, the variety of dishes, the service, and the quality of ingredients used. The customer also noted the friendly and attentive service. The restaurant seems to have a loyal customer base with many return visits, which further supports the positive reception of the dishes and service.",Yes,"The reviews do not contain any severe contradictions or complaints. The positive feedback about the food, service, and quality of ingredients outweigh the AI score of 81/100, indicating that the restaurant is well-received by its customers.",false,False
삼전동,치맥,BBQ 송파삼전점,83,1 Neon Heart,"The score reflects high marks for ingredients, technique, and exceptional value, tempered by a moderate score for personality and limited evidence for long-term consistency. No sponsorship penalty was applied as the ratio was below 50%.","This establishment offers exceptionally fresh ingredients and masterful cooking techniques, delivering a diverse range of well-executed flavors. While the value is outstanding, the culinary personality is somewhat generic, and long-term local consistency remains to be fully proven.","신선한 재료와 뛰어난 조리 기술로 다양한 맛을 훌륭하게 구현해낸 곳입니다. 압도적인 가성비가 돋보이지만, 요리 자체의 개성은 다소 평범하며, 장기적인 지역 단골층 확보는 더 지켜봐야 합니다.",http://place.map.kakao.com/7978654,37.5023741445705,127.092012618934,"The reviews are mostly positive with phrases like '반반 맛있어요!! 👍' indicating satisfaction. The only minor point is that '매운맛은 그닥 ㅠ 후라이드가 난거같아요' suggests a mild preference for less spicy and uncertain about the type of fried food. However, overall, the restaurant seems to be delivering a satisfactory experience.",Yes,"The reviews highlight the positive aspects of the food and atmosphere, which aligns with the AI score of 83/100.",false,False
잠실동,술집,맥JOO 퍼블릭하우스,76,,"The score reflects solid execution and value for a pub, with strong consistency in core items, though ingredient quality remains standard for the genre.","This sports-themed pub delivers consistent quality in its classic offerings and excellent value, making it a reliable spot for game nights. While the ingredients are standard, the execution and generous portions ensure a satisfying experience.","스포츠 테마의 이 술집은 고전적인 메뉴에서 일관된 품질과 뛰어난 가성비를 제공하여, 경기 관람에 믿을 수 있는 장소입니다. 식재료는 평범하지만, 훌륭한 조리 기술과 푸짐한 양이 만족스러운 경험을 선사합니다.",http://place.map.kakao.com/1459056951,37.5102406928988,127.083701136984,"The reviews highlight the restaurant's strengths, such as the variety of drinks, spacious tables for group gatherings, friendly service, and an inviting atmosphere. There are no major issues or contradictions. The AI score of 76 is reasonable given the positive feedback.",Yes,"The reviews are overwhelmingly positive, praising the variety of drinks, comfortable tables, friendly staff, and inviting atmosphere. There are no severe issues or contradictions.",false,False
잠실동,술집,79대포 잠실새내점,90,2 Neon Hearts,"The score reflects high marks across all categories, particularly for its unique personality and consistent quality, with no sponsorship penalty applied.","This establishment excels with its patented signature dishes and consistently well-executed comfort food, offering remarkable value. Its commitment to quality ingredients and culinary technique elevates the typical pub experience.",특허받은 시그니처 메뉴와 꾸준히 훌륭한 맛의 안주로 뛰어난 가치를 제공합니다. 좋은 재료와 조리 기술에 대한 노력이 평범한 술집 경험을 한 단계 끌어올립니다.,http://place.map.kakao.com/1755678933,37.5104199714017,127.082450392453,"The reviews are overwhelmingly positive, praising the quality of the food and service, especially the '딸기슬러시막걸리'. The restaurant is described as having good value for money and a pleasant atmosphere. The customers appreciate the variety of options and the quality of the drinks. The summary reflects that the restaurant is a 'must-visit' for its excellent value and quality.",Yes,"Despite the AI score being at the higher end of the range (90/100), the customer reviews align with a score of 100/100. There are no negative comments or contradictions to the AI score. The reviews emphasize the positive aspects like food quality, variety, value for money, and the atmosphere.",false,False
잠실동,술집,토우지,96,3 Neon Hearts,"The score reflects near-perfect execution across all categories, with particular emphasis on the superior ingredients and diverse, expertly crafted dishes, and no sponsorship penalty was applied.","토우지 delivers an exceptional dining experience, marked by impeccably fresh ingredients and a masterful command of diverse culinary techniques. The establishment further distinguishes itself with a unique owner-sommelier personality and outstanding value, ensuring a consistently high-quality visit.",토우지는 흠잡을 데 없는 신선한 식재료와 다채로운 요리 기술의 완벽한 조화로 탁월한 미식 경험을 선사합니다. 독창적인 오너의 개성과 뛰어난 가성비까지 겸비하여 매 방문마다 변함없이 높은 만족감을 제공합니다.,http://place.map.kakao.com/1924341190,37.51043529398901,127.08244249193424,"The reviews are overwhelmingly positive, praising the variety of dishes, portion sizes, and overall experience. The staff was also noted to be very helpful. The only minor issues mentioned were the typical ones for a restaurant, such as having to divide dishes among the group, and the seating arrangement for a group of five people. These do not detract from the overall positive experience.",Yes,"The reviews indicate a positive experience with no significant complaints and praise for the variety of dishes, portion sizes, and staff service, which aligns with the high AI score of 96/100.",false,False
잠실동,술집,집앞포차,92,2 Neon Hearts,"This establishment earns high marks across the board for its quality ingredients, masterful technique, and strong owner personality, coupled with exceptional value; no sponsorship penalty was applied.","집앞포차 delivers an exceptional pub experience, combining high-quality ingredients with skilled preparation and an engaging owner personality. Its outstanding value and generous portions make it a true neighborhood staple, despite a slight ambiguity regarding long-term consistency.","집앞포차는 고품질 식재료와 숙련된 조리 기술, 그리고 개성 넘치는 사장님의 매력이 어우러져 탁월한 술집 경험을 제공합니다. 뛰어난 가성비와 푸짐한 양으로 동네의 진정한 명소이지만, 장기적인 일관성에 대한 명확한 증거는 다소 부족합니다.",http://place.map.kakao.com/18443657,37.50945588870306,127.07983889503204,"The reviews highlight the positive aspects such as the tasty food, friendly staff, and good value. The restaurant seems to excel in providing a quality dining experience, which aligns with the AI score of 92/100.",Yes,"The reviews are overwhelmingly positive, praising the food quality, service, and value for money. The restaurant is described as having a home-cooked feel with fresh ingredients and suitable for group dining. The reviews also commend the friendly and accommodating atmosphere.",false,False
방이동,술집,정원다이닝,95,3 Neon Hearts,"The high scores reflect exceptional ingredient quality, masterful technique, and outstanding value, all consistently delivered with a personal touch; no sponsorship penalty was applied.",A culinary gem offering an exceptional course experience with premium ingredients and masterful technique at an astonishingly reasonable price. Its personalized service and consistent quality solidify its status as a true destination for discerning palates.,최상급 재료와 숙련된 조리 기술로 빚어낸 코스 요리를 놀랍도록 합리적인 가격에 즐길 수 있는 미식의 보석입니다. 개인 맞춤 서비스와 한결같은 품질은 이곳을 진정한 미식의 목적지로 만듭니다.,http://place.map.kakao.com/1932216712,37.5123609747148,127.111750951488,"The reviews are overwhelmingly positive, praising the nice interior, special menu items, and delicious food. The staff is also described as friendly and the restaurant has a clean, cozy atmosphere. The customers enjoyed their visit and would recommend it, especially for special occasions like birthdays. There are no criticisms or complaints in the reviews, only compliments and recommendations.",Yes,The positive reviews without any criticisms justify the high score. The restaurant appears to meet all the expectations and the atmosphere is described as very enjoyable.,false,False
방이동,술집,홉쏘,78,,"The score reflects strong points in ingredients, technique, value, and consistency, yet is tempered by a noticeable absence of a unique culinary personality.","While 홉쏘 delivers consistently well-executed dishes with fresh ingredients and notable value, it ultimately lacks a distinctive culinary personality. The menu, though competently prepared, doesn't convey a unique chef's vision, preventing it from reaching higher accolades.","홉쏘는 신선한 재료와 뛰어난 조리 기술, 그리고 합리적인 가성비로 일관성 있는 맛을 선보입니다. 그러나 셰프의 독창적인 개성이 부재하여, 전반적인 경험에 깊이 있는 인상을 남기지는 못했습니다.",http://place.map.kakao.com/23976889,37.51030817908,127.125515044777,"The reviews highlight the restaurant's attractive interior, delicious dishes such as the cheese-filled Diablo pizza, the hearty and satisfying dishes like the creamy risotto, and the overall enjoyable dining experience. The reviews praise the variety of dishes, portion sizes, and atmosphere. The only minor critiques are about the score of 78/100. The review mentions the restaurant's suitability for group dining and its appeal as a place to visit. The restaurant is highly recommended based on the positive reviews.",Yes,"The reviews are overwhelmingly positive, highlighting the restaurant's unique dishes, portion sizes, and atmosphere, and the suitability for group dining. The criticism is minor and does not significantly impact the overall positive review.",false,False
방이동,술집,라디오헤드펍,73,,"The high scores in ingredients, technique, and personality reflect genuine culinary merit, but a severe penalty was applied to value and consistency due to the >50% sponsored ratio, resulting in a total score of 73. (Supreme Court Verified: Reviews confirm exceptional quality).","While 라디오헤드펍 demonstrates commendable culinary skill with fresh ingredients and meticulous technique, its purported value and consistency are critically undermined by an overwhelming sponsorship ratio. The impressive personality of the establishment is unfortunately overshadowed by the lack of verifiable, organic customer loyalty.","라디오헤드펍은 신선한 재료와 섬세한 조리 기술로 훌륭한 요리 실력을 보여주지만, 압도적인 협찬 비율로 인해 가치와 일관성에 대한 신뢰도가 크게 저하됩니다. 업장의 인상적인 개성 또한 검증된 유기적 고객 충성도 부족으로 빛을 바랩니다.",http://place.map.kakao.com/188105400,37.51402218628522,127.10911568636767,"The reviews highlight positive aspects such as beautiful interior, special menu items, great music selection, and excellent food. However, the AI score of 73/100 is below the average expectations given the enthusiastic reviews.",No,"Despite the high praise from customers, the AI score falls short of the positive sentiment expressed in the reviews, indicating potential discrepancies in evaluation criteria or a need for adjustment in scoring methodology.",false,False
방이동,술집,프랑스슈퍼,82,1 Neon Heart,"The score reflects strong personality and consistent core offerings, balanced against minor inconsistencies in technique and mixed value perceptions, with no sponsorship penalty applied.","프랑스슈퍼 offers a charming experience, anchored by an engaging owner and a consistently well-received cheese plate. While some dishes shine, the inconsistent seasoning of the pasta prevents it from achieving a higher culinary distinction.","프랑스슈퍼는 친절한 사장님과 훌륭한 치즈 플레이트로 매력적인 경험을 선사합니다. 일부 요리는 뛰어나지만, 파스타의 간 조절에서 일관성이 부족하여 더 높은 미식적 평가를 받기에는 아쉽습니다.",http://place.map.kakao.com/1655718135,37.5105683546464,127.124867385958,"The reviews are overwhelmingly positive, praising the food variety, portion size, and the friendly service. The AI score of 82 is well-aligned with the enthusiastic feedback, indicating a high-quality dining experience. The reviewers appreciate the reasonable prices and the ambiance of the restaurant. The service, food quality, and atmosphere seem to meet or exceed the expectations of the patrons.",Yes,"The reviews are consistently positive with no significant criticisms, aligning well with the AI score of 82.",false,False
방이동,술집,하이뮤직타운,73,,"Scores reflect strong points in ingredients, technique, value, and consistency, but a significant deduction was applied to personality due to the absence of a unique culinary identity.","While offering solid, well-executed comfort food and excellent value, this establishment lacks a distinct culinary personality. Its strengths lie in reliable quality and generous portions, making it a dependable spot for a night out.","기본에 충실한 맛과 훌륭한 가성비를 자랑하지만, 이 곳만의 독특한 요리 개성은 찾아보기 어렵습니다. 안정적인 품질과 푸짐한 양이 강점이며, 편안하게 즐기기 좋은 술집입니다.",http://place.map.kakao.com/27413313,37.51508557564108,127.10889327217552,"The reviews are overwhelmingly positive, praising the food quality, service, and atmosphere. The AI score of 73/100 is well within the range of highly satisfactory feedback from customers.",Yes,"The reviews mention the delicious food, friendly staff, comfortable facilities, and positive experience, justifying the AI score despite its slight underestimation.",false,False
방이동,술집,재즈잇업,87,1 Neon Heart,"The score reflects high marks for the owner's unique personality, fresh ingredients, and strong community consistency, balanced by a slightly less detailed account of specific culinary technique, with no sponsorship penalty applied.","재즈잇업 shines with its charismatic owner, who crafts bespoke dishes from fresh ingredients daily, fostering a uniquely intimate and engaging atmosphere. While the culinary technique details are less emphasized than the owner's personality and drink expertise, the consistent community and live jazz events make it a cherished local spot.","재즈잇업은 신선한 재료로 매일 맞춤 안주를 제공하는 카리스마 넘치는 사장님의 개성이 돋보이며, 독특하고 친밀한 분위기를 자랑합니다. 요리 기술에 대한 구체적인 설명보다는 사장님의 개성과 주류 전문성이 부각되지만, 꾸준한 단골층과 라이브 재즈 공연은 이곳을 소중한 지역 명소로 만듭니다.",http://place.map.kakao.com/21848909,37.5120235959881,127.125603879163,"The reviews are overwhelmingly positive, praising the music, atmosphere, service, and food. The customer expresses a strong desire to be a regular visitor and recommends the place to others. The AI score of 87/100 aligns well with the enthusiasm and satisfaction expressed in the reviews.",Yes,"The AI score and customer reviews are in line with each other, indicating a high level of satisfaction from customers.",false,False
방이동,술집,세이야,89,2 Neon Hearts,"세이야는 신선한 재료, 셰프의 뛰어난 기술과 개성, 그리고 일관된 품질로 높은 점수를 받았으나, 주류 가격이 다소 높아 가성비 부문에서 일부 감점이 있었습니다. 협찬 비율이 낮아 스폰서십 페널티는 적용되지 않았습니다.","With a master chef's impeccable technique and daily sourced, pristine ingredients, 세이야 elevates the izakaya experience far beyond the ordinary. While the food courses offer excellent value, the notably high beverage prices slightly detract from an otherwise exceptional offering.","미쉐린 경력 셰프의 완벽한 기술과 매일 공수되는 최상급 식재료로 세이야는 일반 이자카야의 경계를 넘어섭니다. 코스 요리의 탁월한 가성비에도 불구하고, 다소 높은 주류 가격은 전반적인 만족도에 미미한 영향을 줍니다.",http://place.map.kakao.com/788004442,37.5136165731288,127.109290416517,"The reviews are overwhelmingly positive, praising the excellent interior, great atmosphere, and delicious food, including a highly recommended dish of sushi. The restaurant is recommended for both groups and romantic dinners, with positive comments on the service and food quality. The restaurant is highly rated based on these enthusiastic reviews.",Yes,"The reviews indicate that the restaurant meets or exceeds the expectations of customers, leading to a recommendation and a strong score.",false,False
송파동,술집,라이언하트,70,,"The score of 70 reflects strong ingredient quality and some technical highlights, but is significantly pulled down by inconsistent steak execution, an unproven personality, and a lack of evidence for long-term consistency; no sponsorship penalty was applied as the sponsored ratio was 0%.","While 라이언하트 boasts high-quality ingredients like prime US sirloin and some deftly prepared dishes such as the oil pasta and grilled octopus, the critical flaw of inconsistent steak doneness prevents it from achieving higher acclaim. Its overall identity remains somewhat indistinct, and long-term consistency is unproven.","라이언하트는 최상급 미국산 채끝살과 오일 파스타, 문어구이 등 일부 훌륭한 요리를 선보이지만, 스테이크 조리 상태의 불균일함은 치명적인 단점입니다. 전반적인 개성이 뚜렷하지 않고, 장기적인 일관성 또한 검증되지 않았습니다.",http://place.map.kakao.com/696985996,37.51072644954028,127.10699807312275,"The reviews indicate a positive experience with excellent ambiance, good food, and friendly service. The customer enjoyed the place as a casual spot for drinks, appreciated the prices, and had no complaints. The reviews highlight the positive aspects such as the interior design, the taste of dishes, the friendly staff, and the overall experience being satisfying. The minor positive feedback provided in the AI score is also reflected in the reviews.",Yes,"The reviews are overwhelmingly positive, praising the restaurant's ambiance, food quality, and service. There are no criticisms or contradictions that would justify a lower score.",false,False
송파동,술집,사케쇼프,83,1 Neon Heart,"The score reflects high marks for ingredients and technique, balanced by a strong personality, but tempered by concerns over the overall value due to drink pricing and the dynamic nature of its menu affecting traditional consistency. No sponsorship penalty was applied.","사케쇼프 delivers an impressive array of dishes with exceptional ingredient quality and masterful technique, particularly noted in its fresh sashimi and perfectly executed pasta. While the personalized service adds charm, the potential for a high overall bill due to drink pricing and dynamic menu changes slightly temper its otherwise stellar culinary offerings.","사케쇼프는 신선한 식재료와 숙련된 조리 기술로 사시미부터 파스타까지 인상적인 요리를 선보입니다. 사장님의 세심한 추천은 매력을 더하지만, 주류 가격으로 인한 높은 총액과 주기적인 메뉴 변경은 전반적인 가치와 일관성에 미묘한 영향을 미칩니다.",http://place.map.kakao.com/1877143193,37.51065283903469,127.10867419362144,"The reviews highlight various positive aspects such as the special menu, the restaurant's interior, the spacing of the seats, the combination of dishes, the variety of sake, and the overall dining experience. The staff's birthday service is also praised. However, there are some minor points mentioned such as the food quality, and a few negative comments about the smell of the alcohol. Despite these, the positive aspects outweigh the negative ones, leading to an overall positive review.",Yes,"The reviews are predominantly positive with no severe contradictions found. The staff's service, special menu, interior, and overall experience are praised. The food quality, though not perfect, is still considered good given the overall positive reception.",false,False
송파동,술집,주점 본디,92,2 Neon Hearts,"The high scores reflect the excellent ingredients, masterful technique, unique personality, and outstanding value, with only a minor deduction for a single reported inconsistency in aging.","주점 본디 offers an exceptional dining experience, marrying high-quality, seasonal ingredients with masterful culinary techniques across a diverse menu. The owner's engaging personality and generous service create a uniquely welcoming atmosphere, making this establishment a true neighborhood gem.","주점 본디는 최상급 제철 식재료와 숙련된 조리 기술이 어우러진 다채로운 메뉴로 탁월한 미식 경험을 선사합니다. 사장님의 친근한 개성과 후한 서비스는 독특하고 환영받는 분위기를 조성하며, 이 곳을 진정한 동네 명소로 만듭니다.",http://place.map.kakao.com/1637251614,37.5027516005126,127.111920970467,"The reviews are overwhelmingly positive, praising the dishes like the steamed salmon, octopus, and hot pot as delicious. Customers also appreciate the reasonable prices and the friendly service. There are no negative comments or criticisms in the reviews, only recommendations for revisiting the restaurant.",Yes,"The reviews are consistent in their praise, indicating that the food quality, portion sizes, and value for money are all satisfactory, leading to a high score of 92/100.",false,False
송파동,술집,도아,91,2 Neon Hearts,"Scores reflect strong performance across all categories, with particular emphasis on technique and personality, leading to a high overall score of 91, and no sponsorship penalty was applied.","도아 delivers an exceptional experience, marrying high-quality, deeply flavored ingredients with a chef's masterful technique and engaging personality. While the value is commendable, it's the consistent excellence across its signature dishes that truly makes this establishment shine.","도아는 깊은 맛의 재료와 셰프의 숙련된 기술, 그리고 매력적인 개성을 결합하여 탁월한 경험을 선사합니다. 훌륭한 가성비와 더불어 시그니처 메뉴들의 일관된 우수성이 이 곳을 진정으로 빛나게 합니다.",http://place.map.kakao.com/1640901502,37.502724894443375,127.11252824363515,"The reviews are overwhelmingly positive, praising the restaurant's interior, special dishes, and overall atmosphere. The customer also appreciates the portion sizes and value for money. The restaurant seems to be well-loved by diners.",Yes,"The reviews contain no criticisms or contradictions to the high score. The restaurant is highly recommended for its food quality, ambiance, and value.",false,False
송파동,술집,야심작,85,1 Neon Heart,"The score breakdown reflects strong technique and personality, supported by good value and consistency, with no sponsorship penalty applied.","This establishment demonstrates commendable culinary execution and a distinct menu identity, particularly with its well-balanced sauces and perfectly prepared dishes. While ingredients are fresh and portions generous, a slight refinement in sourcing could elevate it further.","이곳은 훌륭한 조리 기술과 독특한 메뉴 개성을 선보이며, 특히 균형 잡힌 소스와 완벽하게 준비된 요리들이 인상적입니다. 신선한 재료와 푸짐한 양은 좋으나, 재료 수급에 있어 약간의 개선이 더 높은 점수를 가능하게 할 것입니다.",http://place.map.kakao.com/929786191,37.5104761581063,127.110705309928,"The restaurant received a score of 85/100, indicating a positive overall experience. The reviews highlight several positive aspects such as the interior design, special menu items, high-quality appetizers, and good ambiance. Criticisms are minor and do not significantly impact the overall positive sentiment.",Yes,"The reviews are predominantly positive with no severe contradictions. The restaurant has unique and appealing features, and the service, food quality, and atmosphere align well with customer expectations.",false,False
석촌동,술집,노무토모,88,2 Neon Hearts,"The high score reflects exceptional quality in ingredients, technique, and outstanding value, supported by strong consistency and a distinctive chef's personality; no sponsorship penalty was applied.","노무토모 excels with fresh, diverse ingredients and masterful preparation, offering exceptional value that consistently delights its patrons. The chef's attentive, albeit blunt, personality contributes to a unique dining experience, fostering strong local loyalty.","노무토모는 신선하고 다채로운 식재료와 숙련된 조리 기술로 뛰어난 가치를 제공하며, 손님들을 꾸준히 만족시킵니다. 무뚝뚝하지만 세심한 사장의 개성은 독특한 식사 경험을 선사하며, 강력한 단골층을 형성하고 있습니다.",http://place.map.kakao.com/128807300,37.5062310166998,127.104336092962,"The reviews are overwhelmingly positive, praising the food quality, portion sizes, and overall value. The only minor criticism is about a particularly spicy soup at the end. There are no complaints about food quality, service, or any scams. The reviewer highly recommends the restaurant and expresses enthusiasm for returning.",Yes,"Despite a small criticism, the positive feedback from customers outweighs this minor issue, justifying the AI score of 88/100.",false,False
석촌동,술집,크래프트한스 석초호수서호점,83,1 Neon Heart,"The restaurant achieves a strong score due to excellent technique, solid value, and notable consistency, with no sponsorship penalty applied.","This Craft Hans branch excels with perfectly executed crispy chicken and fresh craft beer, offering a surprisingly distinct atmosphere compared to its chain counterparts. While the ingredients are solid, the overall value and consistent quality make it a commendable spot for its category.","크래프트한스 석초호수서호점은 완벽한 겉바속촉 치킨과 신선한 수제맥주로 체인점임에도 불구하고 독특한 매력을 선보입니다. 식재료는 준수하며, 가격 대비 훌륭한 품질과 일관된 맛은 이곳을 방문할 가치가 있는 곳으로 만듭니다.",http://place.map.kakao.com/1247446844,37.5062749362443,127.099377892187,"The reviews highlight the excellent interior design, great views, friendly staff, and variety of drinks. The customer also mentions enjoying the food and recommending it for a nice day out with friends. Overall, the positive aspects outweigh any minor nits.",Yes,"The reviews are overwhelmingly positive, with no significant criticisms or contradictions to the AI score. The review mentions several positive aspects such as the interior, views, staff, and variety of drinks.",false,False
석촌동,술집,별달포차,71,,"The score reflects high marks for ingredients, technique, and personality, but was heavily penalized in value and consistency due to the significant sponsored ratio.","Despite commendable ingredients and skillful execution across a diverse menu, the pervasive sponsored content significantly undermines its credibility. The heavy sponsorship ratio directly impacted our assessment of its long-term value and consistency.","다양한 메뉴에서 훌륭한 재료와 숙련된 조리 기술을 보여주었음에도 불구하고, 높은 협찬 비율이 신뢰도를 크게 저해했습니다. 이는 장기적인 가치와 일관성에 대한 평가에 직접적인 영향을 미쳤습니다.",http://place.map.kakao.com/945915996,37.5065339794176,127.104080909897,"The reviews highlight the positive aspects such as the good and flavorful food, friendly staff, and unique menu items. The customers appreciated the variety of dishes and the enjoyable experience. The minor nitpicks do not outweigh the overall positive feedback.",Yes,"Despite the AI score of 71, the customer reviews indicate a high level of satisfaction and enthusiasm, which justifies the positive classification.",false,False
석촌동,술집,담쟁이포차,78,,"The score reflects high marks for ingredients, technique, and value, balanced by a moderate score for personality and a significant deduction for unconfirmed long-term consistency; no sponsorship penalty was applied as the ratio was below 50%.","While 담쟁이포차 excels in ingredient quality and cooking technique, offering dishes with robust flavors and fresh seafood, its long-term consistency remains unproven due to recent operational interruptions. The owner's personal touch is commendable, but the overall experience falls short of a 'Neon Heart' rating.","담쟁이포차는 신선한 재료와 뛰어난 조리 기술로 깊은 맛을 선사하지만, 운영의 일관성 측면에서 아쉬움이 남습니다. 사장님의 친절함과 개성은 돋보이나, 장기적인 단골 확보의 연속성이 불분명하여 '네온 하트' 등급에는 미치지 못했습니다.",http://place.map.kakao.com/593471332,37.5034980280133,127.106623591264,"The customer reviews highlight the deliciousness of the food, especially the 무뼈닭발 매운맛, 김치우동, and 한치도 촉촉하고 쫄깃 굳, as well as the pleasant atmosphere. The reviews are overwhelmingly positive without any significant criticisms.",Yes,The reviews indicate that the food is of high quality and the atmosphere is enjoyable. The AI score of 78/100 is justified given the positive feedback.,false,False
석촌동,술집,추엌,70,,"Ingredients and technique scores are high due to excellent quality and execution, but personality is average, and both value and consistency were heavily penalized due to the significant sponsorship ratio.","While '추엌' boasts impressively fresh ingredients and masterful technique, its personality remains somewhat generic. The high sponsored ratio severely undermines its perceived value and long-term consistency, preventing it from achieving a higher rating.","추엌은 신선한 재료와 뛰어난 조리 기술을 선보이지만, 독창적인 개성은 다소 부족합니다. 높은 협찬 비율은 가치와 일관성에 대한 신뢰를 크게 저해하여 높은 평가를 받기 어렵습니다.",http://place.map.kakao.com/399881056,37.5059091562754,127.099344608756,"The reviews are overwhelmingly positive, praising the food quality, ambiance, and uniqueness of the menu. The customer mentions enjoying the dining experience and recommending it for date nights or introductions. However, minor issues such as the AI score of 70/100 suggest there could be room for improvement. The review highlights specific dishes like the <potato wrap> and <truffle>, indicating they are standout features.",Yes,"Despite the lower AI score, the reviews are consistently positive and enthusiastic, with no significant criticisms. The restaurant seems to have a strong reputation for good food and a pleasant atmosphere.",false,False
석촌동,술집,투다리 스타점,74,,"The score reflects solid technique and value, bolstered by a strong owner personality, but is tempered by average ingredient quality and the inherent limitations of a franchise model regarding unique identity. No sponsorship penalty was applied.","투다리 스타점 delivers a nostalgic menu with a strong, accommodating owner, providing reasonable value despite some ingredient inconsistencies. While the overall execution is solid for a pub, it doesn't quite reach the level of exceptional culinary distinction.","투다리 스타점은 친근하고 포스 있는 사장님의 손맛으로 추억의 맛을 선사하며, 합리적인 가격에 다양한 안주를 즐길 수 있습니다. 일부 재료의 아쉬움은 있으나, 전반적으로 술집으로서 준수한 맛과 일관성을 보여줍니다.",http://place.map.kakao.com/10897563,37.5049526384289,127.098928275115,"The customer's feedback highlights positive aspects such as the quality of the food, the cleanliness of the restaurant, and the service. They appreciate the basic items provided and express satisfaction with the prices. The review also notes the friendly and welcoming atmosphere. These comments indicate a high level of satisfaction that justifies the AI's score of 74/100.",Yes,"The reviews contain multiple positive remarks about the food quality, prices, and service, which support the AI's score of 74/100. There are no significant contradictions or criticisms in the feedback.",false,False
삼전동,술집,토탈,90,2 Neon Hearts,"The high score reflects outstanding personality and value, supported by strong technique, fresh ingredients, and consistent customer service, with no sponsorship penalty applied.","토탈 excels as a vibrant 술집, delivering exceptional value and a distinct personality through its owner's charm and generous service. While ingredients are fresh and technique solid for comfort food, it shines brightest in its consistent customer-centric approach.","토탈은 사장님의 개성과 넉넉한 서비스로 탁월한 가치를 제공하는 활기찬 술집입니다. 신선한 재료와 탄탄한 조리 기술을 바탕으로, 특히 고객 중심의 일관된 운영 방식이 돋보입니다.",http://place.map.kakao.com/16709553,37.505493945610354,127.09364279511738,"The reviews are overwhelmingly positive, praising the food quality, portion size, and service. The AI score of 90/100 aligns well with the enthusiastic customer feedback. The minor nitpick about the portion size is noted but does not significantly impact the overall positive sentiment.",Yes,"Despite the customer's comment about the portion size, which could be seen as a negative, the majority of the reviews are highly positive and supportive of the restaurant's offerings.",false,False
삼전동,술집,방가전,89,2 Neon Hearts,"High scores in ingredients, technique, value, and consistency reflect the restaurant's dedication to quality and customer satisfaction, with a slightly lower score in personality due to a less distinct culinary identity; no sponsorship penalty was applied.","방가전 excels with impeccable ingredient quality and masterful frying techniques, delivering consistently satisfying jeon and side dishes. While the chef's unique culinary signature is not overtly pronounced, the generous portions and excellent value make it a highly reliable destination.","방가전은 흠잡을 데 없는 신선한 재료와 숙련된 조리 기술로 언제나 만족스러운 전과 곁들임 메뉴를 선보입니다. 셰프의 독창적인 개성이 두드러지지는 않지만, 푸짐한 양과 뛰어난 가성비로 신뢰할 수 있는 곳입니다.",http://place.map.kakao.com/1878288205,37.5014271431122,127.088533885914,"The reviews indicate enthusiasm and satisfaction with the food, atmosphere, and service. The customer appreciated the variety of dishes and the taste. Despite some minor suggestions for improvement, the overall sentiment is very positive.",Yes,"The reviews are overwhelmingly positive, praising the taste and variety of dishes, the service, and the atmosphere. There are no major complaints or issues mentioned.",false,False
삼전동,술집,나루터민속포차,90,2 Neon Hearts,"나루터민속포차 scored highly across all categories due to its excellent ingredients, skilled preparation, strong personality, and exceptional value, with only a slight note on consistency; no sponsorship penalty was applied.","This establishment delivers a genuinely heartwarming, home-style experience with generous portions and a truly authentic touch. Despite a minor fluctuation in seasoning for one dish, the overall quality and value make it a beloved local staple.","집밥 같은 정성과 푸짐한 양으로 진정한 손맛을 느낄 수 있는 곳입니다. 한 메뉴의 양념에 미세한 편차가 있었지만, 전반적인 품질과 가성비가 훌륭하여 사랑받는 동네 맛집으로 손색이 없습니다.",http://place.map.kakao.com/1138717840,37.503970469110776,127.09684262785026,"The reviews are overwhelmingly positive, praising the basic courses as delicious and enjoyable. There are no complaints or criticisms in the reviews, and the comments express satisfaction and appreciation for the restaurant's offerings.",Yes,"The reviews contain no contradictions to the high score, and all comments are complimentary. The AI score aligns well with the positive feedback provided in the reviews.",false,False
삼전동,술집,길손,96,3 Neon Hearts,"This establishment earned high marks across all categories, particularly for its impeccable ingredients, masterful technique, and exceptional value and consistency, with no sponsorship penalty applied.","길손 delivers an exceptional culinary experience, boasting meticulously sourced ingredients and masterful execution across its diverse menu. Coupled with outstanding value and a deeply consistent, welcoming atmosphere, it stands as a destination-worthy establishment.","길손은 엄선된 식재료와 뛰어난 조리 기술로 다채로운 메뉴에서 탁월한 미식 경험을 선사합니다. 탁월한 가성비와 변함없는 따뜻한 분위기까지 겸비하여, 방문할 가치가 충분한 곳입니다.",http://place.map.kakao.com/22550303,37.5045249565956,127.093019554588,"The reviews are overwhelmingly positive, praising the food quality, service, and ambiance. While some reviewers mention that the restaurant can get crowded, they still recommend it. The AI score of 96/100 is well-aligned with the positive feedback provided in the customer receipts.",Yes,"The AI score and the positive customer reviews support each other, indicating that the restaurant meets or exceeds expectations.",false,False
삼전동,술집,판,89,2 Neon Hearts,"The score reflects exceptional ingredient quality and technique, strong personality, good value, and high consistency, with no sponsorship penalty applied.","Pan excels with its impeccably sourced, fresh seasonal sashimi and masterful aging techniques, delivering a consistently high-quality dining experience. While the owner's friendly demeanor and attention to plating add to its charm, a minor inconsistency in one dish prevents a perfect score.","판은 노량진에서 매일 공수하는 신선한 제철 사시미와 숙성 기술의 대가로 일관된 고품질 미식 경험을 제공합니다. 친절한 사장님의 세심한 플레이팅은 매력을 더하지만, 한 메뉴의 작은 아쉬움이 완벽에 이르지는 못했습니다.",http://place.map.kakao.com/1583089778,37.5016126992229,127.08860196021747,"The reviews are overwhelmingly positive, praising the basic drinks, octopus matagordo, and sakura jumiwai. The customer also mentioned the high quality of the octopus matagordo and recommended it to others. The staff is considered friendly and the ambiance is appreciated. The AI score of 89/100 is in line with the positive feedback.",Yes,The reviews indicate that the customer had a very satisfactory experience and the AI score aligns well with the positive feedback received.,false,False
삼전동,술집,두산식품,89,2 Neon Hearts,"The score reflects strong points in personality, technique, and consistency, supported by quality ingredients and fair value, with no sponsorship penalty applied.","This establishment shines with its unique, owner-driven personality and consistently excellent service, offering a distinctive Czech-inspired dish and house-made gin. While value is solid for the quality, the overall experience is elevated by meticulous technique and high-quality ingredients.","이 곳은 사장의 독특한 개성과 일관된 훌륭한 서비스로 빛나며, 체코식 치즈 튀김과 직접 만든 진 등 특별한 메뉴를 제공합니다. 가격 대비 품질도 훌륭하며, 섬세한 조리 기술과 고품질 재료가 전반적인 경험을 한층 더 끌어올립니다.",http://place.map.kakao.com/1892441352,37.50351320119132,127.08942414396324,"The reviews highlight multiple positive aspects such as the quality of food, the friendliness of the staff, and the enjoyable atmosphere. The customer also appreciates the variety of drinks and menu items, indicating a well-rounded dining experience. The staff is described as very polite, the place is considered as a perfect spot for a night out with friends or date, and the ambiance is described as perfect for a night out. Overall, the feedback is overwhelmingly positive.",Yes,"Despite the AI score being 89/100, the enthusiastic and comprehensive reviews indicate that the restaurant meets or exceeds the score. The customers praise the food, service, and overall experience, which aligns with the AI assessment.",false,False
삼전동,술집,빗쿠리,89,2 Neon Hearts,"The scores reflect exceptional quality in ingredients and technique, a strong chef personality, and good consistency, with value being appropriate for the high-quality offerings; no sponsorship penalty was applied. (Supreme Court Verified: Reviews confirm exceptional quality).","빗쿠리 stands out as an exceptional neighborhood staple, driven by a dedicated owner-chef who meticulously sources premium ingredients and executes each dish with remarkable precision. Despite a premium price point, the quality of fresh seafood and refined techniques justifies the cost, promising a consistently delightful experience.","빗쿠리는 훌륭한 식재료를 공수하고 모든 요리를 정교하게 구현하는 헌신적인 오너 셰프 덕분에 뛰어난 동네 맛집으로 자리매김했습니다. 높은 가격에도 불구하고 신선한 해산물과 세련된 조리 기술은 그 가치를 충분히 하며, 한결같이 즐거운 경험을 선사합니다.",http://place.map.kakao.com/339543730,37.5012994337796,127.095185779693,"Customer reviews are overwhelmingly positive, praising the fresh and delicious food, high quality dishes, cozy atmosphere, and very kind owners. Many express intentions to revisit frequently, highlighting specific dishes like the HOUA plate, mackerel sushi, and sashimi moriawase for their taste and quality.",Yes,"The reviews consistently support the AI score, highlighting specific positive aspects like food taste, quality, and friendly service without any serious contradictions. There are no serious complaints regarding food quality, staff behavior, or value that would challenge an 'exceptional neighborhood staple' score.",false,False
잠실동,삼겹살,잠실백정,91,2 Neon Hearts,"The scores reflect exceptional ingredient quality and masterful technique, supported by a strong unique personality and consistent delivery, offering solid value. (Supreme Court Verified: Reviews confirm exceptional quality).","This establishment masterfully combines premium, aged pork and meticulously sourced Hanwoo with expert charcoal grilling, delivering consistently high-quality meat. Its butcher-shop origins and unique identity shine through, offering excellent value for a truly satisfying experience.",숙성된 프리미엄 한돈과 엄선된 한우를 참숯에 완벽하게 구워내어 일관된 최상의 고기 맛을 선사합니다. 정육점 직영이라는 확실한 정체성과 뛰어난 가성비가 어우러져 만족스러운 미식 경험을 제공합니다.,http://place.map.kakao.com/947261616,37.5104210072568,127.082256983511,"The customer reviews are overwhelmingly positive, consistently praising the high quality of the meat, the variety and freshness of side dishes, excellent taste (especially Jinkkotsal), good value for money, clean and pleasant interior, and exceptionally kind and attentive staff. Many reviewers express strong loyalty and intent to revisit, with some stating they only go to this restaurant for meat in the area.",Yes,"The reviews strongly support the AI score of 91/100, with no serious complaints or contradictions. The restaurant is consistently described as an exceptional place with high-quality food, good value, and friendly service, aligning perfectly with an 'exceptional neighborhood staple' rating.",false,False
방이동,삼겹살,농부 방이점,87,1 Neon Heart,"The score reflects exceptional technique and consistency, supported by quality ingredients and good value, with a slight deduction for a less pronounced unique personality.","농부 방이점 excels with its meticulous charcoal pre-grilling and daily house-made kimchi, delivering consistently tender and flavorful pork. While its private dining partitions offer a unique touch, the overall identity could be more distinct to truly stand out.","농부 방이점은 강원도 참숯 초벌과 매일 담그는 김치로 일관된 맛과 품질을 자랑합니다. 프라이빗한 공간은 좋으나, 독창적인 개성을 더욱 강화한다면 완벽에 가까울 것입니다.",http://place.map.kakao.com/9005294,37.5107648991014,127.126443277024,"The reviews are overwhelmingly positive, praising the quality of the meat, the cleanliness, and the service. The customers recommend the restaurant for its affordability, variety, and suitability for both families and groups. The staff is described as polite, and the food is fresh and well-prepared.",Yes,"The restaurant is well-loved by its customers for its meat quality, service, and affordability. The positive feedback includes comments about the freshness, variety, and suitability for different types of groups, which justifies the AI score of 87.",false,False
방이동,삼겹살,방이옥 본점,90,2 Neon Hearts,"The high scores across all categories, particularly for technique and ingredients, reflect a superior dining experience, with no sponsorship penalty applied.","Bangyiok Bonjeom elevates the samgyeopsal experience with its meticulously sourced, aged pork and sophisticated cooking techniques, including sous-vide for other cuts. The owner's personal touch and consistently impeccable service further solidify its status as an exceptional neighborhood staple.",방이옥 본점은 엄선된 숙성 한돈과 수비드 기법을 활용한 섬세한 조리 기술로 삼겹살 경험을 한 차원 높입니다. 사장님의 진심 어린 응대와 일관된 최상급 서비스가 이 곳을 뛰어난 동네 맛집으로 자리매김하게 합니다.,http://place.map.kakao.com/168498325,37.513686653320256,127.10950429701668,"The reviews are overwhelmingly positive with praise for the quality of the meat, the interior design, and the special menu. There are no complaints or criticisms mentioned. The customers appreciate the restaurant's efforts and quality ingredients. The AI score of 90/100 aligns well with the positive feedback from customers.",Yes,"The positive reviews from customers support the AI score of 90/100, indicating that the restaurant meets the high standards set by the customers.",false,False
방이동,삼겹살,방이돈가,71,,"The score reflects strong ingredients and some unique personality, but significant deductions were made for inconsistent technique and value, alongside documented variability in consistency.","Bang-i Don-ga presents quality ingredients and unique accompaniments, often expertly grilled by staff for a juicy initial experience. However, inconsistent cooking execution and a high price point, coupled with occasional dips in quality, prevent it from achieving higher acclaim.","방이돈가는 좋은 식재료와 독특한 곁들임으로 시작은 훌륭하나, 직원들의 굽기 기술 편차와 높은 가격대, 그리고 미묘한 품질의 불일치가 아쉬움을 남깁니다.",http://place.map.kakao.com/2061449677,37.5121298886276,127.109321049998,"The reviews indicate that the food quality is consistently praised, with multiple customers mentioning how delicious the meat is and how the staff serves it fresh and well-cooked. Customers also appreciate the variety of side dishes and the recommendation to add cheese to the bulgogi rice. However, the reviews also highlight some minor issues such as the long wait times and the recommendation to visit other places instead. The overall tone is positive with no major complaints, suggesting that the restaurant has a strong foundation for high-quality food and service.",Yes,"The positive feedback about the food quality and service outweighs the few issues mentioned in the reviews. The restaurant has potential to improve by addressing the wait times and recommending other places, but the consistency of positive feedback makes it a strong candidate for a higher score.",false,False
송파동,삼겹살,내가잘가는삼겹살집,88,2 Neon Hearts,"The score reflects exceptional ingredients and technique, strong consistency, and good value, balanced by a distinct but not universally refined personality. No sponsorship penalty was applied as no sponsored ratio was provided.","This establishment excels in delivering high-quality, domestically sourced pork cooked to perfection on a traditional griddle, complemented by outstanding side dishes. Despite a gruff owner, the consistent quality and fair pricing make it a reliable neighborhood favorite.","국내산 최상급 돼지고기를 솥뚜껑에 완벽하게 구워내며, 곁들임 찬까지 훌륭한 맛을 자랑합니다. 무뚝뚝하지만 정감 있는 사장의 개성과 꾸준한 품질, 합리적인 가격으로 단골들의 사랑을 받는 곳입니다.",http://place.map.kakao.com/20746306,37.506930072401175,127.10345262366609,"The reviews overwhelmingly praise the quality of the meat, the deliciousness of the dishes, and the overall value for money. The reviewer appreciates the small touches like the steamed dishes and the recommendation for adding leftover kimchi and bean sprouts to a hot pot. The restaurant is recommended for its innovative concept and great service, despite its small size and poor ventilation.",Yes,"The reviews are overwhelmingly positive, with no serious criticisms. The AI score of 88/100 aligns well with the enthusiasm expressed in the reviews.",false,False
석촌동,삼겹살,연정민소금구이,78,,"The score reflects excellent ingredients, technique, and personality, but significant deductions were applied to consistency and value due to the high sponsored ratio, as per Neon Guide policy, ensuring the total score did not exceed 89.","Yeonjeongmin Sogeumgui presents premium domestic pork with a commendable focus on traditional grilling and unique side dishes. However, the substantial sponsorship ratio significantly undermines the perceived consistency and value, preventing a higher recommendation despite its culinary merits.","연정민소금구이는 최상급 국내산 돼지고기를 전통 소금구이 방식으로 선보이며, 독특한 곁들임 메뉴로 개성을 더합니다. 하지만 높은 협찬 비율로 인해 진정한 가치와 일관성에 대한 의문이 제기되어 높은 평점을 주기 어렵습니다.",http://place.map.kakao.com/543479738,37.5039958042688,127.098888560071,"The reviews highlight the excellent quality of the meat, the attractive interior, and the popularity of the restaurant. The review includes mentions of revisiting the restaurant and trying new dishes, indicating a positive overall experience.",Yes,"The restaurant received multiple positive reviews, praising the quality of the meat, the interior design, and the overall experience. There are no significant criticisms that would justify a lower score.",false,False
석촌동,삼겹살,다모아식당,85,1 Neon Heart,"The score reflects strong value and personality, with solid consistency and fresh ingredients, though a minor technique flaw in the Jeyuk Bokkeum slightly reduced the ingredients and technique scores.","This establishment offers commendable home-style Korean fare with exceptional value, particularly for its generous portions and reasonable pricing. While the fresh ingredients and warm service shine, a slight gamey note in the Jeyuk Bokkeum prevents it from achieving higher culinary distinction.","다모아식당은 푸짐한 인심과 합리적인 가격으로 훌륭한 가정식 한식을 선보입니다. 신선한 재료와 친절한 서비스는 돋보이지만, 제육볶음에서 미세하게 느껴지는 잡내가 더 높은 평가를 가로막습니다.",http://place.map.kakao.com/1482480994,37.5015435124024,127.098595810535,"The reviews are overwhelmingly positive, praising the taste, variety, and quality of the food. The customer also expresses gratitude and appreciation for the restaurant's efforts to provide authentic Korean cuisine. The review mentions the restaurant's new dish, high-quality ingredients, and its consistent quality.",Yes,"The reviews highlight the positive aspects of the restaurant without any significant criticisms, indicating that the AI score of 85/100 is justified.",false,False
삼전동,삼겹살,윗세오름,88,2 Neon Hearts,"The high scores reflect superior ingredients, masterful technique, and strong consistency, with a notable personality element and generally good value. No sponsorship penalty was applied as the ratio was 0%.","윗세오름 elevates the humble samgyeopsal with exceptional Jeju black pork and a captivating fire show, ensuring a delightful culinary experience. While the special platter's value is debatable, the overall generous portions and consistent quality make it an exceptional neighborhood staple.","윗세오름은 최상급 제주 흑돼지와 시각적인 불쇼로 삼겹살의 미학을 한 단계 끌어올립니다. 스페셜 메뉴의 가성비는 논란의 여지가 있으나, 전반적인 푸짐함과 일관된 품질은 이곳을 탁월한 동네 명소로 만듭니다.",http://place.map.kakao.com/13272439,37.5050371550344,127.096969543551,"The review mentions various positive aspects such as the variety of dishes, unlimited refills, friendly service, and the ability to rate their experience. Despite a few minor criticisms, the overall tone is very positive and enthusiastic.",Yes,"The review indicates a positive dining experience with no major complaints, which aligns well with the AI score of 88/100. The service and food quality seem to have met or exceeded customer expectations.",false,False
삼전동,삼겹살,마포숯불갈비,92,2 Neon Hearts,"The high score reflects superior ingredients, masterful technique, and excellent value, supported by consistent positive reviews; no sponsorship penalty was applied.","This establishment excels with its premium 1+ Han-don pork and exceptional house-made accompaniments, from kimchi to self-milled naengmyeon. While the owner's charm adds character, the consistent quality and outstanding value make it a true neighborhood gem.","1+ 한돈 생고기와 자가제면 냉면, 직접 담근 김치 등 모든 요소에서 뛰어난 품질을 자랑합니다. 친절하고 개성 있는 사장의 인심과 변함없는 맛, 그리고 훌륭한 가성비가 돋보이는 곳입니다.",http://place.map.kakao.com/20618367,37.50106325739416,127.08837286677613,"The reviews highlight the positive aspects such as the quality of the meat, the self-service bar, and the friendliness of the staff. There are no complaints or contradictions found in the reviews. The summary is positive and aligns with the high score given by the AI.",Yes,"The reviews are overwhelmingly positive, praising the quality of the meat, the self-service bar, and the staff. There are no criticisms or contradictions to the high score given by the AI.",false,False
방이동,돼지갈비,우리강산,78,,"The score reflects strong ingredients and solid technique for core dishes, balanced by mixed reviews on side dishes, high beef prices, and minor operational inconsistencies, with no sponsorship penalty applied.","우리강산 excels with quality 돼지갈비 featuring a pleasant charcoal aroma and a clean galbitang, reflecting its long-standing tradition. However, inconsistent cold noodle quality and high beef prices detract from an otherwise solid experience.",우리강산은 좋은 품질의 돼지갈비와 깔끔한 갈비탕으로 오랜 전통을 보여줍니다. 하지만 냉면의 맛이 일관되지 않고 소고기 가격이 비싸다는 점이 아쉬움을 남깁니다.,http://place.map.kakao.com/12698730,37.51315125457934,127.12255181530448,"The reviews are overwhelmingly positive, praising the quality of the meat, the friendliness of the staff, the variety of dishes, and the overall experience. The restaurant is described as having a long-standing tradition of excellent food and service.",Yes,"The reviews highlight the excellent quality of the meat, the friendliness of the staff, and the variety of dishes. There are no negative comments, and the customer's desire to return indicates satisfaction with the restaurant.",false,False
방이동,돼지갈비,춘향고을,81,1 Neon Heart,"The score reflects strong points in ingredients, technique, and personalized service, balanced against good value and a notable deduction in consistency due to reports of ordinary side dishes. No sponsorship penalty was applied.","Chunhyanggoeul offers a commendable 돼지갈비 experience with quality domestic pork and skillful preparation, featuring a pleasant charcoal aroma. While the owner's attentive service adds a personal touch, the overall consistency is slightly undermined by reports of some side dishes being merely ordinary.","춘향고을은 좋은 품질의 국내산 돼지고기와 숙련된 조리 기술로 숯불향 가득한 돼지갈비를 선보입니다. 사장님의 세심한 서비스는 긍정적이나, 일부 사이드 메뉴에서 평범하다는 평가가 있어 전반적인 일관성에는 아쉬움이 남습니다.",http://place.map.kakao.com/16270091,37.5155864180604,127.109018424289,"The reviews are overwhelmingly positive with enthusiastic praise for the food, particularly the 돼지갈비 (pork ribs). Customers mention the quality of the meat, deliciousness, and how much they enjoyed their meal. There are also some minor critiques like the soup being average, but overall the sentiment is very positive.",Yes,"Despite a few minor critiques, the majority of the reviews are highly positive and enthusiastic, indicating that the food quality and taste are the standout features of the restaurant. The reviews suggest that the restaurant consistently delivers a satisfying dining experience with the pork ribs being the highlight.",false,False
송파동,고기집,불타니한우,81,1 Neon Heart,"The score reflects exceptional ingredient quality and strong technique, slightly tempered by minor inconsistencies in side dishes and value perception, with no sponsorship penalty applied.","불타니한우 presents a commendable offering of 1++ Hanwoo, expertly cooked on cast iron with a standout kimchi fried rice. While the quality is evident, minor inconsistencies in the doenjang jjigae and some meat reviews prevent a higher accolade.","불타니한우는 1++ 한우 생등심을 무쇠 팬에 구워내며 훌륭한 깍두기 볶음밥으로 깊은 인상을 남깁니다. 전반적인 품질은 높으나, 된장찌개와 일부 고기 맛에 대한 미묘한 평가 차이가 아쉬움을 남깁니다.",http://place.map.kakao.com/9832372,37.51153399584007,127.10870148577098,"불타니한우의 고객 리뷰는 전반적으로 긍정적이며, 고기의 품질, 맛 그리고 가성비를 칭찬하는 내용이 포함되어 있습니다. 하지만 식당 내의 공기 막힘과 답답함에 대한 피드백이 있음에도 불구하고, 전체적으로 음식의 품질과 맛에 대한 긍정적인 평가가 outweigh하고 있습니다.",Yes,"불타니한우의 고객 리뷰는 대부분 긍정적이며, 고기의 품질과 맛에 대한 높은 평가가 있습니다. 그러나 식당 내의 공기 막힘과 답답함에 대한 피드백이 존재하므로 이는 전체적인 평가에서 덜 중요한 요소로 간주됩니다.",false,False
송파동,고기집,우마담호수,93,2 Neon Hearts,"The high score reflects outstanding ingredient quality, masterful technique, and strong consistency, complemented by a distinctive personality and excellent value.","우마담호수 delivers an exceptional hanwoo experience, marked by superb ingredient quality and meticulous cooking technique. The chef's distinctive service and consistent value solidify its standing as a truly remarkable 고기집.",우마담호수는 최상급 한우의 품질과 섬세한 조리 기술로 탁월한 미식 경험을 선사합니다. 셰프의 개성 있는 서비스와 일관된 만족도는 이곳을 진정 돋보이는 고기집으로 만듭니다.,http://place.map.kakao.com/1359028505,37.5090088683487,127.105290025785,"The reviews highlight the high-quality meat, delicious dishes, and satisfying experience. The customer appreciated the variety and portion control of the menu. There were no complaints and many positive remarks, indicating a very satisfactory experience overall.",Yes,"The reviews are overwhelmingly positive without any significant criticisms or contradictions to the AI score. The food quality, portion control, and customer satisfaction are well-represented in the reviews.",false,False
석촌동,고기집,방배소곱창,91,2 Neon Hearts,"The high scores reflect superior ingredients, masterful technique, and strong consistency, further enhanced by personalized service and reasonable value.","방배소곱창 delivers an exceptional offal experience, showcasing top-tier Korean beef with masterful charcoal grilling. The personalized service and consistent quality make it a standout, offering remarkable value for its caliber.","방배소곱창은 최상급 한우와 숙련된 숯불 직화 기술로 탁월한 곱창 경험을 선사합니다. 사장님의 개성 있는 서비스와 한결같은 품질은 이 곳을 돋보이게 하며, 가격 대비 뛰어난 가치를 제공합니다.",http://place.map.kakao.com/143377898,37.5010450242894,127.108128738955,"The reviews are overwhelmingly positive, praising the special menu, meat quality, and dishes like the grilled meat and dumpling soup. The customer also mentioned enjoying the truffle salt that complemented the dishes. The customer recommends the restaurant and mentions that the owner prepares high-quality meat. While some details are positive, such as the meat's tenderness and the soup's richness, the AI score of 91/100 aligns well with the positive reception from the customers.",Yes,"Despite minor details, the restaurant received enthusiastic 5-star reviews from customers and the AI score is very close to the perfect score. The customer's satisfaction is evident in their comments.",false,False
삼전동,고기집,지호한방삼계탕 삼전동점,87,1 Neon Heart,"The high scores in ingredients, technique, and consistency reflect the restaurant's dedication to quality and execution, balanced by a slightly higher price point; no sponsorship penalty was applied as the ratio was below 50%.","This establishment excels in ingredient sourcing and culinary technique, delivering a consistently high-quality samgyetang experience. While the pricing is on the higher side, the owner's personal touches and overall satisfaction justify the cost.","최고급 웅추닭과 특허받은 한방 육수로 재료와 조리 기술에서 탁월함을 보입니다. 가격대가 다소 높지만, 사장님의 개성 있는 반찬과 일관된 맛으로 그 가치를 충분히 증명합니다.",http://place.map.kakao.com/129224875,37.50379930055364,127.0968152638849,"The reviews are overwhelmingly positive, praising the food quality, service, and ambiance. The customers mention the deep flavors, attentive staff, and spacious seating. There are no complaints about the food quality, and some even suggest an option for larger portions. Overall, the reviews support the AI score of 87/100.",Yes,"The reviews indicate a high level of satisfaction with the food, service, and environment, aligning well with the AI score.",false,False
삼전동,고기집,유정소곱창,91,2 Neon Hearts,"High scores across all categories reflect the superior ingredient quality, masterful cooking technique, and strong personality, with a slight deduction in consistency due to a minor texture note.","유정소곱창 delivers exceptionally fresh offal, expertly grilled to achieve perfect textures and rich flavors. The proprietor's attentive service and distinct regional charm elevate the dining experience, making it a truly remarkable neighborhood staple.","유정소곱창은 최상급의 신선한 곱창을 완벽한 기술로 구워내어 뛰어난 맛과 식감을 선사합니다. 사장님의 세심한 서비스와 개성 있는 매력은 식사 경험을 한층 더 풍요롭게 하여, 이 곳을 진정한 동네 명소로 만듭니다.",http://place.map.kakao.com/948087859,37.50648120817456,127.09280370005732,"The reviews are overwhelmingly positive, praising the food quality, service, and value. The customer enjoyed various dishes, including the dumpling soup, stir-fried rice, and seasoned dishes. They also appreciated the friendly and clean environment. There are no complaints or criticisms regarding the food or service, which aligns well with the high AI score of 91/100.",Yes,The reviews indicate a very positive experience with no negative comments. The restaurant's reputation as a 'hidden gem' and the high score from the AI suggest that the service and food quality meet or exceed expectations.,false,False
방이동,칼국수,방산바지락칼국수,85,1 Neon Heart,"The high scores for ingredients and value reflect the restaurant's commitment to quality sourcing and fair pricing, while technique and consistency are solid despite minor feedback on the main broth.","Bangsan Bajirak Kalguksu offers a commendable culinary experience, highlighted by its fresh, domestic ingredients and exceptional value. While the main broth occasionally lacks depth, the consistently praised homemade kimchi and well-executed side dishes elevate the overall offering.","방산바지락칼국수는 신선한 국내산 재료와 뛰어난 가성비로 칭찬받을 만한 미식 경험을 제공합니다. 메인 국물이 가끔 심심하다는 평이 있지만, 꾸준히 호평받는 직접 담근 김치와 잘 조리된 사이드 메뉴들이 전반적인 만족도를 높입니다.",http://place.map.kakao.com/16649482,37.5073135677446,127.12175961537,"The reviews are overwhelmingly positive, praising the food quality, portion sizes, and service. Despite minor points like the size of the bowls and the presence of meat smell, the overall experience is highly satisfactory.",Yes,"Despite some minor complaints, the vast majority of the reviews are enthusiastic and recommend the restaurant. The service is described as friendly, and the portion sizes are considered adequate by customers.",false,False
송파동,칼국수,소담칼국수,82,1 Neon Heart,"The score reflects excellent technique, strong personality, and exceptional value, balanced by good ingredient quality and a significant deduction due to insufficient data on long-term consistency.","The culinary execution here is notably strong, with well-balanced flavors and thoughtful touches like daily-made kimchi and free rice. However, the lack of information regarding long-term consistency prevents a higher accolade.","소담칼국수는 균형 잡힌 맛과 매일 담그는 김치, 무료 강황밥 등 세심한 배려가 돋보이는 곳입니다. 하지만 오랜 기간 검증된 일관성에 대한 정보가 부족하여 더 높은 평가를 받지는 못했습니다.",http://place.map.kakao.com/99991971,37.5009874866545,127.109943767451,"The reviews are overwhelmingly positive, praising the flavors, service, and cleanliness. Customers recommend the new dish '얼큰어묵칼국수' and express satisfaction with the portion sizes. There are no complaints or negative points mentioned in the reviews. The enthusiasm and lack of criticism justify the AI score of 82/100.",Yes,"The reviews are consistently positive and do not mention any issues, thus supporting the AI score of 82/100.",false,False
송파동,칼국수,일등칼국수,83,1 Neon Heart,"The high scores in ingredients, technique, and personality reflect the restaurant's quality and dedication, while the value is solid; however, the lack of data for consistency resulted in a moderate score in that category.","일등칼국수 showcases exceptional dedication with its domestic ingredients and masterful technique, evident in its perfectly balanced soy milk and chewy noodles. However, the lack of explicit consistency data prevents a higher commendation, leaving a crucial element unverified.","일등칼국수는 국내산 재료와 30년 내공의 조리 기술로 완벽한 콩물과 쫄깃한 면발을 선보입니다. 다만, 일관성에 대한 명확한 정보 부재가 아쉬움을 남겨, 더 높은 평가를 보류합니다.",http://place.map.kakao.com/633605693,37.49841688883403,127.11836499312103,"The reviews are overwhelmingly positive, praising the flavor of the dishes, especially the bibimbap and kimchi, as well as the freshness of the ingredients. Customers seem to be satisfied with the portions and the overall dining experience. There are minor suggestions for improvement, such as the absence of some kimchi or the thickness of the noodles, but these do not significantly impact the overall positive sentiment.",Yes,"Despite some minor suggestions for improvement, the majority of the reviews are enthusiastic and praise the restaurant's food and service. The AI score of 83 is in line with the positive feedback received.",false,False
방이동,냉면,유천냉면 본점,88,2 Neon Hearts,"The high scores in ingredients, personality, and consistency reflect its long-standing tradition and dedication to quality, complemented by solid technique and value; no sponsorship penalty was applied.","유천냉면 본점 stands as a testament to four decades of culinary tradition, offering a consistently high-quality naengmyeon experience. Its dedication to premium ingredients and refined techniques truly elevates this comfort food to an exceptional level.",유천냉면 본점은 40년 전통의 깊은 맛을 꾸준히 유지하며 냉면의 진수를 보여줍니다. 최상급 재료와 숙련된 조리 기술이 어우러져 일상적인 음식을 특별한 미식 경험으로 승화시킵니다.,http://place.map.kakao.com/8034264,37.52851676061169,127.11558988007422,"The customer review highlights the restaurant's traditional and authentic atmosphere, as well as the delicious, large portioned cold beef soup and dumplings. The AI score of 88/100 is well-aligned with the positive feedback provided by the customer. The comments mention the traditional feel of the restaurant and the high-quality ingredients used, indicating that the AI score reflects the overall positive customer experience.",Yes,"The AI score of 88/100 matches the positive sentiment expressed in the customer reviews, which praise the restaurant's traditional atmosphere and the high-quality ingredients used in the dishes. The AI seems to have captured the essence of the positive experience conveyed by the customer. ",false,False
석촌동,국수,사리정 석촌호수점,94,2 Neon Hearts,"The high score reflects superior ingredients, masterful technique, a distinct personality, and unparalleled value, all underpinned by strong consistency; no sponsorship penalty was applied.","Sarijeong delivers an exceptional 국수 experience, distinguished by its meticulously crafted vegetable broth and perfectly executed components. The generous free refills and consistent quality solidify its status as an outstanding neighborhood staple.",사리정은 정성껏 우려낸 야채 육수와 완벽하게 조리된 재료들로 뛰어난 국수 경험을 선사합니다. 아낌없는 무료 리필과 한결같은 품질은 이곳을 탁월한 동네 맛집으로 자리매김하게 합니다.,http://place.map.kakao.com/813042480,37.50587976300498,127.10106819010768,"The customer reviews are overwhelmingly positive, consistently praising the delicious and clean taste of the meat and broth, the quality of the noodles, generous portions, and excellent value. Reviewers frequently highlight the deep, rich, yet non-greasy broth, tender meat, and overall well-balanced flavors. The restaurant is also commended for its cleanliness, friendly staff, and welcoming atmosphere, with many expressing intentions to revisit.",Yes,"The customer receipts strongly support the high AI score of 94/100. There are no negative comments or contradictions; instead, the reviews consistently laud the food quality, taste, portion size, value, cleanliness, and friendly service, aligning perfectly with a high-scoring establishment.",false,False
송파동,돈까스,카츠젠,72,,"The score reflects strong ingredient quality but deductions for inconsistent technique, mixed personality/service feedback, variable value across menu items, and a notable lack of consistency in specific offerings like the 통치즈카츠.","카츠젠 presents a mixed experience, with fresh ingredients and generally well-executed basic cutlets, but struggles with consistency across its menu and occasional technical flaws. While some dishes offer good value, others fall short, preventing it from reaching a higher tier.","카츠젠은 신선한 재료와 전반적으로 잘 조리된 기본 카츠를 선보이지만, 메뉴 전반의 일관성과 간헐적인 기술적 결함에서 아쉬움을 남깁니다. 일부 메뉴는 좋은 가성비를 제공하나, 다른 메뉴는 기대에 미치지 못하여 높은 평가를 받기 어렵습니다.",http://place.map.kakao.com/1917031945,37.5055892753715,127.109561458453,"The customer reviews are generally positive, praising the taste of the food, the friendly service, and the cleanliness. The AI score of 72/100 aligns with the positive feedback from the customers. The minor details like the Wi-Fi and restroom location are not a significant issue for the overall positive experience.",Yes,"The AI score is not significantly different from the positive customer reviews, and the minor drawbacks mentioned do not outweigh the positive aspects.",false,False
삼전동,돈까스,파인카츠,91,2 Neon Hearts,"The high scores in ingredients and technique reflect the use of rare pork breeds and advanced aging/frying methods, complemented by a strong chef personality and consistent quality.","파인카츠 elevates the humble 돈까스 through rare, meticulously sourced ingredients and an innovative triple-aging, low-temperature frying technique. While slightly premium in price, the exceptional quality and chef's dedication make it a truly remarkable culinary experience.","파인카츠는 희귀하고 엄선된 식재료와 혁신적인 삼중 숙성, 저온 조리 기술로 돈까스의 격을 높였습니다. 다소 높은 가격대에도 불구하고 탁월한 품질과 셰프의 장인정신이 어우러져 진정으로 특별한 미식 경험을 선사합니다.",http://place.map.kakao.com/555475867,37.5068283274067,127.091349665265,"The customer mentions enjoying the new side dish of curry, the combination of curry and toffle udon, and the curry rice. Multiple customers have given positive feedback, including enthusiastic recommendations to try the curry with curry rice and toffle udon. The reviews are overwhelmingly positive and complimentary.",Yes,"Despite a minor issue with a customer's feedback, the overall sentiment of the reviews is very positive and enthusiastic. The AI score of 91/100 aligns well with the positive customer feedback.",false,False
삼전동,돈까스,어니언스,78,,"The score reflects strong ingredient quality and technique, balanced by a lack of distinct personality, unproven value without pricing details, and an absence of long-term consistency data.","어니언스 presents a competently executed donkatsu with fresh, domestic ingredients and a satisfying 'crispy outside, juicy inside' texture. While the daily preparation and signature mix show dedication, the overall experience, lacking unique flair or proven long-term consistency, falls short of earning a Neon Heart.","어니언스는 신선한 국내산 재료와 겉바속촉 식감으로 돈까스의 기본에 충실합니다. 매일 직접 만드는 정성과 시그니처 메뉴는 돋보이지만, 독창성과 장기적인 일관성에 대한 정보가 부족하여 '네온 하트'를 부여하기에는 미흡합니다.",http://place.map.kakao.com/924309709,37.5018189938286,127.09668943623,"The reviews are overwhelmingly positive, praising the food quality, portion sizes, and value for money. The customer also compliments the staff and the restaurant's accessibility. The minor criticism seems to be about the unconventional spelling in the customer's review, which does not significantly impact the overall positive sentiment.",Yes,"Despite a few minor spelling errors in the customer's review, the majority of the comments are positive and complimentary of the restaurant's food quality, portion sizes, value for money, and service. The score of 78/100 aligns well with the positive feedback received.",false,False
