source,name,address,city,country,category,cuisine,price,phone,url,year,description,latitude,longitude,captured_at,kakao_id,kakao_url,korean_query,name_ko,address_ko,description_en,description_ko
blueribbon,영춘옥,서울특별시 종로구 돈화문로5가길 13,Seoul,South Korea,RIBBON_TWO,,,02-765-4237 ,,2026,,37.57132,126.991513,2026-02-17T22:29:33.775718+00:00,,,,영춘옥,서울특별시 종로구 돈화문로5가길 13,"Step into Yeongchunok (영춘옥), a beloved institution in Jongno that's been serving up hearty Korean comfort food for 85 years. This no-nonsense eatery, with its distinct retro vibe, is a popular spot for both locals and younger crowds drawn to its authentic atmosphere. Open 24 hours, it's the perfect place to grab a satisfying meal any time of day or night.

The star of the show is the rich Gomtang (곰탕), a clear, savory beef bone broth, and the Oxtail Gomtang (꼬리곰탕). The Oxtail Gomtang features generous, long-cut pieces of tender oxtail, served with a pile of fresh green onions that are best enjoyed dipped in the accompanying seasoned soy sauce. It's a simple yet deeply flavorful experience that embodies the essence of traditional Korean cuisine.","85년의 역사를 자랑하는 종로의 터줏대감, 영춘옥에 오신 것을 환영합니다. 레트로 감성이 물씬 풍기는 이곳은 오랜 시간 동안 변함없는 맛으로 현지인과 젊은층 모두에게 사랑받는 명소입니다. 24시간 영업으로 언제든 든든한 한 끼 식사를 즐길 수 있다는 점도 큰 매력입니다.

이곳의 대표 메뉴는 맑고 깊은 맛의 곰탕(Gomtang)과 꼬리곰탕(Oxtail Gomtang)입니다. 특히 꼬리곰탕은 푸짐하게 제공되는 신선한 대파를 곁들여 양념장에 찍어 먹는 것이 별미입니다. 길게 썰어낸 부드러운 꼬리 고기와 함께, 한국 전통의 맛을 제대로 느낄 수 있는 소박하지만 깊이 있는 경험을 선사합니다."
blueribbon,서북면옥,서울특별시 광진구 자양로 199-1,Seoul,South Korea,RIBBON_TWO,,,02-457-8319 ,,2026,,37.54538,127.0853,2026-02-17T22:29:33.775718+00:00,,,,서북면옥,서울특별시 광진구 자양로 199-1,"Step into Seobuk Myeonok (서북면옥) for a taste of authentic Pyeongyang-style naengmyeon (평양냉면). This beloved spot, with its nostalgic, old-school charm, is known for its deeply flavorful meat broth that perfectly complements the chewy buckwheat noodles. Don't miss their signature mul-naengmyeon (물냉면), a refreshing bowl that's surprisingly addictive and pairs wonderfully with a shot of soju (소주) - though be aware, soju isn't served on weekends and holidays. The handmade dumplings (만두) and tender suyuk (수육) are also highly recommended additions to your meal.","서북면옥(Seobuk Myeonok)은 정통 평양냉면(Pyeongyang-style naengmyeon)을 맛볼 수 있는 곳입니다. 오래된 듯한 향수를 불러일으키는 매력적인 이 곳은 깊고 풍부한 육수 맛으로 유명하며, 쫄깃한 메밀면과 환상적인 조화를 이룹니다. 특히 시원하고 중독성 있는 물냉면(mul-naengmyeon)은 소주(soju)와 함께 즐기기 좋지만, 주말과 공휴일에는 판매하지 않으니 참고하세요. 손수 빚은 만두(mandu)와 부드러운 수육(suyuk)도 곁들이면 더욱 풍성한 식사를 즐길 수 있습니다."
blueribbon,하동관,서울특별시 중구 명동9길 12,Seoul,South Korea,RIBBON_TWO,,,02-776-5656 ,,2026,,37.56441,126.9851,2026-02-17T22:29:33.775718+00:00,,,,하동관,서울특별시 중구 명동9길 12,"This establishment is a hidden gem, a testament to dedication and quality that builds over time, much like renowned Seoul institutions. They focus on a clean, pure broth, reminiscent of the famous Haidonggwan (하동관) style, but with a unique twist – it's like Haidonggwan's gomtang (곰탕) without the tripe. Using only premium Korean beef, their clear, unadulterated soup is a hit with all ages, offering a healthy and comforting meal that stands apart from heavily seasoned alternatives. It's a place where the quality of ingredients shines through, requiring no artificial enhancements.","이곳은 오랜 시간과 정성을 통해 명성을 쌓아온 서울의 유명 식당들처럼, 헌신과 품질을 보여주는 숨겨진 보석입니다. 유명한 하동관(하동관) 스타일을 연상시키는 맑고 순수한 육수에 집중하지만, 특이하게도 하동관의 곰탕에서 양(곱창)만 뺀 듯한 독특한 맛을 선사합니다. 최상급 한우만을 사용하여 맑고 인공적인 첨가물 없이 끓여낸 이 국물은 모든 연령층에게 사랑받으며, 양념이 강한 다른 음식들과는 확연히 구분되는 건강하고 편안한 식사를 제공합니다. 재료 본연의 맛이 빛나는 곳으로, 인위적인 맛을 더할 필요가 없습니다."
blueribbon,경인미술관전통다원,서울특별시 종로구 인사동10길 11-4,Seoul,South Korea,RIBBON_TWO,,,02-730-6305 ,,2026,,37.57451,126.9856,2026-02-17T22:29:33.775718+00:00,,,,경인미술관전통다원,서울특별시 종로구 인사동10길 11-4,"Step into a tranquil oasis in the heart of Insadong at Gyeongin Traditional Tea House (경인미술관전통다원). This charming spot, formerly known as Gyeongin Dadang, offers a serene escape reminiscent of college days. Enjoy traditional teas, particularly the refreshing nokcha (녹차), served with a large mahot병 (mahot병) and a unique ritual of savoring the tea's color, aroma, and taste over three distinct experiences. The ambiance, with its traditional papered windows and the gentle glow of the moon, provides a perfect setting for quiet reflection and conversation.","인사동 중심부의 고요한 오아시스, 경인미술관전통다원으로 들어서 보세요. 예전 경인다당으로 알려졌던 이 매력적인 장소는 대학 시절을 떠올리게 하는 고즈넉한 탈출구를 제공합니다. 특히 시원한 녹차를 전통적인 마호병과 함께 즐기며, 차의 빛깔, 향, 맛을 세 번의 다른 경험으로 음미하는 독특한 의식을 경험해 보세요. 전통 창호지와 은은한 달빛이 어우러진 분위기는 조용한 성찰과 대화를 위한 완벽한 배경을 선사합니다."
blueribbon,MAYBELL BAKERY,서울특별시 용산구 이태원로45길 34,Seoul,South Korea,RIBBON_TWO,,,0507-1332-9481,,2026,,37.5366074435475,126.997831352071,2026-02-17T22:29:33.775718+00:00,,,,오월의종,서울특별시 용산구 이태원로45길 34,"Step into Maybell Bakery, a charming red brick establishment that feels like a hidden gem. Despite its popularity, with crowds often filling the space, the staff are incredibly accommodating, even managing to squeeze in extra seating for a group. The bakery offers a delightful array of healthy breads and coffee, making it a perfect spot for a relaxed catch-up with friends. Don't miss their signature coffee bread and fig rye bread (무화과호밀빵), paired with a cup of their subtly acidic, high-quality coffee.","붉은 벽돌집의 매력적인 공간, 메이벨 베이커리에 들어서면 숨겨진 보석을 발견한 듯한 느낌을 받을 수 있습니다. 늘 사람들로 붐비는 인기 있는 곳이지만, 직원들은 놀랍도록 친절하며 단체 손님을 위해 좌석을 추가로 마련해 줄 정도입니다. 건강한 빵과 커피가 다양하게 준비되어 있어 친구들과 편안하게 수다를 떨기에 완벽한 장소입니다. 시그니처 메뉴인 커피빵과 무화과호밀빵을 산미가 살짝 느껴지는 고급스러운 커피와 함께 즐겨보세요."
blueribbon,Onion,서울특별시 종로구 계동길 5,Seoul,South Korea,RIBBON_TWO,,,070-7543-2123,,2026,,37.57738681090379,126.98637445896094,2026-02-17T22:29:33.775718+00:00,,,,어니언(안국점),서울특별시 종로구 계동길 5,"Step into Onion Anguk, a cafe that beautifully blends traditional Korean architecture with a modern, spacious vibe. Housed in a charming hanok (한옥), this spot offers a unique atmosphere with both traditional floor seating and contemporary table arrangements. It's a popular destination, especially for international visitors looking to experience a slice of Korean heritage, making it a bustling yet serene escape. The expansive pebble courtyard and the quaint rubber shoe decor add to its distinctive charm.

While the drinks, like the signature chocolate latte with a unique aroma, are noteworthy, the true stars are the pastries. With an overwhelming variety of freshly baked breads that look as good as they taste, choosing your treat is the hardest part. Pair your selection with a coffee or tea for a delightful break in the heart of Seoul.","전통적인 한국 건축과 현대적이고 넓은 분위기가 아름답게 조화를 이루는 카페 어니언 안국에 들어서 보세요. 매력적인 한옥(한옥)에 자리한 이곳은 전통 좌식 공간과 현대적인 테이블 좌석을 모두 갖춘 독특한 분위기를 선사합니다. 특히 한국의 유산을 경험하고 싶은 외국인 방문객들에게 인기 있는 장소이며, 번잡하면서도 고요한 휴식처를 제공합니다. 넓은 자갈 마당과 아기자기한 고무신 장식은 이곳의 독특한 매력을 더합니다.

독특한 향의 시그니처 초콜릿 라떼와 같은 음료도 주목할 만하지만, 진정한 주인공은 바로 페이스트리입니다. 맛있어 보이는 신선하게 구워진 빵이 압도적으로 다양하여, 어떤 간식을 고를지가 가장 어려운 결정이 될 것입니다. 서울 중심부에서 즐거운 휴식을 위해 커피나 차와 함께 선택해 보세요."
blueribbon,NAMUSAIRO,서울특별시 종로구 사직로8길 21,Seoul,South Korea,RIBBON_TWO,,,070-7590-0885,,2026,,37.5746,126.971,2026-02-17T22:29:33.775718+00:00,,,,나무사이로내자,서울특별시 종로구 사직로8길 21,"Nestled in a charming hanok (한옥) style building, Namusairo offers a serene escape with its traditional architecture and hidden courtyards. This highly-awarded cafe, recognized for over a decade with Blue Ribbons, is a must-visit for coffee aficionados. While the basic iced americano (아이스 아메리카노) is already a crowd-pleaser with its rich, satisfying flavor, the real draw is their expertly roasted drip coffee, promising a complex and memorable cup. Don't miss out on their delicious desserts, with the tiramisu being a popular choice among patrons.","전통적인 한옥 건축 양식과 숨겨진 마당이 있는 고즈넉한 공간, 나무사이로는 방문객에게 평온한 휴식을 선사합니다. 10년 이상 블루리본으로 인정받은 이 카페는 커피 애호가들에게 필수 방문 코스입니다. 기본 아이스 아메리카노(아이스 아메리카노)도 이미 풍부하고 만족스러운 맛으로 인기가 많지만, 진정한 매력은 복합적이고 기억에 남는 한 잔을 약속하는 전문적으로 로스팅된 드립 커피에 있습니다. 방문객들에게 인기 있는 티라미수를 포함한 맛있는 디저트도 놓치지 마세요."
blueribbon,평양면옥,서울특별시 중구 장충단로 207,Seoul,South Korea,RIBBON_TWO,,,02-2267-7784 ,,2026,,37.56302915750704,127.0064696447095,2026-02-17T22:29:33.775718+00:00,,,,평양면옥,서울특별시 중구 장충단로 207,"A true taste of Pyongyang, Jangchung-dong Pyeongyang Naengmyeon has been serving its signature subtle broth and chewy buckwheat noodles since 1985. This Michelin-recognized establishment, now in its third generation, offers a refined experience. The star is the Pyeongyang naengmyeon (평양냉면) itself, a delicate yet deeply flavorful dish. Complement your noodles with their handmade mandu (만두), a half-portion of which is available, featuring a soft, tofu-rich filling with a satisfying crunch from bean sprouts.",1985년부터 3대째 이어져 온 장충동 평양면옥은 평양의 맛을 그대로 재현하는 곳입니다. 미슐랭에도 등재된 이곳의 시그니처 메뉴는 슴슴하면서도 깊은 풍미의 육수와 쫄깃한 메밀면이 조화로운 평양냉면(평양냉면)입니다. 냉면과 함께 곁들이기 좋은 메뉴로는 부드러운 두부와 아삭한 숙주나물이 어우러진 담백한 평양식 만두(만두)를 추천합니다. 반 접시 주문도 가능하여 부담 없이 즐길 수 있습니다.
blueribbon,우래옥,서울특별시 중구 창경궁로 62-29,Seoul,South Korea,RIBBON_TWO,,,02-2265-0151 ,,2026,,37.56817,126.9988,2026-02-17T22:29:33.775718+00:00,,,,우래옥,서울특별시 중구 창경궁로 62-29,"Steeped in history since 1946, Woo Lae Oak is a revered institution for Pyongyang-style naengmyeon (평양냉면). Despite its long legacy, expect a significant wait, even on weekdays, as this spot draws crowds eager for its famously clean and delicate broth. The atmosphere is traditional and tidy, offering a comfortable space to enjoy a classic meal. Don't miss the opportunity to try their signature naengmyeon or take home their hearty yukgaejang (육개장).","1946년부터 이어져 온 오랜 역사와 전통을 자랑하는 우래옥은 평양냉면의 성지로 불립니다. 오랜 명성에도 불구하고 평일에도 긴 웨이팅이 예상되지만, 그만큼 깔끔하고 담백한 육수의 맛을 보기 위해 많은 이들이 찾는 곳입니다. 전통적이면서도 정갈한 분위기에서 편안하게 식사를 즐길 수 있습니다. 대표 메뉴인 평양냉면은 물론, 포장 가능한 푸짐한 육개장(육개장)도 놓치지 마세요."
blueribbon,평래옥,서울특별시 중구 마른내로 21-1,Seoul,South Korea,RIBBON_TWO,,,02-2267-5892 ,,2026,,37.56487,126.9904,2026-02-17T22:29:33.775718+00:00,,,,평래옥,서울특별시 중구 마른내로 21-1,"Step into Pyeongraeok (평래옥), a venerable establishment in Euljiro (을지로) serving North Korean (이북) cuisine since 1950. While the signature Pyeongyang naengmyeon (평양냉면) offers a subtly savory chicken broth that might surprise even skeptics, the true stars for many are the handmade Pyeongyang mandu (평양 만두). These dumplings boast a delicate wrapper and a flavorful filling of meat and vegetables, making them a must-try. Don't miss the dak-muchim (닭무침) either – a refreshing, tangy, and slightly spicy chicken salad that perfectly complements the meal.","1950년부터 을지로(Euljiro)에서 이북(North Korean) 음식을 선보여온 유서 깊은 맛집, 평래옥(Pyeongraeok)을 만나보세요. 시그니처 메뉴인 평양냉면(Pyeongyang naengmyeon)은 은은한 닭 육수(chicken broth)의 감칠맛으로 평냉을 즐기지 않는 분들에게도 신선한 경험을 선사할 것입니다. 하지만 이곳의 진정한 별미는 바로 손으로 빚은 평양만두(Pyeongyang mandu)입니다. 얇으면서도 속이 꽉 찬 만두는 고기와 채소의 조화로운 맛으로 잊을 수 없는 풍미를 자랑합니다. 닭고기와 오이를 새콤달콤매콤하게 무쳐낸 닭무침(dak-muchim) 또한 놓칠 수 없는 별미이니 꼭 함께 즐겨보세요."
blueribbon,청진옥,서울특별시 종로구 종로3길 32,Seoul,South Korea,RIBBON_TWO,,,02-735-1690 ,,2026,,37.571716,126.979423,2026-02-17T22:29:33.775718+00:00,,,,청진옥,서울특별시 종로구 종로3길 32,"A true Seoul institution, Cheongjinok (청진옥) is a legendary Haejangguk (해장국) spot with nearly 90 years of history, recognized as a Seoul Future Heritage. This bustling eatery, often the first place locals think of for a restorative broth in Gwanghwamun, offers a comforting and clean soup experience. The atmosphere buzzes with a mix of solo diners and groups, reflecting its enduring popularity among locals and celebrities alike.","청진옥은 약 90년의 역사를 자랑하는 서울의 전설적인 해장국 맛집으로, 서울미래유산으로 지정된 곳입니다. 광화문에서 해장국 하면 가장 먼저 떠오르는 이곳은 편안하고 깔끔한 국물 맛으로 많은 사랑을 받고 있습니다. 혼밥족부터 단체 손님까지, 오랜 세월 동안 현지인과 유명 인사 모두에게 사랑받는 이곳의 활기찬 분위기를 느껴보세요."
blueribbon,대성집,서울특별시 종로구 사직로 5,Seoul,South Korea,RIBBON_TWO,,,02-735-4259 ,,2026,,37.57269,126.960904,2026-02-17T22:29:33.775718+00:00,,,,대성집,서울특별시 종로구 사직로 5,"Daesungjip is a legendary spot near Seongsu Station, famous for its signature dish, Beoseot Jumulleok (버섯주물럭). This unique stir-fry features tender, marinated chicken thigh from Chuncheon, combined with generous amounts of oyster mushrooms and a special sauce made with sun-dried chili peppers from Chochong. Unlike typical dakgalbi, the sauce is rich and deeply flavorful, with no added water, creating a sticky, addictive taste. The generous portions and the accompanying Pajeon (파전) and Muk-sabal (묵사발) make it a fantastic value, perfect for both lunch and lively dinners.","대성집은 성수역 근처의 전설적인 맛집으로, 시그니처 메뉴인 버섯주물럭으로 유명합니다. 이 독특한 볶음 요리는 춘천에서 공수한 부드러운 닭다리살을 굴버섯과 함께 특제 소스에 재워 만듭니다. 특히 초정에서 직접 재배한 고춧가루로 만든 소스는 물 한 방울 없이 진득하고 중독성 있는 깊은 맛을 자랑합니다. 푸짐한 양과 함께 제공되는 파전과 묵사발은 점심 식사나 활기찬 저녁 모임 모두에 훌륭한 가성비를 선사합니다."
blueribbon,The Ninth Gate Grille,서울특별시 중구 소공로 106,Seoul,South Korea,RIBBON_TWO,,,02-317-0366,,2026,,37.5644841324893,126.980184460247,2026-02-17T22:29:33.775718+00:00,,,,나인스게이트,서울특별시 중구 소공로 106,"Nestled within The Westin Chosun Seoul, The Ninth Gate Grille offers a contemporary Western dining experience with a view of the historic Hwangudan Altar. While it may have started as Korea's first French restaurant, it now presents an international brasserie style. The Chef's Tasting Dinner showcases a range of dishes, from a delightful parmesan cheese amuse-bouche and fresh shrimp with asparagus to a standout miso-glazed black cod that blends Japanese and Western flavors. The Korean beef tenderloin is tender and perfectly cooked, complemented by a selection of fine salts. The meal concludes with a refreshing herbal lemonade and a light grapefruit mousse.","웨스틴조선 서울에 자리한 나인스게이트그릴은 역사적인 환구단이 보이는 뷰와 함께 현대적인 서양식 다이닝을 선보입니다. 한국 최초의 프랑스 레스토랑으로 시작했지만, 현재는 인터내셔널 브라세리 스타일의 요리를 제공합니다. 셰프 테이스팅 디너는 파마산 치즈를 올린 애피타이저와 신선한 새우와 아스파라거스부터, 일본과 서양의 맛을 조화롭게 융합한 된장 양념 대구 요리까지 다양하게 준비됩니다. 한우 안심은 부드럽고 완벽하게 조리되었으며, 세 가지 소금과 함께 제공됩니다. 식사는 상큼한 허브 레모네이드와 가벼운 자몽 무스로 마무리됩니다."
blueribbon,무수옥,서울특별시 도봉구 도봉로165길 15,Seoul,South Korea,RIBBON_TWO,,,02-954-6292 ,,2026,,37.67699,127.0442,2026-02-17T22:29:33.775718+00:00,,,,무수옥,서울특별시 도봉구 도봉로165길 15,"Step into Musuok (무수옥), a venerable institution that has been serving its signature seolleongtang (설렁탕) since 1943. This no-frills, generations-old eatery offers a comforting and deeply satisfying experience, perfect for those seeking authentic Korean flavors. The broth is rich and nuanced, and the accompanying kimchi (김치) and kkakdugi (깍두기) are house-made and perfectly complement the main dish. Don't miss the chance to try their yukhoe bibimbap (육회비빔밥) and fresh yukhoe (육회) as well, which have quickly become favorites among diners.","1943년부터 시작된 무수옥(무수옥)은 깊은 맛의 설렁탕(설렁탕)으로 명성을 쌓아온 유서 깊은 맛집입니다. 세월의 흔적이 느껴지는 이곳은 진하고 깊은 국물과 곁들여 먹기 좋은 직접 담근 김치(김치)와 깍두기(깍두기)가 일품입니다. 육회비빔밥(육회비빔밥)과 신선한 육회(육회) 또한 놓칠 수 없는 메뉴로, 많은 방문객들에게 사랑받고 있습니다."
blueribbon,Napoleon,서울특별시 성북구 성북로 7,Seoul,South Korea,RIBBON_TWO,,,02-742-7421 ,,2026,,37.58889,127.0051,2026-02-17T22:29:33.775718+00:00,,,,나폴레옹과자점,서울특별시 성북구 성북로 7,"Napoleon is a charming cafe conveniently located right next to Wonju Station, making it the perfect spot for travelers needing a quick break or a place to wait for their train. The atmosphere is welcoming, with a friendly owner and a spotlessly clean drink preparation area. Prices are remarkably affordable, with Americanos available in the 2,000 KRW range, a rarity in independent cafes today. They offer a variety of freshly baked goods, from simple morning buns to sweet red bean bread (danpatppang), all at budget-friendly prices.","카페 나폴레옹은 원주역 바로 옆에 위치하여 기차를 기다리거나 잠시 쉬어가기 좋은 매력적인 공간입니다. 친절한 사장님과 깔끔한 음료 제조 공간이 따뜻한 분위기를 자아냅니다. 특히 아메리카노를 2,000원대에 판매하는 등 요즘 개인 카페에서는 보기 힘든 저렴한 가격이 인상적입니다. 모닝빵부터 단팥빵까지, 다양한 종류의 갓 구운 빵들도 부담 없는 가격으로 즐길 수 있습니다."
blueribbon,Richemont bakery,서울특별시 마포구 월드컵북로 86,Seoul,South Korea,RIBBON_TWO,,,02-325-0221,,2026,,37.56141,126.9156,2026-02-17T22:29:33.775718+00:00,,,,리치몬드과자점,서울특별시 마포구 월드컵북로 86,,
blueribbon,이태리재,서울특별시 종로구 율곡로1길 74-9,Seoul,South Korea,RIBBON_TWO,,,070-4233-6262 ,,2026,,37.578765,126.981726,2026-02-17T22:29:33.775718+00:00,,,,이태리재,서울특별시 종로구 율곡로1길 74-9,"Nestled in the charming alleys of Bukchon, Italyjae (이태리재) offers a unique Italian dining experience within a beautifully renovated Hanok (한옥). The restaurant, previously recognized by the Michelin Guide, specializes in cicchetti (치케티), a Venetian-style small bites concept. Expect a cozy atmosphere, attentive service, and a delightful array of meticulously prepared small dishes, perfect for sharing.","북촌의 매력적인 골목길에 자리한 이태리재는 아름답게 개조된 한옥(한옥) 안에서 독특한 이탈리안 다이닝 경험을 선사합니다. 과거 미쉐린 가이드에 소개되었던 이 레스토랑은 베네치아 스타일의 작은 요리인 치케티(치케티)를 전문으로 합니다. 아늑한 분위기, 세심한 서비스, 그리고 정성스럽게 준비된 다양한 작은 요리들은 나누어 먹기에 완벽합니다."
blueribbon,두가헌,서울특별시 종로구 삼청로 14,Seoul,South Korea,RIBBON_TWO,,,02-3210-2100 ,,2026,,37.577089,126.980272,2026-02-17T22:29:33.775718+00:00,,,,두가헌,서울특별시 종로구 삼청로 14,"Nestled within a traditional Hanok (한옥) setting, this venue offers a unique and romantic atmosphere, especially when viewed during a pre-ceremony preview. The staff are noted for their exceptional kindness, contributing to a pleasant and memorable visit. While the ceremony space itself might feel a bit intimate, the potential for stunning floral arrangements can transform it into a truly magical setting for any special occasion.","전통적인 한옥(Hanok)의 매력적인 분위기 속에서 특별한 경험을 선사하는 이곳은, 예식 사전 관람 시 더욱 로맨틱한 분위기를 자아냅니다. 친절한 직원들의 세심한 배려 덕분에 방문객들은 즐겁고 기억에 남는 시간을 보낼 수 있습니다. 예식 공간 자체는 아담하게 느껴질 수 있으나, 아름다운 꽃 장식을 통해 어떤 특별한 날에도 낭만적인 분위기를 연출할 수 있는 잠재력을 지니고 있습니다."
blueribbon,토속촌,서울특별시 종로구 자하문로5길 5,Seoul,South Korea,RIBBON_TWO,"한식(가금류), 삼계탕, 닭볶음탕",,02-737-7444 ,,2026,,37.5776,126.9717,2026-02-17T22:29:33.775718+00:00,,,,토속촌,서울특별시 종로구 자하문로5길 5,"Nestled near Gyeongbok Palace and Cheong Wa Dae, Tosokchon Samgyetang is a beloved institution famous for its nourishing chicken soup. Be prepared for a potential wait, especially during peak hours, as this spot draws crowds eager for a taste of their signature dish. The restaurant offers a traditional ambiance, and while parking is available, it's limited, so considering nearby public parking is a good idea. They also offer takeout for those who want to enjoy their meal elsewhere.","경복궁과 청와대 근처에 자리한 토속촌 삼계탕은 영양 가득한 닭백숙으로 유명한 곳입니다. 이 맛집은 특히 피크 타임에 인기가 많아 웨이팅이 있을 수 있으니, 시그니처 메뉴를 맛보고 싶다면 기다릴 준비를 하세요. 식당은 전통적인 분위기를 자랑하며, 주차 공간이 마련되어 있지만 협소하므로 근처 공영 주차장을 이용하는 것도 좋은 방법입니다. 포장 서비스도 제공하여 원하는 곳에서 식사를 즐길 수 있습니다."
blueribbon,키즈나,서울특별시 종로구 율곡로1길 78,Seoul,South Korea,RIBBON_TWO,"일식, 스시",,02-722-0411 ,,2026,,37.578806133812215,126.98162396312134,2026-02-17T22:29:33.775718+00:00,,,,키즈나,서울특별시 종로구 율곡로1길 78,"Nestled in a traditional Hanok-style building with a serene garden, Kizuna offers an intimate and private dining experience. Chef Song Woong-sik, one of Seoul's ""Four Great Sushi Chefs,"" leads the counter, providing a tranquil atmosphere perfect for special occasions. While the chef is known for his quiet demeanor, the focus is on the exquisite sushi, with guests encouraged to ask for explanations if desired.","고즈넉한 정원이 있는 전통 한옥 건물에 자리한 키즈나는 친밀하고 프라이빗한 다이닝 경험을 선사합니다. 서울 4대 스시 셰프 중 한 명인 송웅식 셰프가 이끄는 카운터는 특별한 날에 완벽한 고요한 분위기를 제공합니다. 셰프는 과묵하기로 유명하지만, 손님들이 원하면 설명을 요청할 수 있도록 하여 초밥 자체에 집중할 수 있도록 합니다."
blueribbon,몽탄,서울특별시 용산구 백범로99길 50,Seoul,South Korea,RIBBON_TWO,"한식(육류), 우대갈비, 돼지고기구이",,02-794-8592,,2026,,37.53599611626749,126.97224352471864,2026-02-17T22:29:33.775718+00:00,,,,몽탄,서울특별시 용산구 백범로99길 50,"Step into Mongtan (몽탄), a highly sought-after barbecue joint in Yongsan, often hailed as one of Seoul's top three meat destinations. While famous for its notoriously long waits, the reward is worth it, especially for their signature straw-fired beef ribs (우대갈비). The restaurant boasts a traditional, multi-story building with a lively first floor where the grilling action happens and a more serene second floor for dining. Prepare for a culinary experience that lives up to the hype, with an array of delicious banchan (밑반찬) and sauces to complement your meal.","서울 3대 고깃집으로 불리는 용산의 인기 맛집, 몽탄(Mongtan)에 오신 것을 환영합니다. 악명 높은 웨이팅으로 유명하지만, 시그니처 메뉴인 우대갈비(짚불구이)를 맛보기 위한 기다림은 충분히 가치가 있습니다. 전통적인 분위기의 다층 건물은 활기찬 1층의 짚불구이 퍼포먼스와 조용하게 식사를 즐길 수 있는 2층으로 나뉘어 있습니다. 다양한 밑반찬과 소스가 곁들여져 기대 이상의 미식 경험을 선사할 것입니다."
blueribbon,금돼지식당,서울특별시 중구 다산로 149,Seoul,South Korea,RIBBON_TWO,"한식(육류), 돼지고기구이",,0507-1307-8750,,2026,,37.55709299058367,127.01166616636434,2026-02-17T22:29:33.775718+00:00,,,,금돼지식당,서울특별시 중구 다산로 149,"Prepare for a popular pilgrimage to Geumdwaeji Sikdang (금돼지식당), a celebrity-frequented spot that boasts Michelin and Blue Ribbon accolades. Be ready for a significant wait, as even arriving early doesn't guarantee immediate seating. The vibe is buzzing, with patrons eager to sample the highly-touted pork dishes. 

The signature dishes include the rich Bon Samgyeopsal (본삼겹) and the tender Nun-kkot Moksal (눈꽃목살), both praised for their quality. Don't miss the unique Basil Ssam (바질쌈) for a refreshing twist, and the hearty Dongdaeji Kimchi Jjigae (통돼지 김치찌개) is the perfect accompaniment to the succulent pork.","미슐랭과 블루리본을 받은 유명 연예인 맛집, 금돼지식당(Geumdwaeji Sikdang)을 방문할 준비를 하세요. 일찍 도착해도 바로 앉기 어려울 수 있으니 긴 웨이팅은 필수입니다. 맛있는 돼지고기 요리를 맛보려는 사람들로 활기찬 분위기를 느낄 수 있습니다.

대표 메뉴로는 풍부한 맛의 본삼겹(Bon Samgyeopsal)과 부드러운 눈꽃목살(Nun-kkot Moksal)이 있으며, 둘 다 품질이 뛰어나다고 칭찬받고 있습니다. 독특한 바질쌈(Basil Ssam)은 신선한 맛을 더해주며, 푸짐한 통돼지 김치찌개(Dongdaeji Kimchi Jjigae)는 육즙 가득한 돼지고기와 완벽한 조화를 이룹니다."
blueribbon,Panello,서울특별시 마포구 어울마당로5길 29,Seoul,South Korea,RIBBON_TWO,"이탈리아식, 피자, 파스타",,010-3460-9899,,2026,,37.549353,126.918942,2026-02-17T22:29:33.775718+00:00,,,,빠넬로,서울특별시 마포구 어울마당로5길 29,"Panello is a highly sought-after Italian restaurant in Hapjeong, famous for its authentic Neapolitan-style pizzas and pastas. It's a popular spot for dates and small gatherings, so reservations are essential, often needing to be made several days in advance. The intimate, dimly lit ambiance, coupled with a wide selection of wines, creates a sophisticated atmosphere perfect for a special evening out. Their commitment to tradition is evident, having received certification from the Associazione Verace Pizza Napoletana (AVPN).","빠넬로는 합정에 위치한 인기 이탈리아 레스토랑으로, 정통 나폴리 스타일의 피자와 파스타로 유명합니다. 데이트나 소규모 모임 장소로 인기가 많아 몇 일 전부터 예약하는 것이 필수입니다. 은은한 조명과 다양한 와인 셀렉션이 어우러져 특별한 저녁 시간을 보내기에 완벽한 세련된 분위기를 자아냅니다. 나폴리 피자 협회(AVPN) 인증을 받은 것에서 알 수 있듯 전통에 대한 헌신을 엿볼 수 있습니다."
blueribbon,Matthew,서울특별시 성동구 뚝섬로15길 31,Seoul,South Korea,RIBBON_TWO,,,02-465-9125,,2026,,37.5392021126229,127.061988341323,2026-02-17T22:29:33.775718+00:00,,,,매튜,서울특별시 성동구 뚝섬로15길 31,"Matthew offers a chic and intimate French dining experience in the trendy Seongsu-dong neighborhood, perfect for special occasions like birthdays and anniversaries. While the exterior boasts a modern concrete facade, the interior is surprisingly cozy and casual, making it an ideal spot for dates and intimate gatherings. The menu features set courses for lunch and dinner, with options like delicate seafood appetizers, seasonal fish dishes, and creative pasta, all presented with French flair. 

The culinary journey at Matthew is a delightful exploration of refined flavors and textures. Start with the refreshing amuse-bouche, followed by exquisite appetizers such as the sweet shrimp tartare and a luxurious clam dish. The main courses, including a tender sea bream with clam chowder sauce and a creamy anolotti pasta, showcase seasonal ingredients. While the main protein dishes like quail and lamb rack might leave some wanting more, the experience is beautifully rounded off with exceptional desserts, including a delightful buckwheat ice cream and mille-feuille, leaving a sweet and lasting impression.","트렌디한 성수동에 위치한 매튜는 생일이나 기념일과 같은 특별한 날을 위한 세련되고 아늑한 프렌치 다이닝 경험을 선사합니다. 모던한 콘크리트 외관과는 달리 내부는 놀랍도록 아늑하고 캐주얼하여 데이트나 소규모 모임에 이상적인 장소입니다. 런치와 디너 코스 메뉴는 섬세한 해산물 애피타이저, 제철 생선 요리, 창의적인 파스타 등 프랑스식 감각으로 선보이는 다양한 요리를 제공합니다.

매튜에서의 미식 여행은 세련된 맛과 질감을 즐겁게 탐험하는 과정입니다. 상큼한 아뮤즈 부쉬로 시작하여 달콤한 단새우 타르타르와 고급스러운 조개 요리와 같은 절묘한 애피타이저를 맛보세요. 메인 요리로는 담백한 도미와 조개 수프 소스, 크리미한 아놀로티 파스타 등이 제철 재료를 활용하여 선보입니다. 메추리와 양갈비와 같은 메인 단백질 요리가 다소 아쉬울 수 있지만, 훌륭한 디저트, 특히 맛있는 메밀 아이스크림과 밀푀유로 경험이 아름답게 마무리되어 달콤하고 오래 지속되는 인상을 남깁니다."
blueribbon,JUEUN,서울특별시 종로구 경희궁길 36,Seoul,South Korea,RIBBON_ONE,"프랑스식, 프렌치비스트로",,02-540-8580,,2026,,37.5729199136655,126.970063182815,2026-02-17T22:29:33.775718+00:00,,,,주은,서울특별시 종로구 경희궁길 36,"Chef Park Ju-eun's eponymous restaurant, JUEUN, offers a refined and elegant Korean dining experience. The tasting menu showcases a delicate balance of textures and flavors, from the buckwheat steamed bun (증편) with its crisp exterior and tender interior to the refreshing mulhoe (물회) featuring thinly sliced sea bass and a vibrant apple-infused gochujang sauce. Each dish is meticulously crafted, highlighting seasonal ingredients and Chef Park's innovative approach to traditional Korean cuisine.","박주은 셰프의 이름을 딴 주은은 세련되고 우아한 한식 경험을 선사합니다. 테이스팅 메뉴는 겉은 바삭하고 속은 부드러운 메밀 증편부터 얇게 썬 농어와 사과를 넣은 고추장 소스가 어우러진 시원한 물회까지, 섬세한 식감과 풍미의 균형을 보여줍니다. 계절 식재료와 박 셰프의 혁신적인 한식 접근 방식을 강조한 요리들이 정교하게 만들어졌습니다."
blueribbon,GiGAS,서울특별시 중구 퇴계로6가길 30,Seoul,South Korea,RIBBON_ONE,"일식, 일본가정식, 일식주점, 이자카야",,02-3448-9929,,2026,,37.5569763923852,126.978121332046,2026-02-17T22:29:33.775718+00:00,,,,기가스,서울특별시 중구 퇴계로6가길 30,"Chef Jeong Hwan's Mediterranean restaurant, Gigas, offers a refined and innovative dining experience. The vegetarian tasting menu is a journey through artfully prepared dishes, highlighting seasonal ingredients like crisp radishes with creamy herb sauce and earthy beets complemented by passionfruit sabayon. Each course is a delicate balance of flavors and textures, showcasing the chef's meticulous attention to detail and creative use of produce.","정하완 셰프의 지중해식 레스토랑 기가스는 세련되고 혁신적인 미식 경험을 선사합니다. 베지테리안 테이스팅 메뉴는 계절 식재료를 예술적으로 풀어낸 요리들로 구성되어 있으며, 크리미한 허브 소스와 곁들여진 아삭한 래디쉬와 패션프루트 사바용으로 풍미를 더한 흙내음 가득한 비트가 인상적입니다. 각 코스는 섬세한 맛과 질감의 조화를 이루며, 셰프의 세심한 디테일과 창의적인 식재료 활용을 보여줍니다."
blueribbon,CESTA,서울특별시 용산구 한남대로20길 21-18,Seoul,South Korea,RIBBON_TWO,"한식(일반한식), 모던한식",,02-793-9400,,2026,,37.5352206526869,127.009105052515,2026-02-17T22:29:33.775718+00:00,,,,세스타,서울특별시 용산구 한남대로20길 21-18,"CESTA, meaning 'basket' in Spanish, offers a culinary experience focused on drawing out the natural flavors of fresh, seasonal ingredients through expert techniques, often utilizing charcoal. The ambiance is sophisticated yet welcoming, complemented by an impressive selection of wines and a chef's commitment to accessible fine dining. Signature dishes include the delicate Sea Bream Tartare (참돔 타르타르) with chrysanthemum oil and the rich Sweet Shrimp Tartare Mini Sandwich (단새우 타르타르 미니샌드) featuring XO sauce and sea tangle (감태).","CESTA는 스페인어로 '바구니'를 뜻하며, 신선한 제철 재료 본연의 맛을 끌어내는 테크닉 요리를 선보이는 곳입니다. 숯을 활용한 섬세한 요리와 함께 다양한 와인 리스트를 갖추고 있으며, 합리적인 식문화를 추구하는 셰프의 고집이 엿보이는 공간입니다. 참돔 타르타르(참돔 타르타르)와 단새우 타르타르 미니샌드(단새우 타르타르 미니샌드)는 이곳의 시그니처 메뉴로, 감태(감태)를 곁들인 풍미가 일품입니다."
blueribbon,XESC MENZL,서울특별시 성동구 성수이로14길 7,Seoul,South Korea,RIBBON_TWO,"기타, 샤퀴테리, 유럽식, 독일식",,02-6082-0393,,2026,,37.54106033675408,127.05641286396366,2026-02-17T22:29:33.775718+00:00,,,,세스크멘슬,서울특별시 성동구 성수이로14길 7,"This charming spot in Seongsu-dong is a haven for charcuterie (샤퀴테리) lovers, offering a cozy atmosphere perfect for wine gatherings. They boast an impressive selection of house-made cured meats and sausages, with the 'Bokki' (보끼), a mixed cold cut platter, being a highly recommended starting point to sample their diverse flavors. The restaurant also offers a fantastic perk: one free bottle of wine corkage, making it ideal for bringing your own favorite bottle to pair with their delicious offerings. Don't miss their surprisingly excellent house-smoked salmon, praised for its firm texture and lack of fishiness, or the unique pickled artichoke side dish.","성수동의 매력적인 이곳은 와인 모임에 완벽한 아늑한 분위기를 자랑하는 샤퀴테리(charcuterie) 애호가들의 안식처입니다. 직접 만든 훈제육과 소시지 컬렉션이 인상적이며, 다양한 맛을 맛보기 위한 시작으로 '보끼'(Bokki, 모둠 콜드컷 플래터)를 강력 추천합니다. 또한, 와인 1병 무료 콜키지 혜택은 이곳의 하이라이트이며, 좋아하는 와인을 가져와 곁들이기 좋습니다. 놀랍도록 훌륭한 자체 훈제 연어는 쫄깃한 식감과 비린 맛이 없는 것으로 칭찬받았으며, 독특한 피클 아티초크 사이드 메뉴도 놓치지 마세요."
blueribbon,오장동흥남집,서울특별시 중구 마른내로 114,Seoul,South Korea,RIBBON_TWO,"한식(육류), 수육, 한식(면류), 함흥냉면",,02-2266-0735 ,,2026,,37.56425,127.0005,2026-02-17T22:29:33.775718+00:00,,,,오장동흥남집,서울특별시 중구 마른내로 114,"Step into a Seoul institution renowned for its unique take on naengmyeon (냉면). This spot offers a minimalist dining experience, with warm broth served as the only accompaniment to your meal. The star of the show is the bibim naengmyeon (비빔냉면), a dish where the flavorful meat and other toppings are cleverly hidden beneath the noodles, offering a delightful surprise with every bite. It's a place that encourages you to customize your experience, making each bowl a personal culinary adventure.","독특한 냉면(냉면)으로 유명한 서울의 명소에 오신 것을 환영합니다. 이곳은 따뜻한 육수 한 잔만을 곁들여 제공하는 미니멀한 식사 경험을 선사합니다. 메인 메뉴는 고기와 다른 고명들이 면 아래에 숨겨져 있어 먹을 때마다 즐거운 놀라움을 선사하는 비빔냉면(비빔냉면)입니다. 이곳은 각자의 취향에 맞게 음식을 조절할 수 있도록 하여, 모든 그릇을 개인적인 요리 모험으로 만들 수 있습니다."
blueribbon,오장동함흥냉면,서울특별시 중구 마른내로 108,Seoul,South Korea,RIBBON_TWO,"한식(면류), 함흥냉면, 한식(육류), 수육",,02-2267-9500 ,,2026,,37.56425,126.9999,2026-02-17T22:29:33.775718+00:00,,,,오장동함흥냉면,서울특별시 중구 마른내로 108,"Step into a piece of Seoul's culinary history at Ojang-dong Heungnamjip, a legendary establishment serving Hamheung-style naengmyeon (함흥냉면) since 1953. This beloved spot is a cornerstone of the Ojang-dong Naengmyeon Street, a district once bustling with noodle shops. The star of the show is their signature Hamheung naengmyeon, known for its chewy, thin noodles. Diners rave about the Hoe Naengmyeon (회냉면 - raw fish naengmyeon) and the Gogi Naengmyeon (고기냉면 - meat naengmyeon), with many opting for the ""seokkeo"" (섞어 - mixed) version, combining both delicious toppings. Don't miss the incredibly flavorful broth served before your meal – it's so good, you'll want a second cup!","1953년부터 함흥냉면(함흥냉면)을 선보여온 전설적인 맛집, 오장동 흥남집에서 서울의 맛있는 역사를 느껴보세요. 이곳은 한때 냉면집으로 북적였던 오장동 냉면 거리의 중심입니다. 쫄깃하고 얇은 면발이 특징인 함흥냉면이 이곳의 대표 메뉴입니다. 손님들은 특히 회냉면(회냉면)과 고기냉면(고기냉면)을 칭찬하며, 두 가지 고명을 모두 맛볼 수 있는 '섞어' 냉면을 선택하는 경우가 많습니다. 식사 전에 제공되는 놀랍도록 맛있는 육수도 놓치지 마세요. 너무 맛있어서 두 잔을 비우게 될지도 모릅니다!"
blueribbon,default value,서울특별시 서대문구 성산로 333,Seoul,South Korea,RIBBON_TWO,,,02-2293-3889 ,,2026,,37.5661857885447,126.927353106836,2026-02-17T22:29:33.775718+00:00,,,,디폴트밸류,서울특별시 서대문구 성산로 333,"Step into a haven for coffee aficionados, helmed by a national barista champion. This chic, white-toned cafe offers a serene atmosphere perfect for both focused work and relaxed enjoyment. Their signature latte, 'Thank You Berry Much,' is a revelation, boasting a rich, creamy texture with delightful strawberry and cheesecake notes that reviewers rave about as a 'life-best.' For a truly transcendent coffee experience, their siphon-brewed Geisha coffee is a must-try, offering a complex flavor profile with notes of raspberry, cherry, and tropical fruits.","국가대표 바리스타 챔피언이 운영하는 커피 애호가들의 성지입니다. 세련되고 화이트톤의 인테리어는 집중 업무와 편안한 휴식 모두에 완벽한 고요한 분위기를 선사합니다. 시그니처 라떼인 '땡큐베리머치'는 풍부하고 크리미한 질감에 딸기와 치즈케이크 향이 어우러져 '인생 라떼'라는 찬사를 받는 특별한 메뉴입니다. 진정한 커피 경험을 원한다면, 라즈베리, 체리, 열대 과일 향이 나는 복합적인 풍미의 사이폰 브루잉 게이샤 커피를 꼭 맛보세요."
blueribbon,Mesh Coffee,서울특별시 성동구 서울숲길 43,Seoul,South Korea,RIBBON_TWO,"카페/커피/티, 커피전문점",,02-464-7078,,2026,,37.54808,127.04244,2026-02-17T22:29:33.775718+00:00,,,,메쉬커피,서울특별시 성동구 서울숲길 43,"Mesh Coffee, a renowned coffee spot from Seoul, has landed in Jeju, bringing its signature minimalist and cozy vibe to the island. The interior boasts a clean, wooden aesthetic with ample seating and large windows perfect for a relaxing coffee break. It's the ideal spot for a morning pick-me-up, conveniently located across from the famous D&D photo zone in Tap-dong.","서울에서 유명한 커피 맛집 메쉬커피가 제주에 상륙하여 섬 특유의 미니멀하고 아늑한 분위기를 선사합니다. 깔끔하고 우드톤의 인테리어와 넉넉한 좌석, 그리고 큰 통창은 편안한 휴식을 위한 완벽한 공간을 연출합니다. 탑동의 유명한 디앤디 포토존 바로 맞은편에 위치하여 모닝커피를 즐기기에 더할 나위 없이 좋은 장소입니다."
blueribbon,EL Cafe,서울특별시 용산구 후암로 68,Seoul,South Korea,RIBBON_TWO,"카페/커피/티, 커피전문점",,0507-1304-0736,,2026,,37.5519690862067,126.977112544264,2026-02-17T22:29:33.775718+00:00,,,,엘카페커피로스터스,서울특별시 용산구 후암로 68,"Tucked away in a quiet residential alley of Huam-dong, EL CAFE Roasters is a hidden gem known only to those in the know. This charming cafe, recognized for its 13 consecutive Blue Ribbon awards, offers a cozy and clean interior with an open layout. While seating is limited, it's the perfect spot for a post-meal coffee or a meeting. The cafe also doubles as a roastery, with a dedicated space showcasing their coffee-making machinery and a wide array of their own roasted beans, coffee capsules, drip bags, and brewing equipment available for purchase. Don't miss the complimentary daily tasting coffee to sample their signature roasts.","후암동의 조용한 주택가 골목에 숨겨진 EL CAFE 로스터스는 아는 사람만 찾는 보석 같은 곳입니다. 13회 연속 블루리본 수상 경력을 자랑하는 이 매력적인 카페는 탁 트인 공간에 아기자기하고 깔끔한 인테리어를 자랑합니다. 좌석은 많지 않지만, 식후 커피나 미팅 장소로 완벽합니다. 카페는 로스터리 겸업으로, 커피 제조 기계와 직접 로스팅한 원두, 커피 캡슐, 드립백, 브루잉 장비 등 다양한 자체 상품을 구매할 수 있는 공간도 마련되어 있습니다. 매일 제공되는 무료 시음 커피로 이곳의 시그니처 로스트를 맛보는 것을 잊지 마세요."
blueribbon,Coffee Libre,서울특별시 마포구 성미산로32길 20-5,Seoul,South Korea,RIBBON_TWO,"카페/커피/티, 커피전문점",,0507-1488-0633,,2026,,37.5636435058861,126.923730236588,2026-02-17T22:29:33.775718+00:00,,,,커피리브레,서울특별시 마포구 성미산로32길 20-5,"Coffee Libre Yeonnam is a beloved spot, holding the distinction of being the brand's very first location. Housed in a charming, renovated traditional Korean house, this cafe has long been celebrated for its commitment to in-house roasting, allowing coffee aficionados to truly savor the bean's inherent flavors. The atmosphere is cozy, with the iconic blue mask mascot adding a touch of personality. They offer a variety of expertly brewed coffees, including a notable decaf option, perfect for those seeking a flavorful yet caffeine-free experience.","커피 리브레 연남점은 브랜드의 첫 번째 매장이라는 상징성을 지닌 사랑받는 공간입니다. 매력적인 한옥을 개조한 이곳은 하우스 로스팅에 대한 헌신으로 오랫동안 찬사를 받아왔으며, 커피 애호가들이 원두 본연의 풍미를 진정으로 음미할 수 있도록 합니다. 상징적인 파란 마스크 마스코트가 개성을 더하는 아늑한 분위기입니다. 특히 주목할 만한 디카페인 옵션을 포함한 다양한 전문 브루잉 커피를 제공하여, 풍미 가득하면서도 카페인 없는 경험을 찾는 분들에게 완벽합니다."
blueribbon,IDENTITY COFFEE LAB,서울특별시 마포구 동교로 139,Seoul,South Korea,RIBBON_TWO,,,02-6015-0418,,2026,,37.5554112242628,126.917486143443,2026-02-17T22:29:33.775718+00:00,,,,아이덴티티커피랩,서울특별시 마포구 동교로 139,"Step into Identity Coffee Lab, a bright and airy space in Hongdae, perfect for enjoying a sunny afternoon. While they offer a variety of coffee options, their filter coffee, especially the Honduras Geisha (온두라스 게이샤), is a standout, praised for its clean taste and subtle acidity. The cafe also serves biscotti and cookies, reminiscent of their previous location, and offers oat milk as a dairy alternative for their lattes and cappuccinos.","홍대에서 햇살 가득한 오후를 즐기기 좋은 밝고 탁 트인 공간, 아이덴티티 커피랩에 들어서 보세요. 다양한 커피 메뉴를 제공하지만, 특히 깔끔한 맛과 은은한 산미가 돋보이는 필터 커피, 그중에서도 온두라스 게이샤(Honduras Geisha)는 놓칠 수 없는 메뉴입니다. 이전 매장의 맛을 이어가는 비스코티와 쿠키도 맛볼 수 있으며, 라떼와 카푸치노는 오트밀크로 변경 가능합니다."
blueribbon,Deep blue lake,서울특별시 마포구 포은로6길 11,Seoul,South Korea,RIBBON_TWO,"카페/커피/티, 커피전문점",,02-333-8532,,2026,,37.555775,126.905635,2026-02-17T22:29:33.775718+00:00,,,,딥블루레이크,서울특별시 마포구 포은로6길 11,"Nestled in a quiet alley of Mangwon-dong, Deep Blue Lake is a renowned roastery cafe that prioritizes quality with a minimalist, clean aesthetic. They exclusively use beans with a Cup of Excellence (C.o.E.) score of 86 or higher, employing precise roasting techniques. Their signature offerings include the 'Deep Blending,' a rich mix of Indian, Colombian, and Ethiopian beans with a dark chocolate finish, and the 'Blue Blending,' a brighter combination of Ethiopian natural and Honduran beans with fruity notes.","망원동 골목 안쪽에 자리한 딥블루레이크는 미니멀하고 깔끔한 인테리어가 돋보이는 유명 로스터리 카페입니다. 이곳에서는 커핑 점수 86점 이상의 최상급 원두만을 사용하며, 정교한 로스팅 기술을 자랑합니다. 시그니처 블렌드로는 인도·콜롬비아·에티오피아 원두를 조합하여 묵직한 다크 초콜릿 풍미를 선사하는 '딥 블렌딩(Deep Blending)'과 에티오피아 내추럴과 온두라스 원두를 섞어 밝은 과일 향을 느낄 수 있는 '블루 블렌딩(Blue Blending)'이 준비되어 있습니다."
blueribbon,휴135,서울특별시 용산구 이태원로55나길 6,Seoul,South Korea,RIBBON_TWO,"기타, 스테이크",,070-4155-0135,,2026,,37.53666611513179,126.99909484024477,2026-02-17T22:29:33.775718+00:00,,,,휴135,서울특별시 용산구 이태원로55나길 6,"Nestled in Hannam-dong, Hyu135 offers a sophisticated dining experience with both open seating and private rooms, perfect for intimate gatherings. The restaurant is renowned for its dry-aged steaks, with a visible aging process displayed, and its expertly crafted 솥밥 (sotbap - rice cooked in a pot). While the Christmas special offered a trio of dry-aged cuts (안심 - tenderloin, 채끝 - sirloin, 등심 - ribeye), the menu also features exquisite seafood starters like the 신안 1004 굴 슈터 (Shinan 1004 oyster shooter) with tobiko and quail egg yolk, and a refreshing 단새우 세비체 (sweet shrimp ceviche) optimized for local palates. The ambiance is refined, making it an ideal spot for special occasions and those who appreciate a well-curated course meal.","한남동에 위치한 휴135는 오픈된 공간과 프라이빗 룸을 모두 갖추고 있어 아늑한 모임을 위한 세련된 다이닝 경험을 선사합니다. 이곳은 숙성 과정을 직접 볼 수 있는 드라이에이징 스테이크와 정성스럽게 지은 솥밥으로 유명합니다. 크리스마스 스페셜 메뉴는 안심, 채끝, 등심 세 가지 드라이에이징 스테이크를 맛볼 수 있었으며, 날치알과 노른자가 어우러진 신안 1004 굴 슈터와 현지 입맛에 최적화된 단새우 세비체 같은 훌륭한 해산물 스타터도 준비되어 있습니다. 섬세한 코스 요리를 즐기는 미식가들에게 특별한 날을 기념하기에 완벽한 장소입니다."
blueribbon,Butcheli House,서울특별시 용산구 독서당로 122-1,Seoul,South Korea,RIBBON_TWO,"기타, 스테이크",,02-792-5676,,2026,,37.536814,127.012713,2026-02-17T22:29:33.775718+00:00,,,,부첼리하우스,서울특별시 용산구 독서당로 122-1,"Nestled in the trendy Hannam-dong, Butcheli House is a steakhouse that delivers a memorable dining experience. While some dishes might miss the mark, the star of the show is undoubtedly their steaks. The signature naedeungsim (내등심) is a must-try, offering a delightful interplay of textures and flavors that truly showcases the chef's confidence. The pan con tomate (빵 con tomate) is a simple yet satisfying starter, with perfectly toasted bread and a fresh tomato topping.","트렌디한 한남동에 자리한 부첼리 하우스는 기억에 남는 다이닝 경험을 선사하는 스테이크 하우스입니다. 일부 메뉴는 아쉬울 수 있지만, 단연 돋보이는 것은 스테이크입니다. 시그니처 메뉴인 내등심(naedeungsim)은 텍스처와 풍미의 조화가 훌륭하며 셰프의 자신감을 제대로 보여줍니다. 빵 con tomate(pan con tomate)는 완벽하게 구워진 빵과 신선한 토마토 토핑이 어우러져 단순하면서도 만족스러운 애피타이저입니다."
blueribbon,BLT Steak,서울특별시 종로구 청계천로 279,Seoul,South Korea,RIBBON_TWO,,,02-2276-3330 ,,2026,,37.57044961338216,127.0087432632974,2026-02-17T22:29:33.775718+00:00,,,,BLT스테이크,서울특별시 종로구 청계천로 279,"Nestled within the JW Marriott Dongdaemun Square Seoul, BLT Steak offers a sophisticated dining experience perfect for special occasions. The open kitchen provides a tantalizing aroma of grilled meats upon entry, and the attentive service, including warm hand towels and helpful menu recommendations, enhances the overall ambiance. While the bread was noted as slightly less impressive than in the past, the meal progresses with elegant Villeroy & Boch plates and a delightful amuse-bouche.","JW 메리어트 동대문 스퀘어 서울에 위치한 BLT 스테이크는 특별한 날을 위한 세련된 다이닝 경험을 선사합니다. 오픈 키친에서는 들어서는 순간부터 군침 도는 육류 구이 향이 풍겨 나오며, 따뜻한 물수건과 친절한 메뉴 추천 등 세심한 서비스가 전반적인 분위기를 더욱 돋웁니다. 빵은 과거보다 약간 아쉽다는 평이 있었지만, 우아한 빌레로이앤보흐 식기와 맛있는 아뮤즈 부쉬로 식사는 계속됩니다."
blueribbon,댓잎갈비,서울특별시 용산구 서빙고로91길 2,Seoul,South Korea,RIBBON_TWO,"한식(육류), 소갈비, 돼지갈비",,02-796-3355,,2026,,37.52473324332856,127.00170595433843,2026-02-17T22:29:33.775718+00:00,,,,댓잎갈비,서울특별시 용산구 서빙고로91길 2,"Step into a culinary time capsule at Daetnip Galbi (댓잎갈비), a beloved pork rib joint that has been serving since 1987. The star of the show is their signature galbi (갈비), marinated for 100 hours in a unique blend of bamboo sap, persimmon leaves, plantain, and kudzu leaves, then grilled over charcoal. This special preparation results in incredibly tender, melt-in-your-mouth pork ribs that are a must-try. The restaurant, a converted house, offers a charming atmosphere with a small garden perfect for a post-meal coffee, and if you snag a seat by the window, you can enjoy views of the Gangbyeonbuk-ro highway and the Han River.","1987년부터 자리를 지켜온 돼지갈비 명가 댓잎갈비 본점에서 특별한 미식 경험을 즐겨보세요. 이곳의 시그니처 메뉴인 돼지갈비는 대나무 수액, 감잎, 질경이, 칡잎을 넣어 100시간 동안 숙성시킨 특별한 양념으로 그 맛을 더합니다. 참숯불에 구워낸 갈비는 입안에서 사르르 녹는 듯한 부드러움을 자랑하며, 잊을 수 없는 풍미를 선사합니다. 오래된 가옥을 개조한 아늑한 공간과 식사 후 여유를 즐길 수 있는 작은 정원, 그리고 창밖으로 보이는 강변북로와 한강의 풍경은 식사의 즐거움을 더해줄 것입니다."
blueribbon,금룡,서울특별시 광진구 워커힐로 177,Seoul,South Korea,RIBBON_TWO,"중식, 광동식중식",,02-6330-9040,,2026,,37.55863008236035,127.1117068379481,2026-02-17T22:29:33.775718+00:00,,,,금룡,서울특별시 광진구 워커힐로 177,"Nestled within the Grand Walkerhill Seoul, Geumryong offers a modern take on Cantonese cuisine, aiming for the pinnacle of Chinese culinary art. The ambiance is refined, with private rooms available for a more intimate dining experience. Start your meal with a vibrant array of appetizers, featuring delights like seasoned jellyfish, abalone, and salmon. Don't miss the highly recommended Mango Shrimp (망고새우), a perfect marriage of crispy fried shrimp and sweet mango sauce. Another standout is the Snow Crab Meat Geumhwa-eochi Gratin (대게살 금화어치 구이), a rich and flavorful dish served in a crab shell, topped with succulent crab meat and cheese.","그랜드 워커힐 서울에 자리한 금룡은 광동식 요리를 현대적으로 재해석하며 중식의 정점을 추구하는 곳입니다. 고급스러운 분위기 속에서 프라이빗 룸도 마련되어 있어 더욱 아늑한 식사를 즐길 수 있습니다. 다채로운 전채 요리로 미각을 돋우고, 꼭 맛봐야 할 메뉴인 달콤한 망고 소스와 바삭한 새우튀김의 조화가 일품인 망고새우(Mango Shrimp)를 맛보세요. 또한, 대게살과 치즈가 듬뿍 올라간 풍미 가득한 대게살 금화어치 구이(Snow Crab Meat Geumhwa-eochi Gratin)는 잊을 수 없는 경험을 선사할 것입니다."
blueribbon,FELL&COLE,서울특별시 마포구 와우산로 39-21,Seoul,South Korea,RIBBON_TWO,"디저트/스위트, 아이스크림",,070-4411-1434,,2026,,37.54813,126.9222,2026-02-17T22:29:33.775718+00:00,,,,펠앤콜,서울특별시 마포구 와우산로 39-21,"Nestled in a charming alley near Sangsu Station, FELL&COLE is a delightful ice cream haven with a vibrant blue exterior. The interior is a whimsical wonderland, adorned with adorable SNOOPY and CHARLIE BROWN figurines and merchandise, making it a fun spot to browse while you wait for your treat. They offer a tempting array of unique flavors, including a refreshing honeydew-melon sorbet (참외소르베) and a rich chocolate option, perfect for a sweet escape.","상수역 근처 매력적인 골목에 자리한 FELL&COLE은 활기찬 파란색 외관이 돋보이는 즐거운 아이스크림 맛집입니다. 내부는 귀여운 스누피와 찰리 브라운 인형 및 굿즈로 장식된 아기자기한 공간으로, 아이스크림을 기다리며 구경하기 좋습니다. 이곳에서는 상큼한 참외소르베와 진한 초콜릿 맛을 포함한 다채롭고 독특한 맛의 아이스크림을 맛볼 수 있어 달콤한 휴식을 선사합니다."
blueribbon,발우공양,서울특별시 종로구 우정국로 56,Seoul,South Korea,RIBBON_TWO,"한식(일반한식), 사찰요리, 기타, 비건",,02-733-2081 ,,2026,,37.57386,126.9832,2026-02-17T22:29:33.775718+00:00,,,,발우공양,서울특별시 종로구 우정국로 56,"Nestled within a temple stay building in Insadong, Balwoo Gongyang offers a serene and private dining experience, with all seating in separate rooms perfect for intimate gatherings. This vegetarian temple food (sachal-eumsik, 사찰음식) restaurant provides a refined culinary journey, featuring meticulously prepared courses like the 'Won Sik' (원식). Highlights include a uniquely smooth and subtly sweet red bean porridge (patjuk, 팥죽) and an intriguing chewy, dried acorn jelly (malrin dotorimuk bokkeum, 말린 도토리묵볶음) that offers a delightful textural contrast.",인사동의 템플스테이 건물 안에 자리한 발우공양은 모든 좌석이 분리된 룸으로 되어 있어 오붓하고 프라이빗한 식사를 즐기기에 완벽한 공간입니다. 이 채식 사찰음식 전문점은 '원식'과 같은 정성스럽게 준비된 코스 요리를 통해 섬세한 미식 경험을 선사합니다. 특히 독특하게 부드럽고 은은하게 달콤한 팥죽과 쫄깃한 식감이 매력적인 말린 도토리묵볶음은 잊을 수 없는 맛의 조화를 선사합니다.
blueribbon,모모야마,서울특별시 중구 을지로 30,Seoul,South Korea,RIBBON_TWO,"일식, 스시, 가이세키",,02-317-7031,,2026,,37.56461,126.9809,2026-02-17T22:29:33.775718+00:00,,,,모모야마,서울특별시 중구 을지로 30,"Perched on the 38th floor of the Lotte Hotel Seoul, Momoyama offers a sophisticated omakase (오마카세) experience with breathtaking city views. This Michelin-selected establishment is renowned for its exquisite sushi and refined Japanese cuisine. The ambiance is perfect for special occasions, with counter seating allowing diners to witness the chefs' artistry firsthand. Freshly grated wasabi and meticulously prepared dishes, like the delicate steamed egg with crab and the tender braised abalone, set the stage for an unforgettable culinary journey.","롯데호텔 서울 38층에 자리한 모모야마는 숨 막힐 듯한 도시 전망과 함께 세련된 오마카세(omakase) 경험을 선사합니다. 미슐랭에 선정된 이 곳은 정교한 스시와 고급 일식 요리로 명성이 높습니다. 셰프의 예술을 직접 볼 수 있는 카운터 좌석은 특별한 날에 완벽한 분위기를 자아냅니다. 갓 간 와사비와 게살을 올린 부드러운 계란찜, 부드러운 전복찜 등 정성껏 준비된 요리들은 잊을 수 없는 미식 여행의 서막을 엽니다."
blueribbon,Tian mi mi,서울특별시 마포구 양화로 144,Seoul,South Korea,RIBBON_TWO,,,010-8823-1071,,2026,,37.5553436435547,126.922393972623,2026-02-17T22:29:33.775718+00:00,,,,티엔미미(홍대점),서울특별시 마포구 양화로 144,"Step into Tian mi mi (티엔미미), a chic Chinese restaurant helmed by the renowned ""Queen of Dumplings,"" Chef Jeong Ji-seon, celebrated for her appearance on Netflix's 'Chef's Table'. The ambiance is sophisticated, fitting for its location within the Mercure Ambassador Hotel, and reservations are highly recommended due to its immense popularity. Prepare for a culinary journey where classic Chinese flavors are elevated with exquisite presentation and masterful technique.","넷플릭스 '셰프의 테이블'에 출연하며 '딤섬의 여왕'으로 알려진 정지선 셰프가 이끄는 세련된 중식 레스토랑 티엔미미에 오신 것을 환영합니다. 머큐어 앰배서더 호텔 내에 위치한 이곳은 고급스러운 분위기를 자랑하며, 엄청난 인기로 인해 예약은 필수입니다. 섬세한 프레젠테이션과 숙련된 기술로 격조 높은 중식의 풍미를 맛볼 수 있는 미식 여행을 준비하세요."
blueribbon,Deepin Ok-Su,서울특별시 성동구 독서당로 194,Seoul,South Korea,RIBBON_TWO,,,02-2292-4410,,2026,,37.5426912380213,127.012662054013,2026-02-17T22:29:33.775718+00:00,,,,디핀옥수,서울특별시 성동구 독서당로 194,"Deepin Ok-Su is the highly sought-after culinary venture of Chef Yoon Nam-no, a fan favorite from the ""Black and White Chef"" program. Securing a reservation here is a challenge, often requiring persistent effort through Catch Table's waitlist system. The restaurant boasts a unique, communal seating arrangement with long, linear tables, fostering a lively atmosphere where guests can share the dining experience. It's a place where diners are encouraged to explore the menu extensively, indulging in a variety of dishes.","딥인 옥수(Deepin Ok-Su)는 '흑백요리사' 프로그램으로 유명해진 윤남노 셰프의 인기 레스토랑입니다. 캐치테이블을 통한 예약이 매우 어려워 방문하기 위해서는 끈기가 필요합니다. 레스토랑 내부는 긴 일자형 테이블로 구성되어 있어, 손님들이 함께 식사를 즐기는 활기찬 분위기를 자아냅니다. 이곳은 다양한 메뉴를 맛보며 풍성한 식사를 즐기기에 좋은 곳입니다."
blueribbon,도량,서울특별시 종로구 자하문로6길 6,Seoul,South Korea,RIBBON_TWO,,,02-739-0147,,2026,,37.5779680592302,126.972504517859,2026-02-17T22:29:33.775718+00:00,,,,도량,서울특별시 종로구 자하문로6길 6,"Nestled in the charming Seochon neighborhood, just a two-minute walk from Gyeongbokgung Station, Doryang (도량) offers a sophisticated dining experience. The interior blends the feel of a high-end Chinese restaurant with antique touches, creating an elegant ambiance. Be prepared for a wait, as this popular spot, helmed by Chef Im Tae-hoon of ""Heukbaek Yolisah"" and ""Cheolgabang Yolisah"" fame, draws crowds eager to secure a table. Securing a reservation is highly recommended, but early morning walk-ins might get lucky with a bit of fortune.","서촌의 매력적인 동네에 자리한 도량(Doryang)은 경복궁역에서 도보 2분 거리에 위치하며 세련된 다이닝 경험을 선사합니다. 고급 중식당의 느낌과 앤티크한 감성이 어우러진 우아한 분위기의 인테리어가 돋보입니다. '흑백요리사', '철가방요리사'로 유명한 임태훈 셰프의 인기 레스토랑인 만큼, 자리를 잡기 위해 많은 사람들이 몰리니 웨이팅은 필수입니다. 예약은 강력히 추천하지만, 약간의 운이 따른다면 이른 아침 워크인으로도 행운을 잡을 수 있습니다."
blueribbon,YAKITORI MOOK,서울특별시 마포구 성미산로 165-1,Seoul,South Korea,RIBBON_TWO,,,070-8835-3433,,2026,,37.5646633414656,126.92456870688,2026-02-17T22:29:33.775718+00:00,,,,야키도리묵,서울특별시 마포구 성미산로 165-1,"Yakitori Mook offers a unique tojongdak (토종닭) omakase experience, showcasing various cuts of native Korean chicken prepared with expert grilling. The intimate counter seating allows you to witness the chefs' meticulous preparation, while the menu features creative dishes like chicken liver with blueberry compote and perfectly grilled vegetables. Complement your meal with their recommended shiso highball (시소 하이볼) or sake, and don't miss the refreshing shiso ice cream (시소 아이스크림) for dessert.","야키토리 묵은 숙련된 솜씨로 구워낸 다양한 토종닭 부위를 선보이는 특별한 오마카세 경험을 선사합니다. 아늑한 카운터 좌석에서는 셰프들의 섬세한 조리 과정을 직접 볼 수 있으며, 닭 간과 블루베리 콤포트, 완벽하게 구워진 채소 등 창의적인 요리를 맛볼 수 있습니다. 추천 메뉴인 시소 하이볼이나 사케와 함께 식사를 즐기고, 상큼한 시소 아이스크림으로 마무리하는 것을 잊지 마세요."
blueribbon,진진,서울특별시 마포구 월드컵북로1길 60,Seoul,South Korea,RIBBON_TWO,"중식, 일반중식",,02-332-9866,,2026,,37.553806747709,126.918422364162,2026-02-17T22:29:33.775718+00:00,,,,진진,서울특별시 마포구 월드컵북로1길 60,"This Michelin-recognized gem offers a vibrant and bustling atmosphere, perfect for gatherings with friends. While reservations are recommended, they can be surprisingly easy to secure. The menu boasts a variety of expertly prepared dishes, with the shrimp toast (멘보샤) standing out as a signature item, praised for its crispy exterior and juicy, flavorful filling. Other highlights include the rich crab meat stir-fry (대게살볶음) and the aromatic steamed rockfish (칭찡우럭) with its delightful medley of scallions, ginger, and cilantro.","미슐랭 가이드에 소개된 이 보석 같은 식당은 친구들과 함께 모이기에 완벽한 활기차고 북적이는 분위기를 자랑합니다. 예약은 필수지만, 놀랍도록 쉽게 잡을 수 있습니다. 메뉴는 다양하고 전문적으로 준비된 요리들로 가득하며, 특히 바삭한 겉과 육즙 가득한 속이 일품인 시그니처 메뉴인 멘보샤가 돋보입니다. 풍부한 대게살볶음과 파, 생강, 고수가 어우러진 향긋한 칭찡우럭도 놓칠 수 없는 별미입니다."
blueribbon,Ca' Del Lupo,서울특별시 종로구 자하문로16길 5-5,Seoul,South Korea,RIBBON_TWO,"이탈리아식, 파스타",,02-734-5233 ,,2026,,37.58179,126.9714,2026-02-17T22:29:33.775718+00:00,,,,까델루뽀,서울특별시 종로구 자하문로16길 5-5,"Nestled in a charming Hanok (한옥) in the heart of Hyojadong, Ca' Del Lupo offers a unique Italian dining experience steeped in traditional Korean architecture. The ambiance is cozy and intimate, reminiscent of a warm home, making it an ideal spot for deep conversations and relaxed gatherings. The restaurant boasts an impressive wine list, perfect for those looking to unwind and enjoy a sophisticated evening.","효자동의 매력적인 한옥(한옥)에 자리한 까델루뽀는 전통 한국 건축에 깊이 스며든 독특한 이탈리안 다이닝 경험을 선사합니다. 아늑하고 친밀한 분위기는 따뜻한 집을 연상시켜 깊은 대화와 편안한 모임을 위한 이상적인 장소입니다. 레스토랑은 인상적인 와인 리스트를 자랑하며, 긴장을 풀고 세련된 저녁을 즐기려는 사람들에게 완벽합니다."
blueribbon,SEOUL DINING,서울특별시 중구 동호로 272,Seoul,South Korea,RIBBON_TWO,프랑스식,,02-6325-6321,,2026,,37.55922,127.003614,2026-02-17T22:29:33.775718+00:00,,,,서울다이닝,서울특별시 중구 동호로 272,"Perched near the iconic N Seoul Tower, Bu-eong-i Donkatsu offers a dining experience with a breathtaking panoramic view of the city. This popular spot, recently featured on a travel show, provides a cozy and elegant atmosphere perfect for enjoying a meal while taking in the sights. Whether bathed in sunlight or illuminated by the evening glow, the restaurant's ambiance complements its stunning vistas, making it an ideal stop before or after exploring the tower and its surroundings.","서울의 상징인 N서울타워 근처에 자리한 부엉이돈가스는 도시의 숨 막히는 파노라마 전망과 함께하는 식사 경험을 선사합니다. 최근 여행 프로그램에 소개되어 더욱 유명해진 이곳은 타워와 주변 풍경을 감상하며 식사를 즐기기에 완벽한 아늑하고 우아한 분위기를 자랑합니다. 햇살이 비추는 낮이든, 저녁의 불빛이 반짝이는 밤이든, 레스토랑의 분위기는 멋진 경치와 어우러져 타워와 주변을 탐험하기 전후에 들르기에 이상적인 장소입니다."
blueribbon,카덴,서울특별시 서대문구 연희로 173,Seoul,South Korea,RIBBON_TWO,"일식주점, 이자카야",,02-3142-6362 ,,2026,,37.572533,126.935079,2026-02-17T22:29:33.775718+00:00,,,,카덴,서울특별시 서대문구 연희로 173,"Nestled in Yeonhui-dong, Udon Kaden is the acclaimed establishment of celebrity chef Jeong Ho-yeong, known for his appearances on popular Korean cooking shows. The restaurant specializes in a wide variety of udon dishes, with the Bukkake Udon (붓카케우동) being a standout. Diners rave about the chewy, springy udon noodles and the perfectly crispy, yet tender, Chicken Karaage (치킨가라아게) that complements the noodles beautifully. It's a must-visit for udon enthusiasts seeking expertly crafted Japanese comfort food.","연희동에 위치한 우동 카덴은 인기 요리 프로그램에 출연하며 명성을 쌓은 스타 셰프 정호영 셰프의 자랑스러운 업장입니다. 이곳은 다양한 종류의 우동 요리를 전문으로 하며, 특히 붓카케우동(Bukkake Udon)은 이곳의 대표 메뉴입니다. 쫄깃하고 탱탱한 우동 면발과 완벽하게 바삭하면서도 부드러운 치킨 가라아게(Chicken Karaage)는 면 요리를 더욱 돋보이게 하는 훌륭한 조화로 손님들의 찬사를 받고 있습니다. 정통 일식 요리를 맛보고 싶다면 꼭 방문해야 할 곳입니다."
blueribbon,옥동식,서울특별시 마포구 양화로7길 44-10,Seoul,South Korea,RIBBON_TWO,"한식(탕/국/찌개/전골), 돼지곰탕",,010-5571-9915,,2026,,37.55262,126.914492,2026-02-17T22:29:33.775718+00:00,,,,옥동식,서울특별시 마포구 양화로7길 44-10,"Prepare for a serious wait at Okdongsik (옥동식), a Michelin-recommended spot that draws crowds even before opening. Arrive early, as the queue forms well before the 11 AM start, with many customers securing their spot hours in advance. Despite the long wait, the anticipation is palpable for this highly sought-after dining experience.","미쉐린 가이드에도 소개된 옥동식(옥동식)은 오픈 전부터 긴 줄을 서야 하는 곳으로, 식사를 위해 몇 시간 전에 미리 도착해야 할 정도로 인기가 많습니다. 긴 기다림에도 불구하고, 이처럼 많은 사람들이 찾는 이곳에서의 특별한 식사 경험에 대한 기대감은 매우 높습니다."
blueribbon,계향각,서울특별시 종로구 동숭길 86,Seoul,South Korea,RIBBON_TWO,"이탈리아식, 피자",,02-3674-7770,,2026,,37.5820958419415,127.004326234581,2026-02-17T22:29:33.775718+00:00,,,,계향각,서울특별시 종로구 동숭길 86,"Step into Gyehyanggak (계향각), a sophisticated Chinese restaurant specializing in the unique cuisine of the Qing Dynasty, a rarity in Korea. Helmed by renowned Professor Shin Gye-sook, the ambiance is refined and intimate, making it an ideal spot for special occasions or family gatherings. Reservations are highly recommended due to its popularity and cozy setting, with private rooms available for a more secluded dining experience.","계향각은 국내 유일하게 청나라 요리를 전문으로 하는 고급 중식당으로, 신계숙 교수님이 직접 운영하는 곳입니다. 아늑하고 고급스러운 분위기 덕분에 특별한 날이나 가족 모임에 안성맞춤입니다. 인기가 많고 홀이 넓지 않아 방문 전 예약은 필수이며, 조용하게 식사할 수 있는 룸도 마련되어 있습니다."
blueribbon,산청숯불가든,서울특별시 중구 을지로 114-6,Seoul,South Korea,RIBBON_TWO,,,02-2273-8188,,2026,,37.5658338527593,126.990609042403,2026-02-17T22:29:33.775718+00:00,,,,산청숯불가든,서울특별시 중구 을지로 114-6,"Prepare for a significant wait at this popular spot, famous for its Jirisan black pork (지리산 흑돼지) grilled over traditional charcoal. The atmosphere is lively and bustling, filled with the energy of diners enjoying their meals, making it a great place for lively gatherings but perhaps not for quiet conversation. The rustic interior evokes a traditional countryside eatery, and the extensive banchan (밑반찬) spread offers a delightful variety of flavors to complement the star attraction.","전통 숯가마에서 구워내는 지리산 흑돼지(지리산 흑돼지)로 유명한 이 인기 맛집에서는 상당한 대기를 감수해야 할 각오를 해야 합니다. 활기차고 북적이는 분위기는 식사를 즐기는 사람들로 가득 차 있어, 시끄러운 대화보다는 활기찬 모임에 적합한 장소입니다. 소박한 인테리어는 시골 식당을 연상시키며, 다양한 밑반찬은 메인 요리를 더욱 돋보이게 하는 풍성한 맛을 선사합니다."
blueribbon,Cucciolo,서울특별시 용산구 한강대로 100,Seoul,South Korea,RIBBON_TWO,이탈리아식,,010-5232-9851,,2026,,37.5287911785354,126.968673565462,2026-02-17T22:29:33.775718+00:00,,,,쿠촐로서울,서울특별시 용산구 한강대로 100,"Nestled within the stunning Amorepacific headquarters, Cucciolo Seoul offers a chic Italian dining experience with a sophisticated ambiance. The restaurant boasts an impressive wine selection, with a dedicated wine shop where guests can explore and purchase bottles, making it a perfect spot for wine enthusiasts. With comfortable seating options, including a charming outdoor terrace, and a stylish interior featuring unique furniture, Cucciolo is ideal for everything from casual lunches and romantic dates to family gatherings and private events.","아름다운 아모레퍼시픽 본사 건물 안에 자리한 쿠촐로 서울은 세련된 분위기의 이탈리안 레스토랑입니다. 특히 다양한 와인을 갖춘 와인샵이 있어 식사 중 즐긴 와인을 구매할 수도 있어 와인 애호가들에게 완벽한 장소입니다. 편안한 좌석과 매력적인 야외 테라스, 독특한 가구로 꾸며진 세련된 실내 공간은 캐주얼한 점심 식사, 로맨틱한 데이트, 가족 모임, 프라이빗 이벤트 등 모든 경우에 이상적입니다."
blueribbon,Modern Shabu House,서울특별시 종로구 종로3길 17,Seoul,South Korea,RIBBON_ONE,"중식, 미국식중식",,02-2251-8501,,2026,,37.5709958592808,126.978914477333,2026-02-17T22:29:33.775718+00:00,,,,모던샤브하우스(광화문D타워점),서울특별시 종로구 종로3길 17,"Modern Shabu House offers a sophisticated yet accessible dining experience, perfect for those seeking an elevated take on a classic Korean favorite. The ambiance is chic and modern, making it an ideal spot for both casual lunches and special occasions. With a wide array of broth options, including unique choices like coconut green curry and kimchi rosé risotto, and the flexibility to change broths mid-meal, diners can embark on a personalized culinary journey. The unlimited meat and vegetable refills ensure a satisfying and abundant meal, highlighting the restaurant's commitment to generous portions and quality ingredients.","모던 샤브하우스는 클래식한 한국 요리를 세련되게 재해석한, 고급스러우면서도 편안한 다이닝 경험을 선사합니다. 세련되고 현대적인 분위기는 캐주얼한 점심 식사부터 특별한 날까지 모든 순간에 어울립니다. 코코넛 그린 커리, 김치 로제 리조또 등 독특한 선택지를 포함한 다양한 육수 옵션과 식사 중 육수 변경이 가능한 점은 개인 맞춤형 미식 여행을 가능하게 합니다. 무제한으로 제공되는 고기와 채소는 풍성하고 만족스러운 식사를 보장하며, 넉넉한 양과 질 좋은 재료에 대한 레스토랑의 노력을 보여줍니다."
blueribbon,만리지화,서울특별시 종로구 종로3길 17,Seoul,South Korea,RIBBON_ONE,"중식, 미국식중식",,02-2251-8522,,2026,,37.5709958592808,126.978914477333,2026-02-17T22:29:33.775718+00:00,,,,만리지화,서울특별시 종로구 종로3길 17,"Manlijihwa is a highly-regarded eel restaurant located in Gwanghwamun D Tower, perfect for a date or a comfortable meal with friends and family. This establishment has earned consecutive Blue Ribbon Survey certifications from 2024 to 2026, a testament to its quality. The ambiance is relaxed, with spacious table settings and intimate lighting, creating a pleasant dining experience. They offer a variety of 'hansang' (한상) set menus, with their signature dish being the eel. The eel is prepared using premium, tender 3.5-mi (3.5미) eel, grilled over bijangtan charcoal for an exceptionally rich flavor. Don't miss their unique 'nuruk' (누룩) salt dressing on the fresh, individual salads.","만리지화는 광화문 D타워에 위치한 명성 높은 장어 전문점으로, 데이트나 친구, 가족과의 편안한 식사에 이상적인 장소입니다. 2024년부터 2026년까지 블루리본 서베이 인증을 연속으로 획득하며 품질을 인정받았습니다. 테이블 간 간격이 넓고 은은한 조명이 있어 편안하고 아늑한 분위기에서 식사를 즐길 수 있습니다. 이곳의 시그니처 메뉴는 최고 품질의 부드러운 3.5미 장어를 비장탄 숯불에 구워낸 장어 요리입니다. 또한, 신선한 샐러드에 곁들여지는 독특한 누룩 소금 드레싱도 놓치지 마세요."
blueribbon,남영돈,서울특별시 용산구 한강대로80길 17,Seoul,South Korea,RIBBON_TWO,,,02-793-3598,,2026,,37.5427493719708,126.973775844291,2026-02-17T22:29:33.775718+00:00,,,,남영돈,서울특별시 용산구 한강대로80길 17,"Prepare for a wait at Namyeongdon (남영돈), a highly-regarded pork barbecue joint in Seoul. The restaurant emphasizes its use of high-quality charcoal, which is openly displayed at the entrance. Inside, the atmosphere is lively with spacious tables, and the side dishes are plentiful and homemade, featuring kimchi and various pickled vegetables. The menu is focused on premium pork cuts, with options like the crispy pork jowl (hangjeongsal - 항정살), tender pork neck (gabrisal - 가브리살), and juicy pork belly (samgyeopsal - 삼겹살). 

The staff at Namyeongdon are attentive, grilling each cut of meat to perfection right at your table. They expertly cook the pork belly, which is noted for its five layers (ogyeopsal - 오겹살), achieving a delightful crispy exterior and juicy interior. The thick iron grill ensures even cooking, and the meat is served in bite-sized pieces, ready to be enjoyed with the array of banchan (반찬) or on its own. It's a place where the quality of the meat and the skillful preparation shine.","서울의 명성 높은 돼지고기 맛집 남영돈(남영돈)에서는 기다림을 감수할 준비를 하세요. 식당 입구에서부터 고품질 참숯 사용을 강조하며, 활활 타오르는 숯이 시선을 사로잡습니다. 내부는 넓은 테이블과 활기찬 분위기로 꾸며져 있으며, 김치와 다양한 장아찌를 포함한 푸짐하고 정갈한 밑반찬이 준비되어 있습니다. 메뉴는 최고급 돼지고기 부위에 집중되어 있으며, 아삭한 항정살, 쫀득한 가브리살, 육즙 가득한 삼겹살 등을 맛볼 수 있습니다.

남영돈의 직원들은 숙련된 솜씨로 테이블에서 직접 고기를 구워주며, 특히 겉바속촉으로 완벽하게 구워지는 오겹살(삼겹살)은 일품입니다. 두꺼운 철판 불판은 고기를 고르게 익혀주며, 한입 크기로 썰어낸 고기는 다양한 밑반찬과 함께 즐기거나 본연의 맛 그대로 음미하기 좋습니다. 이곳은 고기의 질과 능숙한 조리법이 빛나는 곳입니다."
blueribbon,호반,서울특별시 종로구 삼일대로26길 20,Seoul,South Korea,RIBBON_TWO,"한식(일반한식), 일반한식, 이북음식, 한식(어패류), 병어",,02-745-6618,,2026,,37.573264,126.989129,2026-02-17T22:29:33.775718+00:00,,,,호반,서울특별시 종로구 삼일대로26길 20,"This is a prime opportunity to secure a new 34-pyeong apartment in Seoul for under 900 million KRW, significantly cheaper than comparable developments. The building offers a range of amenities including a fitness center, indoor golf practice range, and a library, all within a well-landscaped environment. Its strategic location near Oru-dong Station (오류동역) on Line 1 provides excellent connectivity to Seoul's central districts and major transportation hubs like Gwangmyeong Station (광명역), with future GTX-B line access enhancing its appeal. The surrounding area boasts convenient access to major roads like Gyeongin-ro (경인로) and Nambu Circular Road (남부순환로), as well as reputable public schools like Oryu Elementary School (오류 초등학교) and Gaebong Middle School (개봉중학교).","9억 원대 서울 신축 34평 아파트를 잡을 수 있는 절호의 기회입니다. 주변 개발 단지보다 훨씬 저렴한 가격으로, 피트니스 센터, 실내 골프 연습장, 도서관 등 다양한 편의 시설과 쾌적한 조경을 갖춘 단지입니다. 1호선 오류동역(오류동역)과 가까워 서울 중심부 및 광명역(광명역) 등 주요 교통 허브로의 접근성이 뛰어나며, 향후 GTX-B 노선 개통 시 더욱 향상될 것입니다. 경인로(경인로) 및 남부순환로(남부순환로)와 인접하여 강남권 접근이 용이하며, 오류초등학교(오류 초등학교) 및 개봉중학교(개봉중학교) 등 우수한 공교육 환경을 자랑합니다."
blueribbon,홍연,서울특별시 중구 소공로 106,Seoul,South Korea,RIBBON_TWO,"중식, 홍콩식중식, 광동식중식",,02-317-0494 ,,2026,,37.5644836817884,126.98018321530915,2026-02-17T22:29:33.775718+00:00,,,,홍연,서울특별시 중구 소공로 106,"Nestled within the historic Westin Chosun Seoul, Hong Yeon offers a refined yet family-friendly Chinese dining experience. The ambiance is sophisticated yet comfortable, making it an ideal spot for family outings, with attentive service that caters to even the youngest diners. Its prime location near City Hall provides easy access and the convenience of a post-meal stroll around the beautiful Hwan-gu Dan (환구단) grounds.","역사적인 웨스틴 조선 서울 호텔에 자리한 홍연은 세련되면서도 가족 친화적인 중식 다이닝 경험을 선사합니다. 분위기는 고급스러우면서도 편안하여 가족 외식에 이상적이며, 어린 손님까지 세심하게 배려하는 세심한 서비스가 돋보입니다. 시청 근처의 최적의 위치는 편리한 접근성을 제공하며, 식사 후 아름다운 환구단(Hwan-gu Dan) 주변을 산책하는 즐거움까지 더해줍니다."
blueribbon,Flavour town ,서울특별시 성동구 서울숲4길 18-7,Seoul,South Korea,RIBBON_TWO,,,02-469-9954,,2026,,37.5469844940099,127.042925648075,2026-02-17T22:29:33.775718+00:00,,,,플레이버타운,서울특별시 성동구 서울숲4길 18-7,"Flavour Town offers a vibrant fusion Chinese dining experience in the trendy Seongsu-dong area. The atmosphere buzzes with a modern, chic vibe, making it a popular spot, especially on weekends. While parking isn't available on-site, its proximity to Seoul Forest Station makes it accessible. Be prepared for potential waits, as the cozy interior fills up quickly, or consider booking through Catchtable to secure your spot.

The star of the show is undoubtedly the crispy yet tender Jokbal Twigim (족발튀김), a must-try that pairs perfectly with rice, earning its 'rice thief' reputation. Another highly recommended dish is the Shrimp Toast (새우 토스트), featuring layers of delicate cheong fun filled with plump shrimp, complemented by a savory peanut sauce and a hint of spice. The menu also boasts other delights like Chongqing Chicken and Mapo Tofu, offering a unique culinary adventure.","트렌디한 성수동에 위치한 플레이버타운은 활기찬 퓨전 중식 다이닝 경험을 선사합니다. 현대적이고 세련된 분위기는 특히 주말에 이곳을 인기 있는 장소로 만듭니다. 건물 내 주차는 불가능하지만, 서울숲역과 가까워 접근성이 좋습니다. 아늑한 내부는 금방 차기 때문에 웨이팅이 있을 수 있으니, 캐치테이블을 통해 예약하여 자리를 확보하는 것을 고려해 보세요.

이곳의 하이라이트는 단연 겉은 바삭하고 속은 부드러운 족발튀김(족발튀김)으로, 밥과 함께 먹으면 '밥도둑'이라는 명성에 걸맞은 최고의 메뉴입니다. 또 다른 추천 메뉴는 통통한 새우가 들어간 겹겹이 쌓인 청펀과 고소한 땅콩 소스, 약간의 매콤함이 조화를 이루는 새우 토스트(새우 토스트)입니다. 메뉴에는 충칭치킨, 마파두부 등 독특한 요리들도 준비되어 있어 특별한 미식 여행을 즐길 수 있습니다."
blueribbon,Piece,서울특별시 용산구 한남대로 91,Seoul,South Korea,RIBBON_ONE,"디저트/스위트, 쿠키, 캐러멜, 디저트전문점",,02-790-0768,,2026,,37.5365636555465,127.002134363783,2026-02-17T22:29:33.775718+00:00,,,,피에세,서울특별시 용산구 한남대로 91,"Piece, a Chinese restaurant located in Gourmet 494 in Hannam-dong, boasts a long history dating back to its founding in Cheongdam-dong in 2013. The dinner course offers a sophisticated culinary journey, starting with an amuse-bouche featuring a rich Gorgonzola-infused steamed egg (chawanmushi) and a delicate tartlet with ham and pea. The cold appetizer (naengchae) is a vibrant mix of octopus, sashimi, uni, and jellyfish, harmonized by a tangy tomato vinaigrette and herbaceous notes. The char siu (叉烧) served in a fluffy Chinese bun is tender and flavorful, balanced by the freshness of cucumber and the spice of XO sauce, while the abalone with capellini and bean sauce offers a delightful umami experience.","한남동 고메이494에 위치한 중식당 피에세는 2013년 청담동에서 시작하여 오랜 역사를 자랑합니다. 저녁 코스는 풍부한 고르곤졸라 풍미의 차완무시와 햄, 완두콩이 들어간 섬세한 타르틀렛으로 시작하는 세련된 미식 여정을 선사합니다. 냉채는 문어, 사시미, 성게알, 해파리의 생기 넘치는 조화에 새콤한 토마토 비네거와 허브 향이 더해져 입맛을 돋웁니다. 부드러운 중국식 찐빵(Chinese bun)에 곁들여 나오는 차슈(叉烧)는 부드럽고 풍미가 좋으며, 오이의 신선함과 XO 소스의 매콤함이 균형을 이룹니다. 또한, 카펠리니와 콩 소스를 곁들인 전복 요리는 즐거운 감칠맛 경험을 선사합니다."
blueribbon,필동칼국수,서울특별시 중구 퇴계로36길 9,Seoul,South Korea,RIBBON_TWO,"한식(면류), 칼국수",,없음 ,,2026,,37.5608213723708,126.993849717992,2026-02-17T22:29:33.775718+00:00,,,,필동칼국수,서울특별시 중구 퇴계로36길 9,"This cozy spot in Pil-dong is a local favorite, recommended by passersby for its comforting Korean staples. The star of the show is the bossam (보쌈), tender boiled pork served with a side of kimchi that's so good, you'll want to ask for seconds. Pair it with their hearty kalguksu (칼국수), a satisfying noodle soup with perfectly chewy noodles and a rich broth, for a truly classic Korean meal.","필동의 아늑한 이 곳은 지나가는 이들이 추천하는 현지인들의 최애 맛집입니다. 이곳의 하이라이트는 부드러운 수육과 함께 제공되는 보쌈김치로, 너무 맛있어서 리필을 요청하게 될 정도입니다. 완벽하게 쫄깃한 면발과 진한 국물이 어우러진 푸짐한 칼국수와 함께 즐기면 진정한 클래식 한식을 맛볼 수 있습니다."
blueribbon,Pierre Gagnaire a seoul,서울특별시 중구 을지로 30,Seoul,South Korea,RIBBON_TWO,,,02-317-7181,,2026,,37.56534516953803,126.98100699814148,2026-02-17T22:29:33.775718+00:00,,,,피에르가니에르서울,서울특별시 중구 을지로 30,"Experience a sophisticated culinary journey at Pierre Gagnaire, located on the 35th floor of Lotte Hotel. While the menu evolves with the seasons, expect an exquisite dining experience that can be a splurge, especially for special occasions. The ambiance leans towards smart casual, though dress code interpretations can vary, so it's wise to err on the side of more formal attire. The bread basket is a highlight, offering a delightful variety of textures and flavors, including fig-infused rye bread and a wonderfully buttery brioche. Signature dishes like the squid paella (오징어 빠에야) are highly recommended for their unique taste.","롯데호텔 35층에 위치한 피에르 가니에르에서 세련된 미식 여정을 경험해 보세요. 메뉴는 계절에 따라 바뀌지만, 특히 특별한 날에는 더욱 특별한 식사를 기대할 수 있습니다. 분위기는 스마트 캐주얼을 지향하지만, 복장 규정 해석이 다를 수 있으니 좀 더 격식 있는 복장을 갖추는 것이 좋습니다. 무화과 호밀빵과 버터 풍미가 가득한 브리오슈 등 다양한 식감과 맛을 제공하는 빵 바구니가 특히 인상적입니다. 독특한 맛으로 높은 평가를 받은 오징어 빠에야와 같은 시그니처 메뉴를 꼭 맛보시길 바랍니다."
blueribbon,pizzeria 'O,서울특별시 종로구 동숭길 86,Seoul,South Korea,RIBBON_TWO,"이탈리아식, 피자",,02-3673-5005 ,,2026,,37.5820958419415,127.004326234581,2026-02-17T22:29:33.775718+00:00,,,,핏제리아오,서울특별시 종로구 동숭길 86,"This popular pizzeria in Daehangno is a bustling spot, often requiring reservations even on weeknights due to its fame. The ambiance is enhanced by beautiful tile work reminiscent of Portuguese azulejos. It's known for its authentic wood-fired pizzas, with a special mention of a ""world's best pizza"" and a unique lobster pizza that has been featured on multiple TV shows. The restaurant also offers a highly recommended Puttanesca pasta, praised for its perfectly cooked noodles and a delicious, approachable spicy kick.","대학로의 유명 맛집인 이 피자리아는 평일 저녁에도 예약이 필요할 정도로 늘 붐비는 곳입니다. 포르투갈 아줄레주를 연상시키는 아름다운 타일 장식이 인상적인 분위기를 더합니다. 이곳은 '세계 1위 피자'와 여러 방송에 소개된 특별한 랍스터 피자를 포함한 정통 화덕 피자로 유명합니다. 또한, 완벽하게 익힌 면과 누구나 즐길 수 있는 맛있게 매콤한 맛으로 극찬받은 푸타네스카 파스타도 꼭 맛봐야 할 메뉴입니다."
blueribbon,한남북엇국,서울특별시 용산구 독서당로 65-7,Seoul,South Korea,RIBBON_TWO,"한식주점, 한식(일반한식), 일반한식, 한식(어패류), 북엇국",,02-2297-1988,,2026,,37.53395563305231,127.00806468152406,2026-02-17T22:29:33.775718+00:00,,,,한남북엇국,서울특별시 용산구 독서당로 65-7,"Nestled in a quiet alley of Hannam-dong, this establishment, despite its name, offers a surprisingly diverse menu that goes far beyond its signature dried pollack soup (북엇국). It feels more like an indoor pub (실내포차) with a wide array of dishes featuring seasonal seafood and other Korean favorites like braised yellow croaker (덕자병어조림) and kimchi pork stew (묵은지돼지찜). The complimentary side dishes, including japchae (잡채) and various kimchi, are substantial enough to accompany a drink on their own. It's a great spot for a casual meal or drinks, with valet parking available.","한남동의 조용한 골목에 자리한 이곳은 이름과는 달리 북엇국을 넘어선 다채로운 메뉴를 자랑합니다. 제철 해산물과 덕자병어조림, 묵은지돼지찜 등 다양한 한식 메뉴를 갖춘 실내포차 같은 분위기입니다. 잡채와 여러 종류의 김치를 포함한 기본 찬만으로도 훌륭한 술안주가 됩니다. 식사와 반주를 즐기기 좋은 곳이며, 발렛 주차도 가능합니다."
blueribbon,Paul & Paulina,서울특별시 서대문구 연희로11길 56,Seoul,South Korea,RIBBON_TWO,베이커리,,02-333-0185 ,,2026,,37.568844,126.929055,2026-02-17T22:29:33.775718+00:00,,,,폴앤폴리나,서울특별시 서대문구 연희로11길 56,"Paul & Paulina, a beloved European-style bakery that was a staple in Hongdae for a decade, has relocated to Yeonhui-dong. This spot is renowned for its ""meal breads"" (식사빵) crafted through long fermentation, resulting in a deep flavor and easy digestibility. The atmosphere is clean and organized, with a visible kitchen and a well-displayed selection of breads like the classic white baguette (화이트 바게트) and ciabatta (치아바타), which are highly recommended for their satisfyingly crisp exteriors and moist interiors.

Perfect for a stroll through Yeonhui-dong's charming streets, Paul & Paulina offers a delightful range of breads from traditional baguettes to scones and pretzels. While sweet pastries are available, the focus here is on the pure, unadulterated taste of grains. Popular items can sell out quickly, so consider utilizing their delivery or reservation services if you can't make it in person. It's a place where the quality and taste of the bread itself leave a lasting impression.","10년간 홍대 정문을 지킨 유럽식 베이커리 폴앤폴리나가 연희동으로 이전했습니다. 이곳은 오랜 발효 과정을 거쳐 소화가 편하고 풍미가 깊은 '식사빵'으로 명성이 자자합니다. 깔끔하고 정돈된 분위기 속에서 보이는 주방과 잘 정돈된 빵 진열대는 선택을 돕습니다. 특히 겉은 바삭하고 속은 촉촉한 화이트 바게트(화이트 바게트)와 치아바타(치아바타)는 꼭 맛봐야 할 메뉴로 추천합니다.

연희동의 매력적인 골목길 산책에 완벽한 폴앤폴리나는 전통 바게트부터 스콘, 프레첼까지 다양한 빵을 제공합니다. 달콤한 디저트 빵도 있지만, 이곳의 핵심은 곡물 본연의 순수한 맛에 있습니다. 인기 메뉴는 일찍 소진될 수 있으니, 방문이 어렵다면 배달이나 예약 서비스를 활용하는 것을 고려해 보세요. 빵 자체의 품질과 맛이 깊은 인상을 남기는 곳입니다."
blueribbon,평안도만두집,서울특별시 종로구 새문안로3길 30,Seoul,South Korea,RIBBON_TWO,"한식(면류), 만둣국, 한식(탕/국/찌개/전골), 만두전골, 한식(육류), 보쌈",,02-723-6592 ,,2026,,37.57275,126.9733,2026-02-17T22:29:33.775718+00:00,,,,평안도만두집,서울특별시 종로구 새문안로3길 30,"This beloved dumpling house in Insadong (인사동) is a must-visit for those craving authentic Korean comfort food. Expect a lively atmosphere with a mix of locals and tourists, especially during peak hours, as indicated by the queues. The star of the show is undoubtedly the manduguk (만두국), with options for both kimchi (김치) and meat (고기) dumplings. The broth is consistently praised for its clean and refreshing taste, making it a hit with a diverse clientele.","인사동의 사랑받는 만두집으로, 진정한 한국의 소울푸드를 맛보고 싶은 분들에게 꼭 방문해야 할 곳입니다. 피크 시간대에는 줄을 서는 모습도 볼 수 있듯이, 현지인과 관광객 모두에게 인기 있는 활기찬 분위기를 기대할 수 있습니다. 이곳의 하이라이트는 단연 만두국(만두국)으로, 김치(김치)와 고기(고기) 만두 옵션이 모두 준비되어 있습니다. 맑고 시원한 국물은 꾸준히 호평을 받고 있으며, 다양한 손님들에게 사랑받는 이유입니다."
blueribbon,하카다분코,서울특별시 마포구 독막로19길 43,Seoul,South Korea,RIBBON_TWO,"일식, 라멘",,02-338-5536,,2026,,37.54886,126.9237,2026-02-17T22:29:33.775718+00:00,,,,하카다분코,서울특별시 마포구 독막로19길 43,"Hakata Bunko is a beloved ramen institution near Sangsu Station, known for its long queues and no-frills, rustic charm that hints at its 2004 opening. Despite its humble exterior, the ramen itself is a showstopper. The rich, deeply flavored broth, simmered for two days, is the star, perfectly coating the thin noodles. Topped with generous slices of chashu (char siu pork) and crisp bean sprouts, it's a hearty and satisfying bowl that explains the hype.","하카타분코는 상수역 근처에서 오랜 줄 서기로 유명한 라멘 맛집으로, 2004년부터 이어져 온 소박하고 꾸밈없는 매력이 특징입니다. 허름한 외관과는 달리, 이곳의 라멘은 단연 압도적인 존재감을 자랑합니다. 이틀 동안 정성껏 우려낸 진한 육수는 이곳의 하이라이트로, 얇은 면발에 완벽하게 코팅되어 깊은 풍미를 선사합니다. 두툼한 차슈와 아삭한 숙주가 듬뿍 올라간 라멘 한 그릇은 왜 이곳이 늘 붐비는지 알게 해주는 만족스러운 식사를 약속합니다."
blueribbon,Palais de Chine,서울특별시 중구 퇴계로 67,Seoul,South Korea,RIBBON_TWO,,,02-317-4001,,2026,,37.5597323437561,126.979523390315,2026-02-17T22:29:33.775718+00:00,,,,팔레드신,서울특별시 중구 퇴계로 67,"Step into Palais de Chine (팔레드신) and be transported to 1930s Shanghai within the stylish L'Escape Hotel (레스케이프 호텔). This Michelin-recognized establishment offers a deeply immersive and visually stunning atmosphere, blending a chic, dark ambiance with unique lighting that evokes a sense of critical reception of Western influences. It's a perfect spot for a special occasion, offering a sophisticated escape with a rich, historical concept.","세련된 레스케이프 호텔(레스케이프 호텔) 안에서 1930년대 상하이로 시간 여행을 떠나는 듯한 팔레드신(팔레드신)에 들어서 보세요. 미슐랭 가이드에 소개된 이 곳은 독특한 조명과 함께 깊고 매혹적인 분위기를 선사하며, 서구 문물에 대한 비판적 수용을 연상시키는 시각적으로도 아름다운 공간을 자랑합니다. 풍부한 역사적 콘셉트와 함께 세련된 탈출을 선사하는 특별한 날을 위한 완벽한 장소입니다."
blueribbon,Paolo de maria,서울특별시 서대문구 연희로26길 24,Seoul,South Korea,RIBBON_TWO,이탈리아식,,02-599-9936,,2026,,37.5727556539163,126.936890577525,2026-02-17T22:29:33.775718+00:00,,,,파올로데마리아,서울특별시 서대문구 연희로26길 24,"Nestled in a quiet alley of Yeonhui-dong, Paolo de Maria offers a sophisticated yet cozy dining experience. Housed in a renovated traditional home, the restaurant boasts a charming interior with Italian-style decor, creating an exotic and refined atmosphere. The Italian chef's exquisite dishes are a true highlight, with the cuttlefish appetizer, made with specially prepared cuttlefish and a unique pasta, being a standout.

The tasting courses, such as the ""Course A"" featuring a tender beef tenderloin steak, are a delightful journey for the palate. The experience is further enhanced by a charming dessert cart offering a variety of homemade cakes. It's the perfect spot for intimate celebrations and enjoying conversation over exceptional food.","연희동 골목에 자리한 파올로 데 마리아는 세련되면서도 아늑한 식사 경험을 선사합니다. 개조된 주택에 자리한 이 레스토랑은 이탈리아 스타일의 장식으로 꾸며져 이국적이면서도 세련된 분위기를 자아냅니다. 이탈리안 셰프의 훌륭한 요리는 이곳의 하이라이트이며, 특히 특별히 손질한 갑오징어와 독특한 파스타 면으로 만든 애피타이저는 놓칠 수 없는 메뉴입니다.

부드러운 안심 스테이크가 포함된 '코스 A'와 같은 테이스팅 코스는 미각을 즐겁게 하는 여정입니다. 홈메이드 케이크를 다양하게 제공하는 디저트 카트는 경험을 더욱 풍성하게 합니다. 이곳은 특별한 날을 기념하거나 맛있는 음식과 함께 여유로운 대화를 즐기기에 완벽한 장소입니다."
blueribbon,큰기와집,서울특별시 종로구 북촌로 22,Seoul,South Korea,RIBBON_TWO,"한식(어패류), 게장",,02-722-9024 ,,2026,,37.5787470168012,126.985411258625,2026-02-17T22:29:33.775718+00:00,,,,큰기와집,서울특별시 종로구 북촌로 22,"This Michelin-recommended spot offers a refined dining experience, often drawing crowds and a short wait. The restaurant impresses with a generous spread of delicious side dishes, reminiscent of a full Korean set meal (hanjeongsik). Their signature soy-marinated crab (ganjang gejang) is praised for its incredibly plump and satisfying meat, offering a taste that's both rich and satisfyingly salty, a welcome departure from the often milder marinades found elsewhere.

The spicy marinated crab (yangnyeom gejang) here stands out with a unique, almost tteokbokki-like sauce that is robustly seasoned. The male crabs (ssotge) are particularly large, with generous portions of meat in the claws and body, making for a truly indulgent experience. While the soy marinade is saltier than some other popular spots, many find this adds to the authentic, robust flavor of the crab.","미쉐린 가이드에도 소개된 이 곳은 세련된 식사 경험을 제공하며, 종종 손님들로 붐벼 짧은 대기가 필요할 수 있습니다. 한정식집을 연상시키는 푸짐하고 맛있는 밑반찬들이 인상적입니다. 시그니처 메뉴인 간장게장은 믿을 수 없을 정도로 통통하고 만족스러운 살이 특징이며, 다른 곳에서 흔히 볼 수 있는 부드러운 양념과는 다른 풍부하고 만족스러운 짭짤한 맛을 선사합니다.

이곳의 양념게장은 떡볶이 양념과 유사한 독특한 소스가 특징이며, 강렬한 양념 맛을 자랑합니다. 특히 숫게는 집게다리와 몸통에 살이 가득 차 있어 정말 푸짐한 식사를 즐길 수 있습니다. 간장게장의 간은 다른 유명 맛집들에 비해 짠 편이지만, 많은 사람들이 이러한 짭짤함이 게 본연의 풍부한 맛을 더해준다고 느낍니다."
blueribbon,CHARLES H.,서울특별시 종로구 새문안로 97,Seoul,South Korea,RIBBON_TWO,,,02-6388-5000 ,,2026,,37.570539,126.975391,2026-02-17T22:29:33.775718+00:00,,,,찰스H,서울특별시 종로구 새문안로 97,"Nestled discreetly behind an unmarked door, CHARLES H. offers an intimate and exclusive speakeasy experience. The ambiance is sophisticated and dimly lit, perfect for hushed conversations and savoring expertly crafted drinks. It's a place where familiar faces are recognized and new discoveries are made, making for a memorable night out.","알려지지 않은 문 뒤에 숨겨진 CHARLES H.는 친밀하고 특별한 스피크이지 경험을 선사합니다. 세련되고 은은한 조명의 분위기는 조용한 대화와 전문적으로 만들어진 음료를 즐기기에 완벽합니다. 익숙한 얼굴을 알아보고 새로운 발견을 할 수 있는 곳으로, 잊을 수 없는 밤을 선사할 것입니다."
blueribbon,Conference House Dalgaebi,서울특별시 중구 세종대로19길 16,Seoul,South Korea,RIBBON_TWO,"한식(일반한식), 한정식",,02-765-2035,,2026,,37.56677,126.976,2026-02-17T22:29:33.775718+00:00,,,,컨퍼런스하우스달개비,서울특별시 중구 세종대로19길 16,,
blueribbon,충무집,서울특별시 중구 을지로3길 30-14,Seoul,South Korea,RIBBON_TWO,"한식(어패류), 도다리쑥국, 멍게비빔밥, 생선회",,010-2019-4088,,2026,,37.567332,126.981994,2026-02-17T22:29:33.775718+00:00,,,,충무집,서울특별시 중구 을지로3길 30-14,"Stepping into Chungmujip is like taking a culinary journey back to 1964, the year this beloved seafood institution first opened its doors. For over six decades, they've been serving up the authentic taste of Tongyeong right in the heart of Euljiro. Their signature dish, the seasonal flounder and mugwort soup (도다리쑥국), is a springtime revelation, bursting with the fresh aroma of mugwort that evokes the very essence of the season. Other seasonal delights like braised cutlassfish (갈치조림) and various fresh seafood stews are also highlights, showcasing the freshest catches of the day.","1964년부터 60년 넘게 을지로를 지켜온 충무집은 통영의 맛을 서울 한복판에서 그대로 느낄 수 있는 해물 맛집입니다. 특히 봄철에 맛볼 수 있는 도다리쑥국은 향긋한 쑥 향이 일품이며, 계절마다 신선한 제철 해산물을 활용한 갈치조림 등 다양한 메뉴를 선보입니다. 신선한 재료와 변함없는 손맛으로 오랜 시간 사랑받아온 이곳은 특별한 날 방문하기 좋은 곳입니다."
blueribbon,Jonny Dumpling,서울특별시 용산구 보광로59길 33,Seoul,South Korea,RIBBON_TWO,,,02-790-8831,,2026,,37.5338250009562,126.992128689959,2026-02-17T22:29:33.775718+00:00,,,,쟈니덤플링,서울특별시 용산구 보광로59길 33,"Jonny Dumpling is a beloved Chinese dumpling specialist that has been serving up delicious handmade dumplings since 2007. Despite its cozy and somewhat compact interior, the restaurant is a popular spot, often with a queue even during off-peak hours. It's a go-to destination for those craving authentic Chinese dumplings (중화 만두) in the heart of Itaewon.

The star of the show is undoubtedly their signature pan-fried dumplings (군만두), boasting a perfect crispy-bottom, tender-top texture (겉바속촉) and bursting with savory juices. Other must-tries include the plump shrimp dumplings (새우 물만두) and the flavorful vegetable dumplings (야채 물만두), all showcasing the quality and care put into each bite. While the mapo tofu rice bowl (마파두부 덮밥) is decent, it's the dumplings that truly shine here.","2007년부터 맛있는 수제 만두를 선보여 온 쟈니 덤플링은 이태원의 사랑받는 중화 만두 전문점입니다. 아담하고 다소 협소한 내부 공간에도 불구하고, 쟈니 덤플링은 피크 타임이 아니더라도 줄을 서서 기다릴 정도로 인기 있는 곳입니다. 이태원 중심부에서 정통 중화 만두(중화 만두)를 맛보고 싶다면 꼭 방문해야 할 곳입니다.

이곳의 하이라이트는 단연 시그니처 메뉴인 군만두로, 겉은 바삭하고 속은 촉촉한 겉바속촉의 정석을 보여주며 풍부한 육즙이 일품입니다. 통통한 새우 살이 꽉 찬 새우 물만두와 풍미 가득한 야채 물만두도 놓칠 수 없는 메뉴이며, 모든 만두에서 정성과 품질을 느낄 수 있습니다. 마파두부 덮밥(마파두부 덮밥)도 괜찮지만, 이곳의 진정한 매력은 단연 만두에 있습니다."
blueribbon,Jue,서울특별시 용산구 독서당로 124-7,Seoul,South Korea,RIBBON_TWO,"중식, 광동식중식, 딤섬",,02-798-9700,,2026,,37.53748713839805,127.01279004754028,2026-02-17T22:29:33.775718+00:00,,,,쥬에,서울특별시 용산구 독서당로 124-7,"Tucked away in a quiet alley, Jue (주) offers an intimate and elegant dining experience, perfect for special occasions or impressing elders. The ambiance is cozy and sophisticated, with subtle lighting and tasteful decor featuring traditional Korean ceramics and art. The Huajak (후작) course menu is meticulously plated, offering a refined journey through delicate flavors that are never overwhelming. While the Peking duck (북경 오리) portion might leave some wanting more, its crispy skin and tender meat are undeniably delicious, a highlight of the thoughtfully curated meal.","조용한 골목길에 자리한 주(JUE)는 특별한 날이나 어른들을 모시고 가기 좋은 아늑하고 우아한 다이닝 경험을 선사합니다. 은은한 조명과 한국 전통 도자기, 예술 작품으로 꾸며진 내부는 아늑하면서도 세련된 분위기를 자아냅니다. 후작(Huajak) 코스 메뉴는 섬세한 플레이팅으로 과하지 않으면서도 산뜻하게 즐길 수 있는 정제된 맛의 여정을 선사합니다. 베이징덕(Peking duck, 북경 오리)의 양이 다소 적게 느껴질 수 있지만, 바삭한 껍질과 부드러운 살코기는 의심할 여지 없이 맛있으며, 세심하게 구성된 식사의 하이라이트입니다."
blueribbon,지화자,서울특별시 종로구 자하문로 125,Seoul,South Korea,RIBBON_TWO,"한식(일반한식), 한정식",,02-2269-5834 ,,2026,,37.58706,126.969378,2026-02-17T22:29:33.775718+00:00,,,,지화자,서울특별시 종로구 자하문로 125,"Step into Jihwaja (지화자) for an elegant and refined dining experience, perfect for celebrating special occasions. This esteemed establishment in Jongno specializes in royal Korean cuisine (궁중음식), offering a meticulously curated course meal that feels like a journey through Joseon Dynasty banquets. The serene ambiance, with its traditional yet understated decor, sets the stage for a meal that is both visually stunning and deeply flavorful. Each dish is presented as a work of art, emphasizing a delicate and balanced palate that is sure to impress.","특별한 날을 기념하기에 완벽한, 우아하고 세련된 식사 경험을 원한다면 지화자(지화자)를 방문해 보세요. 종로에 위치한 이 명망 있는 식당은 궁중음식(궁중음식)을 전문으로 하며, 조선 시대 연회를 여행하는 듯한 정교하게 구성된 코스 요리를 제공합니다. 전통적이면서도 절제된 장식의 고요한 분위기는 시각적으로도 놀랍고 깊은 풍미를 선사하는 식사를 위한 무대를 마련합니다. 각 요리는 예술 작품처럼 표현되며, 섬세하고 균형 잡힌 맛을 강조하여 깊은 인상을 남길 것입니다."
blueribbon,자하손만두,서울특별시 종로구 백석동길 12,Seoul,South Korea,RIBBON_TWO,"한식(면류), 만두",,02-379-2648 ,,2026,,37.59307,126.966,2026-02-17T22:29:33.775718+00:00,,,,자하손만두,서울특별시 종로구 백석동길 12,"Nestled in the charming Buam-dong (부암동) neighborhood, Jaha Son Mandu offers a serene dining experience with breathtaking views of the city. This Michelin-recommended establishment, housed in a converted traditional Korean house, is a perfect spot to enjoy a leisurely meal. The signature mandu jeongol (만두전골) is a highlight, featuring a delicate, subtly flavored broth that has grown to be appreciated by those seeking a less intense culinary experience. For younger diners, the so-mandu (소만두) is a delightful option.","아름다운 부암동(부암동)에 자리한 자하손만두는 탁 트인 전망과 함께 고즈넉한 식사 경험을 선사합니다. 미쉐린 가이드에 꾸준히 소개되는 이 곳은 개조된 한옥에서 식사를 즐길 수 있는 매력적인 장소입니다. 시그니처 메뉴인 만두전골은 자극적이지 않고 은은한 국물 맛이 특징이며, 시간이 지남에 따라 깊은 풍미를 더해줍니다. 어린 손님들을 위한 소만두(소만두)도 준비되어 있습니다."
blueribbon,YU YUAN,서울특별시 종로구 새문안로 97,Seoul,South Korea,RIBBON_TWO,,,02-6388-5500 ,,2026,,37.570539,126.975391,2026-02-17T22:29:33.775718+00:00,,,,유유안,서울특별시 종로구 새문안로 97,"Yu Yuan, a Michelin-starred Chinese restaurant nestled within the Four Seasons Hotel Seoul, offers an elegant dining experience. The ambiance is sophisticated, complemented by attentive service and a beautiful interior. Start your meal with a selection of fragrant teas and explore their aperitif cart. The culinary journey features delicate starters like chilled silken tofu and braised beef tendon, leading into exquisite dim sum creations. Don't miss the signature shrimp cheong fun (새우 청판), a delightful harmony of crispy textures, savory fillings, and plump shrimp.","포시즌스 호텔 서울에 위치한 미슐랭 스타 중식당 유유안은 우아한 다이닝 경험을 선사합니다. 세련된 분위기와 세심한 서비스, 아름다운 인테리어가 돋보입니다. 향긋한 차와 함께 식사를 시작하고, 식전주 카트도 즐겨보세요. 섬세한 연두부 냉채와 아롱사태 등 애피타이저로 시작하여 훌륭한 딤섬 요리로 이어집니다. 특히 바삭한 식감, 풍미 가득한 속, 탱글한 새우의 조화가 일품인 시그니처 새우 청판(새우 청판)을 놓치지 마세요."
blueribbon,을지면옥,서울특별시 종로구 삼일대로30길 12,Seoul,South Korea,RIBBON_TWO,"한식(면류), 평양냉면, 한식(육류), 제육, 수육",,02-2266-7052 ,,2026,,37.573686660928,126.988587758979,2026-02-17T22:29:33.775718+00:00,,,,을지면옥,서울특별시 종로구 삼일대로30길 12,"A beloved institution, Eulji Myeonok offers a refined take on Pyongyang-style naengmyeon (평양냉면). The broth is surprisingly rich with a deep meatiness, a departure from the often-perceived blandness, and boasts a satisfying umami. The accompanying suyuk (수육) is tender and free of gamey odors, while the pyeonyuk (편육) offers a unique, savory chew. Enjoy this classic with a refreshing cup of makgeolli (막걸리) for a truly authentic Seoul experience.","을지면옥은 평양냉면(Pyongyang-style naengmyeon)의 정수를 맛볼 수 있는 서울의 명소입니다. 슴슴할 것이라는 예상과 달리 깊은 육향과 감칠맛이 살아있는 맑은 육수가 일품이며, 부드럽고 잡내 없는 수육(suyuk)과 고소한 풍미의 편육(pyeonyuk)은 평양냉면과 환상의 궁합을 자랑합니다. 여기에 시원한 막걸리(makgeolli) 한 잔을 곁들이면 서울에서의 진정한 미식 경험을 완성할 수 있습니다."
blueribbon,우동카덴,서울특별시 마포구 양화로7안길 2-1,Seoul,South Korea,RIBBON_TWO,"일식, 일식우동",,02-6463-6362,,2026,,37.55165,126.915,2026-02-17T22:29:33.775718+00:00,,,,우동카덴,서울특별시 마포구 양화로7안길 2-1,"Chef Jeong Ho-yeong's Udon Kaden is a must-visit for udon lovers, especially on a chilly day. While the main branch is popular and often requires advance booking via the TableCheck app due to its fame, the cozy, wood-accented interior offers a pleasant dining experience. The signature 'Sammi Udon' (삼미우동) is a fantastic choice for those who want to sample a variety of flavors, featuring three distinct bowls. Don't miss out on their popular Bukkake Udon (붓카케우동) with customizable toppings, and consider adding crispy chicken karaage (치킨 가라아게) or futomaki (후토마끼) to your order.","정호영 셰프의 우동 카덴은 우동 애호가라면 꼭 방문해야 할 곳으로, 특히 쌀쌀한 날씨에 더욱 생각나는 곳입니다. 본점은 인기가 많아 방송 출연 이후 더욱 유명해져 테이블 체크 앱을 통한 사전 예약이 필수일 수 있습니다. 아늑하고 나무로 꾸며진 내부는 즐거운 식사 경험을 선사합니다. 다양한 맛을 맛보고 싶다면 시그니처 메뉴인 '삼미우동'을 추천하며, 이는 세 가지 맛의 우동을 맛볼 수 있습니다. 취향에 따라 토핑을 선택할 수 있는 인기 메뉴인 붓카케우동(붓카케우동)과 바삭한 치킨 가라아게(치킨 가라아게) 또는 후토마키(후토마끼)를 추가하는 것도 좋은 선택입니다."
blueribbon,Oursblanc,서울특별시 용산구 효창원로70길 4,Seoul,South Korea,RIBBON_TWO,베이커리,,02-706-9356,,2026,,37.54138,126.9624,2026-02-17T22:29:33.775718+00:00,,,,우스블랑,서울특별시 용산구 효창원로70길 4,"Oursblanc is a beloved bakery in the Hyochang-dong neighborhood, drawing visitors for its extensive 'seoul bread pilgrimage' (서울 빵지순례). This two-story establishment offers a vast array of baked goods, from healthy options made with Korean wheat to creative pastries and savory treats. The playful descriptions and charming bear motif, inspired by the French meaning of 'ours blanc' (white bear), add to the delightful atmosphere. It's a place where you can easily spend time browsing the unique selection and enjoying the cozy ambiance.","우스블랑은 효창동에 위치한 사랑받는 베이커리로, '서울 빵지순례'를 위해 방문하는 이들의 발길이 끊이지 않는 곳입니다. 2층 규모의 이 공간은 우리밀로 만든 건강빵부터 창의적인 페이스트리, 짭짤한 간식까지 방대한 종류의 베이커리를 선보입니다. 프랑스어로 '흰곰'을 뜻하는 이름처럼 귀여운 곰 모티프와 재미있는 빵 설명이 아늑한 분위기를 더합니다. 독특한 메뉴를 구경하고 편안한 분위기를 즐기며 시간을 보내기 좋은 곳입니다."
blueribbon,용수산비원,서울특별시 종로구 창덕궁1길 2,Seoul,South Korea,RIBBON_TWO,"한식(일반한식), 한정식, 개성음식",,02-743-5999,,2026,,37.579407,126.989116,2026-02-17T22:29:33.775718+00:00,,,,용수산비원,서울특별시 종로구 창덕궁1길 2,"Yongsu San Biwon offers a refined and elegant atmosphere, making it an ideal choice for significant family gatherings. The restaurant is noted for its traditional Korean cuisine, presented beautifully to complement the special occasion. It's a place where memorable moments are made, surrounded by a serene ambiance perfect for introductions and celebrations.","용수산비원은 정갈하고 우아한 분위기를 자랑하며, 중요한 가족 모임에 이상적인 장소입니다. 특별한 날을 더욱 빛내줄 아름다운 전통 한식 요리를 선보이며, 만남과 축하를 위한 고즈넉한 분위기 속에서 소중한 추억을 만들 수 있는 곳입니다."
blueribbon,양미옥(남대문점),서울특별시 중구 남대문로 27-2,Seoul,South Korea,RIBBON_TWO,,,02-3789-9288,,2026,,37.5614211308706,126.978778867088,2026-02-17T22:29:33.775718+00:00,,,,양미옥(남대문점),서울특별시 중구 남대문로 27-2,"Yangmiok Namdaemun is a bustling spot, with a surprisingly spacious interior that stays busy throughout the day. While the prices might give you a slight pause, the attentive and efficient staff, who proactively provide aprons and expertly grill your food, ensure a seamless and enjoyable dining experience. The star of the show is undoubtedly the grilled beef tripe (yang-daechang, 양대창) and beef abomasum (teuk-yang, 특양), cooked over charcoal and expertly handled by the staff to achieve perfect tenderness and flavor. Don't miss the refreshing side dishes, especially the seasoned sea purslane (sebalnamul muchim, 세발나물무침), which perfectly complements the rich, grilled meats.","양미옥 남대문점은 겉보기보다 넓은 실내 공간에 끊이지 않고 손님이 방문하는 활기찬 맛집입니다. 가격대는 다소 높게 느껴질 수 있지만, 앞치마를 먼저 챙겨주고 능숙하게 고기를 구워주는 직원들의 친절하고 세심한 서비스 덕분에 편안하고 기분 좋게 식사를 즐길 수 있습니다. 이곳의 시그니처 메뉴는 단연 숯불에 구워 먹는 특양과 대창으로, 직원들이 최적의 맛을 살려 구워주어 풍미를 더합니다. 곁들임 찬 중에서도 참기름과 마늘, 소금으로 버무려진 세발나물무침은 고소함과 짭짤함의 조화가 일품이며, 기름진 고기와 환상적인 궁합을 자랑합니다."
blueribbon,Akira Back Seoul,서울특별시 종로구 새문안로 97,Seoul,South Korea,RIBBON_TWO,"일식, 모던재패니즈",,02-6388-5500 ,,2026,,37.57069965284965,126.97540015123504,2026-02-17T22:29:33.775718+00:00,,,,아키라백서울,서울특별시 종로구 새문안로 97,"Experience a sophisticated fusion of Japanese flavors at Akira Back Seoul, located within the luxurious Four Seasons Hotel. Renowned for its innovative dishes, the restaurant is particularly famous for its tuna pizza (참치피자) and creative tacos. While known for its globally recognized menu, a recent addition is the Edo-mae style omakase, offering a refined sushi experience that highlights the freshest catches from Tokyo Bay, prepared with traditional techniques.

The ambiance is elevated, complemented by tasteful music and exquisite tableware that adds to the visual delight of the meal. The omakase course showcases premium ingredients like mackerel pike (학꽁치), scallops (관자), fatty tuna (오도로), sea bream (돔), lobster (랍스터), and herring (청어), promising a memorable culinary journey. The attentive service, including the thoughtful preparation of sushi for both chopstick and hand-eating, ensures a seamless and enjoyable dining experience.","포시즌스 호텔 내에 위치한 아키라 백 서울에서 세련된 일식 퓨전의 경험을 즐겨보세요. 혁신적인 요리로 명성이 높은 이 레스토랑은 특히 참치 피자(참치피자)와 창의적인 타코로 유명합니다. 세계적으로 인정받는 메뉴로 잘 알려져 있지만, 최근에는 도쿄만에서 잡은 신선한 해산물을 전통적인 방식으로 선보이는 에도마에 스타일 오마카세가 새롭게 추가되어 정제된 스시 경험을 제공합니다.

고급스러운 분위기는 세련된 음악과 함께 식사의 시각적 즐거움을 더하는 아름다운 식기로 더욱 돋보입니다. 오마카세 코스는 학꽁치, 관자, 오도로, 도미, 랍스터, 청어 등 최상급 재료를 선보이며 기억에 남을 미식 여행을 약속합니다. 젓가락과 손으로 먹는 방식을 모두 고려한 세심한 스시 준비를 포함한 세심한 서비스는 매끄럽고 즐거운 식사 경험을 보장합니다."
blueribbon,SUSHI SEONGBUK,서울특별시 성북구 성북로 74,Seoul,South Korea,RIBBON_TWO,,,없음,,2026,,37.5936027665025,127.000787409179,2026-02-17T22:29:33.775718+00:00,,,,스시성북,서울특별시 성북구 성북로 74,"Nestled in a traditional Hanok-style building, Sushi Seongbuk offers a refined Omakase experience. The meal begins with delicate sashimi like the chewy and sweet King Clam (Mirugai, 미루가이) and the fresh, clean-tasting Purple Sea Urchin (Murasaki Uni, 보라성게) served in its own brine. Highlights include a tender Steamed Abalone (Jeonbok, 전복) with a rich abalone liver sauce, and expertly prepared grilled cutlassfish with bottarga zest.","전통적인 한옥 건물에 자리한 스시성북은 정갈한 오마카세 경험을 선사합니다. 쫄깃하고 달콤한 왕우럭조개(미루가이)와 신선하고 깔끔한 맛의 보라성게(무라사키 우니)를 시작으로 섬세한 사시미가 준비됩니다. 부드러운 전복찜(전복)과 풍부한 전복 내장 소스, 그리고 감칠맛 나는 어란 제스트를 곁들인 갈치구이는 놓칠 수 없는 메뉴입니다."
blueribbon,SICILI,서울특별시 용산구 이태원로55가길 13,Seoul,South Korea,RIBBON_TWO,,,02-6951-4250,,2026,,37.5376679399283,127.000499654869,2026-02-17T22:29:33.775718+00:00,,,,시칠리,서울특별시 용산구 이태원로55가길 13,"Step into SICILI and be transported to Italy with its charming blue awning and inviting ambiance. Helmed by a chef with over a decade of experience in Michelin-starred Italian restaurants, SICILI offers a creative take on Sicilian cuisine, expertly blending seasonal Korean ingredients with authentic flavors. The intimate space, with its open kitchen and sun-drenched window seats, provides a cozy setting for an unforgettable meal. 

While the lunch menu features lighter, single-dish pasta options, dinner transforms into a refined tasting course. Signature dishes include the unique Sicilian Sea Bream Spaghetti, boasting a strong, pure fish aroma, and the hearty Hanwoo Ragu Reginetta Pasta, reminiscent of a rustic Italian countryside dish. The Sea Bass Steak, though visually surprising, pairs wonderfully with wine, making SICILI a destination for those seeking an authentic and adventurous Italian dining experience.","SICILI는 파란색 차양과 이탈리아를 연상시키는 매력적인 분위기로 손님을 맞이합니다. 미슐랭 스타 레스토랑에서 10년 이상 경력을 쌓은 셰프가 운영하는 이곳은 제철 한국 식재료와 정통 시칠리아 요리를 창의적으로 접목한 요리를 선보입니다. 오픈 키친과 햇살이 가득한 창가 좌석이 있는 아늑한 공간은 잊을 수 없는 식사를 위한 완벽한 장소입니다.

점심 메뉴는 가벼운 단품 파스타 위주로 제공되지만, 저녁에는 정교한 테이스팅 코스로 변신합니다. 시그니처 메뉴로는 강렬하고 순수한 생선 향이 돋보이는 시칠리안 전갱이 스파게티와 이탈리아 시골 마을의 푸짐함을 담은 한우 라구 레지네테 파스타가 있습니다. 농어 스테이크는 예상치 못한 비주얼이지만 와인과 훌륭한 궁합을 자랑하며, SICILI는 독창적이고 모험적인 이탈리안 다이닝 경험을 찾는 이들을 위한 목적지입니다."
blueribbon,순대실록,서울특별시 종로구 동숭길 113,Seoul,South Korea,RIBBON_TWO,"한식(육류), 순대",,02-742-5338,,2026,,37.5829715425845,127.003577707596,2026-02-17T22:29:33.775718+00:00,,,,순대실록,서울특별시 종로구 동숭길 113,"Nestled in the vibrant Daehangno theater district, Sundae Sillok (순대실록) is a long-standing institution, recently renovated to offer a spacious and clean dining experience. This Blue Ribbon-awarded restaurant is renowned for its traditional sundae (순대), meticulously crafted based on a 1877 Joseon Dynasty recipe using 17 ingredients including pork, tofu, and fresh vegetables. The star of the show is the sundae-guk (순대국), a rich and clean broth brimming with tender meat and perfectly textured sundae, enhanced by a side of spicy chives salad (부추무침).","활기찬 대학로 연극 지구에 자리한 순대실록은 최근 깔끔하고 넓은 공간으로 새롭게 단장한 오랜 명소입니다. 블루리본 수상 경력에 빛나는 이 식당은 돼지고기, 두부, 신선한 채소 등 17가지 재료를 사용하여 1877년 조선 시대 조리법을 바탕으로 정성껏 만든 전통 순대로 유명합니다. 이곳의 대표 메뉴는 부드러운 고기와 완벽한 식감의 순대가 가득한 진하고 깔끔한 국물의 순대국이며, 매콤한 부추무침과 함께 즐기면 더욱 맛있습니다."
blueribbon,수엔190,서울특별시 중구 퇴계로 190,Seoul,South Korea,RIBBON_TWO,"중식, 일반중식",,02-2000-2888,,2026,,37.56052,126.9929,2026-02-17T22:29:33.775718+00:00,,,,수엔190,서울특별시 중구 퇴계로 190,"Nestled on the 12th floor of a prominent newspaper building, Suen190 offers a luxurious and refined Chinese dining experience. Helmed by the acclaimed Chef Yeo Kyung-ok, formerly of Shilla and Lotte Hotels, this hidden gem focuses on a 'gentle' (순) approach to Chinese cuisine, emphasizing the natural flavors of seasonal ingredients over heavy frying and stir-frying. The result is a clean, subtly flavored, and healthy take on traditional dishes, offering a refreshing alternative to more conventional, robust Chinese fare. The spacious interior, high ceilings, and panoramic city views create an elegant ambiance perfect for special occasions and gatherings.","유명 신문사 빌딩 12층에 자리한 수엔190은 고급스럽고 세련된 중식 다이닝 경험을 선사합니다. 신라호텔과 롯데호텔 출신의 명성 높은 여경옥 셰프가 운영하는 이 숨겨진 보석은 기름지고 볶는 요리법보다는 제철 식재료 본연의 맛을 살리는 '순한(順)' 중식에 집중합니다. 그 결과, 전통적인 중식과는 차별화된 깔끔하고 은은한 맛의 건강한 요리를 맛볼 수 있습니다. 넓은 실내 공간, 높은 천장, 그리고 도시의 탁 트인 전망은 특별한 날이나 모임에 완벽한 우아한 분위기를 자아냅니다."
blueribbon,순라길,서울특별시 종로구 서순라길 141,Seoul,South Korea,RIBBON_TWO,"한식(어패류), 홍어",,02-3672-5513 ,,2026,,37.57648,126.9915,2026-02-17T22:29:33.775718+00:00,,,,순라길,서울특별시 종로구 서순라길 141,"Nestled along the trendy Seosunra-gil, Ye Cafe & Bibi offers a unique, multi-level space perfect for dates or a night out. The ambiance shines, especially with the charming outdoor seating and projected visuals against the stone walls, creating a romantic atmosphere ideal for enjoying drinks after dark. While the ordering system via QR code might seem a bit complex initially, it streamlines additional orders later. The menu features a selection of pizzas, pastas, and grilled squid, alongside an impressive drink list.","트렌디한 서순라길에 자리한 예카페&비비는 데이트나 나들이에 완벽한 독특한 다층 공간을 제공합니다. 특히 매력적인 야외 좌석과 돌담에 투사되는 영상은 로맨틱한 분위기를 자아내며, 어두워진 후 음료를 즐기기에 이상적입니다. QR 코드를 통한 주문 방식은 처음에는 다소 복잡해 보일 수 있지만, 나중에 추가 주문을 할 때는 편리합니다. 메뉴에는 피자, 파스타, 오징어구이 등과 함께 인상적인 음료 목록이 준비되어 있습니다."
blueribbon,서령(본점),서울특별시 중구 소월로 10,Seoul,South Korea,RIBBON_TWO,,,0507-1427-8766,,2026,,37.5585411616418,126.975411166003,2026-02-17T22:29:33.775718+00:00,,,,서령(본점),서울특별시 중구 소월로 10,"Seoryeong (서령) is a highly regarded Korean restaurant that has garnered significant attention from food enthusiasts since its early days. Originally from Ganghwa Island, it has established itself in Namdaemun as a place that ""truly knows how to cook Korean food."" The restaurant is known for its meticulous attention to detail, from the curated tableware to the thoughtful service, creating a refined dining experience. Even on weekend evenings, when the surrounding area quiets down, Seoryeong remains bustling, a testament to its popularity. The staff are exceptionally friendly and attentive, adding to the welcoming atmosphere.

While the highly anticipated 'Seolleongtang' (설렁탕) was unavailable during a recent evening visit, the Bulgogi (불고기) proved to be a worthy substitute. The quality of the meat was exceptional, and the accompanying side dishes, particularly the pickled chili peppers, were a delightful surprise. For those seeking a unique and memorable Korean meal, Seoryeong offers a sophisticated take on traditional flavors, with signature dishes like the sesame oil noodles (들기름 국수) and pork belly ssam (항정살 수육) consistently praised by diners.","서령(서령)은 오픈 초반부터 미식가들 사이에서 큰 화제를 모았던 한식 맛집입니다. 원래 강화도에 있다가 남대문으로 이전한 후에도 ""제대로 된 한식을 하는 곳""으로 명성을 쌓아왔습니다. 식기류부터 세심한 서비스까지 공간과 디테일에 신경 쓴 흔적이 엿보이며, 고급스러운 식사 경험을 선사합니다. 주말 저녁에도 주변이 한산해질 때 서령만 사람들로 북적이는 모습은 이곳의 인기를 실감하게 합니다. 직원들의 친절함과 세심한 배려 또한 이곳을 더욱 특별하게 만듭니다.

저녁 방문 시에는 아쉽게도 신선로(신선로)를 맛볼 수 없었지만, 불고기(불고기)가 훌륭한 대안이 되었습니다. 고기 질이 매우 뛰어나며, 특히 곁들임 찬으로 나온 고추 장아찌는 예상치 못한 즐거움을 선사했습니다. 독특하고 기억에 남는 한 끼를 원한다면, 서령은 들기름 국수(들기름 국수)와 항정살 수육(항정살 수육)과 같은 시그니처 메뉴로 꾸준히 사랑받는 세련된 전통의 맛을 선사합니다."
blueribbon,SALT HOUSE CRAFT MEATS,서울특별시 마포구 월드컵로19길 14,Seoul,South Korea,RIBBON_TWO,"기타, 샤퀴테리, 베이커리, 샌드위치",,02-336-2617,,2026,,37.556823649468,126.90823736311545,2026-02-17T22:29:33.775718+00:00,,,,소금집델리,서울특별시 마포구 월드컵로19길 14,"Step into Salt House Craft Meats, a haven for artisanal cured meats born from a small workshop in 2015. They meticulously craft their products using time-honored, traditional methods, overseeing every step from sourcing and smoking to aging, fermentation, and packaging. This dedication to hand-crafted quality shines through in their diverse offerings, drawing inspiration from the rich history of salumi and French charcuterie. Their signature items, like the deeply flavorful pastrami (파스트라미) made from beef brisket and the perfectly balanced jambon (잠봉), are highly recommended for their exquisite taste and texture.","2015년 작은 작업실에서 시작된 소금집은 수제 가공육의 진수를 보여주는 곳입니다. 이곳에서는 고기 원료 선정부터 훈연, 숙성, 발효, 포장에 이르기까지 모든 과정을 전통적인 방식으로 정성껏 손수 만들어냅니다. 살루메와 프랑스 샤퀴테리의 깊은 역사에서 영감을 받은 이곳의 다양한 메뉴는 손으로 만든 품질에 대한 헌신을 보여줍니다. 특히 풍미가 깊은 소고기 부챗살로 만든 파스트라미(pastrami)와 완벽한 균형감을 자랑하는 잠봉(jambon)은 그 뛰어난 맛과 식감으로 강력 추천합니다."
blueribbon,SOSEOUL hannam,서울특별시 용산구 한남대로20길 21-18,Seoul,South Korea,RIBBON_TWO,"한식(일반한식), 모던한식",,02-797-5995,,2026,,37.535220562541056,127.00910573136068,2026-02-17T22:29:33.775718+00:00,,,,소설한남,서울특별시 용산구 한남대로20길 21-18,"SOSEOUL Hannam, helmed by Chef Eom Tae-cheol, offers a refined Korean dining experience that has earned a Michelin star. The tasting menu is a journey of meticulously crafted dishes, starting with a delicate chestnut porridge (bam juk, 밤죽) and a unique caviar bibimbap (비빔밥) served in a crispy seaweed crisp. Each course showcases a thoughtful balance of flavors and textures, from the sea urchin (seongge, 성게) amuse-bouche to the elegant White Gujeolpan (baek gujeolpan, 백구절판) with its array of seasonal ingredients and a subtle mustard-pine nut sauce.","엄태철 셰프가 이끄는 소설한남은 미슐랭 스타를 받은 정제된 한식 경험을 선사합니다. 테이스팅 메뉴는 섬세한 밤죽과 바삭한 김부각에 담겨 나오는 독특한 캐비어 비빔밥으로 시작하는 정교하게 만들어진 요리들의 여정입니다. 성게알(seongge, 성게) 아뮤즈 부슈부터 제철 재료와 은은한 겨자-잣 소스가 어우러진 우아한 백구절판까지, 각 코스는 맛과 질감의 세심한 균형을 보여줍니다."
blueribbon,삼청각한식당,서울특별시 성북구 대사관로 3,Seoul,South Korea,RIBBON_TWO,"한식(일반한식), 한정식",,02-765-3000,,2026,,37.5971,126.9843,2026-02-17T22:29:33.775718+00:00,,,,삼청각한식당,서울특별시 성북구 대사관로 3,"Nestled within the historic Samcheonggak (삼청각) complex, this Korean restaurant offers a refined dining experience steeped in tradition. The ambiance is elegant, with staff in formal attire and traditional Korean decor adorning the entrance. While not inexpensive, the food is praised for its subtle, clean flavors, making it a popular choice for special occasions and international visitors alike. Consider the 'Mae' (매) course for a delightful introduction to their offerings.

After your meal, explore the beautiful gardens and enjoy the stunning views from the outdoor terrace lounge. For those seeking a more immersive experience, consider booking a dinner package that includes a traditional performance, a unique way to combine culture and cuisine.","전통이 깃든 정갈한 식사를 제공하는 삼청각(삼청각) 내의 한식당입니다. 단정한 복장의 직원들과 입구를 장식한 한국 전통 장식에서 우아한 분위기를 느낄 수 있습니다. 가격대가 저렴하지는 않지만, 음식은 은은하고 깔끔한 맛으로 칭찬받으며 특별한 날이나 외국인 방문객에게 인기가 많습니다. 코스 메뉴 중 '매'(매) 코스를 추천합니다.

식사 후에는 아름다운 정원을 산책하고 야외 테라스 라운지에서 멋진 경치를 감상해 보세요. 더욱 깊이 있는 경험을 원한다면, 전통 공연이 포함된 저녁 패키지를 예약하는 것을 고려해 보세요. 이는 문화와 미식을 함께 즐길 수 있는 특별한 방법입니다."
blueribbon,Bar Cham,서울특별시 종로구 자하문로7길 34,Seoul,South Korea,RIBBON_TWO,"바, 칵테일바",,02-6402-4750,,2026,,37.57917145468498,126.97038445847464,2026-02-17T22:29:33.775718+00:00,,,,바참,서울특별시 종로구 자하문로7길 34,"Bar Cham is a sophisticated establishment, recognized among Asia's top 50 bars, offering a unique drinking experience centered around traditional Korean liquors (trad-ju, 전통주). Patrons can choose between a cozy bar setting for intimate conversations or a table. The extensive menu features a wide array of whiskies and creative cocktails, each crafted with a regional Korean spirit as its base. While the menu is vast, the popular lasagna is a must-try appetizer, perfect for pairing with their innovative drinks.","바 참은 아시아 50대 바에 선정된 세련된 공간으로, 전통주를 기반으로 한 독특한 음료 경험을 제공합니다. 아늑한 바 좌석 또는 테이블을 선택할 수 있으며, 위스키와 창의적인 칵테일이 다양하게 준비되어 있습니다. 각 칵테일은 지역별 전통주를 베이스로 만들어지며, 메뉴 중에서도 인기 있는 라자냐는 음료와 함께 즐기기 좋은 애피타이저입니다."
blueribbon,BOCCALINO,서울특별시 종로구 새문안로 97,Seoul,South Korea,RIBBON_TWO,,,02-6388-5500,,2026,,37.570539,126.975391,2026-02-17T22:29:33.775718+00:00,,,,보칼리노,서울특별시 종로구 새문안로 97,"Boccalino, an Italian gem within the Four Seasons Hotel Seoul, offers a refined dining experience that captivates with its sophisticated ambiance and exquisite flavors. Chef Ivan Spadaro's masterful touch is evident in every dish, from the warm, moist focaccia served with cured meats to the delicate scallop carpaccio, where ripe scallops meet a symphony of dill, bottarga, and caviar. The pappardelle with black pork ragù is a standout, featuring perfectly cooked fresh pasta that soaks up a rich, flavorful sauce, showcasing the chef's dedication to quality ingredients and technique.","포시즌스 호텔 서울의 이탈리안 레스토랑 보칼리노는 세련된 분위기와 섬세한 풍미로 미식 경험을 선사합니다. 이반 스파다로 셰프의 손길은 훈제 생햄과 함께 제공되는 따뜻하고 촉촉한 포카치아부터, 잘 숙성된 관자와 딜, 보타르가, 캐비어가 어우러진 관자 카르파치오까지 모든 요리에서 빛을 발합니다. 특히 흑돼지 라구와 함께 제공되는 파파르델레는 훌륭하게 조리된 생면이 풍부하고 맛있는 소스를 머금어, 셰프의 재료에 대한 헌신과 기술을 보여주는 대표적인 요리입니다."
blueribbon,배꼽집(본점),서울특별시 마포구 월드컵북로54길 17,Seoul,South Korea,RIBBON_TWO,"한식(육류), 소고기구이, 돼지고기구이, 한식(면류), 평양냉면",,02-304-9293,,2026,,37.581254,126.888871,2026-02-17T22:29:33.775718+00:00,,,,배꼽집(본점),서울특별시 마포구 월드컵북로54길 17,"This Hanwoo (한우) specialist, with roots tracing back to 1998 and a founder boasting two decades of experience from renowned establishments like Byeokje Galbi and Bongpiyang, offers a casual yet refined dining experience. The restaurant prides itself on meticulous sourcing, with the owner personally overseeing everything from carcass breakdown to final cut selection at the Majang-dong Livestock Market. Expect expertly grilled, premium cuts like the signature cylindrical Ansim (안심), tender Tteoksal (토시살), and melt-in-your-mouth Kkot-sal (꽃살), all cooked to perfection by attentive staff.

Don't miss their limited-offering Seukse-jumulleok (석쇠주물럭), a marinated beef dish that fills the air with an irresistible aroma, and the Han-don Cham-galbi (한돈참갈비), a pork dish carrying the legacy of Bongpiyang. For a truly indulgent experience, the Saeu-sal (새우살), made exclusively from young, uncalibrated female cattle, is a must-try, delivering a rich, buttery flavor that rivals any high-end steakhouse. It's the perfect spot for a satisfying Korean beef feast.","1998년부터 시작된 한우 전문점 '배꼽집'은 벽제갈비, 봉피양 출신 대표가 마장동 축산물 시장에서 직접 소고기를 선별하는 등 20년 경력의 노하우를 담아낸 곳입니다. 캐주얼하면서도 고급스러운 분위기 속에서, 직원들이 최상급 한우를 최적의 상태로 구워주어 안심, 토시살, 꽃살 등 다양한 부위를 완벽하게 즐길 수 있습니다.

특히 하루 한정 수량만 판매하는 석쇠주물럭과 봉피양의 맛을 잇는 한돈 참갈비는 꼭 맛봐야 할 메뉴입니다. 어린 암소만을 사용한 새우살은 스테이크하우스 못지않은 풍미와 부드러움을 자랑하며, 특별한 날이나 든든한 식사를 원할 때 최고의 선택이 될 것입니다."
blueribbon,미로식당,서울특별시 마포구 와우산로30길 80,Seoul,South Korea,RIBBON_TWO,"한식(일반한식), 모던한식, 한식주점",,0507-1412-3777,,2026,,37.552014,126.927861,2026-02-17T22:29:33.775718+00:00,,,,미로식당,서울특별시 마포구 와우산로30길 80,"Nestled on the slopes of Wausan, Miro Sikdang offers a cozy and refined atmosphere perfect for intimate gatherings. While they don't serve soju, the carefully curated menu makes up for it. Don't miss the signature gabrisal suyuk (가브리살 수육), a melt-in-your-mouth pork dish, and the flavorful ojingeo bokkeum (오징어볶음), a spicy stir-fried squid that pairs wonderfully with rice. The jeju ansim tangsuyuk (제주안심탕수육), a Jeju pork tenderloin sweet and sour dish, is also a must-try, satisfying any craving for perfectly crispy and tender fried pork.","와우산 중턱에 자리한 미로식당은 아늑하고 세련된 분위기로 특별한 모임에 완벽한 장소입니다. 소주를 판매하지는 않지만, 정성껏 준비된 메뉴가 그 아쉬움을 달래줍니다. 입안에서 사르르 녹는 돼지고기 요리인 시그니처 가브리살 수육과 밥과 환상 궁합을 자랑하는 매콤한 오징어볶음은 꼭 맛봐야 할 메뉴입니다. 또한, 바삭하고 부드러운 탕수육의 정석을 보여주는 제주안심탕수육은 튀김 요리에 대한 갈증을 해소해 줄 것입니다."
blueribbon,무교동유정낙지,서울특별시 중구 세종대로21길 22,Seoul,South Korea,RIBBON_TWO,"한식(어패류), 낙지",,02-725-0646,,2026,,37.56762919252033,126.97604409036988,2026-02-17T22:29:33.775718+00:00,,,,무교동유정낙지,서울특별시 중구 세종대로21길 22,"A beloved institution near Cheonggyecheon Stream, Mujyogodong Yujeong Nakji is a nostalgic spot for many. While the restaurant has relocated, the signature dish, spicy stir-fried octopus (nakji bokkeum, 낙지볶음), remains a powerful memory for those who recall its intensely fiery flavor, so much so that it used to necessitate a sweet strawberry milk chaser. The atmosphere is cozy, fitting around 30 guests, and the vintage water cups add a touch of retro charm.","청계천 인근의 추억의 맛집, 무교동 유정낙지는 많은 이들에게 향수를 불러일으키는 곳입니다. 식당은 이전했지만, 시그니처 메뉴인 매콤한 낙지볶음(nakji bokkeum, 낙지볶음)은 그 강렬하고 매운 맛으로 여전히 기억에 남아 있으며, 과거에는 이를 달래줄 딸기우유가 필수였습니다. 아늑한 분위기의 식당은 약 30명 정도 수용 가능하며, 빈티지 물컵은 복고적인 매력을 더합니다."
blueribbon,모에기,서울특별시 광진구 워커힐로 177,Seoul,South Korea,RIBBON_TWO,"일식, 스시, 데판야키",,02-2022-0222 ,,2026,,37.55863008236035,127.1117068379481,2026-02-17T22:29:33.775718+00:00,,,,모에기,서울특별시 광진구 워커힐로 177,"Moegi Teppan offers an intimate and exclusive dining experience, perfect for special occasions. Reservations are essential and can only be made via phone, with two seatings available daily. While the teppan tables don't offer scenic views, the focus is on the culinary performance. Guests are impressed by the attentive service, including coat storage with protective covers and even a styler. The lunch course is a generous affair, featuring premium ingredients like live abalone (활 바닷가재), abalone (전복), and premium Korean beef sirloin (한우 등심), making the entire meal feel like a series of main dishes.","모에기 테판은 특별한 날을 기념하기에 완벽한, 아늑하고 독점적인 다이닝 경험을 선사합니다. 예약은 필수이며 전화로만 가능하며, 하루 두 타임의 좌석이 준비되어 있습니다. 철판 테이블은 멋진 전망을 제공하지 않지만, 요리 퍼포먼스에 집중할 수 있습니다. 고객들은 음식 냄새를 막아주는 커버가 있는 외투 보관 서비스와 스타일러까지 갖춘 세심한 서비스에 감탄합니다. 런치 코스는 라이브 활 바닷가재, 전복, 한우 등심과 같은 고급 재료를 풍성하게 제공하여 식사 전체가 메인 요리처럼 느껴집니다."
blueribbon,MAISON LOUPBLANC,서울특별시 용산구 한강대로15길 19-22,Seoul,South Korea,RIBBON_TWO,"프랑스식, 프렌치비스트로",,0507-1417-2040,,2026,,37.5256854191743,126.96275666622,2026-02-17T22:29:33.775718+00:00,,,,메종루블랑,서울특별시 용산구 한강대로15길 19-22,"Step into MAISON LOUPBLANC and discover a charming, intimate space that feels both familiar and special, reminiscent of a cherished grandmother's home transformed into a stylish eatery. Despite its cozy size, the flavors here are grand and deeply satisfying. The unique, savory sauce served with bread, with its intriguing, mild doenjang (된장)-like aroma, is a delightful surprise. For a truly memorable meal, consider the signature 24-hour sous-vide samgyeopsal (삼겹살) or the rich mushroom risotto topped with tender sirloin.","MAISON LOUPBLANC은 익숙하면서도 특별한, 마치 소중한 할머니 댁을 개조한 듯한 매력적이고 아늑한 공간입니다. 아담한 규모에도 불구하고, 이곳의 맛은 풍성하고 깊은 만족감을 선사합니다. 빵과 곁들여 나오는 독특하고 감칠맛 나는 소스는 은은한 된장 향이 느껴져 흥미로운 즐거움을 더합니다. 24시간 수비드 삼겹살(삼겹살)이나 채끝 등심을 올린 버섯 리조또는 잊을 수 없는 식사를 선사할 것입니다."
blueribbon,무궁화,서울특별시 중구 을지로 30,Seoul,South Korea,RIBBON_TWO,"한식(일반한식), 모던한식",,02-317-7061,,2026,,37.56461,126.9809,2026-02-17T22:29:33.775718+00:00,,,,무궁화,서울특별시 중구 을지로 30,"Experience refined Korean fine dining at Mugunghwa, located on the 38th floor of Lotte Hotel Seoul. This elegant establishment offers a sophisticated ambiance, blending modern aesthetics with traditional Korean elements, making it an ideal choice for special occasions like birthdays and family gatherings. Enjoy breathtaking views of Bukaksan Mountain while savoring meticulously prepared dishes, with options for both à la carte and multi-course meals. The attentive service and thoughtful touches, such as personalized window lettering, create a memorable dining experience for all guests.","롯데호텔 서울 38층에 위치한 무궁화에서 정갈한 한식 파인 다이닝을 경험해 보세요. 현대적인 감각과 전통적인 한국적 요소가 조화롭게 어우러진 세련된 분위기는 생일이나 가족 모임과 같은 특별한 날에 이상적인 선택입니다. 북악산의 숨 막히는 풍경을 감상하며 세심하게 준비된 요리를 맛볼 수 있으며, 단품 또는 코스 메뉴를 선택할 수 있습니다. 세심한 서비스와 창문에 새겨진 맞춤 레터링과 같은 세심한 배려는 모든 손님에게 잊을 수 없는 식사 경험을 선사합니다."
blueribbon,목란,서울특별시 서대문구 연희로15길 21,Seoul,South Korea,RIBBON_TWO,"중식, 일반중식",,02-732-0054,,2026,,37.56834,126.9305,2026-02-17T22:29:33.775718+00:00,,,,목란,서울특별시 서대문구 연희로15길 21,"Securing a reservation at Chef Lee Yeon-bok's Mokran (목란) is a culinary quest, but the journey is well worth the effort. This esteemed establishment offers a refined dining experience, perfect for celebrating special occasions. While signature dishes like the famed menbosha (멘보샤) require advance booking, the exquisite flavors and impeccable presentation of the special course menu, featuring melt-in-your-mouth dongpao rou (동파육), are sure to impress even the most discerning palates. The delicate balance of sweet and savory notes, coupled with fresh ingredients, creates a truly memorable meal.","이연복 셰프의 목란(목란)에서의 식사는 미식의 여정이며, 그 노력은 충분한 가치가 있습니다. 이 명망 높은 곳은 특별한 날을 기념하기에 완벽한 세련된 식사 경험을 제공합니다. 유명한 멘보샤(멘보샤)와 같은 시그니처 요리는 사전 예약이 필요하지만, 입안에서 녹는 동파육(동파육)을 포함한 스페셜 코스 메뉴의 절묘한 맛과 완벽한 프레젠테이션은 가장 까다로운 미식가들도 만족시킬 것입니다. 달콤함과 짭짤함의 섬세한 균형과 신선한 재료가 어우러져 진정으로 기억에 남는 식사를 선사합니다."
blueribbon,명륜손칼국수,서울특별시 종로구 혜화로 45-5,Seoul,South Korea,RIBBON_TWO,"한식(면류), 칼국수, 한식(어패류), 문어, 한식(육류), 수육",,02-742-8662 ,,2026,,37.58939,126.9989,2026-02-17T22:29:33.775718+00:00,,,,명륜손칼국수,서울특별시 종로구 혜화로 45-5,"This legendary, decades-old restaurant in Hyehwa is a true hidden gem, famous for its incredibly short operating hours and the long queues that form even on weekdays. The vibe is classic and unpretentious, attracting a loyal local crowd, mostly older patrons who appreciate authentic flavors. Be prepared for a bit of a wait and a unique, self-service style of dining, but the reward is a deeply satisfying culinary experience.

The star of the show is the signature kalguksu (칼국수), featuring a rich, savory broth and hand-cut noodles that are perfectly chewy. The seolleongtang (설렁탕), a limited daily special, offers a clean, flavorful beef broth that's distinct from the kalguksu. For those seeking a more substantial meal, the suyuk-mun-eo (수육문어) is a generous portion of tender meat and octopus. Despite the service quirks, the exceptional taste makes it a must-visit for serious food lovers.","혜화의 전설적인 노포, 명륜손칼국수는 단 두 시간만 영업하는 것으로 유명하며 평일에도 긴 줄이 늘어서는 숨겨진 맛집입니다. 이곳은 오랜 세월 동안 꾸준히 사랑받아온 진정한 맛집의 분위기를 풍기며, 특히 어르신들이 즐겨 찾는 곳입니다. 다소 불편할 수 있는 셀프 서비스 방식과 긴 대기 시간을 감수해야 하지만, 그만한 가치가 있는 특별한 미식 경험을 선사합니다.

이곳의 대표 메뉴는 진하고 깊은 육수와 직접 썬 투박한 면발의 조화가 일품인 칼국수(칼국수)입니다. 하루 20~25개 한정으로 판매되는 설렁탕(설렁탕)은 칼국수와는 또 다른 매력의 깔끔하고 깊은 고기 육수를 자랑합니다. 푸짐한 수육문어(수육문어) 또한 든든한 한 끼 식사로 손색이 없습니다. 다소 독특한 서비스 방식에도 불구하고, 이곳의 뛰어난 맛은 미식가들에게 꼭 방문해야 할 필수 코스입니다."
blueribbon,로스옥(한남점),서울특별시 용산구 한남대로21길 14,Seoul,South Korea,RIBBON_TWO,"디저트/스위트, 라이브디저트",,02-790-1025,,2026,,37.5343180384265,127.006194266565,2026-02-17T22:29:33.775718+00:00,,,,로스옥(한남점),서울특별시 용산구 한남대로21길 14,"Losok (로스옥) in Hannam-dong offers a refined Hanwoo (한우) grilling experience, perfect for special occasions or intimate gatherings. The restaurant boasts a chic, white-toned interior and provides an array of sophisticated grilling tools. A unique concept here is the complimentary corkage policy, encouraging guests to pair their premium Korean beef with their favorite spirits. While the prices reflect the upscale Hannam-dong location, the quality of the meat and the overall ambiance make it a worthwhile destination for discerning diners.","한남동의 로스옥(Losok)은 특별한 날이나 소중한 사람들과의 모임에 완벽한, 세련된 한우(Hanwoo) 구이 경험을 선사합니다. 깔끔한 화이트톤 인테리어와 고급스러운 구이 도구들이 준비되어 있으며, 특히 콜키지 프리 정책은 프리미엄 한우와 좋아하는 주류를 함께 즐길 수 있도록 합니다. 한남동의 물가를 반영한 가격대이지만, 고기의 질과 전반적인 분위기는 만족스러운 식사를 원하는 분들에게 충분한 가치를 제공합니다."
blueribbon,Matteo' Travelog,서울특별시 성동구 금호로 17,Seoul,South Korea,RIBBON_TWO,,,02-2298-1112,,2026,,37.5468826236179,127.024072726848,2026-02-17T22:29:33.775718+00:00,,,,마테오견문록,서울특별시 성동구 금호로 17,"Matteo's Travelog offers a delightful culinary journey, easily accessible with convenient parking. The dinner course is a highlight, featuring exquisite dishes like crispy breadsticks and a unique appetizer mandu (만두) with tartar sauce. The scallop with pea ravioli (라비올리) and mango sauce is a delicate balance of flavors, while the abalone and chorizo cavatelli pasta (카바텔리) offers a satisfying, chewy texture reminiscent of tteokbokki (떡볶이). The grilled tilefish (옥돔) with shrimp bisque (비스크) and coconut cream presents an adventurous yet delicious combination, and the prosciutto-wrapped pork tenderloin with basil risotto provides a fragrant and savory finish, perfect with a glass of wine.","마테오 견문록은 편리한 주차 시설을 갖춘 맛있는 미식 여행을 선사합니다. 디너 코스는 바삭한 식전빵과 타르타르 소스를 곁들인 독특한 만두(mandu) 애피타이저를 포함한 훌륭한 요리들로 구성되어 있습니다. 완두콩 라비올리(ravioli)와 망고 소스를 곁들인 가리비는 섬세한 맛의 균형을 이루며, 전복과 초리조(chorizo) 카바텔리 파스타(cavatelli)는 떡볶이를 연상시키는 만족스럽고 쫄깃한 식감을 제공합니다. 새우 비스크(bisque)와 코코넛 크림을 곁들인 참옥돔(tilefish) 구이는 모험적이면서도 맛있는 조합을 선보이며, 바질 리조또와 함께 프로슈토(prosciutto)로 감싼 돼지 안심은 와인과 곁들이기 좋은 향긋하고 풍미 가득한 마무리입니다."
blueribbon,O'neul,서울특별시 용산구 장문로 60,Seoul,South Korea,RIBBON_TWO,"한식(일반한식), 모던한식",,02-792-1054 ,,2026,,37.5263443616406,126.996046467614,2026-02-17T22:29:33.775718+00:00,,,,레스토랑오늘,서울특별시 용산구 장문로 60,"Step into O'neul Nail Studio for a meticulously clean and hygienic nail experience. From shoe disinfection upon arrival to the sterilization of tools between clients, O'neul prioritizes your well-being. They offer expert care not only for beautiful manicures and pedicures but also for ingrown toenails and fungal issues. Enjoy your pampering session with the added bonus of Netflix, making your visit fly by.","O'neul 네일 스튜디오는 청결하고 위생적인 네일 경험을 선사합니다. 도착 시 신발 소독부터 고객 간 도구 멸균까지, O'neul은 고객의 건강을 최우선으로 생각합니다. 아름다운 매니큐어와 페디큐어뿐만 아니라 내성발톱 및 무좀과 같은 문제에 대한 전문적인 관리도 제공합니다. 넷플릭스를 시청하며 즐길 수 있는 편안한 분위기 속에서 관리를 받아보세요."
blueribbon,tutoiement,서울특별시 성동구 광나루로11길 20,Seoul,South Korea,RIBBON_TWO,,,0507-1345-9056,,2026,,37.5496477236086,127.066679401316,2026-02-17T22:29:33.775718+00:00,,,,뛰뚜아멍,서울특별시 성동구 광나루로11길 20,,
blueribbon,DOOREYOO,서울특별시 종로구 평창문화로 84,Seoul,South Korea,RIBBON_TWO,"한식(일반한식), 모던한식, 뉴코리안",,02-743-2468 ,,2026,,37.6065673142822,126.970504064967,2026-02-17T22:29:33.775718+00:00,,,,두레유,서울특별시 종로구 평창문화로 84,"Nestled in the charming Bukchon Hanok Village, DOOREYOO offers a refined take on traditional Korean cuisine. Chef Yoo Hyun-soo, recognized by the Michelin Guide, masterfully blends classic flavors with modern culinary techniques. The 'Dal' (달) course presents a harmonious progression of dishes, starting with a comforting black sesame porridge (heukimja juk, 흑임자죽) and a refreshing seasonal vegetable porridge, followed by an innovative Korean pancake (jeon, 전) layered with various textures and a delicate plum soy sauce (maesil ganjang, 매실 간장). The experience is elevated by thoughtful presentations, like the 'mountain and rocks' inspired warm vegetable dish, showcasing a creative fusion of Korean ingredients with global influences.","북촌 한옥마을에 자리한 두레유는 전통 한식을 현대적인 감각으로 재해석하는 곳입니다. 미쉐린 가이드에 소개된 유현수 셰프는 고전적인 맛과 현대적인 조리법을 능숙하게 조화시킵니다. '달' 코스는 흑임자죽과 신선한 열무김치로 시작하여, 다양한 식감과 섬세한 매실 간장 소스로 마무리된 혁신적인 전 요리로 이어집니다. '산과 바위'를 형상화한 따뜻한 채소 요리 등 창의적인 플레이팅은 한국 식재료와 세계적인 영향을 융합한 두레유만의 특별한 경험을 선사합니다."
blueribbon,라연,서울특별시 중구 동호로 249,Seoul,South Korea,RIBBON_TWO,"한식(일반한식), 모던한식",,02-2230-3367 ,,2026,,37.55698,127.0059,2026-02-17T22:29:33.775718+00:00,,,,라연,서울특별시 중구 동호로 249,"Nestled on the 23rd floor of the Shilla Hotel, La Yeon offers a refined Korean dining experience with breathtaking views of Seoul, especially stunning on a snowy day with Namsan Tower in the distance. The ambiance is elegant and clean, with menus presented on beautiful Hanji-like paper, setting the stage for a sophisticated meal. The tasting course, which changes seasonally, features meticulously prepared dishes that highlight the essence of Korean royal cuisine, making it a popular choice for those seeking a special culinary journey.","신라호텔 23층에 자리한 라연은 남산타워가 보이는 멋진 서울의 풍경과 함께 정갈하고 세련된 한식 경험을 선사합니다. 특히 눈 오는 날 방문하면 운치 있는 설경을 감상하며 식사를 즐길 수 있습니다. 은은한 한지 느낌의 메뉴판과 깔끔한 세팅은 고급스러운 분위기를 더하며, 계절마다 바뀌는 코스 메뉴는 한국 궁중 요리의 정수를 담아 특별한 미식 경험을 찾는 이들에게 인기가 높습니다."
blueribbon,La Seine,서울특별시 중구 을지로 30,Seoul,South Korea,RIBBON_TWO,,,02-317-7171 ,,2026,,37.56534,126.981,2026-02-17T22:29:33.775718+00:00,,,,라세느,서울특별시 중구 을지로 30,"La Seine offers a luxurious and vibrant buffet experience, perfect for special occasions or a sophisticated date. The ambiance is grand, with impressive wine displays and elegant seating, including semi-private rooms for a more intimate feel. Guests rave about the extensive seafood selection, particularly the king crab legs, and the expertly grilled lamb chops (yang-galbi, 양갈비). Don't miss the diverse noodle station where you can customize your own jjajangmyeon (짜장면), jjamppong (짬뽕), or ramen, and be sure to save room for the delectable desserts from the Lotte Hotel bakery.","라세느는 특별한 날이나 격조 높은 데이트에 완벽한, 고급스럽고 활기찬 뷔페 경험을 선사합니다. 웅장한 분위기와 인상적인 와인 진열, 그리고 좀 더 아늑한 느낌을 위한 반개별 룸을 포함한 우아한 좌석이 마련되어 있습니다. 특히 킹크랩 다리와 전문가가 구운 양갈비 등 해산물 요리의 다양성에 대한 찬사가 이어집니다. 짜장면, 짬뽕, 라멘 등을 직접 만들어 먹을 수 있는 다양한 면 코너와 롯데호텔 베이커리의 맛있는 디저트도 놓치지 마세요."
blueribbon,La Cucina,서울특별시 용산구 회나무로44길 10,Seoul,South Korea,RIBBON_TWO,"이탈리아식, 파스타",,02-794-6006 ,,2026,,37.540522,126.996446,2026-02-17T22:29:33.775718+00:00,,,,라쿠치나,서울특별시 용산구 회나무로44길 10,"La Cucina stands as a venerable first-generation fine dining institution in Hannam-dong, boasting a legacy since 1990. This Michelin-recognized Italian restaurant offers a classic ambiance with a sophisticated city view, making it a perfect spot for special occasions or elegant meals. While reaching the restaurant might be a bit of a trek from the subway, its well-equipped parking makes driving a convenient option. The attentive service, starting from the entrance, adds to the overall refined experience.

Their lunch course presents a delightful array of choices at an accessible price point. Guests can curate their meal by selecting from a variety of soups, including a rich porcini mushroom cream soup, and a range of main dishes spanning from classic pastas to premium cuts of beef like Hanu sirloin and tenderloin. The experience is rounded off with a choice of dessert and coffee, offering a well-rounded and satisfying fine dining journey.","라쿠치나는 1990년부터 이어져 온 한남동의 1세대 파인 다이닝 명가로, 미슐랭 가이드에도 소개된 이탈리안 레스토랑입니다. 세련된 도시 전망을 자랑하는 클래식한 분위기는 특별한 날이나 격조 높은 식사에 완벽한 장소입니다. 지하철역에서 다소 거리가 있을 수 있지만, 잘 갖춰진 주차 시설 덕분에 자가용 이용이 편리합니다. 입구부터 시작되는 세심한 서비스는 전반적인 고급스러운 경험을 더해줍니다.

점심 코스는 합리적인 가격으로 다양한 선택지를 제공합니다. 진한 포르치니 버섯 크림 수프를 포함한 여러 수프와, 클래식한 파스타부터 한우 등심, 안심과 같은 고급 육류 요리까지 메인 디시를 선택하여 자신만의 식사를 완성할 수 있습니다. 디저트와 커피 선택으로 마무리되는 만족스러운 파인 다이닝 경험을 선사합니다."
blueribbon,두레,서울특별시 종로구 삼청로 30,Seoul,South Korea,RIBBON_TWO,"한식(일반한식), 한정식",,02-732-2919,,2026,,37.5786280284849,126.980087994867,2026-02-17T22:29:33.775718+00:00,,,,두레,서울특별시 종로구 삼청로 30,"Nestled within the National Museum of Modern and Contemporary Art, Seoul, Dure offers a refined Korean dining experience that surprises with its quality and ambiance. Despite its museum location, this establishment boasts a rich history, having evolved over two generations since its origins in Miryang 50 years ago. The modern, chic interior, a departure from the traditional feel of the Bukchon area, provides a sophisticated setting. Having received a Michelin recognition, Dure proves that a museum restaurant can deliver exceptional flavors, making it a noteworthy stop for both locals and visitors seeking authentic Korean cuisine.","국립현대미술관 서울관 내에 자리한 두레는 그 품질과 분위기로 놀라움을 선사하는 세련된 한정식 경험을 제공합니다. 미술관 내에 위치함에도 불구하고, 50년 전 밀양에서 시작하여 두 세대에 걸쳐 발전해 온 풍부한 역사를 자랑합니다. 북촌 지역의 전통적인 느낌과는 다른 현대적이고 세련된 인테리어는 고급스러운 분위기를 자아냅니다. 미슐랭으로부터 인정을 받은 두레는 미술관 내 식당임에도 불구하고 뛰어난 맛을 선사하며, 진정한 한국 음식을 찾는 현지인과 방문객 모두에게 주목할 만한 장소입니다."
blueribbon,The Parkview,서울특별시 중구 동호로 249,Seoul,South Korea,RIBBON_TWO,,,02-2230-3374,,2026,,37.55698,127.0059,2026-02-17T22:29:33.775718+00:00,,,,더파크뷰,서울특별시 중구 동호로 249,"The Parkview at The Shilla Seoul offers a luxurious dining experience perfect for special occasions. The ambiance is elevated by stunning sunset views visible from the dining area, creating a romantic atmosphere. Guests rave about the meticulously prepared dishes, with the grilled lamb (양갈비) and king crab (대게) being highly recommended. While the steak is delicious, bite-sized portions are preferred for their tenderness. Complimentary beer adds to the value, making it a memorable meal beyond just a regular buffet.","서울신라호텔 더파크뷰는 특별한 날을 위한 럭셔리한 다이닝 경험을 선사합니다. 식사 공간에서 보이는 멋진 노을은 로맨틱한 분위기를 더하며, 정성스럽게 준비된 요리들은 투숙객들의 찬사를 받고 있습니다. 특히 양갈비와 대게는 강력 추천 메뉴입니다. 스테이크도 맛있지만, 부드러움 때문에 한 입 크기의 조각이 더 선호됩니다. 무료 맥주 또한 가치를 더하며, 평범한 뷔페 이상의 기억에 남는 식사를 선사합니다."
blueribbon,The Restaurant,서울특별시 종로구 삼청로 54,Seoul,South Korea,RIBBON_TWO,프랑스식,,02-735-8441,,2026,,37.58069,126.9805,2026-02-17T22:29:33.775718+00:00,,,,더레스토랑,서울특별시 종로구 삼청로 54,"Nestled within the serene Banyan Tree Club & Spa Seoul, this restaurant offers a unique ambiance, feeling like a secluded resort escape within the city. The interior is understated yet elegant. The menu is diverse, featuring club specials and à la carte options for lunch, and a tempting 'Jooan-sang' (주안상) menu for dinner, perfect for pairing with drinks. Popular lunch choices include the 'Seasonal Set' (계절차림), highlighting seasonal ingredients like Jeju mugwort (취나물) in March, and the 'Club Special Ban-sang' (클럽 특선 반상).

The dining experience is akin to a high-end golf club's clubhouse, emphasizing quality and refined service. Signature lunch dishes include the 'Galbijjim with Dried Persimmon and Ssam Vegetables Ban-sang' (반건시를 곁들인 갈비찜과 쌈채소 반상) and the 'Abalone and Spring Vegetable Mackerel Ban-sang with Mugwort and Shrimp Pancake' (전복 봄나물 대삼치 조림 반상과 냉이 새우전). The latter features a flavorful mackerel stew with seasonal greens and a delicate, healthy mugwort and shrimp pancake (냉이 새우전). The restaurant also collaborates with 'Mamalee Market' (마마리 마켓), bringing in special menus curated by renowned chefs.","도심 속 리조트 같은 특별한 분위기를 선사하는 반얀트리 클럽 앤 스파 서울의 레스토랑입니다. 차분하면서도 품격 있는 인테리어가 돋보이며, 메뉴는 점심에는 클럽 특선과 일품요리, 저녁에는 술과 곁들이기 좋은 주안상 메뉴로 다채롭게 구성되어 있습니다. 점심에는 제철 식재료를 활용한 '계절차림'(3월 제주 취나물 등)과 '클럽 특선 반상'이 인기가 많습니다.

고급 골프장 클럽하우스를 연상시키는 이곳은 세련된 서비스와 함께 훌륭한 식사를 제공합니다. 점심 메뉴 중 '반건시를 곁들인 갈비찜과 쌈채소 반상'과 '전복 봄나물 대삼치 조림 반상과 냉이 새우전'이 대표적입니다. 특히 '전복 봄나물 대삼치 조림'은 신선한 제철 나물과 감칠맛 나는 삼치 조림, 그리고 담백한 냉이 새우전(냉이 새우전)의 조화가 일품입니다. '마마리 마켓'(마마리 마켓)과의 협업을 통해 특별한 메뉴도 선보이고 있습니다."
blueribbon,다크에디션커피,서울특별시 서대문구 연희로11마길 12,Seoul,South Korea,RIBBON_TWO,,,0507-1404-7939,,2026,,37.5690018837641,126.927996029512,2026-02-17T22:29:33.775718+00:00,,,,다크에디션커피,서울특별시 서대문구 연희로11마길 12,"This cozy spot in Yeonhui-dong is a haven for coffee aficionados, recommended by locals for its exceptional drip coffee. With an extensive selection of beans, including Kenya and Ethiopia, the coffee boasts a clean, bright flavor with a pleasant acidity. While on the pricier side, the quality and unique taste make it a worthwhile indulgence for a special treat.","연희동의 아늑한 이 곳은 현지인들이 추천하는 특별한 드립 커피 맛집입니다. 케냐와 에티오피아 등 방대한 종류의 원두를 취급하며, 커피는 깔끔하고 산뜻한 맛과 기분 좋은 산미가 특징입니다. 가격대는 다소 높은 편이지만, 특별한 날을 위한 가치 있는 경험을 선사합니다."
blueribbon,남한강민물매운탕,서울특별시 광진구 동일로 150,Seoul,South Korea,RIBBON_TWO,,,02-464-7568 ,,2026,,37.545626109663,127.066210285087,2026-02-17T22:29:33.775718+00:00,,,,남한강민물매운탕,서울특별시 광진구 동일로 150,"A long-standing favorite in the Hwayang-dong area, Namhangang Minmul Maeuntang has been serving up its signature spicy catfish and crab stew (메기참게매운탕) for 30 years. Locals know this spot for its deep, spicy broth that has a clean, earthy flavor, making it the perfect accompaniment to drinks. Despite a menu change to a single signature dish, the quality keeps regulars coming back, and its fame has even graced television screens.","화양동 지역의 오랜 터줏대감인 남한강민물매운탕은 30년 동안 시그니처 메뉴인 메기참게매운탕을 선보여 왔습니다. 깊고 얼큰하면서도 깔끔한 국물 맛으로 술안주로 제격인 이곳은 동네 주민들에게 사랑받는 곳입니다. 단일 메뉴로 변경되었음에도 불구하고 변함없는 맛으로 단골들의 발길이 끊이지 않으며, 방송에도 소개될 만큼 유명세를 떨치고 있습니다."
blueribbon,Damman freres,서울특별시 중구 세종대로 136,Seoul,South Korea,RIBBON_TWO,"카페/커피/티, 홍차전문점",,02-6730-1323 ,,2026,,37.56842249719518,126.9782578910947,2026-02-17T22:29:33.775718+00:00,,,,다만프레르,서울특별시 중구 세종대로 136,"Step into Dammann Freres for an elegant escape, a haven for tea lovers in the heart of Gwanghwamun. While the cafe boasts an extensive selection of teas, including a coffee option from Illy, the true star is their visually stunning and incredibly delicious milk tea bingsu (밀크티빙수). Prepare for a delightful surprise with its generous toppings and rich flavor profile, a perfect treat after a meal or on a warm day. This spot is a must-visit for anyone craving an exceptional milk tea experience.","광화문 서울파이낸스센터에 위치한 다만프레르에서 우아한 티 타임을 즐겨보세요. 이곳은 차를 사랑하는 사람들을 위한 안식처입니다. 일리 커피를 포함한 다양한 차를 갖추고 있지만, 이곳의 진정한 스타는 시각적으로도 뛰어나고 맛도 훌륭한 밀크티 빙수입니다. 풍성한 토핑과 진한 풍미는 식사 후나 더운 날에 완벽한 디저트가 될 것입니다. 특별한 밀크티 경험을 원하는 분이라면 꼭 방문해야 할 곳입니다."
blueribbon,깡통만두,서울특별시 종로구 북촌로2길 5-6,Seoul,South Korea,RIBBON_TWO,"한식(면류), 만둣국, 칼국수, 비빔국수",,02-794-4243 ,,2026,,37.57811,126.9861,2026-02-17T22:29:33.775718+00:00,,,,깡통만두,서울특별시 종로구 북촌로2길 5-6,"Nestled in the charming alleys of Anguk, Kkangtong Mandu is a beloved institution, recognized by 12 Blue Ribbons. This popular spot draws a diverse crowd, including many locals and international visitors, making it a bustling destination. While the space is cozy, the aroma of their signature dishes, especially the highly recommended Pyeongyang-style manduguk (만두국) and onban (온반), fills the air. Be prepared for a wait, as this gem is known for its delicious, hearty dumplings that are light on the stomach, making it a must-visit for dumpling enthusiasts.","매력적인 안국 골목에 자리한 깡통만두는 12개의 블루리본으로 인정받은 사랑받는 맛집입니다. 이곳은 현지인과 외국인 방문객 모두에게 인기가 많아 늘 활기찬 분위기를 자랑합니다. 아담한 공간이지만, 특히 추천 메뉴인 평양식 만두국(만두국)과 온반(온반)의 맛있는 냄새가 공간을 가득 채웁니다. 속이 든든하면서도 부담 없는 맛있는 만두로 유명한 이곳은 웨이팅이 길 수 있으니, 만두 애호가라면 꼭 방문해야 할 곳입니다."
blueribbon,교다이야,서울특별시 마포구 성지길 39,Seoul,South Korea,RIBBON_TWO,"일식, 일식우동",,02-2654-2645 ,,2026,,37.54682,126.9132,2026-02-17T22:29:33.775718+00:00,,,,교다이야,서울특별시 마포구 성지길 39,"Prepare for a wait at Gyodaiya (교다이야), a renowned udon spot in Hapjeong, but rest assured, the deliciousness is worth it. The cozy and clean interior offers a comfortable dining experience, and the friendly staff, despite the busy atmosphere, ensure a pleasant visit. Their signature handmade udon noodles are incredibly chewy and springy, a testament to the care put into their craft. Don't miss the tempura (덴뿌라), which is perfectly crispy and not at all greasy, adding a delightful crunch to the rich, flavorful broth. Adding their special fried batter bits (튀김가루) to the soup elevates the umami and aroma, a must-try for any udon lover.","합정의 유명 우동 맛집 교다이야(교다이야)에서는 웨이팅이 예상되지만, 그 맛은 기다림을 충분히 보상해 줄 것입니다. 아늑하고 깔끔한 내부는 편안한 식사 경험을 선사하며, 바쁜 와중에도 친절한 직원들은 즐거운 방문을 보장합니다. 시그니처인 수타 우동 면발은 놀랍도록 쫄깃하고 탱탱하며, 정성이 느껴지는 맛입니다. 튀김(덴뿌라)은 과하지 않게 바삭하고 느끼하지 않아 풍부하고 맛있는 국물에 훌륭한 식감을 더합니다. 국물에 튀김가루를 추가하면 감칠맛과 풍미가 살아나 우동 애호가라면 꼭 시도해 봐야 할 별미입니다."
blueribbon,Grill Demiglace,서울특별시 중구 삼일대로2길 50,Seoul,South Korea,RIBBON_TWO,"기타, 경양식",,02-723-1233 ,,2026,,37.560088148067926,126.9911266583733,2026-02-17T22:29:33.775718+00:00,,,,그릴데미그라스,서울특별시 중구 삼일대로2길 50,,
blueribbon,JL dessert bar,서울특별시 용산구 대사관로31길 7-2,Seoul,South Korea,RIBBON_TWO,"디저트/스위트, 라이브디저트",,02-543-6140 ,,2026,,37.5339030611536,127.005723679677,2026-02-17T22:29:33.775718+00:00,,,,JL디저트바,서울특별시 용산구 대사관로31길 7-2,"JL Dessert Bar is a must-visit destination for those seeking to elevate their dessert experience. Chef Justin Lee has redefined the Korean dessert scene with his innovative creations, offering complex flavors and textures that are truly world-class. The pistachio ice cream is a standout, described as an upgraded version of Grom gelato and ""out of this world delicious."" Don't miss the adventurous Mushroom Crème Brûlée (버섯 크렘브륄레) for a unique taste exploration.",JL 디저트 바는 디저트 경험을 한 단계 끌어올리고 싶은 분들에게 꼭 방문해야 할 곳입니다. 저스틴 리 셰프는 복합적인 풍미와 질감을 자랑하는 혁신적인 창작물로 한국 디저트 씬을 재정의했습니다. 특히 피스타치오 아이스크림은 그롬 젤라또를 업그레이드한 버전이라며 '우주 최고로 맛있다'는 찬사를 받았습니다. 독특한 맛 탐험을 원한다면 버섯 크렘브륄레(Mushroom Crème Brûlée)도 놓치지 마세요.
blueribbon,구복만두,서울특별시 용산구 두텁바위로 7,Seoul,South Korea,RIBBON_ONE,"중식, 중국만두",,02-797-8656,,2026,,37.545406152402,126.972992424883,2026-02-17T22:29:33.775718+00:00,,,,구복만두,서울특별시 용산구 두텁바위로 7,"A nine-time Michelin Bib Gourmand recipient, Gubok Mandu is a beloved dumpling institution in Yongsan. This cozy spot, run by a Korean husband and Chinese wife, is famous for its unique 'steamed-fried dumplings' (mul-e teugin mandu, 물에 튀긴 만두), where dumplings are crisped in hot oil before being steamed with a touch of water. Expect a wait, especially during peak hours, as the small interior fills up quickly, but the distinct flavors of each dumpling variety, from the aromatic shrimp to the juicy xiaolongbao, are well worth the anticipation.","용산의 미슐랭 빕 구르망에 9회 선정된 구복만두는 사랑받는 만두 맛집입니다. 한국인 남편과 중국인 아내가 함께 운영하는 이 아늑한 곳은 뜨거운 기름에 노릇하게 구운 후 물을 부어 찌는 독특한 '물에 튀긴 만두'로 유명합니다. 작은 공간 때문에 식사 시간에는 긴 대기가 예상되지만, 향긋한 새우만두부터 육즙 가득한 샤오롱바오까지 각 만두의 개성 있는 맛은 기다림의 가치가 충분합니다."
blueribbon,마포진짜원조최대포(본점),서울특별시 마포구 만리재로1길 1-2,Seoul,South Korea,RIBBON_ONE,"한식(육류), 돼지갈비, 돼지고기구이",,02-719-9292 ,,2026,,37.5444618385571,126.952057296928,2026-02-17T22:29:33.775718+00:00,,,,마포진짜원조최대포(본점),서울특별시 마포구 만리재로1길 1-2,"Step into a piece of Seoul's history at Mapo Jinjjawonjo Choidaeapo (마포진짜원조최대포), a legendary eatery since 1956. The moment you enter, the authentic, old-school vibe (노포 감성) hits you, promising a genuine experience. It's a bustling spot, perfect for group dinners and company outings (회식), with a spacious interior that can accommodate large parties. Even international visitors are drawn to its reputation, making it a popular destination. The side dishes, from the kimchi to the scallion salad and ssamjang (쌈장), are surprisingly delicious, with a self-serve bar to replenish your favorites. 

The star of the show is undoubtedly the grilled pork. While famous for its pork ribs (돼지갈비), the salt-grilled pork (소금구이) is equally impressive, served in generous portions that defy modern standards. Each bite is incredibly tender, juicy, and bursting with flavor, easily making it one of the best meats you'll ever taste. Don't forget to pair your meal with their refreshing dongdongju (동동주) and finish with the savory, nutty yeolmu bibim guksu (열무비빔국수), which perfectly complements the rich grilled pork.","1956년부터 이어져 온 서울의 역사 그 자체인 마포진짜원조최대포(마포진짜원조최대포)에서 진정한 맛을 경험해 보세요. 입구부터 느껴지는 노포 감성(노포 감성)은 이곳이 단순한 식당이 아닌, 깊은 역사를 간직한 곳임을 말해줍니다. 넓은 내부 공간 덕분에 단체 회식(회식) 장소로도 손색이 없으며, 많은 인원을 수용할 수 있습니다. 이미 많은 외국인 관광객들의 입소문이 자자할 정도로 인기 있는 명소입니다. 기본 찬으로 나오는 김치, 파채, 쌈장(쌈장) 하나하나가 정갈하고 맛있으며, 셀프바에서 원하는 만큼 가져다 먹을 수 있습니다.

이곳의 하이라이트는 단연 숯불에 구워 먹는 돼지고기입니다. 돼지갈비(돼지갈비)로 유명하지만, 푸짐한 양을 자랑하는 소금구이(소금구이) 또한 놓칠 수 없는 메뉴입니다. 육즙 가득하고 부드러운 고기는 입안에서 사르르 녹으며, 최근 먹어본 고기 중 최고라고 해도 과언이 아닙니다. 시원하고 맛있는 동동주(동동주)와 함께 곁들이고, 고기와 환상의 궁합을 자랑하는 고소한 열무비빔국수(열무비빔국수)로 식사를 마무리해 보세요."
blueribbon,역전회관,서울특별시 마포구 토정로37길 47,Seoul,South Korea,RIBBON_ONE,"한식(육류), 소불고기, 한식(어패류), 낙지, 한식(탕/국/찌개/전골), 선지해장국",,02-703-0019 ,,2026,,37.54288,126.947,2026-02-17T22:29:33.775718+00:00,,,,역전회관,서울특별시 마포구 토정로37길 47,"Step into a piece of Seoul's history at Yeokjeon Hoegwan, a venerable institution recognized as a Seoul Future Heritage and a Century Store. This multi-story establishment, spanning four floors, has been serving its renowned dishes since 1928, evolving through generations of culinary masters. The ambiance is steeped in tradition, with a history evident in the decor and the long list of distinguished visitors. It's a place where time-honored recipes meet meticulous preparation, promising an authentic taste of Korean heritage.","서울 미래유산이자 백년가게로 지정된 역전회관에서 서울의 역사 속으로 발걸음을 옮겨보세요. 4개 층에 걸친 이 유서 깊은 식당은 1928년부터 대를 이어 명성 높은 요리를 선보이며 수많은 세월 동안 발전해 왔습니다. 전통이 깃든 분위기와 장식, 그리고 수많은 유명 인사들의 방문 기록에서 그 역사를 느낄 수 있습니다. 이곳은 오랜 세월 이어온 레시피와 세심한 준비가 만나 한국의 유산을 진정으로 맛볼 수 있는 곳입니다."
blueribbon,남해바다,서울특별시 마포구 토정로37길 46,Seoul,South Korea,RIBBON_ONE,"한식(어패류), 생선회",,02-707-3101,,2026,,37.54248,126.9473,2026-02-17T22:29:33.775718+00:00,,,,남해바다,서울특별시 마포구 토정로37길 46,"This popular spot, recognized as one of Seoul's top three for yellowtail (방어), boasts an impressive 13 consecutive years of Blue Ribbon awards. The vibe is clean and modern, feeling more like a chic restaurant than a typical seafood joint. It's a place that clearly takes its seafood seriously, evident from the moment you step inside and see the prominent signage.

The signature dish is the daebangeo (대방어), or large yellowtail, which reviewers rave about as the best they've ever had. Served as a set, it comes with plump, sweet sea urchin (성게알) and large shrimp (도화새우). The shrimp are expertly prepared by the staff, and the combination of the chewy shrimp, creamy sea urchin, and fresh yellowtail, especially when wrapped in seaweed (김), is described as an unforgettable, melt-in-your-mouth experience.","서울 3대 방어 맛집으로 인정받은 이곳은 무려 13년 연속 블루리본 수상이라는 대기록을 자랑합니다. 깔끔하고 현대적인 분위기는 일반적인 해산물 식당보다는 세련된 레스토랑 같은 느낌을 줍니다. 들어서는 순간부터 보이는 간판에서부터 해산물에 대한 자부심이 느껴집니다.

이곳의 시그니처 메뉴는 단연 대방어(방어)로, 리뷰어들은 이제껏 먹어본 방어 중 최고라고 극찬합니다. 세트 메뉴로 제공되는 대방어는 통통하고 달콤한 성게알과 커다란 도화새우와 함께 나옵니다. 직원들이 직접 손질해주는 새우와 쫀득한 새우살, 부드러운 성게알, 신선한 방어의 조합은 김(김)에 싸 먹었을 때 입안에서 녹아내리는 잊을 수 없는 경험이라고 묘사됩니다."
blueribbon,마포양지설렁탕,서울특별시 마포구 새창로 6,Seoul,South Korea,RIBBON_ONE,"한식(탕/국/찌개/전골), 설렁탕, 꼬리곰탕, 도가니탕",,02-716-8616 ,,2026,,37.54192,126.9505,2026-02-17T22:29:33.775718+00:00,,,,마포양지설렁탕,서울특별시 마포구 새창로 6,"This Michelin-recognized spot near Gongdeok Station is a haven for those seeking a warm, comforting meal, especially on a chilly day. The atmosphere is clean and well-organized, with ample seating across two floors. While the broth of their signature Seolleongtang (설렁탕) is on the clearer side, it offers a refreshingly clean taste. Generous portions of thinly sliced beef and the option to add more noodles make for a satisfying experience.","공덕역 근처 미슐랭 인정 맛집으로, 특히 추운 날씨에 따뜻하고 든든한 한 끼를 찾는 이들에게 안성맞춤입니다. 깔끔하고 정돈된 분위기에 2개 층으로 나뉜 넓은 좌석이 마련되어 있습니다. 시그니처 메뉴인 설렁탕(Seolleongtang)은 맑은 편인 국물이 특징이며, 깔끔한 맛을 선사합니다. 얇게 썬 소고기가 넉넉하게 들어있고, 면 사리 추가도 가능하여 든든한 식사를 즐길 수 있습니다."
blueribbon,The Factory,서울특별시 마포구 백범로31길 7,Seoul,South Korea,RIBBON_ONE,"바, 위스키바",,02-337-3133,,2026,,37.5452545904697,126.948750766953,2026-02-17T22:29:33.775718+00:00,,,,팩토리정,서울특별시 마포구 백범로31길 7,"Nestled in the vibrant Yeonnam-dong district, Channel 1969 offers a unique cultural experience, particularly for those seeking the smooth sounds of City Pop. The venue hosted ""CITY POP : TOKYO MEETS SEOUL VOL.7,"" featuring Japanese DJs spinning infectious tunes. The highlight was the live performance by The Oto Factory, a five-member band whose music perfectly captures a summery, tropical vibe reminiscent of Japanese City Pop. Their set included hits from their 2020 album 'Paraiso' and new tracks, with the vocalist's clear, refreshing voice complemented by the dynamic interplay of talkbox, keyboards, DJ sets, and drums.","활기찬 연남동에 자리한 채널1969는 특히 시티팝의 부드러운 사운드를 찾는 이들에게 독특한 문화 경험을 선사합니다. 이 장소에서는 일본 DJ들이 신나는 음악을 선보이는 ""CITY POP : TOKYO MEETS SEOUL VOL.7"" 행사가 열렸습니다. 하이라이트는 5인조 밴드인 The Oto Factory의 라이브 공연이었는데, 그들의 음악은 일본 시티팝을 연상시키는 여름의 트로피컬 분위기를 완벽하게 담아냈습니다. 공연은 2020년 앨범 'Paraiso'의 히트곡과 신곡들로 구성되었으며, 보컬의 맑고 청량한 목소리와 토크박스, 키보드, DJ 세트, 드럼의 역동적인 조화가 돋보였습니다."
blueribbon,대물상회,서울특별시 마포구 새창로6길 29,Seoul,South Korea,RIBBON_ONE,"한식(어패류), 생선회",,02-712-1237 ,,2026,,37.5408011604849,126.95248554210742,2026-02-17T22:29:33.775718+00:00,,,,대물상회,서울특별시 마포구 새창로6길 29,"This spot is a haven for whiskey and sashimi lovers, offering a curated selection of high-end spirits alongside incredibly thick cuts of fresh fish. The ambiance is refined, reminiscent of a Japanese izakaya, with an impressive display of rare single cask whiskies available by the glass or bottle. It's a must-visit for those seeking a sophisticated drinking and dining experience, with a unique omakase-style meal that keeps the exquisite seafood coming.","이곳은 위스키와 회 애호가들의 성지입니다. 최고급 주류와 함께 두툼하고 신선한 회를 맛볼 수 있습니다. 일본식 선술집을 연상시키는 세련된 분위기 속에서 희귀한 싱글 캐스크 위스키 컬렉션을 잔술 또는 병으로 즐길 수 있습니다. 세련된 음주 및 식사 경험을 찾는 분들에게는 꼭 방문해야 할 곳이며, 끊임없이 나오는 훌륭한 해산물로 구성된 독특한 오마카세 스타일의 식사가 준비되어 있습니다."
blueribbon,월화식당(마포본점),서울특별시 마포구 도화길 29,Seoul,South Korea,RIBBON_ONE,"한식(육류), 돼지고기구이, 소고기구이",,02-701-7592,,2026,,37.5408991543251,126.949156453911,2026-02-17T22:29:33.775718+00:00,,,,월화식당(마포본점),서울특별시 마포구 도화길 29,"Nestled conveniently between Gongdeok and Mapo stations, Wolhwa Sikdang (월화식당) offers a welcoming atmosphere with a unique multi-level layout, reminiscent of a bus stop shelter. This popular spot is renowned for its high-quality, dry-aged meats, boasting awards and features in various media outlets. The restaurant also caters to an international clientele, with foreign-language menus available, making it a must-visit for both locals and tourists seeking an exceptional Korean barbecue experience.",공덕역과 마포역 사이에 편리하게 위치한 월화식당은 버스 정류장 쉼터를 연상시키는 독특한 복층 구조로 따뜻한 분위기를 선사합니다. 이 인기 있는 장소는 다양한 수상 경력과 언론 보도를 자랑하는 고품질의 드라이 에이징 육류로 유명합니다. 외국인 전용 메뉴도 준비되어 있어 현지인과 관광객 모두에게 특별한 한국식 바비큐 경험을 선사하는 필수 방문 코스입니다.
blueribbon,오롯,서울특별시 마포구 백범로24길 5-5,Seoul,South Korea,RIBBON_ONE,"일식주점, 이자카야",,02-3272-3555,,2026,,37.5458116617778,126.945299948138,2026-02-17T22:29:33.775718+00:00,,,,오롯,서울특별시 마포구 백범로24길 5-5,"Orot offers a delightful dining experience, perfect for a celebratory meal or a gathering with friends. The restaurant is known for its generous portions of fresh seafood, served in a vibrant, communal atmosphere. Guests rave about the extensive seafood platters and the lively ambiance, making it a go-to spot for those looking to indulge in a feast.","오롯은 축하할 일이 있거나 친구들과 함께 모이기 좋은 즐거운 다이닝 경험을 선사합니다. 신선한 해산물을 푸짐하게 맛볼 수 있으며, 활기찬 분위기 속에서 즐거운 시간을 보낼 수 있습니다. 특히 푸짐한 해산물 플래터와 활기찬 분위기가 손님들에게 큰 사랑을 받고 있어, 맛있는 음식을 마음껏 즐기고 싶은 분들에게 최고의 장소입니다."
blueribbon,Liebhaber,서울특별시 마포구 백범로24길 11-4,Seoul,South Korea,RIBBON_ONE,"카페/커피/티, 카페, 유럽식, 독일식",,없음,,2026,,37.5459540326884,126.944940337991,2026-02-17T22:29:33.775718+00:00,,,,립하버,서울특별시 마포구 백범로24길 11-4,"Step into Liebhaber, a charming German cafe near Daeheung Station, where the name itself means 'lover' in German. This cozy spot offers a unique taste of Germany with its specialty quark (크박), a dairy product somewhere between cheese and yogurt, often featured in their delicious quark kuchen (크박쿠헨). The filter coffee is generously portioned and reasonably priced, making it a perfect companion to their baked goods. The cafe's interior, while eclectic, perfectly complements its warm and inviting atmosphere, making it a great place to relax and catch up.","대흥역 근처에 위치한 '연인'이라는 뜻의 독일 카페, 리브하버에 오신 것을 환영합니다. 이곳에서는 치즈와 요거트의 중간쯤 되는 독일식 유제품인 크박(Quark)과 이를 활용한 크박쿠헨(크박쿠헨)을 맛볼 수 있습니다. 양도 많고 가격도 합리적인 필터 커피는 이곳의 맛있는 디저트와 완벽한 조화를 이룹니다. 다소 독특하지만 카페의 분위기와 잘 어우러지는 인테리어는 편안하고 아늑한 공간을 선사하며, 친구와 함께 담소를 나누거나 휴식을 취하기에 더할 나위 없이 좋습니다."
blueribbon,LEE BUK BANG,서울특별시 마포구 마포대로1길 16,Seoul,South Korea,RIBBON_ONE,"한식(육류), 순대, 한식(일반한식), 이북음식, 모던한식",,02-720-2345,,2026,,37.5397308784185,126.943142441441,2026-02-17T22:29:33.775718+00:00,,,,리북방,서울특별시 마포구 마포대로1길 16,"Lee Buk Bang, a Michelin-recognized gem, offers an exquisite journey into North Korean (ibuk-yo-ri, 이북요리) cuisine. The restaurant buzzes with an exclusive atmosphere, making reservations highly sought after, especially after its television features. Signature dishes like the 'Pyun-yuk' (편육), a pork head terrine braised in red wine and black bean sauce, served with a vibrant yuja (유자) and perilla oil dressed spring greens salad, showcase a delicate balance of textures and flavors. Another highlight is the 'Abai Sundae' (아바이순대), a hearty blood sausage with a satisfyingly chewy casing, perfectly complemented by the complex, black garlic notes of the 'kkam-jang' (까막장) dipping sauce.","미쉐린 가이드에 선정된 리북방은 북한 요리(이북요리)의 정수를 선보이는 특별한 미식 경험을 선사합니다. 방송 출연 이후 예약이 어려워질 정도로 뜨거운 인기를 누리고 있는 이곳은 특별한 분위기를 자아냅니다. 레드 와인과 춘장에 조리한 돼지머리 편육(편육)에 유자(유자)와 들기름으로 버무린 봄동 생채를 곁들인 요리는 섬세한 식감과 풍미의 조화를 보여줍니다. 또한, 쫄깃한 식감의 아바이순대(아바이순대)는 흑마늘 풍미가 느껴지는 까막장(까막장)과 환상의 궁합을 자랑합니다."
blueribbon,계고기집,서울특별시 마포구 백범로24길 1,Seoul,South Korea,RIBBON_ONE,"한식(가금류), 닭갈비",,02-717-7624,,2026,,37.5459839648361,126.945564274909,2026-02-17T22:29:33.775718+00:00,,,,계고기집,서울특별시 마포구 백범로24길 1,"Nestled between Gongdeok and Daeheung stations, Gye-Gogi-Jip is a beloved local spot renowned for its charcoal-grilled dakgalbi (닭갈비). The star of the show here is the expertly grilled chicken, with staff meticulously cooking both the original salted (소금구이) and marinated (양념구이) versions to perfection right at your table. The chicken is remarkably tender and thick, infused with a delightful smoky aroma from the charcoal grill, making it a must-try for any grilled chicken enthusiast. Don't miss their signature jumeokbap (주먹밥), a flavorful rice ball packed with seasoned anchovies, offering a unique textural contrast.

This cozy eatery, even recognized with a Blue Ribbon in recent years, offers a warm and inviting atmosphere. The attentive service, where every piece of chicken is grilled for you, allows for a truly relaxed dining experience. With a convenient location near the Gyeongui Line Forest Park, it's the perfect place to enjoy a delicious meal before or after a leisurely stroll. The self-serve banchan (반찬) bar ensures you'll always have your favorite pickled sides and condiments at hand to complement your meal.","공덕역과 대흥역 사이에 위치한 계고기집은 숯불 닭갈비로 유명한 동네의 사랑방입니다. 이곳의 하이라이트는 바로 직원들이 테이블에서 직접 처음부터 끝까지 완벽하게 구워주는 소금구이와 양념구이 닭갈비입니다. 닭고기는 놀랍도록 부드럽고 두툼하며, 숯불 향이 은은하게 배어 있어 닭갈비 애호가라면 꼭 맛봐야 할 메뉴입니다. 양념 멸치가 들어있어 독특한 식감을 선사하는 시그니처 주먹밥도 놓치지 마세요.

최근 블루리본에도 등재된 이 아늑한 식당은 따뜻하고 매력적인 분위기를 선사합니다. 모든 닭갈비를 직원들이 직접 구워주는 세심한 서비스 덕분에 진정으로 편안한 식사를 즐길 수 있습니다. 경의선 숲길 근처에 있어 산책 전후로 맛있는 식사를 즐기기에 완벽한 장소입니다. 셀프 반찬 코너에서는 좋아하는 김치와 소스를 마음껏 가져다 먹을 수 있어 식사를 더욱 풍성하게 즐길 수 있습니다."
blueribbon,모연,서울특별시 마포구 토정로 318,Seoul,South Korea,RIBBON_ONE,"한식(육류), 소고기구이",,02-704-0770 ,,2026,,37.53943141378686,126.9437648759179,2026-02-17T22:29:33.775718+00:00,,,,모연,서울특별시 마포구 토정로 318,"Mo Yeon is a highly-regarded Hanwoo (한우) restaurant in the Mapo and Yeouido areas, celebrated for its top-quality, melt-in-your-mouth Korean beef. The entire dining experience is set in private rooms, making it an ideal choice for special family gatherings or important business dinners. With the capacity to host up to 100 guests, it's also a perfect spot for company events.","모연은 마포와 여의도 지역에서 최고급 한우를 맛볼 수 있는 곳으로 명성이 높습니다. 입안에서 사르르 녹는 최상급 한우는 이곳의 시그니처 메뉴입니다. 모든 좌석이 개별 룸으로 구성되어 있어 특별한 가족 모임이나 중요한 비즈니스 식사에 이상적이며, 최대 100명까지 수용 가능한 단체룸도 갖추고 있어 회식 장소로도 완벽합니다."
blueribbon,곰탕반,서울특별시 마포구 백범로 152,Seoul,South Korea,RIBBON_ONE,"한식(탕/국/찌개/전골), 곰탕",,02-712-1801,,2026,,37.54474936644196,126.94826001068026,2026-02-17T22:29:33.775718+00:00,,,,곰탕반,서울특별시 마포구 백범로 152,"When the winter chill bites, nothing beats a steaming bowl of soup, and Gomtangban (곰탕반) near Gongdeok Station delivers. This spot offers a classic Hanwoo Gomtang (한우곰탕) experience, reminiscent of the renowned Hadongkwan (하동관). The broth is subtly seasoned and clear, a comforting taste of home, while the tender, flavorful Hanwoo (한우) beef, though sometimes appearing as assorted cuts, is a highlight. It's a straightforward yet satisfying meal, perfect for a midday respite.","겨울 추위가 기승을 부릴 때, 뜨끈한 국물 한 그릇만큼 좋은 것은 없습니다. 공덕역 근처의 곰탕반(Gomtangban)은 유명한 하동관(Hadongkwan)을 연상시키는 클래식한 한우곰탕(Hanwoo Gomtang) 경험을 선사합니다. 슴슴하고 맑은 국물은 집밥 같은 편안함을 주며, 부드럽고 풍미 가득한 한우(Hanwoo) 고기는 다양한 부위로 제공되지만 그 자체로 훌륭합니다. 단순하지만 만족스러운 식사로, 점심시간의 완벽한 휴식을 선사합니다."
blueribbon,타쿠미야,서울특별시 마포구 백범로 152,Seoul,South Korea,RIBBON_ONE,"베이커리, 식빵",,02-713-5536,,2026,,37.54474936644196,126.94826001068026,2026-02-17T22:29:33.775718+00:00,,,,타쿠미야,서울특별시 마포구 백범로 152,"This bakery is a must-visit for anyone seeking authentic French pastries, with a special mention for their croissants (크루아상) and kouign-amann (퀸아망). The shop boasts a charming ambiance, perfect for enjoying a coffee alongside their expertly crafted baked goods. It's a delightful stop for a sweet treat.","프랑스 정통 페이스트리를 맛볼 수 있는 곳으로, 특히 크루아상(croissant)과 퀸아망(kouign-amann)이 유명합니다. 갓 구운 빵과 커피를 함께 즐기기 좋은 아늑한 분위기를 자랑하며, 달콤한 간식을 찾는 분들에게 완벽한 장소입니다."
blueribbon,하하,서울특별시 마포구 새창로 28,Seoul,South Korea,RIBBON_ONE,"중식, 중국만두, 일반중식",,02-706-0212,,2026,,37.541624,126.952919,2026-02-17T22:29:33.775718+00:00,,,,하하,서울특별시 마포구 새창로 28,"This winter wonderland, formerly located in Olympic Park, has relocated to the central plaza of Garden Five Life, offering a more accessible experience with convenient parking and nearby amenities. The ""Haha Hoho"" (하하호호) snow sledding hill is a free, seasonal attraction for children under elementary school age, featuring separate slopes for different age groups and a dedicated ice sledding area. Visitors can enjoy a well-organized system with timed sessions and a convenient notification system for entry, making the most of the winter fun.","이 겨울 왕국은 올림픽 공원에서 가든파이브 라이프 중앙 광장으로 이전하여 편리한 주차와 주변 편의 시설을 갖춘 더욱 접근하기 쉬운 경험을 제공합니다. ""하하호호"" 눈썰매장은 초등학생 미만 어린이를 위한 무료 계절 명소로, 다양한 연령대를 위한 별도의 슬로프와 전용 얼음 썰매장이 마련되어 있습니다. 방문객들은 시간제 운영과 편리한 입장 알림 시스템을 갖춘 체계적인 시스템을 통해 겨울철 즐거움을 만끽할 수 있습니다."
blueribbon,LAKHEEOAK,서울특별시 마포구 백범로 170,Seoul,South Korea,RIBBON_ONE,한식주점,,0507-1444-9797,,2026,,37.544303,126.948973,2026-02-17T22:29:33.775718+00:00,,,,락희옥(마포본점),서울특별시 마포구 백범로 170,"This popular spot in Gongdeok is a go-to for local office workers, offering a welcoming atmosphere for ""day drinking"" (낮술) with no break times. The menu features both year-round favorites and seasonal specials, with the spring season highlighting ingredients like *dodari* (도다리) and *ssuk* (쑥). Don't miss their signature *yukhoe* (육회), made with hand-cut Korean beef and seasoned minimally to let the meat's flavor shine. They also boast unlimited wine and whiskey corkage, making it an ideal place for gatherings with your favorite spirits.","공덕역 직장인들의 사랑을 받는 이곳은 브레이크 타임 없이 낮술까지 환영하는 편안한 분위기를 자랑합니다. 연중 메뉴와 함께 제철 식재료를 활용한 시즌 메뉴를 선보이며, 봄에는 도다리와 쑥을 활용한 요리가 인기입니다. 신선한 한우를 깍둑썰기하여 육향을 살린 시그니처 육회(육회)는 꼭 맛봐야 할 메뉴입니다. 또한, 와인과 위스키 콜키지가 무제한 제공되어 좋아하는 주류와 함께 즐거운 시간을 보내기 좋습니다."
blueribbon,청춘구락부,서울특별시 마포구 토정로 308,Seoul,South Korea,RIBBON_ONE,"한식(육류), 소곱창, 소양대창",,0507-1389-1399,,2026,,37.540082,126.942878,2026-02-17T22:29:33.775718+00:00,,,,청춘구락부,서울특별시 마포구 토정로 308,"Step into Cheongchun Gurakbu (청춘구락부), a highly-regarded spot for premium grilled offal that offers a sophisticated yet comfortable dining experience. The restaurant impresses with thoughtful touches like providing filtered water, and the attentive staff expertly grill your selections of yang (양), daechang (대창), and hongchang (홍창) right at your table. While the grilled meats are the stars, don't miss the flavorful yang-bap (양밥), a hearty rice dish mixed with grilled meat drippings and kimchi, and the surprisingly delicious dooboo-kimchi (두부김치) appetizer.","고급스러운 분위기 속에서 최상급 양대창을 맛볼 수 있는 청춘구락부(Cheongchun Gurakbu)는 세심한 배려가 돋보이는 곳입니다. 정수된 물을 제공하는 센스와 함께, 직원들이 테이블에서 직접 양(yang), 대창(daechang), 홍창(hongchang) 등 다양한 부위를 능숙하게 구워줍니다. 메인 메뉴인 구이 외에도, 구이 기름과 김치가 어우러진 푸짐한 양밥(yang-bap)과 든든한 애피타이저 두부김치(dooboo-kimchi)도 꼭 맛보시길 바랍니다."
blueribbon,을밀대,서울특별시 마포구 숭문길 24,Seoul,South Korea,RIBBON_ONE,"한식(면류), 평양냉면, 한식(육류), 수육",,02-717-1922 ,,2026,,37.54745,126.9455,2026-02-17T22:29:33.775718+00:00,,,,을밀대,서울특별시 마포구 숭문길 24,"Step into a Seoul institution with a history you can feel from the moment you walk in. While famous for its Pyeongyang-style naengmyeon (평양냉면), the menu also offers hearty options like Yangji-tangbap (양지탕밥) for those craving something warm. Don't miss the crispy yet subtly flavored Nokdujeon (녹두전), a perfect companion to the refreshing cold noodles.","문을 들어서는 순간부터 역사가 느껴지는 서울의 명소입니다. 평양냉면(평양냉면)으로 유명하지만, 따뜻한 음식을 찾는 분들을 위한 양지탕밥(양지탕밥)과 같은 든든한 메뉴도 준비되어 있습니다. 바삭하면서도 은은한 맛의 녹두전(녹두전)은 시원한 냉면과 완벽한 조화를 이룹니다."
blueribbon,ʙᴇᴛᴏɴ,서울특별시 성동구 연무장7가길 8,Seoul,South Korea,RIBBON_ONE,"카페/커피/티, 카페, 베이커리, 소금빵",,02-499-1112,,2026,,37.542935609775,127.055221402925,2026-02-17T22:29:33.775718+00:00,,,,베통성수더플래그십,서울특별시 성동구 연무장7가길 8,"Get ready for a delightful queue at Beton, a popular bakery that has opened its second branch in the Shinsegae Department Store's basement food hall. Known for their signature 'sogeumppang' (소금빵), or salt bread, expect a line, especially around peak times. The bakery offers a tempting array of flavors, from classic to truffle and even a sweet maple pecan cream cheese version, making it a sweet stop for bread lovers.

Beton's 'sogeumppang' is a must-try, praised for its crispy exterior and chewy interior. While the classic version is a crowd favorite, adventurous eaters can explore other unique flavors like chocolate or truffle. Grab a coffee or tea to pair with your treat, and don't be afraid to stock up – these delicious breads freeze well and can be revived in an air fryer.","신세계백화점 강남점 지하 식품관에 새롭게 문을 연 베통은 인기 만점 베이커리입니다. 시그니처 메뉴인 '소금빵'을 맛보기 위해 긴 줄을 서는 것은 필수! 클래식부터 트러플, 달콤한 메이플 피칸 크림치즈 소금빵까지 다양한 맛의 빵들이 준비되어 있어 빵지순례자들의 발길을 사로잡습니다.

겉은 바삭하고 속은 쫄깃한 베통의 소금빵은 꼭 맛봐야 할 메뉴입니다. 기본 소금빵이 가장 인기가 많지만, 초코나 트러플 같은 독특한 맛도 도전해 보세요. 커피나 차와 함께 즐기거나, 남은 빵은 냉동 보관 후 에어프라이어에 데워 먹어도 맛있습니다."
blueribbon,Jade&Water,서울특별시 성동구 한림말3길 21-1,Seoul,South Korea,RIBBON_ONE,"바, 와인바, 기타, 브런치카페",,010-9539-7159,,2026,,37.5428890418295,127.015405175755,2026-02-17T22:29:33.775718+00:00,,,,제이드앤워터,서울특별시 성동구 한림말3길 21-1,"Nestled on the second floor of an unassuming building near Oksu Station, Jade&Water offers a surprisingly spacious and warm ambiance with its stylish interior and comfortable wooden tables. It's an ideal spot for a date or a small gathering of 3-4 friends, with a dedicated wine display hinting at their passion for pairings. The Chorizo Ragu Pasta (초리조 라구 파스타) is a standout, featuring a light yet flavorful sauce clinging to thin noodles, complemented by a generous topping of cheese and tomatoes. While the Oksu All-Day Steak (옥앤수 올데이 스테이크) was noted as being a bit mild for one diner's preference, the overall relaxed atmosphere and appealing menu make it a place worth revisiting, especially for those who enjoy a good glass of wine.","옥수역 근처의 평범해 보이는 건물 2층에 자리한 Jade&Water는 세련된 인테리어와 편안한 우드 테이블이 있는 놀랍도록 넓고 따뜻한 분위기를 선사합니다. 데이트나 3-4명의 소규모 모임에 이상적인 장소이며, 와인에 대한 열정을 엿볼 수 있는 와인 진열대가 마련되어 있습니다. 초리조 라구 파스타(Chorizo Ragu Pasta)는 얇은 면에 가볍지만 풍미 가득한 소스가 어우러지고 치즈와 토마토가 듬뿍 올라가 있어 특별한 메뉴입니다. 옥앤수 올데이 스테이크(Oksu All-Day Steak)는 한 방문객에게는 다소 마일드하게 느껴졌지만, 전반적으로 편안한 분위기와 매력적인 메뉴는 와인을 즐기는 사람들에게 다시 방문할 만한 가치가 있는 곳으로 만듭니다."
blueribbon,aeum,서울특별시 마포구 서강로11길 36,Seoul,South Korea,RIBBON_ONE,"디저트/스위트, 한식디저트, 한과",,0507-1368-1169,,2026,,37.5540882155381,126.931766648648,2026-02-17T22:29:33.775718+00:00,,,,에움,서울특별시 마포구 서강로11길 36,"Tucked away in a quiet alley off the beaten path in Hongdae, aeum (에움) is a charming cafe perfect for intimate conversations. The atmosphere is cozy and conducive to lingering over drinks and delightful treats. Their menu features unique desserts like the chewy gyul-yakgwa (결약과) with kumquat plating and innovative combinations such as chocolate and yakgwa (약과). The milk tea is a standout, praised for its rich flavor and generous serving.",홍대의 숨겨진 골목길에 자리한 에움(aeum)은 아늑한 분위기에서 오붓한 대화를 나누기 좋은 매력적인 카페입니다. 이곳은 독특한 디저트와 음료를 즐기며 여유로운 시간을 보내기에 안성맞춤입니다. 특히 금귤 플레이팅이 곁들여진 쫀득한 식감의 결약과(gyul-yakgwa)와 초콜릿과 약과(yakgwa)의 신선한 조합은 특별한 경험을 선사합니다. 진하고 푸짐하게 제공되는 밀크티는 이곳의 인기 메뉴입니다.
blueribbon,떡의미학,서울특별시 서대문구 연희로25길 72,Seoul,South Korea,RIBBON_ONE,"디저트/스위트, 떡",,02-324-3638,,2026,,37.57061814217744,126.9326663108036,2026-02-17T22:29:33.775718+00:00,,,,떡의미학,서울특별시 서대문구 연희로25길 72,"This charming tteok (떡) shop is a must-visit for anyone seeking artisanal Korean rice cakes. Be prepared for an early start, as popular items sell out by 10 AM, with limits on how many of each type you can purchase. This scarcity, however, speaks to the owner's commitment to quality, making only what can be crafted with care each day. The star of the show is the dutteok (두텁떡), a delightful confection with a chewy glutinous rice exterior, a subtly sweet topping, and a luxurious filling of domestic pine nuts, offering a sophisticated taste that justifies its price.","이 매력적인 떡집은 수제 떡을 찾는 모든 이들에게 꼭 방문해야 할 곳입니다. 인기 메뉴는 오전 10시면 매진되고, 종류별 구매 수량 제한이 있으니 일찍 방문할 준비를 하세요. 이러한 희소성은 매일 정성껏 만들 수 있는 양만큼만 판매하는 사장님의 품질에 대한 헌신을 말해줍니다. 이곳의 하이라이트는 바로 두텁떡(두텁떡)으로, 쫄깃한 찹쌀 피에 은은하게 달콤한 고명, 그리고 고급스러운 국내산 잣이 들어간 소가 특징입니다. 가격이 합당하게 느껴지는 세련된 맛을 선사합니다."
blueribbon,BONJAK,서울특별시 성동구 광나루로9길 2,Seoul,South Korea,RIBBON_ONE,"디저트/스위트, 떡",,070-4833-7272,,2026,,37.548479397281,127.063912435314,2026-02-17T22:29:33.775718+00:00,,,,본작,서울특별시 성동구 광나루로9길 2,"BONJAK is a hidden gem tucked away in a quiet alley, offering a sophisticated and elegant experience for traditional Korean sweets. The shop is known for its beautifully presented tteok (떡), particularly for special occasions like family gatherings (sanggyeonrye (상견례)). The packaging, often featuring chic bojagi (보자기) wraps with optional tassel accents, is a major highlight, conveying a sense of refined etiquette and modern style. While the menu offers various options like hwagwaja (화과자) and jeonggwa (정과), the tteok selection, especially the glutinous rice cakes (chapssaltteok, 찹쌀떡), stands out for its perfect chewy texture and rich, balanced sweetness, making it an ideal accompaniment to coffee.","BONJAK은 조용한 골목길에 숨겨진 보석 같은 곳으로, 전통적인 한국 과자를 위한 세련되고 우아한 경험을 선사합니다. 특히 상견례와 같은 특별한 날을 위한 아름답게 포장된 떡으로 유명합니다. 종종 시크한 보자기 포장과 선택적인 태슬 장식이 특징인 포장은 세련된 예의와 현대적인 스타일을 전달하는 주요 하이라이트입니다. 메뉴에는 화과자, 정과 등 다양한 옵션이 있지만, 특히 찹쌀떡은 완벽한 쫄깃함과 풍부하고 균형 잡힌 단맛으로 돋보이며 커피와 함께 즐기기에 이상적입니다."
blueribbon,경기떡집,서울특별시 마포구 동교로9길 24,Seoul,South Korea,RIBBON_ONE,"디저트/스위트, 떡",,02-333-8880 ,,2026,,37.555,126.9103,2026-02-17T22:29:33.775718+00:00,,,,경기떡집,서울특별시 마포구 동교로9길 24,"Known as the pride of Mangwon-dong, Gyeonggi Tteokjip offers a unique culinary experience with its signature ""Iti Tteok"" (이티떡). These rice cakes are visually striking, resembling the character 'Iti' with a coating of red bean paste on the outside, offering a delightful visual and textural contrast. Made by a master craftsman, these tteok (떡) are free from artificial additives, making them a perfect, wholesome treat for all ages.","망원동의 자존심으로 불리는 경기떡집은 시그니처 메뉴인 '이티떡'으로 독특한 미식 경험을 선사합니다. 이티떡은 겉면에 팥앙금을 붙여 '이티'를 닮은 시각적인 재미와 부드러운 식감을 동시에 선사하는 것이 특징입니다. 명장이 만든 이 떡은 인공 첨가물 없이 담백한 맛을 자랑하며, 남녀노소 누구나 즐길 수 있는 건강한 간식입니다."
blueribbon,Aux Petits Verres,서울특별시 종로구 자하문로 47-1,Seoul,South Korea,RIBBON_ONE,"카페/커피/티, 카페",,070-8231-2199,,2026,,37.5802603634986,126.970979516515,2026-02-17T22:29:33.775718+00:00,,,,오쁘띠베르,서울특별시 종로구 자하문로 47-1,"Aux Petits Verres, a charming cafe and bar featured on ""Sung Si-kyung's Meokul Ttenda,"" offers a delightful escape with its European-inspired exterior and cozy, intimate interior. This spot is renowned for its exquisite desserts, which are almost too beautiful to eat, and an impressive selection of wines. While the seating might be best suited for shorter visits due to firm chairs, the sun-drenched spots and overall ambiance make it a perfect place to enjoy a sweet treat and a glass of wine.","성시경의 '먹을텐데'에도 소개된 오쁘띠베르는 유럽풍의 아름다운 외관과 아늑하고 아담한 내부가 매력적인 카페 겸 와인바입니다. 이곳은 눈으로 먹기 아까울 정도로 아름다운 디저트와 훌륭한 와인 셀렉션으로 유명합니다. 딱딱한 의자 때문에 오래 앉아 있기보다는 잠시 들러 달콤한 디저트와 와인을 즐기기에 좋으며, 햇살이 잘 드는 자리에서 편안한 시간을 보낼 수 있습니다."
blueribbon,Passion 5,서울특별시 용산구 이태원로 272,Seoul,South Korea,RIBBON_ONE,"카페/커피/티, 카페, 베이커리",,02-2071-9505 ,,2026,,37.53875,127.002,2026-02-17T22:29:33.775718+00:00,,,,패션5,서울특별시 용산구 이태원로 272,"Passion 5 is a long-standing Han-nam-dong institution, renowned for its exquisite bakery and diverse menu. While the first floor buzzes with the aroma of freshly baked goods and offers small seating areas, the more spacious lower level provides a comfortable setting for enjoying a wider range of dishes, from savory meals like gambas (감바스) to decadent pastries. It's a popular spot for pre-show bites, especially for those attending nearby performances, and offers catering services for various events.

The bakery boasts an impressive array of visually stunning treats, including the highly sought-after 'Strawberry Cascade' cake (딸기가와르르), pistachio parfaits, and chocolate-filled pastries. Even popular items like the 'Dubak-donuts' (두쫀쿠) can sell out quickly due to their popularity. The ambiance, especially during festive seasons with seasonal decorations, adds to the overall charm, making it a go-to destination for both locals and visitors seeking a delightful culinary experience.","패션5는 한남동의 오랜 명소로, 뛰어난 베이커리와 다양한 메뉴로 유명합니다. 1층은 갓 구운 빵 냄새로 가득하며 작은 좌석 공간이 마련되어 있지만, 더 넓은 지하 공간에서는 감바스(감바스)와 같은 맛있는 식사부터 달콤한 페이스트리까지 더 다양한 요리를 편안하게 즐길 수 있습니다. 특히 근처 공연을 관람하는 사람들에게 공연 전 간단한 식사를 즐기기 좋은 장소이며, 각종 행사를 위한 케이터링 서비스도 제공합니다.

베이커리에는 '딸기가와르르' 케이크, 피스타치오 파르페, 초콜릿 필 페이스트리 등 시각적으로도 아름다운 디저트가 인상적으로 진열되어 있습니다. '두쫀쿠'와 같은 인기 메뉴는 인기가 많아 금방 매진될 수도 있습니다. 특히 축제 시즌의 계절 장식과 함께하는 분위기는 전반적인 매력을 더하며, 맛있는 미식 경험을 원하는 현지인과 방문객 모두에게 인기 있는 장소입니다."
blueribbon,Petit tong,서울특별시 종로구 자하문로6길 11-9,Seoul,South Korea,RIBBON_ONE,베이커리,,02-733-4162 ,,2026,,37.5785581301671,126.972546980418,2026-02-17T22:29:33.775718+00:00,,,,쁘띠통,서울특별시 종로구 자하문로6길 11-9,"Nestled in a charming alley near Gyeongbokgung Station, Petit TONG offers a unique Swiss mountain lodge ambiance within a century-old Japanese-style house. This authentic bakery, run by a Swiss chef, is renowned for its traditional Swiss recipes. Don't miss their signature Swiss bread (스위스빵), a testament to skillful craftsmanship and dedication. The menu also features delightful sandwiches made with freshly baked bread, like the chicken breast and basil sandwich (닭가슴살 바질 샌드위치), and a tempting array of Swiss desserts including apple tarts and walnut caramel pies (엥가디너 누스토르테).","경복궁역 근처의 매력적인 골목길에 자리한 쁘띠통은 100년 된 적산가옥에서 스위스 산장 분위기를 느낄 수 있는 특별한 공간입니다. 스위스 셰프가 운영하는 이 정통 베이커리는 전통적인 스위스 레시피로 유명합니다. 숙련된 기술과 헌신으로 만들어낸 시그니처 스위스빵(스위스빵)을 꼭 맛보세요. 신선하게 구운 빵으로 만든 닭가슴살 바질 샌드위치(닭가슴살 바질 샌드위치)와 같은 맛있는 샌드위치와 애플 타르트, 호두 캐러멜 파이(엥가디너 누스토르테)를 포함한 다양한 스위스 디저트도 준비되어 있습니다."
blueribbon,le peche mignon,서울특별시 용산구 녹사평대로40가길 3-3,Seoul,South Korea,RIBBON_ONE,"디저트/스위트, 디저트전문점",,02-6487-5525,,2026,,37.5352850570059,126.987719358376,2026-02-17T22:29:33.775718+00:00,,,,르페셰미뇽,서울특별시 용산구 녹사평대로40가길 3-3,"Tucked away in a charming alley of Itaewon, Le Péché Mignon is a French patisserie living up to its name, offering ""guilty pleasures"" in the form of exquisite desserts. This hidden gem, opened in 2017 by a former office worker who followed her pastry dreams, is renowned for its mousses. These creations are celebrated for their incredibly light yet deeply satisfying sweetness, a quality perfectly showcased in their special Christmas cake, a delightful blend of orange blossom water ganache and milk chocolate ganache with a crunchy almond base.","이태원 골목길에 숨겨진 보석 같은 곳, 르 페셰 미뇽은 이름처럼 '죄책감마저 드는 은밀한 기쁨'을 선사하는 프랑스식 디저트 전문점입니다. 10년간의 직장 생활을 뒤로하고 파티시에의 꿈을 이룬 김희정 씨가 2017년에 문을 연 이곳은 특히 무스 케이크로 유명합니다. 가벼우면서도 깊은 달콤함을 선사하는 무스는 특별한 크리스마스 케이크에서도 빛을 발하는데요, 오렌지 블라썸 워터 가나슈와 밀크 초콜릿 가나슈, 그리고 고소한 아몬드 크루스티앙이 어우러진 완벽한 조화를 자랑합니다."
blueribbon,동빙고,서울특별시 용산구 이촌로 319,Seoul,South Korea,RIBBON_ONE,"디저트/스위트, 빙수",,02-794-7171,,2026,,37.51796359991885,126.98232664293936,2026-02-17T22:29:33.775718+00:00,,,,동빙고,서울특별시 용산구 이촌로 319,"This review details a meticulous and professional moving experience in the Dongbinggo-dong (동빙고동) area of Yongsan-gu, Seoul. The author emphasizes the importance of choosing a licensed and insured moving company, comparing quotes from at least three different services to avoid unexpected costs and ensure fair pricing. The moving team's efficiency and care, particularly the detailed packing of kitchenware and the protective handling of furniture, were highlighted as key factors in a stress-free relocation.","이 후기는 서울 용산구 동빙고동 지역에서의 꼼꼼하고 전문적인 이사 경험을 상세히 다루고 있습니다. 저자는 허가받고 보험에 가입된 이사업체를 선택하는 것의 중요성을 강조하며, 예상치 못한 비용 발생을 피하고 공정한 가격을 보장하기 위해 최소 세 곳의 견적을 비교했습니다. 이사팀의 효율성과 세심함, 특히 주방용품의 섬세한 포장과 가구의 보호 처리가 스트레스 없는 이사의 핵심 요인이었음을 강조합니다."
blueribbon,서울서둘째로잘하는집,서울특별시 종로구 삼청로 122-1,Seoul,South Korea,RIBBON_ONE,"카페/커피/티, 전통차전문점, 디저트/스위트, 단팥죽",,02-734-5302 ,,2026,,37.5862,126.9818,2026-02-17T22:29:33.775718+00:00,,,,서울서둘째로잘하는집,서울특별시 종로구 삼청로 122-1,"Nestled in the charming Samcheong-dong area, this cozy eatery is a hidden gem that will change your perception of traditional Korean desserts. Despite its unassuming exterior, the restaurant buzzes with a lively atmosphere, often filled with locals and visitors alike, eager to experience its renowned offerings. The star of the show is undoubtedly the patjuk (팥죽), a sweet red bean porridge that defies expectations. Its rich, subtly sweet flavor, enhanced by a hint of cinnamon and generous chunks of chewy glutinous rice balls, creates a truly unforgettable taste sensation. It's a must-try for anyone seeking an authentic and delightful Korean culinary experience.","매력적인 삼청동에 자리한 이 아늑한 식당은 한국 전통 디저트에 대한 인식을 바꿀 숨겨진 보석입니다. 소박한 외관에도 불구하고, 레스토랑은 유명한 메뉴를 경험하려는 현지인과 방문객들로 가득 차 활기찬 분위기를 자아냅니다. 이곳의 하이라이트는 단연 팥죽(팥죽)으로, 기대를 뛰어넘는 달콤한 맛을 자랑합니다. 은은한 시나몬 향과 큼직한 찹쌀 경단이 어우러진 진하고 부드러운 단맛은 정말 잊을 수 없는 맛의 경험을 선사합니다. 정통적이고 즐거운 한국 요리 경험을 찾는다면 꼭 맛봐야 할 곳입니다."
blueribbon,봉산집,서울특별시 용산구 한강대로62나길 24,Seoul,South Korea,RIBBON_ONE,"한식(육류), 소고기구이",,02-793-5022,,2026,,37.53437,126.975,2026-02-17T22:29:33.775718+00:00,,,,봉산집,서울특별시 용산구 한강대로62나길 24,"Nestled near Samgakji Station, Bongsan Jip is a renowned spot celebrated for its exceptional chadolbagi (차돌박이). This cozy eatery, marked by numerous congratulatory ribbons, offers a classic Korean barbecue experience. The star of the show is the thinly sliced beef brisket, best enjoyed with their special dipping sauce, garlic, and cabbage for an explosion of flavor. Don't miss the chadolmakjang jjigae (차돌막장찌개), a hearty soybean paste stew with beef brisket, perfect for adding to rice.","삼각지역 근처에 자리한 봉산집은 뛰어난 차돌박이로 유명한 맛집입니다. 수많은 축하 리본으로 장식된 이 아늑한 식당은 고전적인 한국식 바비큐 경험을 선사합니다. 이곳의 하이라이트는 얇게 썬 차돌박이로, 특별한 소스, 마늘, 양배추와 함께 먹으면 풍부한 맛을 느낄 수 있습니다. 밥에 비벼 먹기 좋은 차돌박이 된장찌개도 놓치지 마세요."
blueribbon,곰국시집,서울특별시 중구 무교로 24,Seoul,South Korea,RIBBON_ONE,"한식(면류), 칼국수, 한식(육류), 수육, 소고기구이",,02-756-3249 ,,2026,,37.56806,126.9795,2026-02-17T22:29:33.775718+00:00,,,,곰국시집,서울특별시 중구 무교로 24,"This long-standing eatery in Mugyodong is a beloved spot for office workers seeking hearty Korean fare. The atmosphere is warm and inviting, with a traditional feel. It's the perfect place to unwind with friends over drinks and delicious food, especially on a chilly evening. 

The star of the show is undoubtedly the succulent Suyuk (수육), made from thick cuts of premium beef brisket. Each bite is tender and flavorful, showcasing the quality of the Hanwoo (한우) beef. The accompanying side dishes, like the sweet winter cabbage and refreshing kimchi, perfectly complement the rich meat.","무교동에 자리한 이 오랜 맛집은 직장인들이 든든한 한식을 즐기기 위해 즐겨 찾는 곳입니다. 따뜻하고 아늑한 분위기에 전통적인 느낌이 물씬 풍깁니다. 특히 쌀쌀한 저녁, 친구들과 함께 술 한잔과 맛있는 음식을 즐기며 편안한 시간을 보내기에 완벽한 장소입니다.

이곳의 하이라이트는 단연 두툼한 최고급 소고기 양지 부위로 만든 부드러운 수육(Suyuk)입니다. 한우(Hanwoo)의 품질을 보여주는 풍미 가득한 맛이 일품입니다. 달콤한 겨울 배추와 상큼한 김치와 같은 곁들임 찬들은 풍부한 고기 맛을 완벽하게 보완해 줍니다."
blueribbon,국시집,서울특별시 성북구 창경궁로43길 9,Seoul,South Korea,RIBBON_ONE,"한식(면류), 칼국수",,02-762-1924 ,,2026,,37.58839,127.0043,2026-02-17T22:29:33.775718+00:00,,,,국시집,서울특별시 성북구 창경궁로43길 9,"Step into a culinary legacy at Seongbuk-dong Gukshijip (성북동 국시집), a beloved institution since 1969. This charming, two-story brick building offers a warm, traditional ambiance perfect for family gatherings or intimate meals. The star of the show is their signature Guksu (국수), a hearty noodle soup featuring a deeply savory broth made from premium beef, reminiscent of a mother's home-cooked meal. Complement your noodles with their incredibly tender Hanu Suyuk (한우 수육) that melts in your mouth, or try the unique and perfectly executed Daegu Saengseon Jeon (대구 생선전) and Heopa Jeon (허파전), which offer delightful textures and fresh flavors.","1969년부터 이어져 온 성북동 국시집은 전통과 맛이 살아 숨 쉬는 곳입니다. 벽돌로 지어진 아늑한 2층 건물은 가족 모임이나 소중한 사람들과의 식사에 완벽한 분위기를 선사합니다. 이곳의 대표 메뉴인 국시(국수)는 최고급 소고기로 우려낸 깊고 진한 육수가 일품이며, 마치 어머니가 끓여주신 듯한 정겨운 맛을 자랑합니다. 입안에서 사르르 녹는 부드러운 한우 수육과, 신선한 맛과 독특한 식감이 매력적인 대구 생선전, 허파전 또한 놓칠 수 없는 별미입니다."
blueribbon,남도식당,서울특별시 종로구 종로3길 42,Seoul,South Korea,RIBBON_ONE,"한식(육류), 돼지불고기, 소불고기, 한식(일반한식), 일반한식",,02-734-0719 ,,2026,,37.572194,126.979423,2026-02-17T22:29:33.775718+00:00,,,,남도식당,서울특별시 종로구 종로3길 42,"Step into a traditional Korean hanok (한옥) at Namdo Sikdang, a charming eatery near City Hall Station. This restaurant offers a unique dining experience where you remove your shoes and settle into private rooms, providing a glimpse into Korean culture for visitors. The atmosphere is serene, especially outside of peak lunch hours, making it a peaceful escape.","시청역 근처에 자리한 남도식당은 한국 전통 한옥의 매력을 느낄 수 있는 정겨운 식당입니다. 신발을 벗고 개별 방으로 들어가 식사하는 특별한 경험을 선사하며, 방문객들에게 한국 문화를 엿볼 수 있는 기회를 제공합니다. 특히 점심 피크 시간을 벗어나면 고즈넉한 분위기 속에서 평화로운 휴식을 즐길 수 있습니다."
blueribbon,도향촌,서울특별시 중구 남대문로 52-13,Seoul,South Korea,RIBBON_ONE,"디저트/스위트, 중국디저트",,02-776-5671 ,,2026,,37.5621320478482,126.982238910434,2026-02-17T22:29:33.775718+00:00,,,,도향촌,서울특별시 중구 남대문로 52-13,"Step into Dohyangchon (도향촌), a venerable Chinese pastry shop that has been serving traditional treats since 1968. Though recently renovated to a sparkling clean state, its long history is palpable. They specialize in authentic Chinese mooncakes (월병) and other pastries, made with natural ingredients, offering a unique, deep flavor profile. The shop is a popular spot for gift sets, showcasing their dedication to quality and tradition. Don't miss their signature 10-ingredient fruit and nut mooncake, the Sipgyeongwolbyeong (십경월병), or the walnut cookies (호도수) for a delightful, subtly sweet experience.","1968년부터 자리를 지켜온 도향촌(도향촌)은 최근 깔끔하게 리모델링되었지만, 오랜 역사가 느껴지는 정통 중국 과자 전문점입니다. 천연 재료로 만든 중국식 월병(월병)과 다양한 전통 과자를 맛볼 수 있으며, 특유의 깊고 풍부한 풍미가 특징입니다. 선물용 세트로도 인기가 많으며, 견과류와 열대과일이 어우러진 시그니처 월병인 십경월병(십경월병)이나 호두 쿠키(호도수)는 은은한 단맛으로 즐거운 경험을 선사합니다."
blueribbon,부민옥,서울특별시 중구 다동길 24-12,Seoul,South Korea,RIBBON_ONE,"한식(일반한식), 일반한식, 한식(육류), 소곱창, 한식(탕/국/찌개/전골), 육개장",,02-777-2345 ,,2026,,37.567519,126.980269,2026-02-17T22:29:33.775718+00:00,,,,부민옥,서울특별시 중구 다동길 24-12,"Step into Buminnok (부민옥), a venerable institution established in 1956 and recognized as a Seoul Future Heritage site. This beloved eatery near Euljiro Station is a go-to spot for local office workers, offering a taste of tradition. The star of the show is the Yang Gomtang (양곰탕), a hearty soup featuring tender tripe with a rich, deep broth. Don't miss their signature Yang Muchim (양무침), a flavorful tripe salad that's perfect for sharing.","1956년부터 시작되어 서울미래유산으로 지정된 부민옥은 을지로역 근처에 위치한 오랜 역사를 자랑하는 맛집입니다. 이곳은 지역 직장인들에게 사랑받는 곳으로, 전통의 맛을 선사합니다. 대표 메뉴인 양곰탕(양곰탕)은 부드러운 양과 깊고 진한 육수가 일품이며, 매콤달콤한 양념에 버무려 나오는 양무침(양무침)도 빼놓을 수 없는 별미입니다."
blueribbon,부산식당,서울특별시 종로구 인사동11길 12,Seoul,South Korea,RIBBON_ONE,"한식(일반한식), 백반, 두부, 한식(어패류), 생태탕",,02-733-5761 ,,2026,,37.57389,126.984,2026-02-17T22:29:33.775718+00:00,,,,부산식당,서울특별시 종로구 인사동11길 12,"This spot is a must-visit for a hearty and comforting meal, especially on a chilly day. The star of the show is the Jjamppong Sundubu (짬뽕순두부), a spicy seafood tofu stew that warms you from the inside out. For those who prefer a richer flavor, the Chadol Jjamppong Sundubu (차돌짬뽕순두부) with added beef brisket is highly recommended. Don't miss the banchan (반찬), particularly the spicy seasoned chili peppers (고추무침), which are a delightful accompaniment.","이곳은 특히 쌀쌀한 날씨에 든든하고 속을 편안하게 해주는 식사를 위해 꼭 방문해야 할 곳입니다. 이곳의 대표 메뉴는 얼큰한 해물 순두부찌개인 짬뽕순두부입니다. 좀 더 풍부한 맛을 선호한다면 차돌박이가 추가된 차돌짬뽕순두부를 강력 추천합니다. 곁들임 메뉴로 나오는 반찬, 특히 매콤하게 무친 고추무침도 놓치지 마세요."
blueribbon,양평매운탕,서울특별시 용산구 청파로 329,Seoul,South Korea,RIBBON_ONE,"한식(민물어패류), 민물매운탕",,02-712-6657 ,,2026,,37.54896,126.9697,2026-02-17T22:29:33.775718+00:00,,,,양평매운탕,서울특별시 용산구 청파로 329,"Step into Yangpyeong Maeuntang (양평매운탕) for a comforting, home-style dining experience reminiscent of visiting your grandmother's house. This Blue Ribbon-recognized gem near Seoul Station specializes in freshwater fish stew (매운탕), with the Ppagasari (빠가사리) option being a standout. The broth, rich with freshwater shrimp (민물새우) and fresh vegetables like zucchini and minari, is incredibly flavorful and refreshing, making it the perfect companion to a shot of soju. Don't miss the handmade sujebi (수제비) dough, which the owner expertly tears and adds to the bubbling stew right at your table.","양평매운탕(Yangpyeong Maeuntang)은 할머니 댁을 방문한 듯한 편안하고 정겨운 분위기를 선사하는 곳입니다. 서울역 근처에 위치한 이 블루리본 맛집은 민물고기 매운탕(매운탕) 전문점으로, 특히 빠가사리(Ppagasari) 매운탕이 인기입니다. 신선한 민물새우(민물새우)와 애호박, 미나리 등 채소가 듬뿍 들어간 국물은 깊고 시원한 맛이 일품이며, 소주와 환상의 궁합을 자랑합니다. 사장님이 직접 테이블에서 뜯어 넣어주는 손수제비(수제비) 또한 놓칠 수 없는 별미입니다."
blueribbon,혜화칼국수,서울특별시 종로구 창경궁로35길 13,Seoul,South Korea,RIBBON_ONE,"한식(면류), 칼국수, 한식(육류), 수육, 한식(어패류), 문어",,02-743-8212,,2026,,37.58651,127.0015,2026-02-17T22:29:33.775718+00:00,,,,혜화칼국수,서울특별시 종로구 창경궁로35길 13,"A beloved institution featured in the hit K-drama ""Reply 1988,"" Hyehwa Kalguksu is a must-visit for its comforting and rich noodle soup, often hailed as the ""epitome of soup dishes."" The atmosphere is always buzzing, with a constant stream of patrons eager to savor their signature dishes. Don't miss the crispy fried fish (saengseon twigim), a perfect accompaniment that elevates the meal to a truly complete experience.",'응답하라 1988'에 소개되어 많은 사랑을 받은 혜화칼국수는 '국물 요리의 정석'이라 불릴 만큼 따뜻하고 진한 칼국수 맛집입니다. 늘 사람들로 북적이는 이곳에서는 시그니처 메뉴인 칼국수와 바삭한 생선튀김을 꼭 맛봐야 합니다. 든든한 한 끼 식사를 완성시켜 줄 완벽한 조합입니다.
blueribbon,유래회관,서울특별시 성동구 마장로 196,Seoul,South Korea,RIBBON_ONE,"한식(육류), 소고기구이",,02-2293-8866 ,,2026,,37.56639,127.0316,2026-02-17T22:29:33.775718+00:00,,,,유래회관,서울특별시 성동구 마장로 196,"This establishment in Wangsimni is renowned for its premium Hanwoo Saeng Deungsim (한우 생등심), a prime cut of Korean beef that commands a higher price but delivers exceptional quality. While the side dishes are minimal, focusing the experience on the star attraction, the atmosphere is well-suited for family gatherings and special occasions. For those seeking a more budget-friendly option, lunch specials like Hanwoo Bulgogi (한우 불고기) and Wang Galbitang (왕갈비탕) are also popular choices.","왕십리에 위치한 유래회관은 최상급 한우 생등심(Hanwoo Saeng Deungsim)으로 명성이 자자한 곳입니다. 가격대는 다소 높지만, 뛰어난 품질의 한우를 맛볼 수 있어 특별한 날이나 가족 모임에 적합합니다. 메인 메뉴인 등심에 집중하기 위해 반찬은 간소하게 제공됩니다. 좀 더 합리적인 가격을 원한다면, 점심 특선 메뉴인 한우 불고기(Hanwoo Bulgogi)와 왕갈비탕(Wang Galbitang)도 인기가 많습니다."
blueribbon,은호식당,서울특별시 중구 남대문시장4길 28-4,Seoul,South Korea,RIBBON_ONE,"한식(탕/국/찌개/전골), 꼬리곰탕, 도가니탕, 한식(육류), 수육",,02-753-3263 ,,2026,,37.55898,126.977,2026-02-17T22:29:33.775718+00:00,,,,은호식당,서울특별시 중구 남대문시장4길 28-4,"Stepping into Eunho Sikdang (은호식당) is like stepping back in time. Established in 1932, this legendary eatery boasts nearly a century of history, making it a true Seoul institution. The interior offers a surprisingly modern feel, a contrast to its venerable past. While the menu might stray from typical Gen Z favorites, the unpretentious atmosphere and the absence of long queues, even during peak hours, contribute to its enduring charm. It's a place where tradition is served with every dish.","은호식당(은호식당)에 들어서는 순간 시간 여행을 하는 듯한 느낌을 받습니다. 1932년에 설립된 이 전설적인 식당은 거의 한 세기에 달하는 역사를 자랑하며 서울의 진정한 명소로 자리 잡았습니다. 내부는 놀랍도록 현대적인 느낌을 주어 오랜 역사와 대조를 이룹니다. 메뉴는 요즘 젊은 세대의 취향과는 다소 거리가 있을 수 있지만, 소박한 분위기와 피크 타임에도 긴 줄이 없는 점은 이곳의 변함없는 매력에 기여합니다. 이곳은 모든 요리에 전통을 담아내는 곳입니다."
blueribbon,충무로쭈꾸미불고기,서울특별시 중구 퇴계로31길 11,Seoul,South Korea,RIBBON_ONE,"한식(어패류), 주꾸미",,02-2279-0803 ,,2026,,37.56172,126.9922,2026-02-17T22:29:33.775718+00:00,,,,충무로쭈꾸미불고기,서울특별시 중구 퇴계로31길 11,"This lively spot in Chungmuro is a local favorite, buzzing with energy even during off-peak hours. It's the perfect place to unwind after work, with tables often filled with patrons enjoying a drink. The star of the show is the signature jukkumi-bulgogi (쭈꾸미불고기), a spicy stir-fried baby octopus dish. You can also opt for a mixed platter with king oyster mushrooms (키조개) for a delightful combination of flavors and textures.","충무로의 활기찬 이 곳은 비수기 시간에도 에너지가 넘치는 현지인들의 사랑을 받는 곳입니다. 퇴근 후 긴장을 풀기에 완벽한 장소이며, 테이블은 종종 술을 즐기는 손님들로 가득합니다. 이곳의 하이라이트는 매콤하게 볶아낸 아기 낙지 요리인 시그니처 쭈꾸미불고기입니다. 맛과 식감의 즐거운 조화를 위해 키조개와 함께 모듬 메뉴를 선택할 수도 있습니다."
blueribbon,인텔리젠시아커피서촌,서울특별시 종로구 자하문로 34,Seoul,South Korea,RIBBON_ONE,"카페/커피/티, 커피전문점",,070-4146-2400,,2026,,37.5790933151243,126.971759754007,2026-02-17T22:29:33.775718+00:00,,,,인텔리젠시아커피서촌,서울특별시 종로구 자하문로 34,"Nestled in a traditional Korean hanok (한옥) style building, Intelligentsia Coffee Seochon offers a unique blend of American specialty coffee culture within a distinctly Korean aesthetic. The striking crimson 'winged coffee cup' logo stands out, hinting at the premium experience inside. Inside, the cafe continues the hanok theme with wooden beams and stone foundations, creating a serene atmosphere perfect for enjoying their expertly brewed coffee.","전통적인 한국의 한옥(한옥) 스타일 건물에 자리한 인텔리젠시아 커피 서촌은 독특한 한국적 미학 속에서 미국 스페셜티 커피 문화를 독특하게 조화롭게 선보입니다. 강렬한 붉은색 '날개 달린 커피잔' 로고가 눈에 띄며 내부의 프리미엄 경험을 암시합니다. 내부는 처마와 나무 기둥, 주춧돌 등 한옥의 느낌을 살린 소재로 꾸며져 있어, 전문적으로 추출한 커피를 즐기기에 완벽한 고요한 분위기를 자아냅니다."
blueribbon,지유명차(종로점),서울특별시 종로구 돈화문로 79,Seoul,South Korea,RIBBON_ONE,"카페/커피/티, 중국차전문점",,02-762-5634 ,,2026,,37.575528,126.99047,2026-02-17T22:29:33.775718+00:00,,,,지유명차(종로점),서울특별시 종로구 돈화문로 79,"This is Seoul's only pu'er tea (보이차) specialty shop, boasting an impressive six consecutive years of recognition from the Blue Ribbon Survey. The shop has been a beloved destination for tea enthusiasts since 2020, a testament to the dedication and quality they offer. It's a place where the community's appreciation fuels their commitment to excellence, ensuring a warm welcome for years to come.",이곳은 6년 연속 블루리본 서베이에 선정된 서울 유일의 보이차 전문점입니다. 2020년부터 꾸준히 사랑받아온 이곳은 차 애호가들의 발길이 끊이지 않는 명소입니다. 고객들의 변함없는 성원 덕분에 최고의 품질과 따뜻한 환대를 약속하며 앞으로도 계속해서 그 명성을 이어갈 것입니다.
blueribbon,신안촌,서울특별시 종로구 사직로12길 8,Seoul,South Korea,RIBBON_ONE,"한식(어패류), 홍어, 낙지",,0507-1418-7744,,2026,,37.57567,126.971,2026-02-17T22:29:33.775718+00:00,,,,신안촌,서울특별시 종로구 사직로12길 8,"A venerable institution in Gwanghwamun since 1986, Sinan Chon (신안촌) is a beloved Namdo (South Jeolla Province) Korean table d'hôte restaurant. Known for its impactful dishes rather than sheer quantity, this spot offers a taste of tradition, even favored by former President Kim Dae-jung. The main branch exudes an authentic, old-school charm, a stark contrast to its more modern sister location, making it a perfect choice for those seeking a genuine, nostalgic dining experience.","1986년부터 광화문에서 자리를 지켜온 신안촌(Sinan Chon)은 남도의 맛을 가득 담은 한정식 맛집입니다. 화려함보다는 메뉴 하나하나에 담긴 깊은 맛으로 유명하며, 김대중 전 대통령도 즐겨 찾았던 곳입니다. 본점은 세월의 멋과 정취가 느껴지는 고풍스러운 분위기를 자랑하며, 현대적인 경희궁점과는 또 다른 매력을 선사합니다. 전통적인 분위기 속에서 정갈하고 임팩트 있는 남도 한정식을 경험하고 싶다면 이곳을 추천합니다."
blueribbon,PIZZERIA D'BUZZA,서울특별시 용산구 이태원로55가길 28,Seoul,South Korea,RIBBON_ONE,"이탈리아식, 피자",,02-794-9474,,2026,,37.53723,126.9998,2026-02-17T22:29:33.775718+00:00,,,,부자피자,서울특별시 용산구 이태원로55가길 28,"Pizzeria d'Buzza (피제리아 디 부자) offers an authentic Neapolitan pizza experience, with a staggering 23 varieties all fired in a wood-burning oven at over 400°C. The result is a crust that's crispy on the outside, chewy and moist within. The cozy interior, though tables are close, fosters an intimate atmosphere perfect for sharing conversation. Don't miss the Buzza Bitz (부자 비츠), a must-order Sicilian tomato risotto fritter ball with a satisfying mozzarella pull.","피제리아 디 부자(Pizzeria d'Buzza)는 400도 이상의 장작 화덕에서 구워낸 23가지 정통 나폴리식 피자를 선보입니다. 겉은 바삭하고 속은 쫄깃 촉촉한 도우가 일품입니다. 테이블 간격은 좁지만, 아늑하고 친밀한 분위기에서 대화를 나누기 좋습니다. 특히 꼭 주문해야 할 메뉴인 시칠리아식 토마토 리조또 튀김볼, 부자 비츠(Buzza Bitz)는 쭉 늘어나는 모짜렐라 치즈가 매력적입니다."
blueribbon,Di Matteo,서울특별시 종로구 동숭길 29,Seoul,South Korea,RIBBON_ONE,"이탈리아식, 피자, 파스타",,02-747-4444,,2026,,37.579976,127.003922,2026-02-17T22:29:33.775718+00:00,,,,디마떼오,서울특별시 종로구 동숭길 29,"Antica Pizzeria Di Matteo offers a truly authentic Neapolitan pizza experience, with a bustling atmosphere and the irresistible aroma of pizzas baking in a traditional wood-fired oven. While the pizzas are delicious and incredibly affordable, they are on the smaller side, making them perfect for a quick, satisfying bite. Don't miss out on their classic Margherita pizza, a simple yet flavorful testament to Naples' culinary heritage.","Antica Pizzeria Di Matteo는 전통적인 화덕에서 갓 구워낸 피자의 매력적인 향과 함께 활기찬 분위기를 자랑하는 진정한 나폴리 피자 경험을 선사합니다. 피자는 맛있고 가격도 저렴하지만, 크기가 작은 편이라 빠르고 만족스러운 간식으로 완벽합니다. 나폴리의 요리 유산을 맛깔나게 보여주는 심플하면서도 풍미 가득한 클래식 마르게리타 피자를 놓치지 마세요."
blueribbon,국화정원,서울특별시 성북구 성북로 154,Seoul,South Korea,RIBBON_ONE,"한식(일반한식), 한정식",,02-741-0021 ,,2026,,37.59455,126.9927,2026-02-17T22:29:33.775718+00:00,,,,국화정원,서울특별시 성북구 성북로 154,"Nestled in the charming Seongbuk-dong, Gukhwajeongwon (국화정원) offers a refined Korean dining experience perfect for special occasions. This traditional Hanok (한옥) restaurant provides private rooms, ideal for family gatherings and celebrations, with a minimum of 8 adults required for complimentary room use or a small fee for smaller parties. The service is noted for its exceptional kindness and attentiveness, making guests feel truly welcomed and cared for throughout their meal.","성북동의 매력적인 분위기 속에 자리한 국화정원(Gukhwajeongwon)은 특별한 날을 위한 격조 높은 한정식 경험을 선사합니다. 전통적인 한옥(Hanok) 건물에 자리한 이 식당은 가족 모임이나 기념 행사에 이상적인 개별 룸을 제공하며, 성인 8인 이상 시 룸 이용이 무료이고, 그 미만일 경우 소정의 룸 차지 비용이 있습니다. 친절하고 세심한 서비스는 식사 내내 손님들이 진심으로 환영받고 있다는 느낌을 선사합니다."
blueribbon,VENEZ,서울특별시 광진구 군자로 70,Seoul,South Korea,RIBBON_ONE,"이탈리아식, 파스타",,0507-1307-5794,,2026,,37.54903901328583,127.07084950531714,2026-02-17T22:29:33.775718+00:00,,,,브네,서울특별시 광진구 군자로 70,"VENEZ is a unique wine bar near Children's Grand Park Station that has earned Blue Ribbons for its exceptional food, especially its lunch offerings. While it boasts an impressive wine list featuring Korean vintages and natural wines, the true stars are the dishes. The signature katsu sando (가츠산도) is a must-try, with its incredibly juicy pork neck and perfectly crisp bread, rivaling the best tonkatsu (돈카츠) in Seoul. Don't miss the refreshing seasonal ceviche (셰비체) either, a rare find in the city, expertly balanced with acidity and texture.","어린이대공원역 근처에 위치한 VENEZ는 독특한 와인바로, 특히 점심 메뉴로 뛰어난 음식 덕분에 블루리본을 여러 차례 수상했습니다. 한국 빈티지와 내추럴 와인을 포함한 인상적인 와인 리스트를 자랑하지만, 진정한 별은 음식입니다. 시그니처 메뉴인 가츠산도(katsu sando)는 육즙 가득한 돼지 목살과 완벽하게 바삭한 빵이 어우러져 서울 최고의 돈카츠(tonkatsu)와 견줄 만합니다. 도시에서 흔히 맛보기 힘든 계절별 세비체(ceviche)도 놓치지 마세요. 산도와 식감이 절묘하게 조화를 이룹니다."
blueribbon,bear cafe,서울특별시 종로구 자하문로24길 24,Seoul,South Korea,RIBBON_ONE,"카페/커피/티, 카페",,070-7775-8001,,2026,,37.582877,126.971122,2026-02-17T22:29:33.775718+00:00,,,,베어카페,서울특별시 종로구 자하문로24길 24,"Nestled in the charming alleys of Seochon, Bear Cafe (베어 카페) is a beautifully renovated hanok (한옥) that blends traditional architecture with a modern, artistic sensibility. The cafe doubles as a gallery, showcasing and selling unique illustrations and mini-books from various artists, making it a delightful stop for book lovers and art enthusiasts alike. It's the perfect spot to soak in the local atmosphere while discovering new creative works.","서촌의 매력적인 골목길에 자리한 베어 카페(Bear Cafe)는 전통적인 한옥을 현대적인 예술적 감각으로 아름답게 개조한 공간입니다. 카페 한편에서는 다양한 작가들의 독특한 일러스트와 미니북을 전시 및 판매하며, 책을 좋아하는 분들과 예술 애호가들에게 즐거운 경험을 선사합니다. 이곳은 현지 분위기를 만끽하며 새로운 창작물을 발견하기에 완벽한 장소입니다."
blueribbon,진고개,서울특별시 중구 충무로 19-1,Seoul,South Korea,RIBBON_ONE,"한식(일반한식), 일반한식, 한식(어패류), 게장, 한식(육류), 소불고기",,02-2267-0955 ,,2026,,37.56299,126.9928,2026-02-17T22:29:33.775718+00:00,,,,진고개,서울특별시 중구 충무로 19-1,"Nestled in the heart of Chungmuro, JinGogae is a popular Korean eatery bustling with locals and tourists alike. The atmosphere is lively, especially during peak hours, making it a great spot for a satisfying meal. While the menu offers a variety of Korean staples like bulgogi and stews, the real stars are the set menus.

The signature dishes here are the marinated crab (yangnyeom gejang, 양념 게장) and braised short ribs (galbi jjim, 갈비찜). The yangnyeom gejang is praised for its generous portions and plump, succulent crab meat that melts in your mouth. For those who prefer a milder option, the soy-marinated crab (ganjang gejang, 간장 게장) is also available. The galbi jjim offers a subtly sweet flavor, making it a hit with a wide range of palates, including international visitors.","충무로 중심부에 자리한 진고개는 현지인과 관광객 모두로 붐비는 인기 있는 한식 맛집입니다. 특히 피크 타임에는 활기찬 분위기가 느껴져 만족스러운 식사를 즐기기에 좋은 장소입니다. 메뉴에는 불고기와 찌개 등 다양한 한식 메뉴가 있지만, 이곳의 진정한 별미는 정식 메뉴입니다.

이곳의 대표 메뉴는 양념 게장과 갈비찜입니다. 양념 게장은 푸짐한 양과 입안에서 살살 녹는 통통하고 부드러운 게살로 칭찬받고 있습니다. 좀 더 순한 맛을 선호하는 분들을 위해 간장 게장도 준비되어 있습니다. 갈비찜은 은은하게 달콤한 맛으로, 외국인 방문객을 포함한 다양한 입맛을 사로잡고 있습니다."
blueribbon,원대구탕,서울특별시 용산구 한강대로62가길 8,Seoul,South Korea,RIBBON_ONE,"한식(어패류), 대구탕",,02-797-4488 ,,2026,,37.534653,126.974207,2026-02-17T22:29:33.775718+00:00,,,,원대구탕,서울특별시 용산구 한강대로62가길 8,"Prepare for a potential wait at this popular spot, but rest assured, the clean and welcoming interior, complete with friendly staff, makes it worthwhile. The star of the show is the spicy cod stew, maeuntang (매운탕), featuring incredibly fresh and tender cod and gon (곤). The broth is a revelation – starting with a spicy kick, it evolves into a clean, refreshing flavor that’s perfect for enjoying slowly. Don't miss out on the delicious fried cod (대구튀김) and the satisfying fried rice (볶음밥) to round out your meal.","이곳은 웨이팅이 길 수 있지만, 깨끗하고 친절한 내부와 직원들 덕분에 기다릴 가치가 충분합니다. 메인 메뉴인 얼큰한 대구탕(매운탕)은 신선하고 부드러운 대구와 곤이(곤)가 푸짐하게 들어있습니다. 특히 국물은 처음에는 매콤하지만 먹을수록 깔끔하고 시원한 맛으로 변해 천천히 음미하기 좋습니다. 바삭한 대구튀김(대구튀김)과 든든한 볶음밥(볶음밥)도 놓치지 마세요."
blueribbon,용문집,서울특별시 성동구 살곶이길 18,Seoul,South Korea,RIBBON_ONE,"한식(육류), 육사시미, 소고기구이",,02-2292-2218 ,,2026,,37.5713825413725,127.040519485291,2026-02-17T22:29:33.775718+00:00,,,,용문집,서울특별시 성동구 살곶이길 18,"Yongmunjip, a popular meat restaurant in Jayang-dong, is known for its excellent quality meats, particularly its signature yuksaesimi (육사시미) and bone marrow (등골). The yuksaesimi (육사시미) is praised for its freshness and generous portion size, offering a delightful texture. The bone marrow (등골) is a standout, described as incredibly rich and savory, melting in your mouth when dipped in sesame salt. It's the perfect spot for a night out with friends, offering a great atmosphere for drinks and delicious food.

While the accompanying sauces for the yuksaesimi (육사시미) could be improved, the quality of the meat itself shines through. Many patrons express a desire to return to try other specialties like jebichuri (제비추리). The restaurant, a second branch of the original Majang-dong Yongmunjip, opens in the afternoon and quickly fills up, indicating its popularity. It's a must-visit for those seeking authentic and flavorful Korean meat dishes.","자양동의 인기 고깃집 용문집은 특히 시그니처 메뉴인 육사시미와 등골의 뛰어난 품질로 유명합니다. 육사시미는 신선함과 푸짐한 양으로 칭찬받으며, 훌륭한 식감을 선사합니다. 등골은 특히 이 집의 자랑거리로, 참기름 소금장에 찍어 먹으면 입안에서 사르르 녹는 극강의 고소함을 느낄 수 있습니다. 친구들과 함께 술 한잔 기울이기 좋은 분위기와 맛있는 음식을 즐길 수 있는 완벽한 장소입니다.

육사시미의 곁들임 소스는 개선의 여지가 있다는 의견도 있지만, 고기 자체의 품질은 단연 돋보입니다. 많은 손님들이 제비추리 같은 다른 특선 메뉴를 맛보기 위해 재방문하고 싶다는 바람을 표현합니다. 마장동 용문집의 2호점인 이 식당은 오후에 문을 열자마자 손님들로 붐비기 시작하며, 그 인기를 실감하게 합니다. 정통의 맛있는 한국식 고기 요리를 찾는 분들에게 꼭 방문해야 할 곳입니다."
blueribbon,대도식당,서울특별시 성동구 무학로12길 3,Seoul,South Korea,RIBBON_ONE,"한식(육류), 소고기구이",,02-2292-9772,,2026,,37.56741500765416,127.03065677544468,2026-02-17T22:29:33.775718+00:00,,,,대도식당,서울특별시 성동구 무학로12길 3,"Step into Daedo Sikdang (대도식당), a Seoul institution since 1964, where the vibe is a unique blend of nostalgic exterior and a surprisingly modern, clean interior. This legendary spot is renowned for its singular focus: premium sirloin (deungsim, 등심). The grilling process itself is an art, with the beef seared on a piping hot pan, lubricated with beef fat for an unparalleled richness. While the sides are minimalist – crisp scallion salad (pajori, 파절이), cabbage, and cubed radish kimchi (kkakdugi, 깍두기) – they perfectly complement the star of the show. Don't miss the final act: stir-fried rice with the remaining scallions and kkakdugi (깍두기) on the same pan, a flavorful conclusion to a classic Korean BBQ experience.","1964년부터 이어져 온 서울의 명소, 대도식당(Daedo Sikdang)에 오신 것을 환영합니다. 향수를 불러일으키는 외관과 놀랍도록 현대적이고 깔끔한 내부가 조화를 이루는 이곳은 프리미엄 등심(deungsim, 등심)에 대한 단 하나의 집중으로 명성을 쌓아왔습니다. 뜨겁게 달궈진 팬에 소기름을 둘러 구워내는 과정 자체가 예술이며, 이는 비교할 수 없는 풍미를 선사합니다. 곁들임 메뉴는 파절이(pajori, 파절이), 양배추, 깍두기(kkakdugi, 깍두기)로 간결하지만, 메인 요리를 완벽하게 보완합니다. 마지막 하이라이트인 팬에 남은 파와 깍두기를 넣고 볶아 먹는 밥은 클래식한 한국식 바비큐 경험의 풍미 가득한 마무리를 선사합니다."
blueribbon,고려삼계탕,서울특별시 중구 서소문로11길 1,Seoul,South Korea,RIBBON_ONE,"한식(가금류), 삼계탕",,02-752-9376 ,,2026,,37.56294,126.9729,2026-02-17T22:29:33.775718+00:00,,,,고려삼계탕,서울특별시 중구 서소문로11길 1,"A true institution since 1970, this beloved spot, formerly known as Ojang-dong Goryeo Samgyetang, is a must-visit for authentic Korean ginseng chicken soup. The vibe is classic and no-frills, with a focus on tradition and regulars who appreciate the no-photography policy. Expect a hearty, comforting meal that feels like a warm hug, perfect for any occasion, especially during the hot summer days.

The star of the show is undoubtedly the Insam Samgyetang (인삼삼계탕), boasting a rich, smooth broth that's flavorful without being greasy. The chicken is incredibly tender, falling off the bone with ease. Don't miss the complimentary Insamju (인삼주), a ginseng liquor that perfectly complements the meal. They also serve a unique side of warm, seasoned silkworm pupae (번데기), a nostalgic treat for many.","1970년부터 시작된 이 사랑받는 맛집은 예전 오장동 고려삼계탕으로 알려져 있으며, 정통 한국식 인삼 삼계탕을 맛볼 수 있는 필수 코스입니다. 이곳의 분위기는 클래식하고 꾸밈없으며, 전통과 사진 촬영을 선호하지 않는 단골들의 취향을 존중합니다. 특히 더운 여름날에 완벽하게 어울리는 따뜻하고 든든한 식사를 기대하셔도 좋습니다.

이곳의 하이라이트는 단연 인삼삼계탕(Insam Samgyetang)입니다. 기름지지 않으면서도 풍부하고 부드러운 국물이 일품이며, 닭고기는 뼈에서 쉽게 분리될 정도로 부드럽습니다. 식사와 완벽한 조화를 이루는 무료 인삼주(Insamju)도 놓치지 마세요. 또한, 많은 사람들에게 향수를 불러일으키는 따뜻하고 양념된 번데기(beondegi)도 별미로 제공됩니다."
blueribbon,강원정,서울특별시 용산구 원효로89길 13-10,Seoul,South Korea,RIBBON_ONE,"한식(가금류), 삼계탕, 닭볶음탕",,02-719-9978 ,,2026,,37.54043,126.9678,2026-02-17T22:29:33.775718+00:00,,,,강원정,서울특별시 용산구 원효로89길 13-10,"Step into a century-old hanok (한옥) transformed into a renowned samgyeopsal (삼계탕) haven, recognized by numerous Blue Ribbons and featured on the popular TV show ""Siksin"" (수요미식회). The atmosphere is steeped in tradition, with dining rooms set up in renovated traditional Korean rooms. Their signature samgyeopsal (삼계탕) is served piping hot, featuring tender young chicken filled with glutinous rice and topped with a unique sprinkle of sunflower seeds and scallions. A complimentary ginseng wine (인삼주) is offered as a prelude to this nourishing meal.","수많은 블루리본과 수요미식회에 소개된, 100년 된 한옥을 개조한 삼계탕 명가에 들어서 보세요. 식사 공간은 개조된 전통 한실로 꾸며져 있어 고풍스러운 분위기를 자아냅니다. 이곳의 대표 메뉴인 삼계탕은 뜨겁게 제공되며, 부드러운 영계 뱃속에는 찹쌀이 가득 차 있고, 겉에는 해바라기씨와 파채가 뿌려져 있습니다. 식사 전에는 서비스로 인삼주(인삼주) 한 잔이 제공되어 보양식을 더욱 풍성하게 즐길 수 있습니다."
blueribbon,진주회관,서울특별시 중구 세종대로11길 26,Seoul,South Korea,RIBBON_ONE,"한식(면류), 콩국수, 한식(일반한식), 일반한식",,02-753-5388 ,,2026,,37.56235,126.9745,2026-02-17T22:29:33.775718+00:00,,,,진주회관,서울특별시 중구 세종대로11길 26,"A legendary Seoul institution, Jinjuhwegwan is a must-visit for its iconic Kongguksu (콩국수). This creamy, rich soybean noodle soup is a summer staple, drawing crowds even on the hottest days. While the menu also features other Korean favorites like Kimchi Fried Rice (김치볶음밥) and Mixed Stew (섞어 찌개), be aware that during peak summer hours and weekends, only Kongguksu (콩국수) may be available.

Finding parking in the bustling city center can be a challenge, but the restaurant offers a convenient tip: utilize the Kakao T parking app to reserve a spot at the nearby Nice Park City Square. This modern, spacious lot is just a short walk away and offers a hassle-free experience, allowing you to fully enjoy your meal without the stress of searching for parking.","진주회관은 서울의 전설적인 맛집으로, 시그니처 메뉴인 콩국수(Kongguksu)를 맛보기 위해 꼭 방문해야 할 곳입니다. 걸쭉하고 진한 콩국물은 여름철 별미로, 가장 더운 날에도 인파를 끌어모읍니다. 김치볶음밥(Kimchi Fried Rice)이나 섞어 찌개 같은 다른 한국 요리도 메뉴에 있지만, 여름철 성수기나 주말에는 콩국수만 주문 가능할 수 있으니 참고하세요.

번화한 도심에서 주차 공간을 찾는 것이 어려울 수 있지만, 식당에서는 편리한 팁을 제공합니다. 카카오 T 주차 앱을 사용하여 근처 나이스파크 시티 스퀘어에 주차 공간을 예약하세요. 이 현대적이고 넓은 주차장은 도보로 가까운 거리에 있으며 번거로움 없는 경험을 제공하여 주차 걱정 없이 식사를 온전히 즐길 수 있습니다."
blueribbon,용금옥,서울특별시 종로구 자하문로 41-2,Seoul,South Korea,RIBBON_ONE,"한식(민물어패류), 추어탕",,02-777-4749 ,,2026,,37.57973,126.9709,2026-02-17T22:29:33.775718+00:00,,,,용금옥,서울특별시 종로구 자하문로 41-2,"Step into Yonggeumok, a Michelin-recognized institution serving Seoul since 1932. This historic eatery is renowned for its unique Seoul-style Chueotang (서울추탕), a hearty fish soup distinct from its southern counterparts, featuring ingredients like tofu, egg, and even beef tripe. Don't miss their crispy Chueo twigim (추어튀김), a popular fried loach dish that's a must-try for adventurous eaters. The ambiance is steeped in tradition, offering a taste of old Seoul.","1932년부터 서울의 맛을 지켜온 미쉐린 가이드 선정 맛집 용금옥에 오신 것을 환영합니다. 이곳의 시그니처 메뉴는 남도식과는 확연히 다른, 두부, 달걀, 소 곱창 등 다양한 재료가 들어간 독특한 서울식 추어탕(서울추탕)입니다. 바삭하게 튀겨낸 추어튀김(추어튀김) 또한 놓칠 수 없는 별미이니 꼭 맛보세요. 오랜 세월의 흔적이 묻어나는 이곳에서 옛 서울의 정취를 느껴보세요."
blueribbon,어머니대성집,서울특별시 동대문구 왕산로11길 4,Seoul,South Korea,RIBBON_ONE,"한식(탕/국/찌개/전골), 선지해장국, 한식(육류), 소고기구이",,02-923-1718 ,,2026,,37.5774742408426,127.028564198078,2026-02-17T22:29:33.775718+00:00,,,,어머니대성집,서울특별시 동대문구 왕산로11길 4,"This beloved spot, featured on ""Sung Si-kyung's Eat, Eat,"" is a must-visit for its unique take on haejangguk (해장국). The star of the show is the finely minced meat, offering a surprisingly tender and melt-in-your-mouth texture, unlike any other soup you've tried. Served with rice already mixed in, this comforting dish is perfect for a hearty meal any time of day. The clear, savory broth boasts a deep beefy flavor, complemented by tender agedashi (agedashi) and soft 우거지 (ugeoji), making for a truly satisfying experience.","성시경의 '먹을텐데'에도 소개된 이 인기 맛집은 독특한 스타일의 해장국으로 꼭 방문해야 할 곳입니다. 이곳의 하이라이트는 잘게 다져진 고기로, 다른 어떤 국에서도 맛볼 수 없는 놀랍도록 부드럽고 입안에서 녹는 듯한 식감을 선사합니다. 밥이 이미 말아져 나오는 이 든든한 요리는 하루 중 언제 먹어도 완벽합니다. 맑고 감칠맛 나는 국물은 깊은 소고기 풍미를 자랑하며, 부드러운 선지와 연한 우거지가 어우러져 진정으로 만족스러운 경험을 선사합니다."
blueribbon,La Cantina,서울특별시 중구 을지로 19,Seoul,South Korea,RIBBON_ONE,"이탈리아식, 파스타",,02-777-2580,,2026,,37.566262,126.979954,2026-02-17T22:29:33.775718+00:00,,,,라칸티나,서울특별시 중구 을지로 19,"Step into La Cantina, Seoul's pioneering Italian restaurant, established in 1967 and recognized as a Seoul Future Heritage. Nestled in the basement of the Samsung Building near City Hall, this historic gem offers a charming, old-world ambiance, especially festive during the holiday season. While walk-ins are possible at opening, reservations are highly recommended due to its popularity, particularly for year-end gatherings. The menu, featuring a blend of Korean and Italian, allows for custom pasta creations with a wide selection of noodles and sauces, alongside classic appetizers like the delightful calamari fritta (칼라마리 프리타) with its unique 'tartar' sauce.","1967년에 문을 열어 서울미래유산으로 지정된 서울 최초의 이탈리안 레스토랑, 라칸티나를 만나보세요. 시청 근처 삼성빌딩 지하에 자리한 이곳은 특히 연말 시즌에 더욱 빛나는 고풍스러운 분위기를 자랑합니다. 오픈 시간에 맞춰 방문하면 운 좋게 자리를 잡을 수도 있지만, 송년회 등 모임으로 인기가 많아 예약은 필수입니다. 한국어와 이탈리아어가 조화된 메뉴판에서는 다양한 면과 소스를 조합해 나만의 파스타를 만들거나, 독특한 '탈탈' 소스가 곁들여지는 클래식한 칼라마리 프리타(calamari fritta)와 같은 애피타이저를 즐길 수 있습니다."
blueribbon,사랑방칼국수,서울특별시 중구 퇴계로27길 46,Seoul,South Korea,RIBBON_ONE,"한식(면류), 칼국수, 한식(가금류), 닭백숙",,02-2272-2020,,2026,,37.56324,126.9914,2026-02-17T22:29:33.775718+00:00,,,,사랑방칼국수,서울특별시 중구 퇴계로27길 46,"This museum offers a breathtaking journey through Korea's rich history, with stunning artifacts like the Silla gold crowns (신라 금관) and the intricate Goryeo Dynasty stone pagoda (경천사지 10층석탑). The exhibits are thoughtfully laid out, allowing visitors to trace the evolution of Korean culture from prehistoric times to the Joseon Dynasty (조선시대) and beyond. The spacious halls and impressive displays make for an immersive and educational experience, perfect for all ages.",이 박물관은 신라 금관과 경천사지 10층 석탑과 같은 눈부신 유물들을 통해 한국의 풍부한 역사 속으로 숨 막힐 듯한 여정을 선사합니다. 전시물들은 선사 시대부터 조선 시대에 이르기까지 한국 문화의 진화를 따라갈 수 있도록 세심하게 배치되어 있습니다. 넓은 홀과 인상적인 전시물들은 모든 연령대에 완벽한 몰입감 있고 교육적인 경험을 선사합니다.
blueribbon,이태원숯불구이,서울특별시 용산구 녹사평대로32길 41-5,Seoul,South Korea,RIBBON_ONE,"한식(육류), 소고기구이, 한식(탕/국/찌개/전골), 곰탕",,02-797-7777 ,,2026,,37.5330850108669,126.990902900609,2026-02-17T22:29:33.775718+00:00,,,,이태원숯불구이,서울특별시 용산구 녹사평대로32길 41-5,"This Itaewon spot is a lively hub perfect for a night out with friends, offering a vibrant atmosphere that encourages good times and plenty of photo opportunities. While the club scene might not be for everyone, the area buzzes with energy, making it a great place to explore and create memories. The reviews highlight a fun, albeit sometimes chaotic, adventure through Seoul's popular district.","이태원의 활기찬 분위기 속에서 친구들과 함께 즐거운 시간을 보내기에 완벽한 장소입니다. 이곳은 좋은 추억을 만들고 사진을 찍기에 좋은 활기찬 에너지를 자랑합니다. 클럽 문화가 모두에게 맞지는 않을 수 있지만, 이 지역은 탐험하고 기억을 만들기에 좋은 활기로 가득 차 있습니다. 방문객들은 서울의 인기 있는 지역을 통과하는 재미있고 때로는 혼란스러운 모험을 경험했습니다."
blueribbon,잼배옥,서울특별시 중구 세종대로9길 68-9,Seoul,South Korea,RIBBON_ONE,"한식(탕/국/찌개/전골), 설렁탕, 한식(육류), 수육",,02-755-8106 ,,2026,,37.56246,126.9737,2026-02-17T22:29:33.775718+00:00,,,,잼배옥,서울특별시 중구 세종대로9길 68-9,"Jam-bae-ok (잼배옥) is a time-honored restaurant near Seoul City Hall, perfect for a comforting meal. The menu features hearty, warm soups like seolleongtang (설렁탕) and dogani-tang (도가니탕), ideal for a chilly day. The generous portion of somyeon (소면) noodles in the soup adds a delightful texture to every spoonful.",서울 시청 근처에 위치한 오랜 전통의 맛집 잼배옥(잼배옥)은 든든한 식사를 하기에 완벽한 곳입니다. 메뉴로는 설렁탕(설렁탕)과 도가니탕(도가니탕) 등 따뜻하고 푸짐한 국물 요리가 준비되어 있어 쌀쌀한 날씨에 제격입니다. 국물에 넉넉하게 들어있는 소면(소면)은 한 숟갈마다 즐거운 식감을 더해줍니다.
blueribbon,장수갈비집본가,서울특별시 중구 명동2길 54-1,Seoul,South Korea,RIBBON_ONE,"한식(육류), 소갈비",,02-775-9292 ,,2026,,37.560967,126.983114,2026-02-17T22:29:33.775718+00:00,,,,장수갈비집본가,서울특별시 중구 명동2길 54-1,"Nestled in the heart of Myeongdong, Jangsu Galbi Jip Bon Ga offers a refined experience for beef lovers. While the portions might be on the smaller side, the quality of the meat shines through, especially their signature Jangsu Galbi (장수갈비). The house-made ssamjang (쌈장) is a delightful touch, adding a unique flavor to the fresh vegetable wraps. It's a great spot for a lighter, yet satisfying, beef meal in the bustling city center.","명동 중심부에 자리한 장수갈비집 본가는 육류 애호가들에게 섬세한 미식 경험을 선사합니다. 양은 다소 적을 수 있지만, 특히 시그니처 메뉴인 장수갈비(Jangsu Galbi)의 고기 품질은 단연 돋보입니다. 직접 만든 쌈장(ssamjang)은 신선한 채소 쌈에 독특한 풍미를 더하는 즐거운 요소입니다. 번화한 도심 속에서 가볍지만 만족스러운 소고기 식사를 즐기기에 좋은 곳입니다."
blueribbon,형제갈비,서울특별시 서대문구 명물1길 2,Seoul,South Korea,RIBBON_ONE,"한식(육류), 소갈비, 소불고기",,02-365-0001 ,,2026,,37.55788,126.937344,2026-02-17T22:29:33.775718+00:00,,,,형제갈비,서울특별시 서대문구 명물1길 2,"Nestled in the bustling food alley near Bulkwang Station, Hyungje Galbi is a 30-year-old establishment specializing in handmade ribs. The atmosphere is lively, especially with hikers stopping by after their treks, creating a warm, family-friendly vibe. The star of the show is their Han Don Wang Galbi (한돈 왕갈비), thick-cut pork ribs marinated in a sauce that's perfectly balanced – not too sweet, allowing the quality of the meat to shine. It's a place where even picky eaters find themselves going back for more.","불광역 먹자골목에 자리한 형제갈비는 30년 전통의 수제 갈비 전문점입니다. 등산객들이 즐겨 찾는 곳으로, 활기차면서도 가족적인 분위기가 느껴집니다. 이곳의 대표 메뉴인 두툼한 한돈 왕갈비(한돈 왕갈비)는 과하게 달지 않은 양념이 고기 본연의 맛을 살려주어 일품입니다. 까다로운 입맛을 가진 사람들도 만족하며 다시 찾게 되는 맛집입니다."
blueribbon,진남포면옥,서울특별시 중구 다산로 108,Seoul,South Korea,RIBBON_ONE,"한식(가금류), 닭찜, 한식(면류), 만두, 막국수",,02-2252-2457 ,,2026,,37.55341,127.0101,2026-02-17T22:29:33.775718+00:00,,,,진남포면옥,서울특별시 중구 다산로 108,"This spot, unexpectedly discovered, quickly filled up, hinting at its local popularity. While initially seeking Pyeongyang naengmyeon (평양냉면), a detour led to their signature dish: Bukhan-style steamed chicken (이북식 찜닭). The chicken itself is tender and reminiscent of a whole chicken, but the magic truly happens with the accompanying dipping sauce. A mix of 'dadaegi' (다대기), mustard, and vinegar elevates the mild chicken, creating a savory and addictive flavor profile that had diners scraping their bowls clean. Don't miss the perfectly seasoned, house-made kimchi (석박지) and the delightful dumplings (만두) either!","평양냉면(Pyongyang naengmyeon)을 찾으려다 우연히 방문하게 된 이곳은 금세 손님들로 가득 차 현지인들의 인기를 실감케 합니다. 이곳의 시그니처 메뉴인 이북식 찜닭(Bukhan-style steamed chicken)은 부드러운 닭고기와 함께 제공되는 특제 양념장이 환상적인 조화를 이룹니다. 다대기(dadaegi), 겨자, 식초를 섞은 양념장에 닭고기를 찍어 먹으면 감칠맛이 더해져 멈출 수 없는 맛을 선사합니다. 직접 담근 시원한 석박지(kimchi)와 속이 꽉 찬 만두(dumplings)도 놓치지 마세요!"
blueribbon,남포면옥,서울특별시 중구 을지로3길 24,Seoul,South Korea,RIBBON_ONE,"한식(면류), 평양냉면, 한식(탕/국/찌개/전골), 어복쟁반, 한식(육류), 소불고기",,02-777-2269,,2026,,37.56725,126.9816,2026-02-17T22:29:33.775718+00:00,,,,남포면옥,서울특별시 중구 을지로3길 24,"Nestled in the bustling Euljiro district, Nampo Myeonok (남포면옥) offers a refined Pyeongyang-style naengmyeon (평양냉면) experience, recognized for its consistent quality with an 8-year Michelin Guide nod. The main building provides a more casual vibe compared to the newer annex, making it a comfortable spot for enjoying their signature clear, subtly sweet and zesty broth. While the dumplings are decent, the star is undoubtedly the refreshing cold noodles, perfect for a satisfying meal.","을지로의 번화가에 자리한 남포면옥은 8년 연속 미쉐린 가이드에 선정된 명성답게 정갈한 평양냉면을 선보입니다. 본관은 신관보다 캐주얼한 분위기를 풍기며, 맑고 은은한 단맛과 알싸함이 느껴지는 시그니처 육수의 냉면을 즐기기에 좋습니다. 만두도 괜찮지만, 역시 이곳의 하이라이트는 시원하고 깔끔한 냉면입니다."
blueribbon,창성옥,서울특별시 용산구 새창로 124-10,Seoul,South Korea,RIBBON_ONE,"한식(탕/국/찌개/전골), 선지해장국, 뼈다귀해장국",,02-718-2878 ,,2026,,37.53638918177256,126.96040845953524,2026-02-17T22:29:33.775718+00:00,,,,창성옥,서울특별시 용산구 새창로 124-10,"A 70-year-old, third-generation establishment in Yongmun Market, Changseongok is a beloved local institution known for its signature Haejangguk (해장국). This hearty soup boasts a clean, spicy broth that isn't overly seasoned, making it a comforting choice for many. The tender meat and generous portion of blood cubes (seonji, 선지) are complemented by the crisp cabbage, creating a satisfying and wholesome meal. It's a popular spot, especially in the evenings, where patrons often pair their soup with soju (소주) and side dishes like Suyuk (수육) or Jeon-gol (전골).","용문시장의 70년 전통, 3대째 이어온 창성옥은 해장국으로 유명한 동네의 사랑받는 명소입니다. 이 푸짐한 국은 깔끔하면서도 자극적이지 않은 얼큰한 국물이 특징으로, 많은 사람들에게 편안한 선택이 됩니다. 부드러운 고기와 넉넉한 선지(선지)는 아삭한 배추와 어우러져 만족스럽고 건강한 식사를 선사합니다. 특히 저녁에는 소주(소주)와 수육(수육) 또는 전골(전골) 같은 곁들임 메뉴와 함께 즐기는 손님들로 붐비는 인기 있는 장소입니다."
blueribbon,흥진옥,서울특별시 종로구 종로5길 19-12,Seoul,South Korea,RIBBON_ONE,"한식(탕/국/찌개/전골), 선지해장국, 뼈다귀해장국",,02-732-2214 ,,2026,,37.571359,126.98026,2026-02-17T22:29:33.775718+00:00,,,,흥진옥,서울특별시 종로구 종로5길 19-12,"A true Seoul institution, Cheongjinok has been serving up hearty bowls of haejangguk (해장국) since 1937. This historic eatery, recognized as a Seoul Future Heritage site, is renowned for its clear, clean broth and generous portions of beef tripe (yang - 양) and ox blood (seonji - 선지). The atmosphere is bustling yet comfortable, with plenty of seating for solo diners and groups alike, making it a popular spot for locals and visitors seeking a satisfying meal, especially after a night out.","1937년부터 따뜻한 해장국을 제공해 온 서울의 진정한 명소, 청진옥입니다. 서울미래유산으로 지정된 이 역사적인 식당은 맑고 깔끔한 국물과 푸짐한 양의 양과 선지로 유명합니다. 활기차면서도 편안한 분위기 속에서 혼밥족과 단체 손님 모두를 위한 충분한 좌석을 갖추고 있어, 특히 밤샘 후 든든한 식사를 찾는 현지인과 방문객 모두에게 인기 있는 장소입니다."
blueribbon,태극당,서울특별시 중구 동호로24길 7,Seoul,South Korea,RIBBON_ONE,베이커리,,02-2279-3152 ,,2026,,37.559389,127.002667,2026-02-17T22:29:33.775718+00:00,,,,태극당,서울특별시 중구 동호로24길 7,"Step into Taegeukdang (태극당), a bakery steeped in history since 1945, with its main branch nestled near Dongguk University Station. The spacious interior, adorned with elegant chandeliers, evokes a nostalgic, old-world charm, making it feel like a journey back in time. Despite its grand ambiance, the atmosphere is bustling, with locals and visitors alike flocking to explore the extensive selection of breads and pastries. 

The bakery boasts a ""Top 10"" list of steady sellers, featuring classics like the iconic Monaca ice cream sandwich, sweet red bean bread (단팥빵), and the savory vegetable salad bread (야채사라다). From traditional loaves to intricately decorated cakes and gift-ready mooncake (월병) sets, Taegeukdang offers a delightful array of baked goods that capture the essence of Korean bakery traditions.","1945년부터 이어져 온 역사의 숨결을 느낄 수 있는 태극당은 동대국대학교 역 근처에 자리한 베이커리입니다. 우아한 샹들리에로 장식된 넓은 내부는 마치 시간 여행을 하는 듯한 고풍스러운 분위기를 자아냅니다. 웅장한 분위기에도 불구하고, 이곳은 다양한 빵과 페이스트리를 맛보기 위해 모여든 현지인과 방문객들로 늘 활기가 넘칩니다.

태극당은 '스테디셀러 10'을 자랑하며, 상징적인 모나카 아이스크림 샌드위치, 달콤한 단팥빵, 그리고 맛있는 야채사라다빵과 같은 클래식한 메뉴를 선보입니다. 전통적인 빵부터 섬세하게 장식된 케이크, 선물용 월병 세트까지, 태극당은 한국 베이커리 전통의 정수를 담은 맛있는 구움 과자를 다양하게 제공합니다."
blueribbon,진주집,서울특별시 중구 남대문시장길 22-2,Seoul,South Korea,RIBBON_ONE,"한식(탕/국/찌개/전골), 도가니탕, 설렁탕, 꼬리곰탕",,02-753-9813,,2026,,37.5600090440077,126.977093560851,2026-02-17T22:29:33.775718+00:00,,,,진주집,서울특별시 중구 남대문시장길 22-2,"A legendary spot in Yeouido, Jinju House is renowned for its exceptional Kongguksu (콩국수), a rich and creamy soybean noodle soup. Despite its slightly premium price point, the dish is celebrated for its pure, unadulterated soybean flavor, made with domestic beans and served with a perfect, ready-to-eat seasoning. The restaurant, which boasts multiple Blue Ribbon awards, offers a spacious dining area and efficient service, making it a must-visit for noodle enthusiasts.","여의도의 전설적인 명소, 진주집은 진하고 크리미한 콩국수(Kongguksu)로 유명합니다. 다소 높은 가격에도 불구하고, 이 메뉴는 국내산 콩을 사용하여 첨가물 없이 순수한 콩의 풍미를 살린 것이 특징이며, 바로 먹기 좋게 간이 되어 나옵니다. 여러 차례 블루리본 어워드를 수상한 이 식당은 넓은 좌석과 효율적인 서비스를 제공하여 면 요리 애호가들에게 꼭 방문해야 할 곳입니다."
blueribbon,청평매운탕,서울특별시 중랑구 공릉로 46,Seoul,South Korea,RIBBON_ONE,"한식(민물어패류), 민물매운탕",,02-976-9891 ,,2026,,37.614682,127.07843,2026-02-17T22:29:33.775718+00:00,,,,청평매운탕,서울특별시 중랑구 공릉로 46,"A true taste of tradition, Cheongpyeong Maeuntang (청평매운탕) has been a beloved spot since 1978, earning its 'Baeknyeon Gaje' (백년가게) certification for its enduring quality. This no-frills establishment focuses on one thing: exceptional maeuntang (매운탕). The signature catfish stew is packed with generous chunks of fish, hearty vegetables like minari (미나리) and mushrooms, and chewy sujebi (수제비) or ramen noodles. The broth is the star – deeply flavorful, spicy yet smooth, and completely free of any fishy or earthy notes, making it perfect for a satisfying meal or a delightful accompaniment to soju (소주).","1978년부터 이어져 온 전통의 맛집, 청평매운탕은 백년가게 인증을 받은 곳으로 오랜 시간 동안 한결같은 맛을 선보이고 있습니다. 이곳의 시그니처인 메기 매운탕은 두툼한 메기 살과 신선한 미나리, 버섯, 수제비 등 푸짐한 건더기로 가득합니다. 특히 깊고 얼큰하면서도 비린 맛 없이 깔끔한 국물은 밥반찬으로도, 소주 안주로도 완벽한 조화를 이룹니다. 화려함보다는 오직 매운탕 하나로 승부하는 이곳에서 깊은 맛의 진수를 느껴보세요."
blueribbon,부원집,서울특별시 중구 남대문시장4길 41-6,Seoul,South Korea,RIBBON_ONE,"한식(면류), 평양냉면, 한식(가금류), 닭무침",,02-753-7728,,2026,,37.55839,126.977598,2026-02-17T22:29:33.775718+00:00,,,,부원집,서울특별시 중구 남대문시장4길 41-6,"A beloved institution since 1960, Buwonjip (부원집) is a staple in Namdaemun Market, cherished by locals and long-time patrons for its authentic Pyeongyang-style naengmyeon (평양냉면). Despite not being one of the 'big four,' it boasts a loyal following, including many who remember its origins from displaced Koreans. The restaurant's commitment to tradition is evident in its simple yet flavorful broth and chewy noodles, all offered at a refreshingly affordable price, a legacy of its founders' desire to make the dish accessible to everyone.","1960년부터 이어져 온 부원집(부원면옥)은 남대문 시장의 터줏대감으로, 정통 평양냉면(평양냉면)을 맛볼 수 있는 곳입니다. 소위 '4대 천왕'에 들지는 않지만, 고향을 그리워하는 실향민부터 시장 상인, 오랜 단골까지 탄탄한 팬덤을 자랑합니다. 슴슴하면서도 깊은 육수와 쫄깃한 면발은 오랜 세월 변치 않는 맛을 선사하며, 창업주의 따뜻한 마음이 담긴 합리적인 가격으로 누구나 부담 없이 평양냉면을 즐길 수 있습니다."
blueribbon,닭진미,서울특별시 중구 남대문시장길 22-20,Seoul,South Korea,RIBBON_ONE,"한식(가금류), 닭곰탕",,02-753-9063,,2026,,37.55952,126.977,2026-02-17T22:29:33.775718+00:00,,,,닭진미,서울특별시 중구 남대문시장길 22-20,"Nestled within the bustling Namdaemun Market, Dakjinmi (닭진미) offers a comforting and deeply flavorful experience, carrying on the legacy of the former Gangwonjip (강원집). While the interior retains a charmingly retro feel, the star of the show is undoubtedly the dakgomtang (닭곰탕). The broth, though perhaps less intensely MSG-laden than in years past, is still rich and satisfying, with tender, chewy chicken meat that's anything but dry. Don't miss the signature chicken skin (닭껍질), a delicacy many come specifically to savor.","활기찬 남대문 시장에 자리한 닭진미(Dakjinmi)는 이전 강원집(Gangwonjip)의 명성을 이어받아 편안하고 깊은 풍미를 선사합니다. 실내는 매력적인 레트로 감성을 유지하고 있지만, 단연 돋보이는 메뉴는 닭곰탕(dakgomtang)입니다. 예전보다 MSG의 강렬함은 줄었을지 모르지만, 국물은 여전히 진하고 만족스러우며, 부드럽고 쫄깃한 닭고기는 전혀 퍽퍽하지 않습니다. 많은 사람들이 맛보기 위해 특별히 찾아오는 별미인 닭껍질(dakgeobji)도 놓치지 마세요."
blueribbon,용문해장국,서울특별시 용산구 효창원로 110,Seoul,South Korea,RIBBON_ONE,"한식(탕/국/찌개/전골), 선지해장국",,02-712-6290 ,,2026,,37.53791,126.9608,2026-02-17T22:29:33.775718+00:00,,,,용문해장국,서울특별시 용산구 효창원로 110,"A 60-year-old institution, Yongmun Haejangguk is a legendary spot in Yongsan, renowned as one of Seoul's top three haejangguk (해장국) places. It's a beloved no-nonsense eatery that draws crowds from morning till night, even attracting those who don't typically drink. In the cooler months, the outdoor seating area transforms into a vibrant ""yachang"" (야장) or street-food stall atmosphere, making it a perfect spot to enjoy a drink and soak in the local vibe.","60년 전통의 용문해장국은 용산 지역의 전설적인 맛집으로, 서울 3대 해장국 중 하나로 명성이 자자합니다. 이 노포는 아침부터 밤까지 손님들로 북적이며, 술을 즐기지 않는 사람들도 이곳의 매력에 빠져들게 합니다. 선선한 날씨에는 야외 좌석이 '야장' 분위기로 변모하여, 술 한잔과 함께 현지 분위기를 만끽하기에 완벽한 장소가 됩니다."
blueribbon,계림,서울특별시 종로구 돈화문로4길 39,Seoul,South Korea,RIBBON_ONE,"한식(가금류), 닭볶음탕",,02-2263-6658 ,,2026,,37.57013,126.9945,2026-02-17T22:29:33.775718+00:00,,,,계림,서울특별시 종로구 돈화문로4길 39,"Step into a piece of Seoul's culinary history at Gyelim, a beloved institution since 1965. This bustling spot is famous for its Dakbokkeumtang (닭볶음탕), a hearty chicken stew that's a favorite among locals and tourists alike. The vibe is lively and often packed, reflecting its status as a go-to for office lunches, group dinners, and casual dates. Don't miss out on their signature dish, generously loaded with garlic for a rich, savory flavor that keeps people coming back for more.","1965년부터 이어진 서울의 맛집, 계림에 오신 것을 환영합니다. 이곳은 현지인과 관광객 모두에게 사랑받는 닭볶음탕(Dakbokkeumtang)으로 유명한 명소입니다. 활기차고 늘 사람들로 붐비는 분위기는 직장 점심, 단체 회식, 캐주얼한 데이트 장소로서의 인기를 반영합니다. 마늘이 듬뿍 들어가 깊고 풍부한 감칠맛을 자랑하는 시그니처 메뉴를 꼭 맛보세요."
blueribbon,대흥설농탕,서울특별시 동대문구 한천로 60,Seoul,South Korea,RIBBON_ONE,"한식(탕/국/찌개/전골), 설렁탕",,02-2249-2828,,2026,,37.5669741682164,127.06256224752,2026-02-17T22:29:33.775718+00:00,,,,대흥설농탕,서울특별시 동대문구 한천로 60,"A beloved Seoul institution since 1977, Daeheung Seollongtang is a testament to the enduring charm of a traditional 'no-po' (노포) eatery. This Dongdaemun gem, recognized by Blue Ribbon Survey, offers a warm and nostalgic atmosphere with its mix of seating and vintage touches. It's a place that feels deeply rooted in the community, serving hearty meals from early morning, making it a perfect stop for breakfast or a comforting lunch. Be sure to arrive early for their special Haejangguk (해장국), available only until 10 AM.",1977년부터 서울의 명소로 자리 잡은 대흥설농탕은 전통적인 '노포' 식당의 변함없는 매력을 보여줍니다. 블루리본 서베이에서도 인정한 동대문 맛집은 좌석 배치와 옛날 감성이 어우러져 따뜻하고 향수를 불러일으키는 분위기를 선사합니다. 이른 아침부터 든든한 식사를 제공하며 지역 사회에 깊이 뿌리내린 이곳은 아침 식사나 든든한 점심 식사를 하기에 완벽한 장소입니다. 오전 10시까지만 판매하는 특별 해장국(해장국)을 맛보려면 일찍 방문하는 것을 잊지 마세요.
blueribbon,홍복,서울특별시 중구 남대문시장길 73-3,Seoul,South Korea,RIBBON_ONE,"중식, 일반중식",,02-755-7633 ,,2026,,37.56098778646127,126.9800121050206,2026-02-17T22:29:33.775718+00:00,,,,홍복,서울특별시 중구 남대문시장길 73-3,"Step into Hongbok (홍복), a venerable Chinese restaurant in Seoul's Namdaemun Market, serving up authentic flavors since 1958. This third-generation establishment boasts a dazzling exterior and a wall adorned with Blue Ribbons, a testament to its culinary excellence and service. Despite its long history, Hongbok has also embraced modernity, with popular dishes like Jjajangmyeon (짜장면) and Yu Lin Gi (유림기) available as meal kits, hinting at their signature status. The bustling atmosphere, even during off-peak hours, and the friendly, albeit distinct, accents of the staff add to the unique charm of this beloved eatery.","1958년부터 이어져 온 서울 남대문시장의 홍복(Hongbok)은 화교가 운영하는 중식당으로, 화려한 외관과 블루리본 수상 경력이 맛집임을 증명합니다. 3대째 이어오는 전통을 자랑하지만, 유니짜장과 유림기 등 인기 메뉴는 밀키트로도 출시되어 그 명성을 이어가고 있습니다. 늦은 점심 시간에도 손님들로 북적이는 활기찬 분위기와 친절한 직원들의 응대는 이곳을 더욱 특별하게 만듭니다."
blueribbon,용문갈비집,서울특별시 용산구 새창로 127,Seoul,South Korea,RIBBON_ONE,"한식(육류), 돼지갈비",,02-712-3900 ,,2026,,37.53625971396709,126.96124127038736,2026-02-17T22:29:33.775718+00:00,,,,용문갈비집,서울특별시 용산구 새창로 127,"Step into Yongmun Galbi Jip (용문갈비집), a beloved old-school eatery in Yongsan that exudes a warm, nostalgic vibe. The interior, with its classic round tables and traditional floor seating, feels like a step back in time. While the galbi (갈비) itself offers a comforting, non-intrusive flavor, the true magic lies in the accompanying banchan (반찬) – a vibrant spread of fresh vegetables, kimchi, and more, all perfectly complementing the grilled meats. The friendly service and generous portions make this a truly heartwarming dining experience.","용산의 정겨운 분위기를 물씬 풍기는 용문갈비집은 세월의 흔적이 느껴지는 노포 맛집입니다. 고풍스러운 원형 테이블과 좌식 룸이 있는 내부는 마치 시간 여행을 온 듯한 느낌을 선사합니다. 이곳의 갈비는 자극적이지 않고 편안한 맛을 자랑하지만, 진정한 매력은 신선한 쌈 채소, 김치 등 갈비와 환상의 궁합을 이루는 다채로운 반찬에서 나옵니다. 친절한 서비스와 푸짐한 양은 이곳을 더욱 특별하게 만드는 요소입니다."
blueribbon,은하곱창,서울특별시 동대문구 전농로15길 22,Seoul,South Korea,RIBBON_ONE,"한식(탕/국/찌개/전골), 곱창전골",,02-2247-0254 ,,2026,,37.5780409009128,127.05631395943723,2026-02-17T22:29:33.775718+00:00,,,,은하곱창,서울특별시 동대문구 전농로15길 22,"Step into Eunha Gopchang (은하곱창), a beloved old-school eatery near Seoul National University of Science and Technology. This spot is famous for its hearty and affordable pig intestine hot pot (dwaeji gopchang jeongol - 돼지곱창전골). The generous portions, coupled with the ability to add unlimited perilla leaves (ssukgat - 쑥갓) yourself, make for an incredibly satisfying meal. The rich, nutty dipping sauce and the addictive, subtly spiced broth are the perfect companions for a night of soju (소주). Don't forget to save room for the essential fried rice (bokkeumbap - 볶음밥) at the end!","서울과학기술대학교 근처의 정겨운 노포, 은하곱창(은하곱창)에 오신 것을 환영합니다. 이곳은 푸짐하고 가성비 좋은 돼지곱창전골로 유명합니다. 넉넉한 양과 함께 직접 무한대로 추가할 수 있는 쑥갓은 정말 만족스러운 식사를 선사합니다. 고소한 들깨 소스와 중독성 있는 은은한 양념 국물은 소주(소주)와 함께하는 밤에 완벽한 동반자입니다. 마지막에는 필수 코스인 볶음밥(볶음밥)을 꼭 맛보세요!"
blueribbon,만포면옥,서울특별시 은평구 연서로 171,Seoul,South Korea,RIBBON_ONE,"한식(면류), 평양냉면, 한식(탕/국/찌개/전골), 어복쟁반, 한식(육류), 수육",,02-389-3917,,2026,,37.614102,126.917447,2026-02-17T22:29:33.775718+00:00,,,,만포면옥,서울특별시 은평구 연서로 171,"Nestled near Bukhansan Mountain, Manpo Myeonok (만포면옥) is a beloved destination for Pyeongyang-style naengmyeon (평양냉면). While its location outside Seoul might be a slight trek, the spacious dining area and ample parking make it an accessible escape, especially for those seeking a scenic drive. The restaurant is praised for its flavorful broth, which is described as having a savory depth that even newcomers to Pyeongyang naengmyeon can enjoy. It's the perfect spot to savor a refreshing bowl of noodles, especially during the summer months, and is a must-visit for those who appreciate a well-crafted, subtly seasoned soup.","북한산 인근에 자리한 만포면옥은 평양냉면 애호가들의 성지입니다. 서울 외곽에 위치해 있지만 넓은 공간과 넉넉한 주차 공간 덕분에 드라이브 삼아 방문하기 좋은 곳입니다. 특히 이곳의 평양냉면은 처음 맛보는 사람도 즐길 수 있을 만큼 깊고 감칠맛 나는 육수가 일품입니다. 여름철 시원한 냉면 한 그릇을 즐기기에 완벽한 장소이며, 정갈하게 차려진 한 끼를 맛보고 싶다면 꼭 방문해야 할 곳입니다."
blueribbon,arouz,서울특별시 중구 다산로 32,Seoul,South Korea,RIBBON_ONE,"기타, 다이닝바, 바, 와인바",,0507-1467-7507,,2026,,37.5471667734011,127.005677166122,2026-02-17T22:29:33.775718+00:00,,,,어라우즈,서울특별시 중구 다산로 32,"This is a review of the Gigabyte AORUS 17G KD laptop, highlighting its suitability as a desktop replacement for demanding tasks like video editing and gaming. The reviewer praises its robust build, sleek matte black design with an illuminated eagle logo, and the immersive experience provided by its thin bezels. The laptop also features an effective cooling system, minimizing heat even during intensive use, and a convenient built-in webcam cover for enhanced privacy.","이 리뷰는 영상 편집 및 게임과 같은 고사양 작업에 데스크톱 대용으로 적합한 기가바이트 에이로스 17G KD 노트북에 대한 것입니다. 리뷰어는 견고한 만듦새, 조명 효과가 있는 독수리 로고가 돋보이는 세련된 무광 블랙 디자인, 얇은 베젤이 제공하는 몰입감 있는 경험을 칭찬합니다. 또한 노트북은 효과적인 냉각 시스템을 갖추고 있어 집중적인 사용 중에도 열을 최소화하며, 향상된 개인 정보 보호를 위한 편리한 내장 웹캠 커버도 특징입니다."
blueribbon,산촌,서울특별시 종로구 인사동길 30-13,Seoul,South Korea,RIBBON_ONE,"한식(일반한식), 사찰요리",,02-735-0312,,2026,,37.57374,126.9861,2026-02-17T22:29:33.775718+00:00,,,,산촌,서울특별시 종로구 인사동길 30-13,"Nestled in a hidden alleyway in Insadong, SanChon offers a serene escape into the world of Buddhist temple cuisine (sachal-eumsik, 사찰음식). This Blue Ribbon-recognized establishment focuses on the natural flavors of wild herbs and mountain vegetables, prepared with minimal seasoning to let the ingredients shine. The experience begins with a welcoming warm tea and a palate-awakening fermented tea (songcha, 송차), setting the stage for a mindful meal. Dishes like the black sesame porridge (heukimja juk, 흑임자죽) and the unique steamed deodeok and mushroom cakes (deodeokbyeong, 더덕병 and beoseotbyeong, 버섯병) offer a delightful exploration of textures and subtle tastes, with a refreshing kimchi (geotjeori, 겉절이) providing a welcome contrast.","인사동의 숨겨진 골목길에 자리한 산촌은 불교 사찰 음식(사찰음식)의 세계로 들어가는 고요한 탈출구를 제공합니다. 블루리본을 받은 이곳은 재료 본연의 맛을 살리기 위해 최소한의 양념으로 조리된 야생 허브와 산나물의 자연스러운 맛에 집중합니다. 따뜻한 차와 입맛을 돋우는 발효차(송차)로 시작되는 경험은 마음챙김 식사를 위한 무대를 마련합니다. 흑임자죽과 독특한 더덕병, 버섯병 같은 요리는 질감과 섬세한 맛을 즐겁게 탐색하게 해주며, 상큼한 겉절이가 환영할 만한 대조를 이룹니다."
blueribbon,Chez Simon,서울특별시 용산구 회나무로 66,Seoul,South Korea,RIBBON_ONE,프랑스식,,02-730-1045,,2026,,37.5400893090696,126.993852779094,2026-02-17T22:29:33.775718+00:00,,,,쉐시몽,서울특별시 용산구 회나무로 66,"Nestled between Hapjeong and Mangwon, Chez Simon is a French fine dining establishment recognized by Michelin for several years. This intimate, reservation-only restaurant offers a curated tasting menu for both lunch and dinner, with a focus on seasonal ingredients and creative pairings. The ambiance is chic and minimalist, perfect for a special occasion or a sophisticated evening out. Be sure to book in advance as they are known for their strict reservation policy.",합정과 망원 사이에 자리한 쉐시몽(Chez Simon)은 미쉐린이 수년간 인정한 프렌치 파인 다이닝 레스토랑입니다. 이 아늑한 예약제 레스토랑은 계절 식재료와 창의적인 페어링에 중점을 둔 런치 및 디너 테이스팅 메뉴를 제공합니다. 시크하고 미니멀한 분위기는 특별한 날이나 세련된 저녁 식사에 완벽합니다. 엄격한 예약 정책으로 유명하니 미리 예약하는 것을 잊지 마세요.
blueribbon,소선재,서울특별시 종로구 삼청로 113-1,Seoul,South Korea,RIBBON_ONE,"한식(일반한식), 한정식",,02-730-7002 ,,2026,,37.585493,126.981752,2026-02-17T22:29:33.775718+00:00,,,,소선재,서울특별시 종로구 삼청로 113-1,"Nestled in the charming Samcheong-dong area, Sosunjae offers a refined Korean dining experience perfect for family outings. The restaurant is praised for its subtle, healthy flavors that even pleased a discerning mother-in-law. Signature dishes include the chewy and savory borigulbi (보리굴비), served with green tea for a refreshing touch, and the tender bossam (보쌈) with a clean, well-balanced taste. For younger diners, the yukjeon (육전) is a guaranteed hit, with one reviewer's child devouring nearly an entire plate.","삼청동의 매력적인 분위기 속에 자리한 소선재는 가족 외식에 완벽한 정갈한 한정식 경험을 선사합니다. 특히 까다로운 어른 입맛까지 사로잡는 건강하고 은은한 맛으로 칭찬받고 있습니다. 쫄깃하고 감칠맛 나는 보리굴비(보리굴비)는 녹차물과 함께 제공되어 산뜻함을 더하며, 담백하고 깔끔한 맛의 보쌈(보쌈)도 인기 메뉴입니다. 아이들을 위한 육전(육전)은 거의 한 접시를 다 비울 정도로 큰 사랑을 받고 있습니다."
blueribbon,이북만두,서울특별시 중구 무교로 17-13,Seoul,South Korea,RIBBON_ONE,"한식(면류), 만두",,02-776-7361 ,,2026,,37.56825,126.9784,2026-02-17T22:29:33.775718+00:00,,,,이북만두,서울특별시 중구 무교로 17-13,"Tucked away in a charming alley near City Hall, Ebook Mandu offers a cozy, ""grandma's house"" vibe, a testament to its status as a beloved local eatery. Despite its unassuming appearance, this spot is a culinary gem, recognized with numerous Blue Ribbons and featured on TV shows like ""The Master of Life."" The menu boasts an impressive variety, but the star of the show is undoubtedly the Mandu Jeongol (만두전골), a hearty dumpling hot pot perfect for sharing during a company dinner or a gathering with friends. The handmade Pyeongyang-style dumplings (평양만두) are crafted with evident care, setting them apart from mass-produced alternatives.","시청 근처의 매력적인 골목길에 자리한 이북만두는 아늑하고 ""할머니 댁"" 같은 분위기를 선사하며, 이곳이 사랑받는 현지 맛집임을 증명합니다. 소박해 보이는 외관에도 불구하고, 이 식당은 수많은 블루리본과 ""생활의 달인""과 같은 TV 프로그램에 소개된 요리 명소입니다. 메뉴는 놀랍도록 다양하지만, 단연 돋보이는 것은 회사 회식이나 친구들과의 모임에 완벽한 푸짐한 만두 전골인 만두전골(Mandu Jeongol)입니다. 손으로 직접 빚은 평양만두(Pyeongyang-style dumplings)는 정성이 느껴지며, 공장에서 만든 것과는 차별화된 맛을 자랑합니다."
blueribbon,뉘조,서울특별시 종로구 인사동14길 27,Seoul,South Korea,RIBBON_ONE,"한식(일반한식), 약선요리, 한정식",,02-730-9311 ,,2026,,37.57508,126.9852,2026-02-17T22:29:33.775718+00:00,,,,뉘조,서울특별시 종로구 인사동14길 27,"Nestled in the charming alleys of Insadong, Nuijo offers a delightful Hanok (한옥) dining experience perfect for introducing Korean cuisine to international guests. The ""Gujeolcho"" (구절초) course, priced at 38,500 KRW, is a standout, praised for its excellent value, thoughtful composition, and delicious flavors. From the comforting sweet pumpkin porridge (호박죽) and refreshing water kimchi (물김치) to the beautifully presented vegetable wraps (근채 쌈 샐러드) and perfectly fried jeon (전), each dish is crafted to impress. The spicy stir-fried octopus (낙지볶음) and savory pork belly (수육) with kimchi offer a true taste of Korea, while the rich perilla seed hot pot (들깨전골) and delicate codfish braised in a special sauce (구절초 메로조림) left a lasting impression on foreign visitors.","인사동의 매력적인 골목길에 자리한 뉘조는 한국 음식을 외국인에게 소개하기에 완벽한 한옥(한옥) 다이닝 경험을 선사합니다. 38,500원짜리 '구절초' 코스는 뛰어난 가성비, 세심한 구성, 맛있는 요리로 찬사를 받는 대표 메뉴입니다. 편안한 단호박죽(호박죽)과 상큼한 물김치부터 아름답게 차려진 근채 쌈 샐러드와 완벽하게 부쳐낸 전까지, 모든 요리는 감동을 선사하도록 정성껏 만들어졌습니다. 매콤한 낙지볶음과 담백한 수육과 김치는 한국의 진정한 맛을 선사하며, 진한 들깨전골과 섬세한 구절초 메로조림은 외국인 방문객들에게 깊은 인상을 남겼습니다."
blueribbon,규방도감집,서울특별시 종로구 북촌로1길 24-4,Seoul,South Korea,RIBBON_ONE,"한식(일반한식), 한정식",,0507-1309-6609,,2026,,37.5775170381476,126.984458297744,2026-02-17T22:29:33.775718+00:00,,,,규방도감집,서울특별시 종로구 북촌로1길 24-4,"Nestled in the charming alleys of Bukchon, Gyubang Dogamjip is a hidden gem offering an intimate and elegant Hanok (한옥) dining experience. This traditional Korean house, with its cozy courtyard and sliding glass doors that open to the breeze, provides a perfect setting for small, meaningful gatherings. The attention to detail, from the beautifully embroidered hand towels to the bojagi (보자기)-wrapped cutlery, elevates the dining experience, making it feel truly special and worthy of celebrating cherished moments with loved ones.",북촌의 매력적인 골목길에 자리한 규방도감집은 아늑하고 우아한 한옥(Hanok) 다이닝 경험을 선사하는 숨겨진 보석입니다. 아늑한 마당과 바람을 맞으며 열 수 있는 미닫이 유리문이 있는 이 전통 한옥은 작고 의미 있는 모임을 위한 완벽한 장소를 제공합니다. 아름답게 수놓아진 손수건부터 보자기에 싸인 식기류까지 세심한 배려는 소중한 순간을 사랑하는 사람들과 함께 축하할 가치가 있는 특별한 경험을 선사합니다.
blueribbon,고센기와집갈비,서울특별시 성북구 화랑로25길 18,Seoul,South Korea,RIBBON_ONE,"한식(육류), 소갈비, 돼지갈비",,02-943-3851,,2026,,37.609449827136,127.052207218213,2026-02-17T22:29:33.775718+00:00,,,,고센기와집갈비,서울특별시 성북구 화랑로25길 18,"Step into a tranquil oasis at Gosengiwajipgalbi, a restaurant nestled in a traditional Korean hanok (한옥). The serene atmosphere, complete with a bamboo garden and traditional jars, makes it an ideal spot for family gatherings or a relaxed meal. With private rooms and ample space, it's designed for comfortable dining, ensuring a peaceful experience for all ages, from grandparents to young children.",고센기와집갈비는 고풍스러운 한옥에서 도심 속 휴식을 선사하는 특별한 공간입니다. 대나무 정원과 장독대가 어우러진 고즈넉한 분위기는 가족 모임이나 편안한 식사를 위한 최적의 장소입니다. 프라이빗한 룸과 넉넉한 공간은 어른부터 아이까지 모든 연령대가 편안하게 식사를 즐길 수 있도록 세심하게 마련되었습니다.
blueribbon,도취하녹식당,서울특별시 종로구 사직로9가길 12,Seoul,South Korea,RIBBON_ONE,"한식(일반한식), 모던한식, 한정식",,02-725-1288,,2026,,37.5768472187949,126.968862082641,2026-02-17T22:29:33.775718+00:00,,,,도취하녹식당,서울특별시 종로구 사직로9가길 12,"Step into a serene hanok (한옥) and experience a refined Korean course meal at Dochi Hanok Sikdang. This charming restaurant, recognized by the Blue Ribbon Survey, offers a tranquil ambiance perfect for intimate dates or special family gatherings. The cuisine is thoughtfully prepared, focusing on digestibility and elegant presentation, making for a truly sophisticated dining experience.",도취 하녹식당은 고즈넉한 한옥에서 정갈하고 소화가 잘 되는 한정식 코스를 즐길 수 있는 곳입니다. 블루리본 서베이에 선정된 이 레스토랑은 차분하고 아늑한 분위기에서 특별한 날을 기념하거나 소중한 사람들과 함께하기에 완벽한 장소입니다. 섬세하게 준비된 요리들은 고급스러운 프레젠테이션과 함께 깊은 만족감을 선사합니다.
blueribbon,미미옥(신용산점),서울특별시 용산구 한강대로15길 27,Seoul,South Korea,RIBBON_ONE,"한식(면류), 국수, 기타, 샤브샤브",,02-6954-0819,,2026,,37.526282574268,126.962950612322,2026-02-17T22:29:33.775718+00:00,,,,미미옥(신용산점),서울특별시 용산구 한강대로15길 27,"Nestled a short walk from Yongsan Station, Mimiok offers a dining experience steeped in traditional Korean aesthetics with its charming Hanok interior. This popular spot, even featured on ""줄서는식당2"" (Julsuneun Sikdang 2), is known for its bustling atmosphere and the potential for queues, so be prepared for a wait. The menu highlights premium Korean beef, with their signature shabu-shabu (샤브샤브) featuring a unique broth infused with perilla leaves (방아잎), offering a refreshing twist reminiscent of Vietnamese pho. Complement your meal with their crispy Korean pork and water parsley pancake (한돈 미나리전) or the rich braised Korean beef ribs (한우 갈비찜).","용산역에서 도보 거리에 위치한 미미옥은 고풍스러운 한옥 인테리어로 한국적인 미를 물씬 풍기는 곳입니다. ""줄서는식당2""에도 소개될 만큼 인기 있는 맛집으로, 활기찬 분위기와 함께 웨이팅이 있을 수 있으니 참고하세요. 이곳의 시그니처 메뉴는 독특한 방아잎 육수를 사용한 샤브샤브(샤브샤브)로, 베트남 쌀국수를 연상시키는 신선한 맛을 선사합니다. 바삭한 한돈 미나리전이나 진한 한우 갈비찜과 함께 특별한 식사를 즐겨보세요."
blueribbon,국빈관,서울특별시 종로구 자하문로2길 17-4,Seoul,South Korea,RIBBON_ONE,"한식(육류), 소갈비",,02-722-3833 ,,2026,,37.5766282218463,126.973830985417,2026-02-17T22:29:33.775718+00:00,,,,국빈관,서울특별시 종로구 자하문로2길 17-4,"Nestled in the charming alleys of Seochon, near Gyeongbok Palace, Tonguidong Gukbingwan offers an exquisite dining experience within a traditional Hanok (한옥) house. The ambiance transports you to a noble Korean residence, complete with a serene central courtyard and a pine tree. This restaurant specializes in top-grade Hanu (한우), specifically the premium 'Number Nine' cut, grilled over charcoal. It's an ideal spot for both locals and international visitors seeking a sophisticated Korean BBQ experience, perfect for dates, gatherings, or impressing guests.","서촌의 고즈넉한 골목길, 경복궁 인근에 자리한 통의동 국빈관은 전통적인 한옥에서 특별한 식사를 경험할 수 있는 곳입니다. 고요한 중정과 소나무가 있는 한옥의 분위기는 마치 양반집에 초대받은 듯한 느낌을 선사합니다. 이곳은 최고급 '넘버나인' 한우를 전문으로 하며, 숯불에 구워내는 것이 특징입니다. 세련된 한우 구이를 찾는 현지인과 외국인 관광객 모두에게 이상적인 장소이며, 데이트, 모임, 혹은 귀한 손님 접대에 완벽합니다."
blueribbon,익선디미방,서울특별시 종로구 돈화문로11나길 30,Seoul,South Korea,RIBBON_ONE,이탈리아식,,02-747-3418 ,,2026,,37.5740691956402,126.990292742097,2026-02-17T22:29:33.775718+00:00,,,,익선디미방,서울특별시 종로구 돈화문로11나길 30,"Nestled within the charming alleys of Ikseon-dong, 익선디미방 offers a serene dining experience within a beautifully preserved Hanok (한옥). The ambiance is quiet and elegant, with ample space between tables, making it ideal for intimate dates or gatherings. Their menu features a creative fusion of Western dishes with subtle Korean influences, with a highlight being their seasonal specials that showcase the best of current produce. Expect dishes like the Autumn Vegetable Beef Bourguignon (가을 제철 채소 비프 부르귀뇽) and the Cheongyang Chili Seafood Bouillabaisse Pasta (청양고추 해산물 부야베스 파스타), which offers a delightful spicy kick.","익선동의 매력적인 골목길에 자리한 익선디미방은 아름답게 보존된 한옥에서 고요한 식사 경험을 선사합니다. 테이블 간 간격이 넓어 조용하고 우아한 분위기는 데이트나 모임에 이상적입니다. 메뉴는 서양 요리에 은은한 한식의 영향을 더한 창의적인 퓨전을 선보이며, 제철 식재료를 활용한 시즌 메뉴가 특히 인상적입니다. 매콤한 맛이 매력적인 청양고추 해산물 부야베스 파스타와 가을 제철 채소 비프 부르귀뇽과 같은 요리를 맛볼 수 있습니다."
blueribbon,호호식당,서울특별시 종로구 대학로9길 35,Seoul,South Korea,RIBBON_ONE,"일식, 일본가정식",,02-741-2384 ,,2026,,37.58190337889023,127.00003622828623,2026-02-17T22:29:33.775718+00:00,,,,호호식당,서울특별시 종로구 대학로9길 35,"Nestled in the charming alleys of Ikseon-dong, Hoho Sikdang offers a delightful escape with its Japanese home-style cuisine served in a beautifully renovated Hanok (한옥). It's an ideal spot for dates and gatherings, easily accessible from Jongno 3-ga Station. The restaurant boasts private rooms, perfect for intimate meals, and its serene ambiance, especially when the garden is in bloom, makes it a memorable dining experience. Booking in advance is highly recommended to avoid queues and secure a spot in their popular private rooms.","아름답게 개조된 한옥에서 즐기는 일본 가정식 맛집 호호식당은 익선동 골목길에 자리 잡고 있습니다. 종로 3가역에서 가까워 접근성이 좋으며, 데이트나 모임 장소로 안성맞춤입니다. 특히 프라이빗한 식사를 즐길 수 있는 룸이 마련되어 있으며, 정원이 아름다운 계절에는 더욱 특별한 경험을 선사합니다. 인기가 많으니 웨이팅을 피하고 싶다면 사전 예약을 적극 추천합니다."
blueribbon,DOTZ,서울특별시 용산구 이태원로55나길 6,Seoul,South Korea,RIBBON_ONE,"아시아식, 카페/커피/티, 카페",,02-792-7445,,2026,,37.536611,126.99913,2026-02-17T22:29:33.775718+00:00,,,,다츠,서울특별시 용산구 이태원로55나길 6,"Tucked away in the charming alleyways of Hannam-dong, DOTZ (다츠) offers a sophisticated yet relaxed atmosphere, perfect for a leisurely lunch or dinner. While the entrance might be discreet, the interior hints at the elevated Asian fusion experience within. It's a popular spot, even featured on 'Sui Meok Hwe' (수요미식회), known for its creative dishes that blend Chinese influences with other Asian flavors. Be sure to note the menu's markings for cilantro (고수) if you have preferences.

The star of the show is undoubtedly the signature Hong Kong Toast (홍콩 토스트), a delightful sweet treat often enjoyed with coffee or dessert. For savory options, the Prawn Toast (프라운 토스트) is a must-try, boasting a crispy exterior and tender interior, complemented by a flavorful sauce and crunchy bean sprouts. While the Mapo Tofu Egg Noodles (마파라구 소스 에그 누들) offer a bold, savory kick, some might find the sauce a bit intense. Overall, DOTZ provides a unique culinary journey with well-executed dishes and a chic ambiance.","한남동 골목길에 숨겨진 DOTZ(다츠)는 세련되면서도 편안한 분위기를 선사하며, 여유로운 점심이나 저녁 식사에 완벽한 장소입니다. 입구는 눈에 잘 띄지 않을 수 있지만, 내부는 고급스러운 아시아 퓨전 경험을 암시합니다. '수요미식회'에도 소개된 이곳은 중국의 영향을 다른 아시아 풍미와 융합한 창의적인 요리로 유명한 인기 명소입니다. 취향에 따라 고수(고수) 표시를 메뉴에서 확인하는 것을 잊지 마세요.

이곳의 하이라이트는 단연 시그니처 홍콩 토스트(홍콩 토스트)로, 커피나 디저트와 함께 즐기기 좋은 달콤한 메뉴입니다. 식사 메뉴 중에서는 겉은 바삭하고 속은 부드러운 프라운 토스트(프라운 토스트)를 꼭 맛보세요. 풍미 가득한 소스와 아삭한 숙주가 식감을 더해줍니다. 사천식 마파라구 소스 에그 누들(마파라구 소스 에그 누들)은 강렬하고 짭짤한 맛을 선사하지만, 소스가 다소 강렬하다고 느낄 수도 있습니다. 전반적으로 DOTZ는 훌륭한 요리와 세련된 분위기로 독특한 미식 여행을 선사합니다."
blueribbon,한뫼촌,서울특별시 종로구 북촌로 24-4,Seoul,South Korea,RIBBON_ONE,"한식(일반한식), 한정식",,02-766-5539,,2026,,37.578944,126.985564,2026-02-17T22:29:33.775718+00:00,,,,한뫼촌,서울특별시 종로구 북촌로 24-4,"Nestled in a charming Hanok (한옥), Hanmoechon offers a refined Korean table d'hôte experience perfect for intimate gatherings. The ambiance is serene and private, with separate rooms ideal for family celebrations, important guests, or a quiet meal. The dishes are prepared with a focus on fresh ingredients, presenting a clean and wholesome flavor profile that highlights the natural taste of each component, served elegantly in traditional pottery.

Signature dishes include the flavorful braised eggplant with meat (가지찜), tender steamed octopus from Pohang (포항 문어 숙회), and savory bossam (보쌈). The meal concludes with a refreshing assortment of seasonal vegetables (나물 모듬반상) and a light, palate-cleansing dessert. It's an excellent choice for those seeking a healthy, non-spicy Korean meal in a beautiful, traditional setting.","고즈넉한 한옥에 자리한 한뫼촌은 프라이빗한 모임에 완벽한 정갈한 한정식 코스 요리를 선보입니다. 조용하고 아늑한 분위기 속에서 개별 룸은 가족 모임, 귀한 손님 접대, 혹은 조용한 식사에 이상적인 공간을 제공합니다. 신선한 재료 본연의 맛을 살린 담백한 요리들은 전통적인 그릇에 정갈하게 담겨 나와 눈과 입을 모두 즐겁게 합니다.

이곳의 대표 메뉴로는 감칠맛 나는 가지찜, 야들야들한 포항 문어 숙회, 그리고 맛깔스러운 보쌈이 있습니다. 식사의 마무리는 신선한 나물 모듬과 입안을 깔끔하게 정리해주는 디저트로 이루어집니다. 아름답고 전통적인 분위기 속에서 건강하고 담백한 한식을 경험하고 싶은 분들에게 안성맞춤입니다."
blueribbon,아름다운차박물관,서울특별시 종로구 인사동길 19-11,Seoul,South Korea,RIBBON_ONE,"디저트/스위트, 한식디저트, 카페/커피/티, 전통차전문점",,02-735-6678 ,,2026,,37.57233,126.9859,2026-02-17T22:29:33.775718+00:00,,,,아름다운차박물관,서울특별시 종로구 인사동길 19-11,"Step into a serene oasis in the heart of Insadong at Areumdaun Cha Museum. This charming Hanok (한옥) style cafe offers a tranquil escape, blending traditional Korean tea culture with a unique exhibition space. Browse an impressive selection of teas, each with detailed descriptions of their benefits and flavors, and admire the exquisite teaware, from elegant teapots to diverse teacups, perfect for any tea connoisseur. It's an ideal spot to relax and immerse yourself in a peaceful, culturally rich atmosphere.","인사동의 고즈넉한 한옥에서 펼쳐지는 아름다운 차 박물관에서 평온한 휴식을 경험해 보세요. 이곳은 전통 찻집의 매력과 독특한 전시 공간을 조화롭게 결합한 곳입니다. 효능과 맛에 대한 상세한 설명이 곁들여진 인상적인 차 컬렉션을 둘러보고, 우아한 주전자부터 다채로운 찻잔까지, 차 애호가라면 누구나 좋아할 만한 아름다운 다기를 감상해 보세요. 평화롭고 문화적인 분위기에 흠뻑 빠져들기에 완벽한 장소입니다."
blueribbon,수연산방,서울특별시 성북구 성북로26길 8,Seoul,South Korea,RIBBON_ONE,"카페/커피/티, 전통차전문점",,02-764-1736 ,,2026,,37.59505415381474,126.99483656083896,2026-02-17T22:29:33.775718+00:00,,,,수연산방,서울특별시 성북구 성북로26길 8,"Step into a serene oasis at Suyeon Sanbang (수연산방), a beautifully preserved traditional Korean house (hanok) in the heart of Seongbuk-dong. This historic residence, once home to the renowned writer Sangheo Lee Tae-jun, has been meticulously restored, offering a tranquil escape with its lush gardens and calming ambiance. Enjoy a selection of traditional teas, refreshing drinks, and delightful desserts like patbingsu (팥빙수) and injeolmi (인절미) in a setting that feels like a journey back in time.","성북동의 고즈넉한 한옥 카페, 수연산방(Suyeon Sanbang)은 문학가 상허 이태준 선생이 거주했던 역사의 숨결을 간직한 곳입니다. 잘 가꿔진 정원과 고풍스러운 분위기 속에서 전통차와 팥빙수(patbingsu), 인절미(injeolmi) 등 정갈한 디저트를 맛보며 마치 시간 여행을 하는 듯한 평화로운 경험을 선사합니다. 도심 속에서 만나는 특별한 여유를 느껴보세요."
blueribbon,문츠바베큐,서울특별시 성동구 상원1길 22,Seoul,South Korea,RIBBON_ONE,"기타, 바비큐",,0507-1311-3054,,2026,,37.5456998488488,127.048512796873,2026-02-17T22:29:33.775718+00:00,,,,문츠바베큐,서울특별시 성동구 상원1길 22,"Muntz Barbecue offers a unique take on Texas-style barbecue, reinterpreting the classic for a modern Seoul palate. The restaurant boasts a sophisticated interior, making it an ideal spot for gatherings and company dinners, with a wide array of side dishes to complement the main event. It's a must-visit for anyone seeking top-tier barbecue in the city.","문츠 바베큐는 텍사스식 바베큐를 서울의 입맛에 맞게 재해석한 독특한 스타일을 선보입니다. 고급스러운 인테리어와 다양한 사이드 메뉴는 회식이나 모임 장소로 안성맞춤이며, 서울 최고의 바베큐를 맛보고 싶다면 꼭 방문해야 할 곳입니다."
blueribbon,레스토랑바위,서울특별시 용산구 이태원로 254,Seoul,South Korea,RIBBON_ONE,이탈리아식,,0507-1318-1496,,2026,,37.5372288776059,127.001178979441,2026-02-17T22:29:33.775718+00:00,,,,레스토랑바위,서울특별시 용산구 이태원로 254,"Nestled amidst the rocky hills of Buam-dong, Stone Hill offers a unique dining experience with its secluded, forest-like ambiance. The restaurant's architecture, built upon a massive rock formation, provides a sense of stepping into another world, complete with a natural wine cellar carved into the stone. It's an ideal spot for a quiet, intimate meal, perfect for dates or a peaceful family outing, with stunning views of Bukhansan (북한산) mountain visible through the windows.","부암동의 바위 언덕에 자리한 스톤힐은 마치 숲속에 온 듯한 아늑하고 비밀스러운 분위기를 선사합니다. 거대한 바위 위에 지어진 독특한 건축물과 자연 냉장고 역할을 하는 바위 틈 와인 저장고는 이곳만의 특별한 매력을 더합니다. 창밖으로 보이는 북한산(Bukhansan)의 풍경과 함께 조용하고 아늑한 식사를 즐길 수 있어 데이트 장소로도, 가족 나들이 장소로도 손색이 없습니다."
blueribbon,AU BOUILLON,서울특별시 성동구 독서당로51길 29-1,Seoul,South Korea,RIBBON_ONE,프랑스식,,02-6401-1048 ,,2026,,37.5506171094749,127.026068932213,2026-02-17T22:29:33.775718+00:00,,,,오부이용,서울특별시 성동구 독서당로51길 29-1,"Nestled in a quiet alley in Geumho-dong, AU BOUILLON offers a charming French bistro experience reminiscent of a Parisian home. The spacious interior, with its European-style decor, provides a comfortable setting for enjoying classic French fare. Reservations are highly recommended, as this Michelin-recognized gem is a popular spot. 

The signature dishes include the rich Onion Soup (양파 스프), a comforting blend of sweet onions and savory cheese, and the Bouillabaisse-style John Dory (부야베스 스타일의 달고기), a flavorful fish stew. For heartier options, the Pork Chop Steak (돼지뼈등심 스테이크) and the Hanwoo 1+ Sirloin Steak (한우1+ 채끝등심스테이크) are excellent choices, perfectly cooked and incredibly tender. Don't miss the delightful desserts like Crème brûlée (크램브륄레) and Saint-Honoré (생또노레) to round off your meal.","금호동의 조용한 골목에 자리한 AU BOUILLON은 파리의 가정집을 연상시키는 매력적인 프랑스 비스트로 경험을 선사합니다. 유럽풍 장식의 넓은 내부는 편안한 분위기에서 클래식한 프랑스 요리를 즐기기에 완벽한 장소입니다. 미쉐린 가이드에 소개된 이 인기 명소는 예약이 필수입니다.

대표 메뉴로는 달콤한 양파와 짭짤한 치즈의 조화가 일품인 진한 양파 스프(Onion Soup)와 토마토 베이스의 풍미 가득한 생선 스튜인 부야베스 스타일의 달고기(Bouillabaisse-style John Dory)가 있습니다. 든든한 식사를 원한다면 두툼하게 구워낸 돼지뼈등심 스테이크(Pork Chop Steak)와 입안에서 살살 녹는 한우 1+ 채끝등심 스테이크(Hanwoo 1+ Sirloin Steak)를 추천합니다. 식사의 마무리는 크렘브륄레(Crème brûlée)와 생또노레(Saint-Honoré) 같은 맛있는 디저트로 즐겨보세요."
blueribbon,bâton meal cafe,서울특별시 용산구 한강대로15길 33,Seoul,South Korea,RIBBON_ONE,"기타, 브런치카페, 유럽식, 북유럽식",,070-8869-6003,,2026,,37.5264866412544,126.962632956649,2026-02-17T22:29:33.775718+00:00,,,,바통밀카페,서울특별시 용산구 한강대로15길 33,"Nestled near Yongsan and Sin Yongsan stations, Bâton Meal Cafe offers a delightful brunch experience with its clean plating and fresh ingredients. While the tomato soup might not be exactly what everyone's looking for, the overall taste is satisfying and not overly stimulating. The cafe also boasts a good selection of coffee and juice.

The cafe's ambiance is pleasant, especially on a sunny day with light streaming through the large windows. Popular items like the popover pancake (팝오버 팬케이크) are a must-try, though prices for salads, sandwiches, and pasta dishes range from ₩16,000 to ₩24,000. Be aware that the space is cozy, so expect a wait, especially on weekends.","용산역과 신용산역 근처에 자리한 바통 밀 카페는 깔끔한 플레이팅과 신선한 재료로 즐거운 브런치 경험을 선사합니다. 토마토 수프가 기대했던 맛과 조금 다를 수 있지만, 전반적인 맛은 자극적이지 않고 만족스럽습니다. 커피와 주스 메뉴도 다양하게 준비되어 있습니다.

햇살 좋은 날에는 큰 창으로 들어오는 빛 덕분에 더욱 기분 좋은 분위기를 느낄 수 있습니다. 팝오버 팬케이크(popover pancake)와 같은 인기 메뉴는 꼭 맛봐야 할 메뉴이며, 샐러드, 샌드위치, 파스타 등의 식사 메뉴 가격대는 16,000원에서 24,000원 사이입니다. 공간이 아늑한 편이니, 특히 주말에는 대기가 있을 수 있다는 점 참고하세요."
blueribbon,금토일샴페인빠,서울특별시 중구 충무로 43-2,Seoul,South Korea,RIBBON_ONE,"바, 샴페인바",,0507-1460-2783,,2026,,37.5650958071738,126.992583246148,2026-02-17T22:29:33.775718+00:00,,,,금토일샴페인빠,서울특별시 중구 충무로 43-2,"This spot is a hidden gem for those seeking authentic Korean flavors. Reviewers rave about the exceptional jjangmyeon (짜장면) and bokkeumbap (볶음밥), with special mentions for the crispy gunmandu (군만두) and flavorful ganjjajang (간짜장). The menu also features a delightful myeongran avocado deopbap (명란아보카도덮밥), a perfect blend of savory pollack roe and creamy avocado, and a comforting gamja sujebi (감자수제비) that's a must-try for noodle lovers.","진정한 한국의 맛을 찾는 이들에게 숨겨진 보석 같은 곳입니다. 리뷰어들은 특히 훌륭한 짜장면과 볶음밥에 극찬을 보내며, 바삭한 군만두와 풍미 가득한 간짜장도 특별히 언급되었습니다. 메뉴에는 또한 맛있는 명란 아보카도 덮밥과 든든한 감자 수제비도 준비되어 있어 면 애호가들에게 꼭 맛봐야 할 메뉴입니다."
blueribbon,부산갈비,서울특별시 중구 마른내로 107-1,Seoul,South Korea,RIBBON_ONE,"한식(육류), 소갈비, 소불고기",,02-2279-5821 ,,2026,,37.56275,126.9978,2026-02-17T22:29:33.775718+00:00,,,,부산갈비,서울특별시 중구 마른내로 107-1,"This long-standing restaurant, a gem featured in Baekpa's ""1010 Delicious Korean Houses,"" offers a nostalgic dining experience. The star of the show is the ""Value Set"" (실속세트), a popular collaboration featuring hearty galbitang (갈비탕) with tender, flavorful pork ribs and a side of refreshing naengmyeon (냉면). Don't miss the unique dipping sauce, a special blend that perfectly complements the grilled pork ribs (돼지갈비), and the traditional side dishes that evoke a sense of the past. The ambiance, with its traditional Korean wooden floors (한옥 마루), and the thoughtful touches like vintage matchboxes, make for a truly memorable meal.","백파의 '한국 맛있는 집 1010'에 소개된 이 노포는 향수를 불러일으키는 식사 경험을 선사합니다. 이곳의 하이라이트는 푸짐한 갈비탕(갈비탕)과 부드럽고 맛있는 돼지갈비(돼지갈비), 그리고 시원한 냉면(냉면)의 인기 콜라보 메뉴인 '실속세트'입니다. 돼지갈비와 환상적인 궁합을 자랑하는 독특한 양념장과 옛 추억을 떠올리게 하는 정겨운 밑반찬들도 놓치지 마세요. 한옥 마루가 돋보이는 분위기와 추억의 성냥 같은 세심한 배려가 진정으로 기억에 남는 식사를 만들어 줄 것입니다."
blueribbon,조선옥,서울특별시 중구 을지로15길 6-5,Seoul,South Korea,RIBBON_ONE,"한식(육류), 소갈비, 한식(탕/국/찌개/전골), 육개장",,02-2266-0333,,2026,,37.5667960482466,126.993638013279,2026-02-17T22:29:33.775718+00:00,,,,조선옥,서울특별시 중구 을지로15길 6-5,"Step into Joseonok (조선옥), an 80-year-old institution in Euljiro, once hailed as one of the area's top three eateries. This legendary spot specializes in a classic style of marinated beef ribs (yangnyeom so-galbi, 양념소갈비), meticulously prepared by marinating the meat in a blend of soy sauce, sesame oil, garlic, and sugar for a full day before grilling it over charcoal. The result is a subtly sweet, deeply savory flavor that evokes a nostalgic taste of old-school Korean barbecue. Don't miss their unique Daegutang (대구탕), a rich, hearty soup made with beef broth and tender beef ribs, offering a complex umami that perfectly complements a bowl of rice.","을지로의 80년 역사를 자랑하는 노포, 조선옥(조선옥)에 오신 것을 환영합니다. 과거 안동장, 이남장과 함께 을지로 3대 식당으로 불렸던 이곳은 하루 동안 간장, 참기름, 마늘, 설탕 등으로 양념한 소갈비(양념소갈비)를 연탄불에 구워내는 옛날식 갈비구이 전문점입니다. 은은하게 달콤하면서도 깊은 감칠맛이 옛 추억을 불러일으킵니다. 또한, 소갈비 육수로 끓여낸 독특한 대구탕(대구탕)은 진한 풍미와 부드러운 갈비살이 어우러져 밥 한 그릇을 뚝딱 비우게 만드는 매력이 있습니다."
blueribbon,이남장,서울특별시 중구 삼일대로12길 16,Seoul,South Korea,RIBBON_ONE,"한식(탕/국/찌개/전골), 설렁탕, 도가니탕, 한식(육류), 수육",,02-2267-4081,,2026,,37.566606,126.988638,2026-02-17T22:29:33.775718+00:00,,,,이남장,서울특별시 중구 삼일대로12길 16,"This spot is a haven for those who appreciate hearty, traditional Korean soups. The atmosphere has a classic, old-school vibe, attracting many solo diners and regulars who clearly know a good thing when they taste it. Their signature dishes, particularly the innards soup (Naejangtang, 내장탕), are praised for their clean, fresh taste without any gamey odor, making it a satisfying and comforting meal. The self-serve kimchi (김치) and kkakdugi (깍두기) are the perfect accompaniments to this delicious, no-frills experience.","이곳은 푸짐하고 전통적인 한국식 국물을 좋아하는 사람들의 안식처입니다. 고전적이고 옛스러운 분위기가 매력적이며, 맛있는 음식을 아는 단골들과 혼밥족들이 많이 찾는 곳입니다. 특히 내장탕(Naejangtang, 내장탕)은 잡내 없이 깔끔하고 신선한 맛으로 칭찬받으며, 든든하고 편안한 식사를 선사합니다. 셀프 코너에서 덜어 먹는 김치(Kimchi, 김치)와 깍두기(Kkakdugi, 깍두기)는 이 맛있는 식사를 더욱 완벽하게 만들어 줍니다."
blueribbon,보건옥,서울특별시 중구 창경궁로8길 12,Seoul,South Korea,RIBBON_ONE,"한식(육류), 소불고기, 삼겹살, 한식(탕/국/찌개/전골), 김치찌개",,02-2275-3743 ,,2026,,37.5685,126.9988,2026-02-17T22:29:33.775718+00:00,,,,보건옥,서울특별시 중구 창경궁로8길 12,"Step into Bogunok (보건옥), a beloved 40-year-old institution tucked away in the charming alleys of Euljiro. This no-frills eatery, often mistaken for a butcher shop, is a local secret known for its commitment to only the finest Hanwoo (한우) beef. While famous for its grilled meats, don't overlook their hearty Kimchi Jjigae (김치찌개), a lunchtime favorite among nearby office workers. The rustic ambiance, coupled with expertly prepared dishes, makes for an authentic and unforgettable dining experience.","을지로의 매력적인 골목길에 자리한 40년 전통의 보건옥은 정육점처럼 보이는 소박한 식당으로, 최상급 한우만을 고집하는 현지인들의 비밀스러운 맛집입니다. 이곳은 구이 요리로 유명하지만, 점심시간 직장인들에게 사랑받는 든든한 김치찌개(Kimchi Jjigae)도 놓치지 마세요. 소박한 분위기와 정성껏 준비된 요리가 어우러져 진정한 미식 경험을 선사합니다."
blueribbon,YM COFFEE PROJECT,서울특별시 은평구 연서로29길 21-8,Seoul,South Korea,RIBBON_ONE,"카페/커피/티, 커피전문점",,070-7767-0829,,2026,,37.6191336121159,126.917559511221,2026-02-17T22:29:33.775718+00:00,,,,와이엠커피프로젝트,서울특별시 은평구 연서로29길 21-8,"Step into YM COFFEE PROJECT in Gupabal and be transported to a unique ""cathedral"" concept space, complete with rows of church pews and a dedicated calligraphy corner. This cafe is a haven for serious coffee lovers, offering a rich and satisfying experience with expertly brewed coffee, including a standout home blend latte. Don't miss their delightful Chestnut Basque Cheesecake, a perfect, moist, and chewy accompaniment to your drink.

The ambiance is further elevated by a high-quality sound system playing classical music, creating an almost concert-hall-like atmosphere, especially when the space is less crowded. The natural light filtering through the distinctive window panes adds to the serene and sophisticated vibe, making it a truly memorable spot for a relaxing break.","구파발 YM COFFEE PROJECT는 독특한 ""성당"" 컨셉의 공간으로, 줄지어 늘어선 성당 의자와 캘리그라피 코너가 마련되어 있어 방문객을 특별한 경험으로 안내합니다. 이곳은 진정한 커피 애호가들을 위한 안식처이며, 홈 블렌드 라떼를 포함한 전문적으로 추출된 커피는 풍부하고 만족스러운 경험을 선사합니다. 음료와 완벽하게 어울리는 촉촉하고 쫄깃한 밤 바스크 치즈 케이크도 놓치지 마세요.

고품질 사운드 시스템에서 흘러나오는 클래식 음악은 공간이 덜 붐빌 때 마치 콘서트홀에 온 듯한 분위기를 자아냅니다. 독특한 창문을 통해 들어오는 자연광은 고요하고 세련된 분위기를 더하며, 편안한 휴식을 위한 기억에 남는 장소입니다."
blueribbon,Reissue Coffee Roasters,서울특별시 마포구 연남로 35,Seoul,South Korea,RIBBON_ONE,"카페/커피/티, 커피전문점",,02-336-6884 ,,2026,,37.5626957260034,126.921362029118,2026-02-17T22:29:33.775718+00:00,,,,리이슈커피로스터스,서울특별시 마포구 연남로 35,"Tucked away near the Gyeongui Line Forest Park in Yeonnam-dong, Reissue Coffee Roasters offers a unique and artistic atmosphere that might initially surprise you but ultimately charms. The interior design is a standout, with eye-catching orange accents and stylish merchandise that beckons. They're also known for selling their own coffee beans. The attention to detail extends to their scientifically designed cups, which keep your drink ice-cold while remaining comfortable to hold.",연남동 경의선 숲길 공원 근처에 숨겨진 리슈 커피 로스터스는 처음에는 놀라울 수 있지만 결국 매료되는 독특하고 예술적인 분위기를 선사합니다. 인테리어 디자인은 눈길을 사로잡는 주황색 액센트와 탐나는 스타일리시한 굿즈로 시선을 사로잡습니다. 자체 원두 판매로도 유명합니다. 과학적인 디자인의 컵은 음료를 차갑게 유지하면서도 손에 쥐기 편안하게 하여 세심한 주의를 기울였습니다.
blueribbon,pastel coffee works,서울특별시 마포구 성지길 58,Seoul,South Korea,RIBBON_ONE,"카페/커피/티, 커피전문점",,02-322-7549,,2026,,37.5462699792267,126.912617576909,2026-02-17T22:29:33.775718+00:00,,,,파스텔커피웍스,서울특별시 마포구 성지길 58,"Tired of mass-produced coffee? Pastel Coffee Works is your haven for meticulously roasted beans, showcasing a dedication to quality and craft. Their menu is a curated selection of espresso, filter, and cold brew options, with standouts like the ""Low-Cap"" (로우카프) and ""Berliner Cold Brew"" (베를리너 콜드브루) offering complex flavor profiles. The ""Dark Knight"" (다크나이트) drip coffee, with its notes of roasted hazelnut and balanced acidity, is a must-try for those seeking a rich and satisfying cup.

This two-story cafe, located near Hapjeong Station, offers a serene escape with a dedicated space for enjoying your coffee downstairs. The ambiance is further enhanced by the visible passion of the baristas and the thoughtful P-Point system, which helps guide you through their diverse range of roasts. It's a perfect spot for coffee aficionados and casual drinkers alike, with the added bonus of being pet-friendly.","획일적인 대량 생산 커피에 지쳤다면, 파스텔 커피 웍스는 품질과 장인 정신에 대한 헌신을 보여주는 세심하게 로스팅된 원두의 안식처입니다. 메뉴는 에스프레소, 필터, 콜드브루 옵션으로 구성되어 있으며, ""로우카프""와 ""베를리너 콜드브루""와 같은 대표 메뉴는 복합적인 풍미를 선사합니다. 구운 헤이즐넛 향과 균형 잡힌 산미가 특징인 ""다크나이트"" 드립 커피는 풍부하고 만족스러운 한 잔을 찾는 분들에게 꼭 맛봐야 할 메뉴입니다.

합정역 근처에 위치한 이 2층 카페는 아래층에서 커피를 즐길 수 있는 전용 공간과 함께 고요한 휴식을 제공합니다. 바리스타들의 열정과 다양한 로스트를 안내하는 P-Point 시스템은 분위기를 더욱 돋보이게 합니다. 애호가와 일반 방문객 모두에게 완벽한 장소이며, 반려동물 동반이 가능하다는 추가적인 장점도 있습니다."
blueribbon,Greenmile Coffee,서울특별시 종로구 북촌로 64,Seoul,South Korea,RIBBON_ONE,"카페/커피/티, 커피전문점",,02-744-2404 ,,2026,,37.582351,126.985222,2026-02-17T22:29:33.775718+00:00,,,,그린마일커피,서울특별시 종로구 북촌로 64,"Nestled in the charming Aewol village, Greenmile Coffee offers a serene escape with its spacious interior and thoughtfully designed, albeit sometimes quirky, furniture. It's a perfect spot for quiet reading or a relaxed outing with children, boasting a calm ambiance. The cafe also features unique art collaborations, including pieces inspired by Seoul's Bukchon Hanok Village and the picturesque Jeju landscape, available on various merchandise like eco-bags and tumblers.","애월 마을에 자리한 그린마일커피는 넓은 공간과 독특하게 디자인된 가구로 편안한 휴식을 선사합니다. 조용히 책을 읽거나 아이들과 함께 방문하기 좋은 차분한 분위기를 자랑하며, 서울 북촌 한옥마을과 제주의 아름다운 풍경에서 영감을 받은 아트 콜라보레이션 작품들을 에코백, 텀블러 등 다양한 굿즈로 만나볼 수 있습니다."
blueribbon,COFFEE TOUR,서울특별시 종로구 사직로10길 12,Seoul,South Korea,RIBBON_ONE,"카페/커피/티, 커피전문점",,02-733-6612,,2026,,37.575341,126.970203,2026-02-17T22:29:33.775718+00:00,,,,커피투어(광화문점),서울특별시 종로구 사직로10길 12,"This cafe is a must-visit for coffee lovers exploring Brisbane. While the initial experience with a long black might remind you of filter coffee, the real magic lies in their flat whites and lattes. The vibe is bustling, especially in the morning, with locals grabbing their daily brew. Don't miss the chance to try their coffee, which is known for its exceptionally clean and refreshing taste, leaving no bitter aftertaste.","이곳은 브리즈번을 탐험하는 커피 애호가들에게 꼭 방문해야 할 곳입니다. 처음에는 롱블랙(long black)이 필터 커피를 연상시킬 수 있지만, 진정한 마법은 플랫화이트(flat white)와 라떼(latte)에 있습니다. 특히 아침에는 현지인들이 매일 커피를 즐기기 위해 들르는 활기찬 분위기를 느낄 수 있습니다. 특히 깔끔하고 상쾌한 맛으로 뒷맛이 남지 않는 것으로 유명한 커피를 꼭 맛보세요."
blueribbon,MANUFACT COFFEE ROASTERS,서울특별시 서대문구 연희로11길 29,Seoul,South Korea,RIBBON_ONE,"카페/커피/티, 커피전문점",,02-6406-8777,,2026,,37.56776,126.9296,2026-02-17T22:29:33.775718+00:00,,,,매뉴팩트커피,서울특별시 서대문구 연희로11길 29,"Nestled in the charming Yeonhui-dong, Manufact Coffee Roasters is a must-visit for coffee aficionados. This cozy spot boasts a unique vibe, even in its compact space, offering a welcome respite from the usual hustle. While the latte is a clear crowd-pleaser, reviewers rave that the quality of their beans means any coffee order is a guaranteed win. Don't miss the chance to savor their rich and nutty brews, and if you can't snag a seat, grabbing a takeaway to enjoy while exploring the neighborhood is highly recommended.","매력적인 연희동에 자리한 매뉴팩트커피 로스터스는 커피 애호가라면 꼭 방문해야 할 곳입니다. 아담한 공간에서도 독특한 분위기를 자랑하며, 늘 북적이는 곳에서 벗어나 편안한 휴식을 선사합니다. 라떼가 단연 인기 메뉴이지만, 원두 자체가 훌륭하여 어떤 커피를 주문해도 실패가 없을 것이라는 찬사가 이어집니다. 진하고 고소한 커피를 맛볼 기회를 놓치지 마세요. 자리가 없다면 테이크아웃해서 동네를 구경하며 즐기는 것도 강력 추천합니다."
blueribbon,millo coffee roasters,서울특별시 마포구 양화로18안길 36,Seoul,South Korea,RIBBON_ONE,"카페/커피/티, 커피전문점",,02-554-3916 ,,2026,,37.55701,126.92659,2026-02-17T22:29:33.775718+00:00,,,,밀로커피로스터스,서울특별시 마포구 양화로18안길 36,"Nestled in the vibrant Hongdae area, Millo Coffee Roasters is a haven for coffee aficionados, helmed by a roaster with nearly two decades of experience. This beloved spot, a long-time favorite for many, offers a serene escape with its focus on meticulously prepared coffee. Patrons rave about the signature Mont Blanc coffee, a delightful take on the classic Einspänner, featuring rich espresso topped with a velvety cream that slowly melds into the brew, creating a dynamic flavor experience. The cafe also shines with its expertly brewed hand drip coffees, showcasing the nuanced profiles of their freshly roasted beans.","홍대 지역에 자리한 밀로커피 로스터스는 20년 경력의 로스터가 운영하는 커피 애호가들의 성지입니다. 오랫동안 많은 이들의 사랑을 받아온 이곳은 정성껏 준비된 커피에 집중하며 평온한 휴식을 선사합니다. 시그니처 메뉴인 몽블랑 커피는 클래식 아인슈페너를 독창적으로 재해석한 음료로, 진한 에스프레소 위에 부드러운 크림이 올라가 천천히 녹아들며 다채로운 맛의 경험을 선사합니다. 또한, 신선하게 로스팅한 원두의 섬세한 풍미를 살린 핸드드립 커피도 일품입니다."
blueribbon,HELL CAFE ROASTERS,서울특별시 용산구 보광로 76,Seoul,South Korea,RIBBON_ONE,"카페/커피/티, 커피전문점",,070-7604-3456,,2026,,37.53031,126.997,2026-02-17T22:29:33.775718+00:00,,,,헬카페로스터즈,서울특별시 용산구 보광로 76,"Step into Hell Cafe Roasters and prepare to be charmed by its unique vibe and incredibly reasonable prices. Even with a crowd, the dedication to their signature Hell Latte (헬라떼) is worth the wait, with friendly owners even offering outdoor seating. The cafe also boasts an impressive selection of drip coffee and even serves alcohol, all complemented by a killer playlist that perfectly matches the ""hell"" theme. Don't miss out on their homemade Tiramisu (티라미수), a rich and dense delight that pairs perfectly with their coffee, or their refreshing Carrot Juice (당근주스) made with authentic Jeju carrots.","독특한 분위기와 믿을 수 없을 만큼 합리적인 가격에 매료될 준비를 하고 헬 카페 로스터스에 들어서세요. 사람이 많아도 시그니처 헬 라떼(헬라떼)에 대한 열정은 기다릴 가치가 있으며, 친절한 사장님들은 야외 좌석까지 제공합니다. 카페는 또한 인상적인 드립 커피 셀렉션을 자랑하며 술까지 판매하는데, 완벽하게 ""헬"" 테마와 어울리는 훌륭한 플레이리스트가 곁들여집니다. 직접 만든 티라미수(티라미수)와 신선한 제주 당근으로 만든 당근 주스(당근주스)도 놓치지 마세요."
blueribbon,Cafe Imi,서울특별시 마포구 동교로25길 7,Seoul,South Korea,RIBBON_ONE,"카페/커피/티, 커피전문점, 디저트/스위트, 디저트전문점",,02-6368-5228,,2026,,37.55744,126.9219,2026-02-17T22:29:33.775718+00:00,,,,이미커피,서울특별시 마포구 동교로25길 7,"Cafe Imi is a must-visit spot for coffee and dessert lovers, born from a unique sibling collaboration between a skilled barista and a pastry chef who honed their craft in Japan. The ambiance, with its warm lighting and wood tones, provides a comforting backdrop to enjoy their high-quality, seasonally updated desserts, like the intriguing Strawberry Tomato Dacquoise. Expect a delightful experience as the staff expertly guide you through coffee and dessert pairings, making each visit a memorable occasion.","이미커피는 일본에서 디저트와 커피를 연마한 형제 바리스타와 파티시에의 독특한 협업으로 탄생한, 커피와 디저트 애호가라면 꼭 방문해야 할 곳입니다. 따뜻한 조명과 우드톤의 아늑한 분위기는 제철에 맞춰 업데이트되는 딸기 토마토 다쿠와즈와 같은 흥미로운 고품질 디저트를 즐기기에 완벽한 배경을 제공합니다. 직원들이 커피와 디저트 페어링을 전문적으로 안내해주어 매 방문이 기억에 남는 경험이 될 것입니다."
blueribbon,PROTOKOLL,서울특별시 서대문구 연희로 109,Seoul,South Korea,RIBBON_ONE,"카페/커피/티, 커피전문점",,0507-1389-6159,,2026,,37.5677931372994,126.931372918465,2026-02-17T22:29:33.775718+00:00,,,,프로토콜(연희점),서울특별시 서대문구 연희로 109,"PROTOKOLL is a serene sanctuary tucked away in a quiet alley near Sangsu Station. This specialty coffee roastery is designed for focus and contemplation, with a minimalist aesthetic featuring warm wood tones, ambient lighting, and large windows that let in gentle sunlight. The atmosphere is enhanced by calming instrumental music, making it an ideal spot for solo work, reading, or quiet reflection. While they focus on excellent coffee and tea, don't expect extensive dessert options.","상수역 근처 조용한 골목에 자리한 프로토콜(PROTOKOLL)은 고요한 안식처입니다. 미니멀한 인테리어와 따뜻한 우드톤, 은은한 조명, 그리고 부드러운 햇살이 들어오는 큰 창문이 특징인 이곳은 집중과 사색을 위한 공간으로 꾸며져 있습니다. 잔잔한 연주곡이 흐르는 분위기는 혼자 작업하거나, 책을 읽거나, 조용히 생각에 잠기기에 이상적인 환경을 조성합니다. 훌륭한 커피와 차에 집중하는 곳이므로, 다양한 디저트 메뉴를 기대하기는 어렵습니다."
blueribbon,LOF COFFEE ROASTERS,서울특별시 광진구 동일로 304,Seoul,South Korea,RIBBON_ONE,"카페/커피/티, 커피전문점",,010-8662-5891,,2026,,37.5582513703731,127.073477495613,2026-02-17T22:29:33.775718+00:00,,,,로프커피,서울특별시 광진구 동일로 304,"Step into LOF COFFEE ROASTERS and be greeted by a chic, sun-drenched interior featuring a stylish grey and yellow color palette. This spacious cafe offers ample room between tables, making it perfect for solo visits, dates, or group gatherings. The star of the show is their dedication to coffee, with a national latte art champion behind the counter and the captivating sight of beans being roasted in-house. Don't miss the signature Brown Cheese Croffle (브라운치즈 크로플), a delightful combination of crispy-chewy waffle and savory-sweet cheese, or the decadent Megaton Cream Latte (메가톤 크림라떼), a rich espresso topped with a thick layer of cream that even coffee novices will adore.","LOF COFFEE ROASTERS는 세련된 그레이와 옐로우 색상의 조화가 돋보이는 햇살 가득한 공간으로 여러분을 맞이합니다. 넓은 테이블 간격은 혼자 방문하거나, 데이트, 혹은 모임에도 완벽한 환경을 제공합니다. 이곳의 하이라이트는 커피에 대한 열정으로, 국가대표 라떼 아트 챔피언이 직접 커피를 만들고 직접 로스팅하는 모습을 볼 수 있습니다. 겉바속쫀 크로플에 고소하고 달콤한 브라운 치즈가 올라간 시그니처 브라운 치즈 크로플(브라운치즈 크로플)과 진한 에스프레소 위에 풍성한 생크림이 올라가 꾸덕한 달콤함의 끝판왕인 메가톤 크림라떼(메가톤 크림라떼)를 꼭 맛보세요. 커피 초보자도 반하게 만드는 매력적인 메뉴입니다."
blueribbon,La Pluma,서울특별시 성북구 고려대로27길 18,Seoul,South Korea,RIBBON_ONE,"카페/커피/티, 커피전문점",,02-927-7949,,2026,,37.5870992240896,127.029898451923,2026-02-17T22:29:33.775718+00:00,,,,라플루마앤보헤미안,서울특별시 성북구 고려대로27길 18,"This spot offers a cozy and intimate atmosphere, perfect for catching up with friends over drinks. The vibe is relaxed and welcoming, making it an ideal place to unwind after a long day. While the reviews don't highlight specific signature dishes, the focus seems to be on the overall experience and the quality of the beverages served, suggesting a well-curated selection that complements the comfortable setting.","이곳은 아늑하고 친밀한 분위기를 제공하며, 음료를 즐기며 친구들과 담소를 나누기에 완벽한 장소입니다. 편안하고 환영하는 분위기는 긴 하루를 보낸 후 긴장을 풀기에 이상적인 곳입니다. 특정 시그니처 메뉴가 강조되지는 않았지만, 전반적인 경험과 제공되는 음료의 품질에 중점을 두고 있어 편안한 분위기를 보완하는 잘 선별된 메뉴를 기대할 수 있습니다."
blueribbon,haerye coffee,서울특별시 성동구 연무장길 28-20,Seoul,South Korea,RIBBON_ONE,"카페/커피/티, 커피전문점",,02-465-3357,,2026,,37.5428502128868,127.052211096059,2026-02-17T22:29:33.775718+00:00,,,,클래식해례커피,서울특별시 성동구 연무장길 28-20,,
blueribbon,KOONG,서울특별시 종로구 인사동10길 11-3,Seoul,South Korea,RIBBON_ONE,"한식(면류), 만두, 떡국",,02-733-9240,,2026,,37.57423,126.9854,2026-02-17T22:29:33.775718+00:00,,,,개성만두궁,서울특별시 종로구 인사동10길 11-3,"Nestled in the heart of Insadong, KOONG is a celebrated gem, recognized for its consistent inclusion in the Michelin Guide's Bib Gourmand list for four consecutive years. This distinction highlights the restaurant's ability to offer exceptional flavors at reasonable prices, making it a favored spot for both locals and international travelers seeking authentic Korean cuisine. The ambiance is welcoming, with friendly service and a notable presence of foreign visitors, hinting at its global appeal. While the menu might seem concise, it focuses on delivering quality dishes that have earned it a reputation as a must-visit destination.","인사동 중심부에 자리한 궁(KOONG)은 4년 연속 미쉐린 가이드 빕 구르망에 선정된 명성 높은 맛집입니다. 합리적인 가격으로 뛰어난 맛을 제공하는 이곳은 현지인과 외국인 여행객 모두에게 사랑받는 한국 전통 요리의 성지로 알려져 있습니다. 친절한 서비스와 외국인 방문객들의 모습은 이곳의 세계적인 매력을 짐작하게 합니다. 메뉴는 간결해 보일 수 있지만, 방문객들에게 꼭 맛봐야 할 곳으로 명성을 안겨준 훌륭한 요리에 집중하고 있습니다."
blueribbon,l’Auberge,서울특별시 종로구 자하문로5길 11,Seoul,South Korea,RIBBON_ONE,"기타, 스테이크",,02-722-9445 ,,2026,,37.577607529639074,126.97119563919912,2026-02-17T22:29:33.775718+00:00,,,,오베르쥬 ,서울특별시 종로구 자하문로5길 11,"Nestled in the charming and accessible Seochon neighborhood, L'Auberge offers a cozy retreat with a French bistro vibe. The lunch set menu is a fantastic value, featuring dishes like a refreshing salad with beef carpaccio and a perfectly balanced sole meunière (뫼니에르). Don't miss the rich onion soup (어니언 스프) and the delightful chocolate mousse for dessert.

This spot is ideal for a relaxed meal, with a bar-style seating arrangement that encourages a comfortable dining experience. The attention to detail in plating, like the garden-inspired appetizer, adds to the overall charm. It's a place that feels like a welcoming haven, perfect for enjoying classic French flavors in a warm atmosphere.","매력적이고 접근성 좋은 서촌에 자리한 오베르쥬는 아늑한 프렌치 비스트로 분위기를 선사합니다. 합리적인 가격의 런치 세트 메뉴는 카르파치오가 곁들여진 신선한 샐러드와 완벽한 밸런스의 광어 뫼니에르(뫼니에르)를 포함한 훌륭한 선택입니다. 진한 어니언 수프(어니언 스프)와 달콤한 초콜릿 무스 디저트도 놓치지 마세요.

바 형태의 좌석 배치는 편안한 식사 경험을 선사하며, 여유로운 식사를 즐기기에 이상적인 장소입니다. 정원을 연상시키는 애피타이저처럼 플레이팅의 섬세함은 전반적인 매력을 더합니다. 따뜻한 분위기 속에서 클래식한 프랑스 요리를 즐기기에 완벽한, 환영받는 안식처 같은 곳입니다."
blueribbon,local EAT,서울특별시 성동구 한림말길 33,Seoul,South Korea,RIBBON_ONE,"이탈리아식, 기타, 채소요리",,02-2282-1124,,2026,,37.5409414348017,127.014746912628,2026-02-17T22:29:33.775718+00:00,,,,로컬릿,서울특별시 성동구 한림말길 33,"This spot is a popular meeting point for the 'Dreaming Bookworms' (꿈유북족) reading club, a group focused on boosting 'Execution IQ' through reading and economic studies. Members gather here before embarking on their real estate 'imjang' (임장) tours, exploring areas like Apgujeong and Oksu. The cafe itself is noted for its decent latte and serves as a comfortable, albeit not overly spacious, hub for like-minded individuals to connect before their explorations.","이곳은 독서와 경제 공부를 통해 '실행 IQ'를 높이는 모임인 '꿈유북족'의 인기 만남의 장소입니다. 회원들은 압구정과 옥수동 같은 지역을 탐방하는 부동산 '임장' 투어를 시작하기 전에 이곳에 모입니다. 카페는 괜찮은 라떼와 함께, 탐방을 시작하기 전 뜻이 맞는 사람들이 교류하기에 편안하지만 아주 넓지는 않은 중심지 역할을 합니다."
blueribbon,LEESAR COFFEE,서울특별시 중구 다산로8길 16-7,Seoul,South Korea,RIBBON_ONE,"카페/커피/티, 에스프레소바, 커피전문점",,070-7677-5538 ,,2026,,37.55247279025858,127.0104251154482,2026-02-17T22:29:33.775718+00:00,,,,리사르커피(약수점),서울특별시 중구 다산로8길 16-7,"Step into LeeSar Coffee, a bustling espresso bar in the heart of Myeongdong that truly captures the vibrant energy of the city. While the downstairs counter can get hectic, especially during peak hours, the cozy seating upstairs offers a welcome respite. As a roastery, LeeSar Coffee boasts a selection of beans for sale, allowing you to take the aromatic experience home. Their menu features a variety of espresso-based drinks, with the Cafe Oneroso (카페 오네로소) being a standout – a heavenly blend of espresso, milk, cream, and cocoa topping, enjoyed without stirring for a perfect balance of flavors.","명동의 중심부에서 도시의 활기찬 에너지를 제대로 담아내는 분주한 에스프레소 바, 리사르 커피에 들어서 보세요. 특히 피크 타임에는 아래층 카운터가 매우 혼잡할 수 있지만, 위층의 아늑한 좌석은 편안한 휴식을 제공합니다. 로스터리 카페인 리사르 커피는 판매용 원두도 갖추고 있어 향긋한 경험을 집으로 가져갈 수 있습니다. 메뉴에는 다양한 에스프레소 기반 음료가 있으며, 특히 카페 오네로소는 에스프레소, 우유, 크림, 코코아 토핑의 천상의 조화로, 섞지 않고 그대로 마시는 것이 완벽한 맛의 균형을 선사합니다."
blueribbon,L'atelier COMTÉ,서울특별시 종로구 성균관로17길 53,Seoul,South Korea,RIBBON_ONE,프랑스식,,0507-1445-0147,,2026,,37.59139981236814,126.9972780042131,2026-02-17T22:29:33.775718+00:00,,,,라뜰리에꼼때,서울특별시 종로구 성균관로17길 53,"L'atelier COMTÉ offers an intimate and romantic fine dining experience, perfect for special occasions like anniversaries or proposals. This one-table restaurant provides a private and quiet atmosphere, allowing guests to fully immerse themselves in the moment. The chef personally greets guests, explains the course menu, and ensures a seamless, personalized dining journey.","L'atelier COMTÉ는 기념일이나 프로포즈와 같은 특별한 날에 완벽한, 친밀하고 로맨틱한 파인 다이닝 경험을 선사합니다. 단 하나의 테이블만 있는 이 레스토랑은 손님들이 순간에 온전히 몰입할 수 있도록 프라이빗하고 조용한 분위기를 제공합니다. 셰프가 직접 손님을 맞이하고 코스 메뉴를 설명하며, 매끄럽고 개인화된 식사 경험을 보장합니다."
blueribbon,TAJ,서울특별시 중구 명동길 73,Seoul,South Korea,RIBBON_ONE,"아시아식, 인도식",,02-776-0677,,2026,,37.5644105705291,126.986233754442,2026-02-17T22:29:33.775718+00:00,,,,타지,서울특별시 중구 명동길 73,"Taj is a celebrated Indian restaurant in Myeongdong, recognized by its inclusion in the Blue Ribbon Survey for multiple years and an appearance on the popular TV show ""Siksin Road"" (수요미식회). The restaurant boasts a modern, clean interior with large windows offering stunning views of Myeongdong Cathedral, making it a perfect spot for special occasions. It's a popular choice for both locals and international tourists, creating a vibrant atmosphere.","타지는 명동에 위치한 유명 인도 음식점으로, 여러 해 동안 블루리본 서베이에 선정되었고 수요미식회에도 출연한 바 있습니다. 현대적이고 깔끔한 인테리어와 명동성당의 멋진 전망을 자랑하는 통창 덕분에 특별한 날을 기념하기에 완벽한 장소입니다. 현지인과 외국인 관광객 모두에게 인기가 많아 활기찬 분위기를 느낄 수 있습니다."
blueribbon,Le Chef Bleu,서울특별시 중구 청파로 435-10,Seoul,South Korea,RIBBON_ONE,"프랑스식, 프랑스가정식",,02-6010-8088,,2026,,37.5586686785768,126.968671473835,2026-02-17T22:29:33.775718+00:00,,,,르셰프블루,서울특별시 중구 청파로 435-10,"Le Chef Bleu offers an elegant French dining experience, famously featured on the variety show 'Shin Seo Yu Gi'. Reservations are recommended, especially for their popular lunch courses which include a choice of appetizer, a main like the tender beef tenderloin steak (소고기 안심 스테이크), and a delightful dessert. The ambiance is set with pre-arranged table settings for booked guests, ensuring a smooth and refined meal. 

The signature dishes shine, with the onion soup (양파스프) praised for its deep, complex flavor, a step above homemade versions. The beef tenderloin steak, cooked to a perfect medium-rare, melts in your mouth, complemented by creamy mashed potatoes. For dessert, the crème brûlée is perfectly balanced, not too sweet, and the unique lavender-infused custard is a delightful surprise. The rooibos tea (루이보스티), often mixed with fruits like strawberry and mango, is exceptionally fragrant and a perfect palate cleanser.","르 셰프 블루는 예능 프로그램 '신서유기'에 소개된 우아한 프렌치 다이닝 경험을 선사합니다. 특히 점심 코스는 애피타이저, 부드러운 소고기 안심 스테이크(소고기 안심 스테이크)와 같은 메인 요리, 그리고 맛있는 디저트를 포함하고 있어 예약이 권장됩니다. 예약된 손님들을 위해 미리 세팅된 테이블은 세련되고 매끄러운 식사를 보장합니다.

시그니처 메뉴로는 집에서 만든 것과는 차원이 다른 깊고 복합적인 맛의 양파스프(양파스프)가 칭찬받고 있습니다. 완벽하게 미디엄 레어로 구워진 소고기 안심 스테이크는 입안에서 녹아내리며, 크리미한 매쉬드 포테이토와 완벽한 조화를 이룹니다. 디저트로는 너무 달지 않고 은은한 라벤더 향이 나는 커스터드 크림이 인상적인 크렘 브륄레가 준비되어 있습니다. 종종 딸기와 망고 같은 과일과 섞어 제공되는 루이보스티(루이보스티)는 특히 향긋하며 입안을 개운하게 해주는 완벽한 마무리입니다."
blueribbon,미치루스시,서울특별시 종로구 종로1길 42,Seoul,South Korea,RIBBON_ONE,"일식, 스시",,02-761-4090,,2026,,37.5739029320481,126.978983502911,2026-02-17T22:29:33.775718+00:00,,,,미치루스시,서울특별시 종로구 종로1길 42,"Nestled in the heart of Gwanghwamun, Sushi Michiru is a distinguished omakase (오마카세) destination, boasting 11 consecutive Blue Ribbon awards. The ambiance is refined and tranquil, perfect for a special lunch or dinner. With only 10 seats, including a private room option for groups of 3+, it offers an intimate dining experience. Opt for the counter seats to witness the chefs craft exquisite dishes, including the impressive futomaki (후토마키). The reasonable pricing for the quality of sushi is a major draw, making it a highly sought-after spot, so booking in advance via Catch Table is recommended.","광화문 중심부에 위치한 스시 미치루는 11회 연속 블루리본 수상 경력을 자랑하는 명망 높은 오마카세(오마카세) 명소입니다. 세련되고 고요한 분위기는 특별한 점심 또는 저녁 식사에 완벽합니다. 3인 이상을 위한 별실 옵션을 포함하여 총 10석만 운영하여 아늑한 식사 경험을 제공합니다. 셰프들이 인상적인 후토마키(후토마키)를 포함한 절묘한 요리를 만드는 모습을 감상하려면 카운터 좌석을 선택하세요. 합리적인 가격에 비해 훌륭한 스시의 품질은 큰 매력이며, 캐치 테이블을 통한 사전 예약이 권장됩니다."
blueribbon,온천집,서울특별시 종로구 돈화문로11나길 31-8,Seoul,South Korea,RIBBON_ONE,"일식, 일식샤부샤부",,02-762-8215,,2026,,37.5740999680943,126.989799745222,2026-02-17T22:29:33.775718+00:00,,,,온천집,서울특별시 종로구 돈화문로11나길 31-8,"Step into a world of refined Japanese-style hot pot at Oncheonjip (온천집), where a multi-tiered presentation elevates the single-serving shabu-shabu (샤브샤브) experience. The ambiance, reminiscent of traditional Japanese tatami rooms and bathed in natural light, makes it an ideal spot for intimate dates or small gatherings. With a customizable array of broths and a generous selection of fresh vegetables and add-ins, each meal is tailored to your personal preference, promising a delightful and visually appealing culinary journey.","온천집 (Oncheonjip)은 일본식 1인 샤브샤브(shabu-shabu)를 다층 구성으로 제공하여 특별한 경험을 선사합니다. 전통 일본 다다미방을 연상시키는 인테리어와 자연광이 들어오는 아늑한 공간은 데이트나 소규모 모임에 안성맞춤입니다. 다양한 육수와 신선한 채소, 풍성한 추가 메뉴를 취향에 맞게 선택할 수 있어, 시각적으로도 즐겁고 만족스러운 미식 여행을 경험할 수 있습니다."
blueribbon,스시미토,서울특별시 중구 남대문로 117,Seoul,South Korea,RIBBON_ONE,"일식, 스시",,02-3789-1634,,2026,,37.567745,126.982291,2026-02-17T22:29:33.775718+00:00,,,,스시미토,서울특별시 중구 남대문로 117,"Sushi Mito, a multi-award-winning sushi omakase spot near Euljiro 1-ga Station, offers a refined dining experience. While reservations are manageable, the price point reflects its esteemed status, with lunch at ₩80,000 and dinner at ₩140,000. The chefs meticulously prepare each piece, with highlights including the rich, slightly charred engawa (광어 지느러미) and the sweet shrimp and uni (단새우 우니) handroll, served in a crisp seaweed wrap. Expect a delicate balance of flavors, though some dishes may have a pronounced seasoning.","을지로입구역 근처에 위치한 스시미토는 여러 차례 블루리본을 수상한 명성 높은 스시 오마카세 전문점입니다. 런치 8만 원, 디너 14만 원의 가격대로 고급스러운 식사를 경험할 수 있습니다. 셰프들은 각 스시를 정성껏 준비하며, 특히 고소하고 살짝 그을린 풍미의 엔가와(광어 지느러미)와 신선한 김 위에 단새우와 우니를 얹어낸 단새우 우니 김말이가 인상적입니다. 섬세한 맛의 조화를 느낄 수 있지만, 일부 요리는 간이 다소 강하게 느껴질 수 있습니다."
blueribbon,오가와,서울특별시 종로구 새문안로5길 19,Seoul,South Korea,RIBBON_ONE,"일식, 스시",,02-735-1001,,2026,,37.57202928626468,126.97429489709764,2026-02-17T22:29:33.775718+00:00,,,,오가와,서울특별시 종로구 새문안로5길 19,"Nestled in the heart of Gwanghwamun, Ogawa Sushi is a long-standing sushi omakase spot that opened its doors in 2010. The intimate, ㄱ-shaped counter seating allows diners to witness the chefs' masterful techniques firsthand. While once lauded for its exceptional value, the experience remains a popular choice for dates and after-work gatherings, even attracting Japanese patrons who appreciate the authentic atmosphere and the palpable sense of history within its walls.","광화문에 자리한 오가와 스시는 2010년부터 자리를 지켜온 유서 깊은 스시 오마카세 전문점입니다. ㄱ자 형태의 아늑한 카운터 좌석에서는 셰프의 능숙한 손길을 바로 앞에서 감상할 수 있습니다. 한때 가성비로 명성이 높았지만, 지금도 데이트나 퇴근 후 모임 장소로 인기가 많으며, 진정한 분위기와 오랜 역사를 느낄 수 있어 일본인 손님들의 발길까지 사로잡고 있습니다."
blueribbon,NEGI LIVE,서울특별시 성동구 성수이로 97,Seoul,South Korea,RIBBON_ONE,"일식, 일식오마카세",,02-466-2490,,2026,,37.5436475647062,127.056584886113,2026-02-17T22:29:33.775718+00:00,,,,네기라이브,서울특별시 성동구 성수이로 97,"This chic Seongsu-dong spot, NEGI LIVE, is a culinary destination that has even drawn global icon Jennie back for a second visit. Helmed by acclaimed chefs Jang Ho-jun and Choi Hong-yeol, formerly of 'Black & White Chefs', the restaurant elevates crustacean cuisine to an art form. Expect a meticulously crafted Japanese-style course menu featuring seasonal ingredients, with highlights like sashimi, grilled, and fried preparations of crab and shrimp, all presented with modern flair.","글로벌 아이콘 제니가 두 번이나 방문하며 화제가 된 성수동의 핫플레이스, 네기 라이브는 갑각류 요리의 정점을 보여주는 미식의 성지입니다. '흑백요리사' 출신의 장호준 셰프와 최홍열 셰프가 이끄는 이곳에서는 제철 식재료와 신선한 게, 새미 등을 활용한 일본식 코스 요리를 선보입니다. 사시미부터 구이, 튀김까지 다채로운 갑각류 요리를 현대적인 감각으로 재해석하여 눈과 입을 모두 사로잡습니다."
blueribbon,SAAMANN COFFEE ROASTERS,서울특별시 성북구 성북로6길 2-2,Seoul,South Korea,RIBBON_ONE,"카페/커피/티, 커피전문점",,0504-0952-2271,,2026,,37.589502138993,127.005429926687,2026-02-17T22:29:33.775718+00:00,,,,사만커피로스터스,서울특별시 성북구 성북로6길 2-2,"Nestled near Hansung University Station, SAAMANN COFFEE ROASTERS (사만 커피 로스터스) offers a charming escape with its simple exterior and warm, vintage interior. The ambiance is enhanced by the soulful tunes emanating from a turntable, creating a cozy atmosphere perfect for coffee lovers. While the Americano was noted as pleasant but not groundbreaking, the cafe boasts an impressive selection of drip coffees, with beans ranging in price, suggesting a deep commitment to the craft.","한성대입구역 근처에 자리한 사만 커피 로스터스(SAAMANN COFFEE ROASTERS)는 심플한 외관과 따뜻하고 빈티지한 인테리어가 매력적인 공간입니다. 턴테이블에서 흘러나오는 감미로운 음악은 커피 애호가들에게 완벽한 아늑한 분위기를 선사합니다. 아메리카노는 무난했지만, 가격대가 다양한 원두를 갖춘 드립 커피의 인상적인 라인업은 이 곳의 커피에 대한 깊은 열정을 보여줍니다."
blueribbon,중앙감속기,서울특별시 성동구 성수일로6길 7-1,Seoul,South Korea,RIBBON_ONE,"중식, 퓨전중식",,02-466-9628,,2026,,37.5455735247076,127.051086163784,2026-02-17T22:29:33.775718+00:00,,,,중앙감속기,서울특별시 성동구 성수일로6길 7-1,"Nestled in the trendy Seongsu neighborhood, Jungang Gamsokgi is a unique fusion restaurant helmed by Chef Choi Hyun-seok. The vibe is chic and modern, with an open layout that maximizes seating. Reservations are highly recommended, as the restaurant operates on a timed entry system, adding to its exclusive feel. It's the perfect spot for those seeking an innovative culinary experience that blends Italian and Chinese influences.","트렌디한 성수동에 위치한 중앙감속기는 최현석 셰프가 이끄는 독특한 퓨전 레스토랑입니다. 분위기는 세련되고 현대적이며, 좌석을 최대화한 개방형 구조를 자랑합니다. 예약제로 운영되며 정해진 시간에 입장해야 하므로, 특별한 경험을 원하는 분들에게 완벽한 장소입니다. 이탈리안과 중식의 영향을 융합한 혁신적인 미식 경험을 추구한다면 이곳을 추천합니다."
blueribbon,을지로보석,서울특별시 중구 마른내로 11-10,Seoul,South Korea,RIBBON_ONE,"한식주점, 한식(일반한식), 퓨전한식",,063-9070-7070,,2026,,37.56514798844486,126.98924713690984,2026-02-17T22:29:33.775718+00:00,,,,을지로보석,서울특별시 중구 마른내로 11-10,"Nestled in the hip Euljiro district, Euljiro Boseok offers an intimate dining experience at its cozy, counter-style seating. The vibe is a sophisticated blend of a traditional Korean drinking establishment (hanjeung-suljip) and modern Seoul cool, making it a sought-after spot that requires booking in advance. The menu, which changes with the seasons, focuses on fresh, seasonal ingredients, and while the food prices are reasonable, ordering drinks is mandatory, with a curated selection of sake recommended to complement the dishes.","힙한 을지로에 자리한 을지로보석은 아담한 다찌석에서 특별한 식사를 경험할 수 있는 곳입니다. 이곳은 전통적인 한식 술집과 현대적인 을지로 감성이 조화롭게 어우러져, 예약이 필수인 인기 명소입니다. 제철 식재료를 활용하는 메뉴는 방문 시기에 따라 달라지며, 음식 가격은 합리적인 편이지만 주류 주문은 필수입니다. 다양한 사케 셀렉션이 준비되어 있어 음식과 완벽한 페어링을 즐길 수 있습니다."
blueribbon,MACPIE BREWING CO,서울특별시 용산구 녹사평대로 244-1,Seoul,South Korea,RIBBON_ONE,,,0507-1342-2703,,2026,,37.53941,126.9875,2026-02-17T22:29:33.775718+00:00,,,,맥파이브루샵,서울특별시 용산구 녹사평대로 244-1,"Nestled in the vibrant Gyeongnidan-gil, MACPIE BREWING CO offers a unique craft beer experience. Their house-brewed pale ale is a standout, boasting a robust, bitter flavor that's both intense and memorable. While the brewery has space on the first floor, venturing downstairs reveals a cozy, subterranean atmosphere perfect for enjoying their distinctive brews.","활기찬 경리단길에 자리한 맥파이 브루잉 컴퍼니는 특별한 수제 맥주 경험을 선사합니다. 이곳의 시그니처 페일 에일은 강렬하고 쓴맛이 특징이며, 잊을 수 없는 깊은 풍미를 자랑합니다. 1층에도 좌석이 있지만, 지하로 내려가면 아늑한 분위기 속에서 맥파이만의 독특한 맥주를 즐길 수 있습니다."
blueribbon,egg & flour,서울특별시 용산구 신흥로26길 35,Seoul,South Korea,RIBBON_ONE,"이탈리아식, 파스타",,02-3789-7681,,2026,,37.5453628880082,126.984383275318,2026-02-17T22:29:33.775718+00:00,,,,에그앤플라워,서울특별시 용산구 신흥로26길 35,"Nestled in the charming streets of Haebangchon, Egg & Flour is the second venture from the acclaimed chefs behind the Michelin-starred restaurant SOUL. This cozy spot, recognized by the Michelin Guide, offers a delightful take on fresh, handmade pasta in a casual yet sophisticated setting. The open kitchen, where you can witness pasta being made, adds to the anticipation, and the terrace seating offers a lovely ambiance. It's the perfect place for a special occasion or a relaxed evening out.","해방촌의 매력적인 거리에 자리한 에그앤플라워는 미슐랭 스타 레스토랑 '소울' 셰프들의 두 번째 야심작입니다. 미슐랭 가이드에 선정된 이곳은 캐주얼하면서도 세련된 분위기에서 신선한 생면 파스타를 즐길 수 있는 아늑한 공간입니다. 파스타가 만들어지는 모습을 볼 수 있는 오픈 키친은 기대감을 더하며, 테라스 좌석은 멋진 분위기를 선사합니다. 특별한 날이나 편안한 저녁 식사에 완벽한 장소입니다."
blueribbon,MANGATA,서울특별시 종로구 삼청로2길 40-5,Seoul,South Korea,RIBBON_ONE,"유럽식, 북유럽식",,02-722-8151,,2026,,37.5801813093084,126.980982059626,2026-02-17T22:29:33.775718+00:00,,,,만가타,서울특별시 종로구 삼청로2길 40-5,"Tucked away in a quiet Hanok alley near Anguk Station, MANGATA offers a unique fine dining experience blending Scandinavian cuisine with traditional Korean aesthetics. The ambiance is enchanting, with warm lighting and lush greenery complementing the classic Hanok architecture, creating a serene and almost secret garden feel. It's the perfect spot for a sophisticated meal that surprises and delights.","안국역 근처 조용한 한옥 골목에 자리한 만가타는 스칸디나비아 요리와 전통적인 한국 미학을 결합한 독특한 파인 다이닝 경험을 선사합니다. 따뜻한 조명과 푸른 녹지가 고전적인 한옥 건축과 조화를 이루며, 고요하고 비밀스러운 정원 같은 느낌을 자아냅니다. 놀라움과 즐거움을 선사하는 세련된 식사를 위한 완벽한 장소입니다."
blueribbon,회현식당,서울특별시 중구 퇴계로2길 9-8,Seoul,South Korea,RIBBON_ONE,"일식, 일본가정식, 일식주점, 이자카야",,02-318-8011 ,,2026,,37.557010458319,126.977683897926,2026-02-17T22:29:33.775718+00:00,,,,회현식당,서울특별시 중구 퇴계로2길 9-8,"This Seoul Station eatery offers a refined and accessible dining experience, perfect for a quality lunch or a special occasion. Its spacious interior, accommodating both intimate and group settings, is complemented by an open kitchen that showcases the chefs' meticulous preparation. The menu features a daily fish dish set (오늘의 생선요리 정식) that impresses with its variety and fresh, high-quality ingredients, making it a standout choice for discerning diners.","서울역 근처에 위치한 이 식당은 고급스럽고 접근성 좋은 다이닝 경험을 선사합니다. 넓고 편안한 실내는 물론, 오픈 키친에서 셰프들의 정성스러운 준비 과정을 엿볼 수 있습니다. 매일 바뀌는 오늘의 생선요리 정식은 신선하고 질 좋은 재료를 다양하게 맛볼 수 있어, 미식가들에게 특별한 선택이 될 것입니다."
blueribbon,Gooey brunch bar,서울특별시 용산구 효창원로64길 6,Seoul,South Korea,RIBBON_ONE,"베이커리, 샌드위치, 기타, 브런치카페",,0507-1327-9092,,2026,,37.5401156018448,126.962252873816,2026-02-17T22:29:33.775718+00:00,,,,구위브런치바,서울특별시 용산구 효창원로64길 6,"Gooey Brunch Bar, nestled near Hyochang Park Station, offers a unique culinary experience centered around their signature 'Panuzzo' (파누쪼). This delightful dish features a thick, crispy yet chewy dough, perfect for holding generous fillings. The 'Polpo Panuzzo' (뽈뽀 파누쪼) is a standout, packed with tender octopus and smoky roasted vegetables, all brought together by a rich Romesco sauce (로메스코 소스). For a different flavor profile, the 'Jambon Pistachio Panuzzo' (잠봉 피스타치오 파누쪼) combines house-made cured ham with creamy burrata and a nutty pistachio pesto, creating a harmonious blend of savory and rich tastes. The atmosphere is clean and cozy, making it an ideal spot for a relaxed meal, and it's also pet-friendly, perfect for locals walking their dogs.","효창공원역 근처에 위치한 구의 브런치바는 시그니처 메뉴인 '파누쪼'를 중심으로 독특한 미식 경험을 선사합니다. 이 맛있는 요리는 두툼하면서도 바삭하고 쫄깃한 도우가 특징이며, 풍성한 속 재료를 담기에 완벽합니다. '뽈뽀 파누쪼'는 부드러운 문어와 훈제 향이 나는 구운 채소, 그리고 풍미 가득한 로메스코 소스(Romesco sauce)가 어우러져 특별한 맛을 자랑합니다. 다른 풍미를 원한다면, 직접 만든 잠봉 햄과 크리미한 부라타 치즈, 고소한 피스타치오 페스토를 곁들인 '잠봉 피스타치오 파누쪼'를 맛보세요. 깔끔하고 아늑한 분위기는 편안한 식사를 위한 이상적인 장소이며, 반려동물 동반도 가능하여 산책 나온 반려견과 함께 방문하기에도 좋습니다."
blueribbon,마마수제만두,서울특별시 은평구 증산로 397,Seoul,South Korea,RIBBON_ONE,"중식, 중국만두, 일반중식",,02-375-1688 ,,2026,,37.59176,126.9135,2026-02-17T22:29:33.775718+00:00,,,,마마수제만두,서울특별시 은평구 증산로 397,"This popular Chinese restaurant near Saejeol Station, recognized by Blue Ribbon and featured on ""Baekban 기행"" (Meal Trip), offers a vibrant, traditional Chinese interior. Expect a wait, as this spot is a local favorite. Their menu boasts unique dishes, with the handmade dumplings (만두) being a highlight. The crispy pork dumplings (고기 군만두) are generously filled and perfectly fried, while the crystal shrimp dumplings (수정새우딤섬) are a must-try, featuring plump shrimp in a delightfully chewy wrapper. Don't miss the XO fried rice (XO볶음밥), which is satisfyingly savory, and be sure to savor the accompanying, exceptionally flavorful jjampong (짬뽕) soup.","새절역 인근에 위치한 이 인기 중식당은 블루리본과 '식객 허영만의 백반기행'에 소개된 곳으로, 화려하고 전통적인 중국식 인테리어가 특징입니다. 현지인들에게 사랑받는 곳이라 웨이팅은 필수입니다. 다양한 독특한 요리 중에서도 수제 만두(만두)가 단연 돋보입니다. 바삭하게 튀겨낸 고기 군만두는 속이 꽉 차 있으며, 수정새우딤섬은 탱글한 새우살과 쫄깃한 피의 조화가 일품입니다. 짭짤하면서도 계속 당기는 XO볶음밥과 함께 나오는 진한 짬뽕 국물은 꼭 맛봐야 할 별미입니다."
blueribbon,L'impasse81,서울특별시 마포구 동교로30길 17-1,Seoul,South Korea,RIBBON_ONE,"프랑스식, 프렌치비스트로, 기타, 샤퀴테리",,070-7779-8181,,2026,,37.560222,126.925129,2026-02-17T22:29:33.775718+00:00,,,,랑빠스81,서울특별시 마포구 동교로30길 17-1,"Nestled in the charming Yeonnam-dong, L'Impasse81 offers a delightful escape with its relaxed, daytime ambiance, often accompanied by the smooth sounds of Henri Salvador. The interior clearly reflects the restaurant's identity, creating a unique atmosphere. Don't miss their signature Merguez sausage, a flavorful and perfectly seasoned dish that's universally appealing, served with a delicious pilaf and a subtly spicy tomato sauce. For a hearty and deeply satisfying meal, the Coq Au Vin (꼬꼬뱅) is a must-try, a rich French chicken stew brimming with tender vegetables and thick-cut bacon, served with perfectly cooked tagliatelle.","연남동의 매력적인 골목에 자리한 랑빠스81은 앙리 살바도르의 감미로운 음악과 함께 여유로운 낮의 분위기를 선사합니다. 인테리어는 식당의 정체성을 명확하게 드러내며 독특한 분위기를 자아냅니다. 이곳의 시그니처 메뉴인 메르게즈 소시지는 완벽하게 양념되어 누구나 좋아할 만한 풍미를 자랑하며, 맛있는 필라프와 은은하게 매콤한 토마토 소스와 함께 제공됩니다. 푸짐하고 깊은 만족감을 선사하는 식사를 원한다면, 꼬꼬뱅을 꼭 맛보세요. 부드러운 채소와 두툼한 베이컨이 듬뿍 들어간 진한 프랑스식 닭고기 스튜로, 완벽하게 익힌 탈리아텔레 파스타와 함께 제공됩니다."
blueribbon,TAKA,서울특별시 용산구 장문로 23,Seoul,South Korea,RIBBON_ONE,"일식, 스키야키",,02-794-7661 ,,2026,,37.5285655568387,126.993107501389,2026-02-17T22:29:33.775718+00:00,,,,타카,서울특별시 용산구 장문로 23,"TAKA Seoul offers a chic and minimalist interior, creating a hip and sophisticated atmosphere. This 1-on-1 salon provides a quiet and comfortable experience, perfect for those seeking personalized attention. The stylist is highly skilled, adept at understanding and executing your vision, ensuring a relaxed and seamless visit.","TAKA 서울은 힙하고 세련된 분위기를 자아내는 시크하고 미니멀한 인테리어를 자랑합니다. 1:1 예약제로 운영되는 이곳은 개인 맞춤형 서비스를 원하는 분들에게 완벽한, 조용하고 편안한 경험을 선사합니다. 스타일리스트는 고객의 니즈를 정확히 파악하고 시술에 반영하는 데 능숙하여 편안하고 만족스러운 방문을 보장합니다."
blueribbon,osteria sam kim,서울특별시 마포구 양화로3길 55,Seoul,South Korea,RIBBON_ONE,"이탈리아식, 파스타",,02-324-3338 ,,2026,,37.551304,126.910887,2026-02-17T22:29:33.775718+00:00,,,,오스테리아샘킴,서울특별시 마포구 양화로3길 55,"Nestled in a quiet alley of Hapjeong, Osteria Samkim boasts a unique exterior that hints at the warm and intimate atmosphere within. While the entrance might be a bit tricky to find, the interior opens up with high ceilings, exposed beams, and soft candlelight, creating a cozy ambiance. The open kitchen is a focal point, suggesting that dining at the bar to watch the chefs at work is a prime experience. The focus here is on fresh ingredients and the chef's philosophy, evident even in the simple yet flavorful focaccia served with abundant olive oil.","합정동의 조용한 골목에 자리한 오스테리아 샘킴은 독특한 외관만큼이나 따뜻하고 아늑한 분위기를 자랑합니다. 입구를 찾기 어려울 수 있지만, 내부는 높은 천장과 서까래, 은은한 캔들 조명으로 꾸며져 포근한 느낌을 선사합니다. 오픈 키친이 시선을 사로잡으며, 셰프의 요리 과정을 지켜볼 수 있는 바 테이블에서의 식사를 추천합니다. 풍성한 올리브 오일과 함께 제공되는 포카치아부터 재료 본연의 맛을 살리려는 셰프의 철학을 엿볼 수 있습니다."
blueribbon,BASAK MACHA,서울특별시 마포구 월드컵로13길 64,Seoul,South Korea,RIBBON_ONE,"기타, 돈가스",,02-336-4486 ,,2026,,37.555286,126.906548,2026-02-17T22:29:33.775718+00:00,,,,바삭마차,서울특별시 마포구 월드컵로13길 64,"Nestled at the entrance of Mangwon Market, Basak Macha (바삭마차) is a popular spot recognized with consecutive Blue Ribbon awards. While famous for its incredibly crispy pork cutlets, the shop also offers a unique marshmallow ice cream dessert. Their signature dishes include the Quattro Cheese Rolled Cutlet (콰트로치즈롤까스) and the Handmade Tenderloin Cutlet (수제 안심돈까스), both praised for their thick, tender meat and perfectly fried exteriors. The wasabi mentaiko mayo sauce (와사비명란마요소스) is a must-try accompaniment, cutting through the richness with a delightful kick.","망원시장 입구에 자리한 바삭마차(BASAK MACHA)는 2년 연속 블루리본을 받은 인기 명소입니다. 바삭한 돈까스로 유명하지만, 독특한 마시멜로 아이스크림 디저트도 제공합니다. 시그니처 메뉴인 콰트로치즈롤까스와 수제 안심돈까스는 두툼하고 부드러운 고기와 완벽하게 튀겨진 겉면으로 칭찬받고 있습니다. 느끼함을 잡아주는 와사비명란마요소스(와사비명란마요소스)는 꼭 함께 맛봐야 할 별미입니다."
blueribbon,SARUKAME RAMEN ,서울특별시 마포구 연남로 15,Seoul,South Korea,RIBBON_ONE,"일식, 라멘",,없음,,2026,,37.5610703891437,126.922681739908,2026-02-17T22:29:33.775718+00:00,,,,사루카메,서울특별시 마포구 연남로 15,"Nestled near Hongik University Station, Sarukame is a Michelin Guide-recognized ramen shop helmed by the second-generation owner-chef, Hiroto Honma. He honors the original recipes while infusing his own culinary flair, consistently developing limited-edition menus that blend traditional and innovative flavors inspired by the latest ramen trends in Japan. The atmosphere is lively, with many patrons waiting outside, offering a glimpse into the restaurant's story and menu before being called in via a reservation system.","홍대입구역 근처에 위치한 사루카메는 2대 오너 셰프 혼마 히로토가 이끄는 미쉐린 가이드 선정 라멘 맛집입니다. 그는 1대 셰프의 레시피를 보존하면서도 자신의 외식 경험과 감각을 살려, 일본 라멘 트렌드에 전통과 창작을 더한 한정 메뉴를 꾸준히 개발하고 있습니다. 가게 앞에는 대기 공간이 마련되어 있어, 예약 시스템을 통해 순서대로 입장하기 전 메뉴와 가게의 스토리를 미리 살펴볼 수 있습니다."
blueribbon,PEER COFFEE,서울특별시 성동구 광나루로4가길 24,Seoul,South Korea,RIBBON_ONE,"카페/커피/티, 커피전문점, 디저트/스위트, 디저트전문점",,02-474-1464,,2026,,37.5489241684925,127.054880332448,2026-02-17T22:29:33.775718+00:00,,,,피어커피,서울특별시 성동구 광나루로4가길 24,"PEER COFFEE is a renowned coffee haven in Seongsu-dong, celebrated for its tranquil and comfortable ambiance. This establishment, recognized with five Blue Ribbons, offers a sophisticated coffee experience with a wide selection of single-origin beans. The spacious interior, adorned in warm wood tones, provides a cozy retreat, complemented by an open baking area and a curated selection of merchandise. It's the perfect spot to unwind, perhaps while watching the rain outside, with a meticulously brewed cup.","PEER COFFEE는 조용하고 편안한 분위기로 유명한 성수동의 커피 명소입니다. 블루리본 5개를 받은 이 곳은 다양한 싱글 오리진 원두를 제공하며 세련된 커피 경험을 선사합니다. 따뜻한 우드톤으로 꾸며진 넓은 내부는 아늑한 휴식 공간을 제공하며, 오픈 베이킹 공간과 엄선된 상품들도 갖추고 있습니다. 빗소리를 들으며 여유롭게 커피 한 잔을 즐기기에 완벽한 장소입니다."
blueribbon,Camillo Lasagneria,서울특별시 마포구 동교로12길 41,Seoul,South Korea,RIBBON_ONE,"이탈리아식, 파스타",,02-332-8622 ,,2026,,37.552551,126.912878,2026-02-17T22:29:33.775718+00:00,,,,카밀로라자네리아,서울특별시 마포구 동교로12길 41,"Camillo Lasagneria is a cozy, intimate spot in Hapjeong known for its authentic lasagna. Be prepared for a wait, as this popular eatery often has a queue, but securing a table is well worth the anticipation. The interior is charming with white walls and warm orange accents, creating a welcoming atmosphere perfect for enjoying their delicious offerings.","합정의 아담하고 아늑한 공간인 카밀로 라자네리아는 정통 라자냐로 유명한 곳입니다. 인기 있는 맛집이라 웨이팅이 있을 수 있지만, 기다린 보람이 있는 맛있는 음식을 즐길 수 있습니다. 하얀 벽과 따뜻한 주황색 포인트가 어우러진 매력적인 인테리어는 편안한 분위기를 선사합니다."
blueribbon,MEXI CALI,서울특별시 광진구 천호대로 634,Seoul,South Korea,RIBBON_ONE,"중남미식, 멕시코식",,0507-1360-1707,,2026,,37.5535987488369,127.087558019018,2026-02-17T22:29:33.775718+00:00,,,,멕시칼리,서울특별시 광진구 천호대로 634,"MEXI CALI is a must-visit taco spot in the Domain, highly recommended by locals. While they offer a unique burrito-shaped taco, the star of the show is the Mexi Cali Shrimp taco. It's a delicious and affordable option for a satisfying meal in the US.","MEXI CALI는 현지인들이 강력 추천하는 도메인 지역의 필수 타코 맛집입니다. 독특한 부리또 모양의 타코도 제공하지만, 단연 인기 메뉴는 멕시 칼리 쉬림프 타코입니다. 미국에서 든든한 식사를 즐길 수 있는 맛있고 합리적인 선택입니다."
blueribbon,atelier POND,서울특별시 용산구 이태원로54길 19,Seoul,South Korea,RIBBON_ONE,"디저트/스위트, 쿠키, 캐러멜, 디저트전문점",,010-7764-7663,,2026,,37.537321485981,127.002192542405,2026-02-17T22:29:33.775718+00:00,,,,아뜰리에폰드,서울특별시 용산구 이태원로54길 19,"Discover Atelier POND, a chic new bakery and cafe nestled on the 5th floor of Lotte World Mall. This spot offers a spacious, clean, and sophisticated ambiance, perfect for a pre-movie snack or a delightful date. While the seating area is cozy, the bakery boasts an impressive array of pastries, leaning towards buttery, savory options and satisfying meal replacements rather than cream-filled treats. Don't miss their signature latte, a sweet concoction featuring cream, for a truly indulgent experience.","롯데월드몰 5층에 자리한 세련된 신상 베이커리 카페, 아틀리에 폰드를 만나보세요. 넓고 깔끔하며 고급스러운 분위기는 영화 관람 전후 또는 데이트 코스로 완벽합니다. 좌석 공간은 아담하지만, 이곳은 크림이 가득한 디저트보다는 버터리하고 담백한 빵과 든든한 식사 대용 빵 등 다채로운 페이스트리를 자랑합니다. 달콤한 크림이 더해진 시그니처 라떼는 특별한 즐거움을 선사할 것입니다."
blueribbon,남해바다마차,서울특별시 성북구 한천로78길 71,Seoul,South Korea,RIBBON_ONE,"한식(어패류), 생선회, 방어",,02-966-5036,,2026,,37.61351,127.065,2026-02-17T22:29:33.775718+00:00,,,,남해바다마차,서울특별시 성북구 한천로78길 71,"This popular spot, recognized with Blue Ribbons for 13 consecutive years, is a must-visit for seafood lovers, especially during yellowtail season. The interior is clean and modern, offering a pleasant dining atmosphere. While the star is undoubtedly the daebangeo (대방어), the experience is elevated by the incredibly fresh and sweet sea urchin (seonggeal - 성게알) and plump shrimp (dohwa saeu - 도화새우), expertly prepared by the owner. Don't miss the delicious seaweed soup (miyeokguk - 미역국) served as a side dish!","13년 연속 블루리본을 받은 이 인기 맛집은 해산물 애호가, 특히 방어철에 꼭 방문해야 할 곳입니다. 내부는 깔끔하고 현대적이며 쾌적한 식사 분위기를 제공합니다. 메인 메뉴는 단연 대방어지만, 사장님이 직접 손질해주시는 신선하고 달콤한 성게알과 통통한 도화새우가 그 맛을 더합니다. 곁들임으로 나오는 맛있는 미역국도 놓치지 마세요!"
blueribbon,Lenuage,서울특별시 마포구 동교로46길 42-9,Seoul,South Korea,RIBBON_ONE,"디저트/스위트, 디저트전문점",,0507-1387-7396,,2026,,37.5617663577595,126.926697768319,2026-02-17T22:29:33.775718+00:00,,,,르누아즈,서울특별시 마포구 동교로46길 42-9,"Tucked away in Hongdae, Le Nuage is a charming cafe that surprises with its exceptional desserts. While the seating might be a bit quirky, the real stars are the cakes and pastries. The Mousse Chocolat (무스 쇼콜라), a gluten-free delight, is a must-try with its rich, decadent texture and a hint of salt that perfectly balances the bittersweet chocolate. Even the cookies, though delicate, are a delicious treat perfect for gifting.","홍대에 숨겨진 매력적인 카페 르누아주는 뛰어난 디저트로 놀라움을 선사합니다. 좌석은 조금 독특할 수 있지만, 이곳의 진짜 스타는 케이크와 페이스트리입니다. 글루텐 프리 디저트인 무스 쇼콜라(Mousse Chocolat)는 진하고 풍부한 식감과 쌉싸름한 초콜릿의 맛을 완벽하게 균형 잡는 약간의 소금 맛이 어우러져 꼭 맛봐야 할 메뉴입니다. 섬세하지만 쿠키 또한 선물하기 좋은 맛있는 간식입니다."
blueribbon,Peony,서울특별시 마포구 독막로7길 51,Seoul,South Korea,RIBBON_ONE,"디저트/스위트, 케이크",,02-333-5325,,2026,,37.5500851944722,126.919764712297,2026-02-17T22:29:33.775718+00:00,,,,피오니,서울특별시 마포구 독막로7길 51,"Peony: Another Dream is a concert experience that focuses on emotional depth and vocal prowess, perfect for fans who want to deeply connect with Kwon Jin-ah's live performance. The show emphasizes a narrative concept, drawing from her 'Flower Language' series, and is set against the backdrop of a large indoor arena. It's designed for those who appreciate a more intimate, feeling-driven stage over flashy choreography or elaborate sets, making it an ideal spring concert for a thoughtful evening.","Peony: Another Dream은 감성적인 깊이와 보컬 실력에 집중하는 콘서트 경험으로, 권진아의 라이브 퍼포먼스와 깊이 연결되고 싶은 팬들에게 완벽합니다. 이 쇼는 '꽃말' 시리즈에서 영감을 받은 서사적 콘셉트를 강조하며, 대형 실내 아레나를 배경으로 펼쳐집니다. 화려한 안무나 복잡한 세트보다는 친밀하고 감성적인 무대를 선호하는 사람들을 위해 디자인되었으며, 사려 깊은 저녁을 위한 이상적인 봄 콘서트입니다."
blueribbon,Truffle di Alba,서울특별시 용산구 대사관로15길 8-3,Seoul,South Korea,RIBBON_ONE,이탈리아식,,070-5015-1706,,2026,,37.5341665277593,127.002861453913,2026-02-17T22:29:33.775718+00:00,,,,트러플디알바,서울특별시 용산구 대사관로15길 8-3,"Nestled in a charming alley in Hannam-dong, Truffle di Alba offers an intimate and sophisticated dining experience, perfect for special occasions. The ambiance, with its soft lighting and elegant decor, evokes a festive, year-end mood, making it an ideal spot for memorable gatherings or romantic dates. Guests can even select their preferred truffle for the meal, ensuring a personalized touch to the exquisite truffle-focused tasting menu.","한남동의 매력적인 골목에 자리한 트러플 디 알바는 특별한 날을 위한 아늑하고 세련된 다이닝 경험을 선사합니다. 은은한 조명과 우아한 인테리어는 연말의 축제 분위기를 자아내며, 잊지 못할 모임이나 로맨틱한 데이트 장소로 완벽합니다. 고객은 식사에 사용될 트러플을 직접 선택할 수 있어, 최고의 트러플 코스 메뉴에 개인적인 취향을 더할 수 있습니다."
blueribbon,Leemarco,서울특별시 강북구 삼양로 685,Seoul,South Korea,RIBBON_ONE,"이탈리아식, 피자",,02-903-0337,,2026,,37.6636901789406,127.011856348586,2026-02-17T22:29:33.775718+00:00,,,,리마르코,서울특별시 강북구 삼양로 685,"Nestled near the Bukhansan mountains, Leemarco offers a fresh and modern Italian dining experience with a view. The open kitchen, featuring a visible pizza oven, sets the stage for delicious, handcrafted pies. While tables can fill up quickly, the cozy atmosphere and scenic surroundings make it a perfect spot for a satisfying meal.","북한산 근처에 자리한 리마르코는 탁 트인 전망과 함께 신선하고 현대적인 이탈리아 요리를 선보입니다. 화덕이 보이는 오픈 키친은 맛있는 수제 피자를 기대하게 만듭니다. 테이블이 금방 찰 수 있지만, 아늑한 분위기와 아름다운 주변 경관이 만족스러운 식사를 위한 완벽한 장소를 만들어 줍니다."
blueribbon,흐붓,서울특별시 용산구 이태원로54길 62-8,Seoul,South Korea,RIBBON_ONE,"기타, 퓨전",,,,2026,,37.5355500471467,127.000687232302,2026-02-17T22:29:33.775718+00:00,,,,흐붓,서울특별시 용산구 이태원로54길 62-8,"Experience a unique omakase (오마카세) at Heubut (흐붓), a hidden gem in Itaewon. Helmed by a chef with Michelin 3-star experience, this pop-up offers an intimate, one-table dining experience. The ambiance is cozy and welcoming, with the chef's engaging personality making guests feel right at home. Start your culinary journey with a refreshing pine needle and pear slush (솔잎배즙슬러쉬), a perfect palate cleanser, followed by expertly prepared dishes like scallops with a bulgogi-like glaze and a rich, comforting pastry onion soup.","이태원의 숨겨진 보석, 흐붓(Heubut)에서 특별한 오마카세(omakase)를 경험해 보세요. 미슐랭 3스타 셰프 출신 셰프가 잠시 팝업으로 운영하는 이곳은 아늑하고 친근한 분위기의 원테이블 다이닝을 제공합니다. 셰프님의 유쾌한 성격 덕분에 손님들은 편안함을 느낄 수 있습니다. 상큼한 솔잎배즙슬러쉬로 입맛을 돋우고, 불고기 양념 같은 맛의 가리비 요리와 풍미 가득한 페이스트리 어니언 수프 등 정성껏 준비된 요리들을 즐겨보세요."
blueribbon,황금콩밭,서울특별시 마포구 마포대로16길 9,Seoul,South Korea,RIBBON_ONE,"한식(일반한식), 두부, 한식(육류), 보쌈",,02-313-2952,,2026,,37.5509656114371,126.956732003277,2026-02-17T22:29:33.775718+00:00,,,,황금콩밭,서울특별시 마포구 마포대로16길 9,"This Michelin-recognized gem near Aeogae Station is a haven for tofu lovers, boasting a clean and elegant atmosphere perfect for family gatherings. The restaurant, illuminated by a warm yellow sign, feels like a golden field, creating a welcoming vibe. While reservations are recommended, especially for weekend dinners, the experience is well worth the wait, offering a refined dining setting that honors the humble soybean.","애오개역 근처에 위치한 이 미슐랭 선정 맛집은 두부 애호가들의 안식처이며, 깔끔하고 우아한 분위기는 가족 모임에 완벽합니다. 따뜻한 노란 간판으로 빛나는 이 식당은 마치 황금 들판 같은 느낌을 주며 환영받는 분위기를 자아냅니다. 주말 저녁에는 예약이 권장되지만, 그 경험은 기다릴 만한 가치가 있으며, 소박한 콩을 존중하는 세련된 식사 환경을 제공합니다."
blueribbon,효도치킨(광화문점),서울특별시 종로구 사직로8길 21-1,Seoul,South Korea,RIBBON_ONE,"한식(가금류), 프라이드치킨",,02-737-0628,,2026,,37.5746362867009,126.971058563556,2026-02-17T22:29:33.775718+00:00,,,,효도치킨(광화문점),서울특별시 종로구 사직로8길 21-1,"Nestled near Gyeongbokgung Palace and Gwanghwamun Station, Hyodo Chicken (효도치킨) is a fantastic spot for casual gatherings, offering a relaxed yet stylish ambiance perfect for dates or meetups with friends. The interior, with its slightly dimmed lighting and comfortable seating, provides a cozy escape from the bustling city. Hygiene is a priority, with cutlery neatly packaged, making it an ideal choice for introducing Korean fried chicken (K-치킨) to international friends.

The menu boasts creative takes on classic fried chicken, with intriguing options like the ""Ggwarigochu Myeolchi Chicken"" (꽈리고추멸치치킨) and the visually appealing ""Chimahoke"" (치마호크). Beyond chicken, a diverse selection of sides, including spicy cockle and whelk salad (꼬막골뱅이 무침), and a wide range of beverages, ensures there's something for everyone, making it a great place to experience various Korean food cultures.","경복궁역과 광화문역 근처에 자리한 효도치킨은 친구들과의 모임이나 데이트에 완벽한, 편안하면서도 세련된 분위기를 자랑하는 캐주얼한 장소입니다. 약간 어두운 조명과 편안한 좌석은 번화한 도시에서 벗어나 아늑한 휴식을 제공합니다. 식기류는 깔끔하게 포장되어 제공되어 위생을 중요시하며, 한국의 치킨(K-치킨)을 외국인 친구들에게 소개하기에도 이상적인 선택입니다.

메뉴는 클래식한 프라이드 치킨에 대한 창의적인 변형을 선보이며, 특히 꽈리고추멸치치킨과 시각적으로 매력적인 치마호크와 같은 흥미로운 옵션이 있습니다. 치킨 외에도 꼬막골뱅이 무침을 포함한 다양한 사이드 메뉴와 폭넓은 음료 선택은 모두를 만족시킬 수 있으며, 다양한 한식 문화를 경험하기에 좋은 장소입니다."
blueribbon,Hieutu,서울특별시 용산구 한강대로38길 35,Seoul,South Korea,RIBBON_ONE,"아시아식, 베트남식",,02-794-0526,,2026,,37.5287707660887,126.970222478429,2026-02-17T22:29:33.775718+00:00,,,,효뜨,서울특별시 용산구 한강대로38길 35,"Hieutu is a popular Asian food spot in Gangnam, known for its flavorful and hearty dishes. The spicy rice noodle soup (얼큰 쌀국수) is a must-try, boasting a rich broth and perfectly seasoned noodles. Another standout is the seafood fried rice (해산물 볶음밥), which reviewers rave about for its delicious taste and generous portions. The pork rice bowl (돼지고기 덮밥) is also a solid choice, with plenty of tender meat.

This restaurant offers a satisfying dining experience, perfect for a casual meal with friends or family. While the rice noodle soup is a good portion, some might find it slightly less than a full serving. However, the overall quality and taste of the food, especially the fried rice and pork bowl, make Hieutu a highly recommended stop for Asian cuisine lovers in the Gangnam area.","효뜨는 강남에서 맛있는 아시아 음식을 맛볼 수 있는 인기 있는 곳입니다. 얼큰한 쌀국수는 진한 국물과 완벽하게 양념된 면발로 꼭 먹어봐야 할 메뉴입니다. 해산물 볶음밥 또한 푸짐한 양과 맛으로 극찬을 받는 또 다른 인기 메뉴입니다. 돼지고기 덮밥 역시 부드러운 고기가 듬뿍 올라가 있어 훌륭한 선택입니다.

이곳은 친구나 가족과 함께 편안하게 식사하기 좋은 만족스러운 경험을 선사합니다. 쌀국수는 양이 적당하지만, 일부에게는 약간 부족하게 느껴질 수도 있습니다. 하지만 음식의 전반적인 품질과 맛, 특히 해산물 볶음밥과 돼지고기 덮밥은 효뜨를 강남 지역의 아시아 음식 애호가들에게 강력 추천할 만한 곳으로 만듭니다."
blueribbon,후암편백,서울특별시 용산구 후암로 57-1,Seoul,South Korea,RIBBON_ONE,"일식, 편백찜, 일식샤부샤부",,02-318-2208 ,,2026,,37.55101137211389,126.976891369992,2026-02-17T22:29:33.775718+00:00,,,,후암편백,서울특별시 용산구 후암로 57-1,"Nestled on a hill near Seoul Station, Huam Pyunbaek offers a refreshing and light dining experience, a welcome respite from the area's usual fried fare. The restaurant boasts a unique, multi-story interior with high ceilings and ample natural light, creating an open and airy atmosphere. While the prices might seem a bit steep, the quality of the ingredients, particularly the incredibly savory meat in their signature pyunbaek-jjim (편백찜), makes it a worthwhile visit. Reservations are recommended, especially for lunch, as the cozy space fills up quickly.","서울역 근처 언덕에 자리한 후암편백은 주변의 기름진 음식들과는 달리 신선하고 가벼운 식사를 즐길 수 있는 곳입니다. 높은 천장과 풍부한 자연광이 돋보이는 독특한 다층 구조의 인테리어는 개방적이고 산뜻한 분위기를 선사합니다. 가격대가 다소 높다고 느껴질 수 있지만, 특히 시그니처 메뉴인 편백찜에 사용되는 고기의 놀랍도록 고소한 풍미는 방문할 가치가 충분합니다. 아늑한 공간은 금세 만석이 되므로, 점심 식사 시에는 예약하는 것이 좋습니다."
blueribbon,히노키공방,서울특별시 마포구 신촌로14안길 3,Seoul,South Korea,RIBBON_ONE,"일식, 일본가정식",,010-8347-2979,,2026,,37.55446,126.9333,2026-02-17T22:29:33.775718+00:00,,,,히노키공방,서울특별시 마포구 신촌로14안길 3,"Nestled in a quiet alley near Sinchon Station, Hinoki Kobo offers a unique dining experience that blurs the lines between a tendon (tempura rice bowl) specialist and a Japanese home-style eatery. Despite its humble size, the restaurant boasts an impeccably clean kitchen and a chef whose passion for culinary excellence is evident. The signature anago tendon (아나고 텐동) is a visual masterpiece, featuring dark, savory tempura with a deep, complex flavor profile that pairs perfectly with their exquisite sushi-like rice. For those seeking a different delight, the hayashi nikomi (하야시니코미) is a rich, slow-cooked beef stew in a demi-glace sauce that rivals the best in Seoul.","신촌역 인근의 조용한 골목에 자리한 히노키 공방은 텐동 전문점인지, 일본 가정식 식당인지 구분이 모호할 정도로 독특한 미식 경험을 선사합니다. 아담한 공간에도 불구하고, 흠잡을 데 없이 깨끗한 주방과 요리에 대한 열정이 엿보이는 셰프의 솜씨가 돋보입니다. 시그니처 메뉴인 아나고 텐동(아나고 텐동)은 마치 스시 샤리를 연상시키는 훌륭한 밥과 완벽하게 어우러지는 깊고 복합적인 풍미의 검은 튀김이 인상적인 비주얼입니다. 다른 즐거움을 찾는 분들을 위해, 히노키 공방의 하야시니코미(하야시니코미)는 서울 최고와 견줄 만한 진한 데미글라스 소스의 소고기 스튜입니다."
blueribbon,호미관,서울특별시 종로구 종로5길 13,Seoul,South Korea,RIBBON_ONE,"일식주점, 이자카야",,02-723-5651,,2026,,37.570994,126.980451,2026-02-17T22:29:33.775718+00:00,,,,호미관,서울특별시 종로구 종로5길 13,"This popular izakaya (이자카야) near Jonggak Station boasts a long-standing reputation, even earning yearly Blue Ribbon awards. Be prepared for a wait, especially on weekend evenings, as reservations are highly recommended. The atmosphere is lively and the menu offers a wide array of Japanese-inspired dishes and drinks. Don't miss the incredibly fresh live mackerel sashimi (활고등어회), which melts in your mouth, and the crispy, flavorful menchi-katsu (멘치카츠) served with a delicious curry sauce. The assorted skewers (모듬꼬치) are also a great choice for a satisfying drink pairing.",종각역 근처의 인기 이자카야(이자카야)인 호미관은 매년 블루리본을 수상할 정도로 오랜 명성을 자랑합니다. 주말 저녁에는 웨이팅이 길 수 있으니 예약은 필수입니다. 활기찬 분위기 속에서 다양한 일식 요리와 주류를 즐길 수 있습니다. 입에서 살살 녹는 신선한 활고등어회와 맛있는 카레 소스와 함께 제공되는 바삭한 멘치카츠(멘치카츠)는 꼭 맛봐야 할 메뉴입니다. 술과 함께 즐기기 좋은 모듬꼬치도 추천합니다.
blueribbon,향미,서울특별시 마포구 성미산로 193,Seoul,South Korea,RIBBON_ONE,"중식, 중국만두, 대만식중식",,02-333-2943 ,,2026,,37.562858,126.926699,2026-02-17T22:29:33.775718+00:00,,,,향미,서울특별시 마포구 성미산로 193,"This Myeongdong spot is perfect for a lively night out, offering a menu that shines as a companion to drinks. The star of the show is the stir-fried clams (조개볶음), a dish packed with savory flavor that's even better with added noodles (사리추가). Don't overlook the sweet and sour pork (탕수육) either; it's surprisingly crispy on the outside and tender on the inside, making it a delightful surprise that will have you curious about the rest of their offerings.","이 명동 맛집은 술과 함께 즐기기 좋은 메뉴들로 활기찬 밤을 보내기에 완벽한 장소입니다. 메인 메뉴인 조개볶음은 감칠맛 가득한 맛으로, 사리추가를 더하면 더욱 맛있습니다. 겉은 바삭하고 속은 부드러운 탕수육도 놓치지 마세요. 기대 이상으로 만족스러운 맛으로 다른 메뉴에 대한 궁금증을 불러일으킬 것입니다."
blueribbon,황생가칼국수,서울특별시 종로구 북촌로5길 78,Seoul,South Korea,RIBBON_ONE,"한식(면류), 칼국수, 만두, 한식(육류), 수육",,02-739-6334 ,,2026,,37.58006,126.9806,2026-02-17T22:29:33.775718+00:00,,,,황생가칼국수,서울특별시 종로구 북촌로5길 78,"Nestled just a minute's walk from the National Folk Museum, Hwangsaengga Kalguksu is a consistently recognized gem, having earned a spot in the Michelin Guide for nine consecutive years. This traditional noodle house offers a comforting and flavorful experience, perfect for families seeking a delicious yet non-intimidating meal. The atmosphere feels authentic, a far cry from typical tourist traps, and the visible process of handmade dumplings adds to its charm.","국립민속박물관에서 도보 1분 거리에 위치한 황생가칼국수는 9년 연속 미쉐린 가이드에 선정된 전통 있는 맛집입니다. 가족 단위 방문객에게도 부담 없이 즐길 수 있는 편안하고 맛있는 식사를 제공하며, 관광객 위주의 식당과는 다른 진정한 분위기를 느낄 수 있습니다. 직접 손으로 빚는 만두를 보는 재미도 있어, 이곳이 왜 유명한지 실감할 수 있습니다."
blueribbon,pho ong xa,서울특별시 은평구 진관2로 29-21,Seoul,South Korea,RIBBON_ONE,"아시아식, 베트남식",,02-6448-0115,,2026,,37.635741734904,126.919341649662,2026-02-17T22:29:33.775718+00:00,,,,포옹싸,서울특별시 은평구 진관2로 29-21,"Pho Ong Xa is a highly-regarded Vietnamese eatery near Gupabal Station, recognized by multiple Blue Ribbon Survey awards. The interior boasts a warm, inviting ambiance with yellow walls and rattan lighting, creating a cozy atmosphere perfect for casual dining or dates. Ordering is made easy with QR codes at each table, offering a diverse menu of authentic Vietnamese dishes at reasonable prices.","포옹싸는 구파발역 근처에 위치한 베트남 음식점으로, 여러 블루리본 서베이 수상 경력으로 인정받은 곳입니다. 노란 벽과 라탄 조명이 어우러진 따뜻하고 아늑한 인테리어는 편안한 식사나 데이트에 완벽한 분위기를 선사합니다. 테이블마다 비치된 QR코드로 편리하게 주문할 수 있으며, 합리적인 가격에 다양한 정통 베트남 요리를 맛볼 수 있습니다."
blueribbon,풍류,서울특별시 종로구 필운대로5나길 20-12,Seoul,South Korea,RIBBON_ONE,"디저트/스위트, 디저트전문점",,0507-1376-0006,,2026,,37.5802745815836,126.967456726676,2026-02-17T22:29:33.775718+00:00,,,,풍류,서울특별시 종로구 필운대로5나길 20-12,"Tucked away in a Seochon alley, Pungnyu (풍류) is a hidden gem that has earned a Blue Ribbon for four consecutive years. This cafe seamlessly blends traditional Korean aesthetics with a modern, cozy ambiance. The interior is adorned with folding screens (병풍) and traditional Korean paintings, creating a unique atmosphere that feels both artistic and serene. It's an ideal spot to impress foreign guests with its distinct Korean charm, from the striking brick and cement walls to the elegant moon jar (달항아리) vases.","서촌 골목길에 숨겨진 풍류(Pungnyu)는 4년 연속 블루리본을 수상한 숨은 보석 같은 카페입니다. 이곳은 전통적인 한국의 미와 현대적이고 아늑한 분위기를 완벽하게 조화시킵니다. 실내는 병풍과 한국화로 장식되어 있어 예술적이면서도 고요한 독특한 분위기를 자아냅니다. 인상적인 벽돌과 시멘트 벽부터 우아한 달항아리 화병까지, 한국적인 매력을 외국인 손님들에게 선보이기에 이상적인 장소입니다."
blueribbon,FOOD SYLVAIN ,서울특별시 마포구 포은로 61,Seoul,South Korea,RIBBON_ONE,"프랑스식, 프랑스가정식",,0507-1403-8120,,2026,,37.5528119921071,126.906329720168,2026-02-17T22:29:33.775718+00:00,,,,푸드실방,서울특별시 마포구 포은로 61,"Food Sylvain is a charming new French-inspired eatery in Mangwon-dong, helmed by a chef with a background in French language and cuisine. Despite its recent opening, the restaurant has quickly gained a following for its meticulously crafted dishes, from the house-made bread to the desserts. The philosophy here is simple yet profound: letting the quality of ingredients shine through with minimal seasoning, primarily relying on salt and butter to create rich, nuanced flavors. It's a place where classic techniques meet fresh, local ingredients for a truly memorable dining experience.

Signature dishes include the Sora Provencal, a delightful take on escargots using local sea snails, and the Ravioli, a generously filled seafood pasta. For a main, the Magret de Canard offers perfectly cooked duck breast complemented by a vibrant mix of olives, tomatoes, and blood orange, showcasing the chef's innovative approach to flavor pairings. Each plate is a testament to the power of quality ingredients and skillful execution.","망원동에 위치한 푸드실방(Food Sylvain)은 프랑스 요리 전공 셰프가 운영하는 매력적인 신상 프렌치 레스토랑입니다. 오픈한 지 얼마 되지 않았음에도 불구하고, 직접 만든 식전빵부터 디저트까지 정성껏 준비된 요리들로 이미 많은 사랑을 받고 있습니다. 이곳의 철학은 소금과 버터만을 사용하여 재료 본연의 맛을 최대한 끌어내는 섬세한 풍미를 선사하는 것입니다. 신선한 현지 식재료와 클래식한 조리법이 만나 잊을 수 없는 미식 경험을 선사하는 곳입니다.

대표 메뉴로는 프랑스식 달팽이 요리 에스카르고에서 영감을 받은 참소라 요리인 소라 프로방살(Sora Provencal)과 신선한 꽃게와 대게살로 속을 채운 라비올리(Raviole)가 있습니다. 메인 요리로는 겉은 바삭하고 속은 부드럽게 익힌 오리고기에 올리브, 토마토, 블러드 오렌지를 곁들여 풍미를 더한 마그레 드 카나르(Magret de canard)를 맛볼 수 있습니다. 모든 메뉴는 훌륭한 식재료와 셰프의 뛰어난 조리 실력을 보여줍니다."
blueribbon,포가,서울특별시 마포구 동교로46길 24-4,Seoul,South Korea,RIBBON_ONE,"중식, 일반중식",,0507-1327-5901,,2026,,37.5620091934239,126.925859408365,2026-02-17T22:29:33.775718+00:00,,,,포가,서울특별시 마포구 동교로46길 24-4,"Nestled in Yeonnam-dong, Poga offers a delightful departure from traditional Chinese cuisine with its Taiwanese-inspired dishes, run by a friendly Chinese-Korean family. The star of the show is their signature crispy fried pork (고기튀김), a perfectly seasoned and tender dish that's a must-try. Another highlight is the rich and flavorful chadol jjampong (차돌 짬뽕), featuring perfectly cooked noodles that soak up the delicious broth, making it a standout choice for noodle lovers.

While the mapadubu bap (마파두부 밥) might be less remarkable, the overall experience at Poga is highly satisfying. The restaurant boasts a clean and welcoming atmosphere, and the attentive service adds to the charm. It's the ideal spot for those seeking a unique and delicious Chinese dining experience that deviates slightly from the norm, yet remains accessible and enjoyable for all.","연남동에 자리한 포가는 화교 가족이 운영하는 곳으로, 전통 중식에서 벗어난 대만식 요리를 선보입니다. 이곳의 시그니처 메뉴인 고기튀김은 잡내 없이 부드러운 육질과 완벽한 간으로 꼭 맛봐야 할 요리입니다. 또한, 차돌 짬뽕은 환상적인 면발과 깊은 국물 맛으로 방문객들의 찬사를 받는 메뉴입니다.

마파두부 밥은 다소 아쉬울 수 있지만, 전반적으로 포가의 식사 경험은 매우 만족스럽습니다. 깔끔하고 아늑한 분위기와 친절한 서비스는 이곳의 매력을 더합니다. 평범한 중식에서 벗어나 특별하고 맛있는 경험을 원하는 분들에게 포가는 훌륭한 선택이 될 것입니다."
blueribbon,Haidilao Hot Pot,서울특별시 중구 명동3길 36,Seoul,South Korea,RIBBON_ONE,"중식, 훠궈",,02-3789-3888,,2026,,37.565347288841,126.983735515555,2026-02-17T22:29:33.775718+00:00,,,,하이디라오,서울특별시 중구 명동3길 36,"Haidilao Hot Pot in Myeongdong is a globally renowned spot, famous for its extensive services that go beyond just the meal. While not the cheapest option, the value is in the experience, with private rooms available for rent and the possibility of combining tables for larger groups. The star of the show is the customizable dipping sauce bar, where patrons can craft their perfect blend, with popular choices like the 'Geonhi sauce' and 'Yeongji sauce'. Don't miss the entertaining 'noodle dance' when ordering Kung Fu noodles (쿵푸면) and the mesmerizing mask-changing performance (가면쇼) during set times.","명동 하이디라오 훠궈는 식사 이상의 경험을 제공하는 것으로 유명한 세계적인 맛집입니다. 저렴한 편은 아니지만, 프라이빗 룸 대여가 가능하고 단체석 마련도 용이하여 특별한 경험을 선사합니다. 이곳의 하이라이트는 단연 커스터마이징 가능한 소스 바인데, '건희소스'와 '영지소스' 같은 인기 조합을 맛볼 수 있습니다. 쿵푸면(쿵푸면) 주문 시 펼쳐지는 면 쇼와 정해진 시간에 진행되는 가면무도회(가면쇼)는 놓치지 말아야 할 볼거리입니다."
blueribbon,편의방,서울특별시 서대문구 연희로 36,Seoul,South Korea,RIBBON_ONE,"중식, 중국만두",,02-363-5887,,2026,,37.56179,126.9275,2026-02-17T22:29:33.775718+00:00,,,,편의방,서울특별시 서대문구 연희로 36,"Once a beloved spot known for its unique mackerel dumplings (어만두), Pyeonyibang has evolved from its humble, old-school Chinese restaurant roots. While the original ambiance has softened after renovations and the signature dumplings are no longer on the menu, the restaurant remains a popular destination in the Yeonhui-dong area, focusing on its diverse range of dumplings and dim sum. It's a place that continues to draw crowds, offering a taste of Chinese cuisine with a strong emphasis on expertly crafted dumplings.","독특한 어만두(어만두)로 사랑받았던 편의방은 허름하고 오래된 중국집의 뿌리에서 진화했습니다. 리노베이션 후 원래의 분위기는 부드러워졌고 시그니처 만두는 더 이상 메뉴에 없지만, 이 식당은 다양한 만두와 딤섬에 중점을 둔 연희동 지역의 인기 명소로 남아 있습니다. 전문적으로 만들어진 만두를 강조하며 중국 요리의 맛을 제공하는 곳으로 계속해서 인파를 끌어들이고 있습니다."
blueribbon,하카타나카,서울특별시 마포구 와우산로23길 50,Seoul,South Korea,RIBBON_ONE,일식,,02-332-3207,,2026,,37.55499,126.9237,2026-02-17T22:29:33.775718+00:00,,,,하카타나카,서울특별시 마포구 와우산로23길 50,"Hakata Tanaka offers an authentic taste of Kyushu, Japan, right in the heart of Hongdae. This cozy spot is a haven for those craving genuine Japanese home-style meals, a rare find amidst the K-food-influenced dining scene. The ambiance, with Japanese books and staff, transports you straight to Japan, making it a perfect escape for a comforting and traditional meal. Many patrons, including Japanese locals, seek out this gem for a true taste of home.","하카타나카는 홍대 한복판에서 큐슈의 정통 일식을 맛볼 수 있는 곳입니다. 한국식으로 변형된 일식당이 많은 가운데, 이곳은 진정한 일본 가정식을 그리워하는 이들에게 안성맞춤인 아늑한 안식처입니다. 일본 서적과 일본인 직원들이 있는 아늑한 분위기는 마치 일본에 온 듯한 느낌을 선사하며, 편안하고 전통적인 식사를 위한 완벽한 탈출구가 되어줍니다. 일본 현지인들을 포함한 많은 손님들이 고향의 맛을 찾아 이 보석 같은 곳을 방문합니다."
blueribbon,Ham's Brot,서울특별시 도봉구 도봉로 483,Seoul,South Korea,RIBBON_ONE,베이커리,,02-996-4488 ,,2026,,37.648898,127.034519,2026-02-17T22:29:33.775718+00:00,,,,함스브로트과자점,서울특별시 도봉구 도봉로 483,"Nestled near Ssangmun Station, Ham's Brot is the brainchild of Ham Sang-hoon, the 8th officially recognized Master Baker in Korea. This cozy bakery, though perhaps not widely known locally, offers a delightful escape for early risers. The star of the show is the squid ink panini (먹물 파니니), praised for its exquisite flavor, especially when paired with a morning coffee. Other must-try signatures include the cheese ruban (치즈르방) with cream cheese and cranberries, rusks, garlic bread, and walnut onion bagels.","쌍문역 근처에 자리한 함스브로트는 대한민국 제과 명장 8호 함상훈 명장이 운영하는 곳입니다. 이 아늑한 베이커리는 이른 아침 방문객들에게 즐거운 경험을 선사합니다. 이곳의 하이라이트는 단연 먹물 파니니로, 특히 모닝 커피와 함께 즐길 때 그 맛이 일품이라고 합니다. 크림치즈와 크랜베리의 조화가 돋보이는 치즈르방, 러스크, 마늘빵, 호두양파베이글 또한 꼭 맛봐야 할 시그니처 메뉴입니다."
blueribbon,하단,서울특별시 성북구 성북로6길 14,Seoul,South Korea,RIBBON_ONE,"한식(탕/국/찌개/전골), 만두전골, 한식(면류), 칼국수, 만두",,02-764-5744 ,,2026,,37.58995,127.005,2026-02-17T22:29:33.775718+00:00,,,,하단,서울특별시 성북구 성북로6길 14,"This is not a restaurant review, but rather a description of a custom kitchen renovation service. The service focuses on integrating robot vacuum cleaners, specifically the Roborock S8, into existing kitchen cabinetry without compromising functionality. The core idea is to repurpose lower cabinet drawers, often under a rice cooker shelf (밥솥장), into a dedicated, discreet space for the robot vacuum. This involves structural modifications to the cabinet, ensuring proper drainage and electrical connections, and precise floor leveling for seamless entry and exit. The goal is to achieve a clean, integrated look that doesn't disrupt the kitchen's original aesthetic.","이곳은 식당 리뷰가 아니라 맞춤형 주방 리폼 서비스에 대한 설명입니다. 이 서비스는 기존 주방 캐비닛에 로봇 청소기, 특히 로보락 S8을 주방 본연의 기능을 해치지 않으면서 통합하는 데 중점을 둡니다. 핵심 아이디어는 밥솥장 아래의 하부 서랍을 로봇 청소기를 위한 전용 공간으로 재활용하는 것입니다. 이를 위해 캐비닛의 구조를 변경하고 적절한 배수 및 전기 연결을 보장하며, 매끄러운 출입을 위해 바닥 수평을 정밀하게 맞춥니다. 목표는 주방의 원래 미관을 해치지 않는 깔끔하고 통합된 모습을 구현하는 것입니다."
blueribbon,한성옥,서울특별시 종로구 삼봉로 42-1,Seoul,South Korea,RIBBON_ONE,"한식(탕/국/찌개/전골), 설렁탕, 꼬리곰탕",,02-735-8121 ,,2026,,37.57244,126.9794,2026-02-17T22:29:33.775718+00:00,,,,한성옥,서울특별시 종로구 삼봉로 42-1,"This beloved spot is a haven for those seeking a classic Seoul-style *haejangguk* (해장국). Reviewers lament the closure of a previous favorite, but find solace in this establishment's rich, savory broth, packed with tender beef bone and fresh *seonji* (선지). The generous portions and balanced flavors, enhanced by a unique pickled chili paste, make it a satisfying meal even when you're not nursing a hangover. It's a bit of a trek, but the exceptional taste and value, reminiscent of pricier Gangnam fare, make the journey worthwhile.","이곳은 서울식 해장국을 찾는 이들에게 안식처와 같은 곳입니다. 이전의 애정하던 곳이 문을 닫아 아쉬워하는 이들도 이곳의 진하고 감칠맛 나는 국물과 부드러운 소뼈, 신선한 선지 덕분에 위안을 얻습니다. 넉넉한 양과 균형 잡힌 맛, 그리고 특별한 고추장아찌는 해장이 필요 없을 때도 훌륭한 식사를 선사합니다. 강남의 비싼 음식과 견줄 만한 맛과 가성비는 약간의 여정을 감수하게 만들 만큼 충분히 가치 있습니다."
blueribbon,Petra,서울특별시 용산구 녹사평대로40길 33,Seoul,South Korea,RIBBON_ONE,"아시아식, 중동식, 요르단식, 시리아식",,02-790-4433,,2026,,37.53463,126.9877,2026-02-17T22:29:33.775718+00:00,,,,페트라,서울특별시 용산구 녹사평대로40길 33,"Step into the vibrant world of Petra Cortright's first solo exhibition in Seoul, <fresh floral ice milk soft blue bruise>. This collection delves into the artist's signature digital mark-making, blending handmade aesthetics with algorithmic precision. Expect a captivating exploration of post-internet art, where abstract florals and gestural movements fluidly merge, creating a unique visual language that is both organic and undeniably digital. It's a space where beauty, excess, and fleeting moments coexist in a constantly shifting digital landscape.","서울에서 열리는 페트라 코트라이트의 첫 개인전 <fresh floral ice milk soft blue bruise>의 생동감 넘치는 세계로 들어가 보세요. 이 컬렉션은 작가의 시그니처인 디지털 마크 메이킹 기법을 탐구하며, 수작업 미학과 알고리즘적 정밀함을 결합합니다. 포스트 인터넷 아트의 매혹적인 탐구를 기대하세요. 추상적인 꽃과 제스처적인 움직임이 유동적으로 융합되어 유기적이면서도 부인할 수 없이 디지털적인 독특한 시각 언어를 만들어냅니다. 아름다움, 과잉, 덧없는 순간들이 끊임없이 변화하는 디지털 풍경 속에서 공존하는 공간입니다."
blueribbon,필동면옥,서울특별시 중구 서애로 26,Seoul,South Korea,RIBBON_ONE,"한식(면류), 평양냉면, 한식(육류), 제육, 만두",,02-2266-2611 ,,2026,,37.56034,126.9969,2026-02-17T22:29:33.775718+00:00,,,,필동면옥,서울특별시 중구 서애로 26,"A beloved staple in Seoul's Pyeongyang-style naengmyeon (평양냉면) scene, Pil-dong Myeonok offers a consistently moving experience. While the noodles, made with a higher starch content, offer a satisfying chew that rivals Hamheung-style (함흥냉면), it's the broth that truly captivates. This clear, savory broth, with its subtle meatiness and perfectly balanced saltiness, is the star of the show, making each sip a moment of pure delight. It's a place where the simple elegance of a well-crafted dish shines through, leaving a lasting impression.

While the signature Mul-naengmyeon (물냉면) is a must-try, the restaurant also hints at the perfect pairing of naengmyeon and jeyuk (제육) for a delightful evening meal. The kitchen operates with a brisk efficiency, ensuring dishes are prepared quickly and hygienically. Even during peak hours, the atmosphere buzzes with satisfied diners, though waiting is often minimal. Pil-dong Myeonok is an excellent introduction for those new to Pyeongyang-style naengmyeon, offering a familiar yet refined taste.","서울 평양냉면 맛집으로 꾸준히 사랑받는 필동면옥은 언제나 감동을 선사하는 곳입니다. 전분 함량이 높아 쫄깃한 면발은 함흥냉면 못지않은 식감을 자랑하지만, 이곳의 진정한 매력은 육수에 있습니다. 맑고 감칠맛 나는 육수는 은은한 육향과 완벽한 간의 조화로 감탄을 자아냅니다. 잘 만들어진 요리의 단순한 우아함이 빛나는 이곳은 깊은 여운을 남깁니다.

시그니처 메뉴인 물냉면은 꼭 맛봐야 할 메뉴이며, 저녁에는 냉면과 제육을 곁들여 즐기는 것도 추천합니다. 주방은 신속하고 위생적으로 운영되며, 바쁜 시간에도 만족한 손님들로 활기찬 분위기를 느낄 수 있습니다. 필동면옥은 평양냉면 입문자에게도 제격인, 익숙하면서도 세련된 맛을 선사하는 곳입니다."
blueribbon,파브리키친,서울특별시 용산구 한강대로15길 23-6,Seoul,South Korea,RIBBON_ONE,이탈리아식,,070-7576-4830,,2026,,37.5261483522748,126.962751005883,2026-02-17T22:29:33.775718+00:00,,,,파브리키친,서울특별시 용산구 한강대로15길 23-6,"Nestled in a Yongsan alley, Fabri Kitchen offers a cozy, home-style Italian dining experience, often mentioned as a prime spot for dates or fine dining in the area. Helmed by a Michelin-starred chef, the restaurant boasts an open kitchen where you can glimpse the culinary magic. While the ambiance is intimate and the space is compact, the clean, separate restrooms add to the comfort. Reservations are recommended, especially as the restaurant can get busy, though walk-ins might be manageable during off-peak hours.","용산 골목에 자리한 파브리 키친은 아늑하고 가정식 이탈리아 식사를 즐길 수 있는 곳으로, 이 지역 데이트나 파인 다이닝 장소로 자주 언급됩니다. 미슐랭 스타 셰프가 운영하는 이곳은 요리 과정을 엿볼 수 있는 오픈 키친을 자랑합니다. 아담하고 아늑한 공간이지만, 깔끔하게 분리된 화장실은 편안함을 더합니다. 레스토랑은 붐빌 수 있으므로 예약하는 것이 좋으며, 비수기에는 워크인도 가능할 수 있습니다."
blueribbon,TRAVERTINE,서울특별시 용산구 한강대로7길 18-7,Seoul,South Korea,RIBBON_ONE,"카페/커피/티, 커피전문점",,070-8862-6003,,2026,,37.5248745716605,126.962078419523,2026-02-17T22:29:33.775718+00:00,,,,트래버틴,서울특별시 용산구 한강대로7길 18-7,"Step into Travertine, a chic and modern cafe in Hannam-dong, perfect for a relaxed outing. The ambiance is clean and stylish, with thoughtful decor and plant arrangements that create a welcoming atmosphere. It's an ideal spot for those exploring the neighborhood, offering a delightful escape with its well-crafted coffee and impressive sandwiches.","트래버틴은 한남동의 세련되고 현대적인 카페로, 여유로운 시간을 보내기에 완벽한 장소입니다. 깔끔하고 스타일리시한 분위기와 센스 있는 소품 및 화분 배치가 편안한 공간을 연출합니다. 동네를 탐방하는 분들에게 이상적인 곳으로, 훌륭한 커피와 인상적인 샌드위치로 즐거운 휴식을 선사합니다."
blueribbon,CONFIER,서울특별시 중구 세종대로 14,Seoul,South Korea,RIBBON_ONE,컨템포러리,,0507-1373-0827,,2026,,37.5578385325826,126.9744151,2026-02-17T22:29:33.775718+00:00,,,,콘피에르,서울특별시 중구 세종대로 14,"CONFIER offers a French-Korean fine dining experience that's perfect for special occasions, boasting an impressive value for its price point. The tasting menu takes diners on a culinary journey, starting with delicate amuse-bouches like scallop and beef tartare, followed by creative appetizers such as a creamy white clam and minari dish that was a standout. A refreshing palate cleanser prepares you for the main event, which includes a comforting grain dish reminiscent of a clear dakgaejang (닭개장) and a choice of semi-main courses like tender pork jowl or delicate flounder.","콘피에르는 특별한 날을 기념하기에 완벽한 프랑스-한식 파인 다이닝 경험을 제공하며, 가격 대비 훌륭한 가성비를 자랑합니다. 테이스팅 메뉴는 가리비와 육회 타르타르 같은 섬세한 아뮤즈 부쉬로 시작하여, 특히 인상 깊었던 크리미한 백합과 미나리 요리를 포함한 창의적인 애피타이저로 이어집니다. 상큼한 클렌저로 입안을 정리한 후에는 맑은 닭개장을 연상시키는 편안한 곡물 요리와 부드러운 돼지 볼살 또는 담백한 광어 중 선택할 수 있는 세미 메인 코스가 준비됩니다."
blueribbon,타케모토,서울특별시 용산구 두텁바위로 61,Seoul,South Korea,RIBBON_ONE,"일식, 일식우동, 일식덮밥",,02-777-4649,,2026,,37.5461687337223,126.979089400658,2026-02-17T22:29:33.775718+00:00,,,,타케모토,서울특별시 용산구 두텁바위로 61,"Nestled in the charming streets near Sukdae University, Takemoto is a highly recommended spot, even favored by local celebrities. This cozy eatery, known for its strict 4-person maximum per table and no-show policy, offers a delightful culinary experience. Despite its intimate size, the spacious tables ensure comfort. The star of the show is the refreshing cold udon (냉우동), particularly the Hi-Yashi Shabu, praised for its chewy noodles and savory broth, perfect for a light meal or even a hangover cure. Another must-try is the Dontoro (돈토로), a rice bowl topped with crispy pork jowl and fresh cabbage, a harmonious blend of textures and flavors that's undeniably appealing.","숙대입구역 근처 후암동에 위치한 타케모토는 유명인도 찾는 인기 맛집입니다. 최대 4인까지만 입장 가능하며, 일행이 모두 와야 착석이 가능한 규칙이 있지만, 넓은 테이블 덕분에 편안하게 식사를 즐길 수 있습니다. 이곳의 시그니처 메뉴는 시원하고 쫄깃한 면발과 감칠맛 나는 국물이 일품인 냉우동(히야시샤브)으로, 해장용으로도 손색이 없습니다. 또한, 바삭하게 튀겨낸 항정살과 신선한 양배추의 조화가 훌륭한 돈토로(항정살 양배추 덮밥)도 놓칠 수 없는 메뉴입니다. 고소한 항정살 기름과 소스가 어우러져 한국인의 입맛을 사로잡는 맛입니다."
blueribbon,태천면옥,서울특별시 광진구 광장로 49,Seoul,South Korea,RIBBON_ONE,"한식(면류), 평양냉면, 한식(육류), 제육, 수육",,02-466-7224 ,,2026,,37.5471245269241,127.10267053054,2026-02-17T22:29:33.775718+00:00,,,,태천면옥,서울특별시 광진구 광장로 49,"Taecheon Myeonok (태천면옥) is a hidden gem in Gwangjin-gu, celebrated by locals and Pyeongyang naengmyeon (평양냉면) enthusiasts alike. This unassuming spot serves a clear, refreshing broth reminiscent of dongchimi (동치미), boasting a deep, savory flavor derived from high-quality Korean beef. The noodles, made with a high buckwheat content, are smooth and tender, offering a delightful contrast to the rich, meaty dumplings. The restaurant also prides itself on its house-made kimchi and pickled radish, earning it a reputation as a 'banchan맛집' (side dish hotspot). 

Don't be deterred by its humble appearance; Taecheon Myeonok is a serious contender in Seoul's Pyeongyang naengmyeon scene, recognized by Blue Ribbon and MangoPlate. The signature dish is a testament to their dedication to pure, unadulterated flavor, creating a subtly addictive taste that lingers long after the last bite. It's a place where simple ingredients and meticulous preparation create a truly memorable culinary experience.","태천면옥은 광진구의 숨겨진 보석으로, 현지 주민들과 평양냉면 애호가들 모두에게 사랑받는 곳입니다. 이 소박한 식당은 동치미를 연상시키는 맑고 시원한 육수를 제공하며, 최고급 한우에서 우러나온 깊고 풍부한 맛을 자랑합니다. 메밀 함량이 높은 면은 부드럽고 쫄깃하여, 육즙 가득한 만두와 훌륭한 조화를 이룹니다. 또한 직접 담근 김치와 무절임으로 '반찬 맛집'이라는 명성을 얻고 있습니다.

평범해 보이는 외관에 속지 마세요. 태천면옥은 블루리본과 망고플레이트에서도 인정받은 서울 평양냉면 강자입니다. 시그니처 메뉴는 순수하고 꾸밈없는 맛에 대한 그들의 헌신을 증명하며, 마지막 한 입까지 오래도록 남는 은은하게 중독적인 맛을 선사합니다. 이곳은 단순한 재료와 세심한 준비가 진정으로 기억에 남는 미식 경험을 만들어내는 곳입니다."
blueribbon,Cuisine La Cle,서울특별시 종로구 자하문로7길 36,Seoul,South Korea,RIBBON_ONE,프랑스식,,02-6053-1514,,2026,,37.57921107452032,126.97028934695815,2026-02-17T22:29:33.775718+00:00,,,,퀴진라끌레,서울특별시 종로구 자하문로7길 36,"Nestled near Gyeongbokgung Station, Cuisine La Cle offers a unique take on French cuisine with a Quebecois twist. The ambiance is clean and chic, making it a potentially great spot for a date. While the Beef Carpaccio (비프 카르파치오) received praise for its delicate slicing and harmonious blend of cheese, sauce, and arugula, other dishes like the Quebecoise Onion Soup (퀘벡식 양파 수프) and Porchetta (포르케타) were met with mixed reviews, with some finding them underwhelming for the price. The signature Poutine (푸틴), a French fry dish topped with cheese curds and gravy, also left some diners wanting more, particularly regarding its temperature and value.","경복궁역 근처에 자리한 퀴진 라끌레는 퀘벡 스타일의 독특한 프렌치 요리를 선보입니다. 깔끔하고 세련된 분위기는 데이트 장소로도 손색이 없습니다. 얇게 썬 고기와 치즈, 소스, 루꼴라의 조화가 돋보였던 비프 카르파치오(Beef Carpaccio)는 호평을 받았지만, 퀘벡식 양파 수프(Quebecoise Onion Soup)나 포르케타(Porchetta)와 같은 메뉴는 가격 대비 아쉬움이 남는다는 의견도 있었습니다. 퀘벡의 명물인 푸틴(Poutine) 역시 치즈 커드와 그레이비 소스를 곁들인 감자튀김 요리로, 특히 소스의 온도와 양 대비 가격에 대한 아쉬움을 표하는 의견이 있었습니다."
blueribbon,쿠시카츠쿠시엔,서울특별시 마포구 월드컵북로5나길 18,Seoul,South Korea,RIBBON_ONE,"일식주점, 쿠시카츠",,02-322-6928,,2026,,37.55733455026984,126.9167973827794,2026-02-17T22:29:33.775718+00:00,,,,쿠시카츠쿠시엔,서울특별시 마포구 월드컵북로5나길 18,"Tucked away in a quiet residential area near Hongdae and Hapjeong, Kushikatsu Kushien offers an authentic Japanese izakaya (이자카야) experience that rivals those found in Japan itself. The cozy interior, reminiscent of a small Japanese eatery, is adorned with numerous Blue Ribbon awards, hinting at the culinary delights within. The star of the show is the kushikatsu (쿠시카츠), a variety of deep-fried skewers. The omakase (오마카세) course, featuring a rotating selection of 5 skewers, is a must-try, with the chicken tenderloin (닭 안심 꼬치) being a consistent highlight for its incredible tenderness and flavor. Don't miss out on the juicy pork ribs (돼지 갈빗살) and the surprisingly delicious eggplant (가지) and shrimp (새우) skewers.","홍대와 합정 근처 조용한 주택가에 자리한 쿠시카츠 쿠시엔은 일본 현지에서도 맛보기 힘든 정통 이자카야(이자카야) 경험을 선사합니다. 작은 일본 식당을 연상시키는 아늑한 내부는 수많은 블루리본 수상 내역으로 장식되어 있어, 이곳의 뛰어난 맛을 짐작게 합니다. 이곳의 하이라이트는 단연 쿠시카츠(쿠시카츠)로, 다양한 종류의 꼬치 튀김을 맛볼 수 있습니다. 5가지 꼬치로 구성된 오마카세(오마카세) 코스는 꼭 시도해봐야 할 메뉴이며, 특히 닭 안심 꼬치(닭 안심 꼬치)는 놀라운 부드러움과 풍미로 꾸준히 사랑받고 있습니다. 육즙 가득한 돼지 갈빗살(돼지 갈빗살)과 의외로 맛있는 가지(가지), 새우(새우) 꼬치도 놓치지 마세요."
blueribbon,Passage,서울특별시 마포구 백범로20길 24-5,Seoul,South Korea,RIBBON_ONE,"프랑스식, 프랑스가정식",,02-332-8994 ,,2026,,37.5459144876248,126.943811380412,2026-02-17T22:29:33.775718+00:00,,,,파사주,서울특별시 마포구 백범로20길 24-5,"Get ready for an intimate and electrifying experience at the Myeonghwa Live Hall, the perfect venue for singer Kang Seung Yoon's ""PASSAGE #2"" concert. This Seoul stop marks the grand finale of his nationwide tour, promising a high-energy performance fueled by the collective excitement from previous shows in Busan, Daejeon, and Gwangju. Prepare for a deeply moving show where you can feel every note and every breath, as Kang Seung Yoon delivers his powerful vocals and heartfelt renditions of hits like ""IYAH"" and ""Instinctively,"" possibly even surprising fans with WINNER medleys.","강승윤의 ""PASSAGE #2"" 콘서트가 열리는 명화라이브홀에서 친밀하고 짜릿한 경험을 준비하세요. 서울 공연은 전국 투어의 화려한 피날레를 장식하며, 부산, 대전, 광주 등 이전 공연들의 열기가 한데 모여 폭발적인 무대를 선사할 것입니다. 강승윤이 ""아이야""와 ""본능적으로"" 같은 히트곡들을 열창하고, 위너 메들리로 팬들을 놀라게 할지도 모르는 이 공연에서 모든 음과 숨결을 느낄 수 있는 깊은 감동을 경험할 준비를 하세요."
blueribbon,Kushimura,서울특별시 마포구 와우산로3길 13,Seoul,South Korea,RIBBON_ONE,"일식주점, 야키토리",,02-333-2650,,2026,,37.54599,126.9223,2026-02-17T22:29:33.775718+00:00,,,,쿠시무라,서울특별시 마포구 와우산로3길 13,"Tucked away in the charming alleys of Sangsu-dong, Kushimura is an intimate yakitori (야끼도리) haven. With seating for only about ten at the counter, expect a wait, especially after 7 PM, but the cozy atmosphere is well worth it. The star of the show is the tsukune (닭완자), a delightful chicken meatball best enjoyed dipped in the accompanying raw egg yolk. Other must-tries include the incredibly tender chicken thigh (닭다리살) and the surprisingly soft chicken breast (닭안심), elevated with a touch of wasabi.","상수동 맛집 골목에 자리한 쿠시무라는 아담한 규모의 야끼도리 전문점입니다. 카운터석은 10명 남짓 앉을 수 있으며, 저녁 7시 이후에는 30분 정도의 웨이팅이 예상되지만, 그만큼 특별한 경험을 선사합니다. 이곳의 시그니처 메뉴인 닭완자는 부드러운 수란에 찍어 먹으면 환상의 맛을 자랑합니다. 또한, 야들야들한 닭다리살과 와사비를 곁들여 먹는 부드러운 닭안심 구이도 놓칠 수 없는 별미입니다. 날치알이 들어간 야끼오니기리(주먹밥) 또한 훌륭한 마무리입니다."
blueribbon,CARNABY,서울특별시 용산구 한강대로62길 55,Seoul,South Korea,RIBBON_ONE,"한식(일반한식), 모던한식",,070-8833-5560,,2026,,37.5323942311005,126.973623678648,2026-02-17T22:29:33.775718+00:00,,,,카나비,서울특별시 용산구 한강대로62길 55,"Nestled near Samgakji Station, Carnaby offers a sophisticated ambiance perfect for intimate conversations and dates, boasting a pleasant atmosphere with city views. The menu presents a fusion Korean concept with a wide variety of dishes, from bibim guksu (비빔국수) to mentaibo (멘보샤) and galbi jjim (갈비찜). While the squid ink mentaibo (먹물 멘보샤) with truffle sauce and the grilled octopus ink risotto (구운 문어 먹물 리조또) were highlights for some, the spicy shrimp japchae (매콤 새우잡채) and Guinness stout braised short ribs (기네스 흑맥주 소갈비찜) didn't quite hit the mark for everyone.","삼각지역 근처에 자리한 카나비는 탁 트인 도시 전망과 함께 아늑한 대화와 데이트에 완벽한 세련된 분위기를 선사합니다. 메뉴는 비빔국수부터 멘보샤, 갈비찜까지 다양한 퓨전 한식 컨셉을 선보입니다. 트러플 소스와 함께 제공되는 먹물 멘보샤와 구운 문어 먹물 리조또가 일부 방문객에게는 인상 깊었지만, 매콤 새우잡채와 기네스 흑맥주 소갈비찜은 모두의 입맛을 사로잡지는 못했습니다."
blueribbon,Cha'R,서울특별시 종로구 종로3길 17,Seoul,South Korea,RIBBON_ONE,"중식, 미국식중식",,02-2251-8345,,2026,,37.5709958592808,126.978914477333,2026-02-17T22:29:33.775718+00:00,,,,차알(광화문디타워점),서울특별시 종로구 종로3길 17,"Cha'R is a popular Chinese restaurant located in IFC Mall, known for its fusion dishes that appeal to a wide range of tastes. Expect a lively atmosphere, especially around lunchtime, as this spot quickly draws a crowd. The menu offers a creative take on Chinese classics, making it a great choice for both solo diners and groups looking for a delicious and accessible meal.","차알은 IFC몰에 위치한 인기 중식당으로, 다양한 입맛을 사로잡는 퓨전 요리로 유명합니다. 특히 점심 시간에는 금세 손님들로 붐비는 활기찬 분위기를 느낄 수 있습니다. 창의적인 중식 메뉴는 혼밥족부터 여럿이 함께 즐기는 식사까지, 모두에게 만족스러운 선택이 될 것입니다."
blueribbon,청수당,서울특별시 종로구 돈화문로11나길 31-9,Seoul,South Korea,RIBBON_ONE,"카페/커피/티, 카페",,02-747-8215,,2026,,37.5738814755255,126.989784379653,2026-02-17T22:29:33.775718+00:00,,,,청수당,서울특별시 종로구 돈화문로11나길 31-9,"Step into Cheongsu당 (청수당), a cafe that masterfully blends traditional Korean aesthetics with modern sophistication. Its serene atmosphere, enhanced by a charming garden and tranquil water features, makes it a perfect escape, especially on a rainy day. The bakery offers a tempting array of pastries, and the cafe's unique interior, reminiscent of a peaceful hanok (한옥) village, provides a comfortable and aesthetically pleasing environment for lingering conversations or quiet reflection.

Beyond its beautiful design, Cheongsu당 (청수당) is also known for its delicious baked goods and beverages, with reviewers praising the quality and affordability. The cafe is also pet-friendly, adding to its welcoming ambiance. Whether you're seeking a picturesque spot for a date or a peaceful retreat, this cafe offers a memorable experience with its harmonious blend of nature, tradition, and contemporary comfort.","전통적인 한국의 미와 현대적인 세련됨을 절묘하게 조화시킨 카페, 청수당 (Cheongsu당)에 들어서 보세요. 매력적인 정원과 고요한 물소리가 어우러진 이곳의 평온한 분위기는 특히 비 오는 날 완벽한 탈출구가 되어줍니다. 베이커리에서는 군침 도는 다양한 페이스트리를 맛볼 수 있으며, 고즈넉한 한옥 (hanok) 마을을 연상시키는 독특한 인테리어는 담소를 나누거나 조용히 사색하기에 편안하고 미학적인 환경을 제공합니다.

아름다운 디자인뿐만 아니라, 청수당 (Cheongsu당)은 맛있는 베이커리와 음료로도 유명하며, 방문객들은 그 품질과 합리적인 가격을 칭찬합니다. 애견 동반이 가능한 점도 이곳의 환영하는 분위기를 더합니다. 데이트를 위한 그림 같은 장소를 찾고 계시든, 평화로운 휴식을 원하시든, 이 카페는 자연, 전통, 현대적인 편안함의 조화로운 융합으로 잊을 수 없는 경험을 선사합니다."
blueribbon,CONNECTS COFFEE,서울특별시 마포구 성지길 60,Seoul,South Korea,RIBBON_ONE,"카페/커피/티, 커피전문점",,02-6080-9449,,2026,,37.5460993018096,126.91257941517,2026-02-17T22:29:33.775718+00:00,,,,커넥츠커피(합정점),서울특별시 마포구 성지길 60,"CONNECTS COFFEE is a highly-regarded roastery cafe in Hapjeong, celebrated for its commitment to specialty coffee. With multiple barista and roasting competition wins proudly displayed, the cafe offers a sophisticated coffee experience. Their signature CONNECTS COFFEE, a creamy latte, is a must-try, praised for its smooth, non-bitter finish. For those who prefer a less acidic brew, the Lorenzo drip coffee, made with Guatemalan beans, is recommended for its mellow flavor. The cozy, white-and-wood interior provides a welcoming atmosphere for coffee enthusiasts.","CONNECTS COFFEE는 합정에 위치한 로스터리 카페로, 스페셜티 커피에 대한 자부심으로 유명합니다. 바리스타 및 로스팅 대회 수상 경력을 자랑하며, 전문적인 커피 경험을 선사합니다. 시그니처 메뉴인 '커넥츠 커피'는 부드럽고 텁텁하지 않은 크림 라떼로, 꼭 맛봐야 할 메뉴로 꼽힙니다. 산미가 적은 커피를 선호한다면 과테말라 원두를 사용한 '로렌조 드립 커피'를 추천합니다. 아늑하고 깔끔한 화이트 우드 인테리어는 커피 애호가들에게 편안한 분위기를 제공합니다."
blueribbon,Cafe Comma,서울특별시 마포구 포은로 49,Seoul,South Korea,RIBBON_ONE,"카페/커피/티, 북카페, 베이커리",,070-4179-2205,,2026,,37.551946564453,126.906760728614,2026-02-17T22:29:33.775718+00:00,,,,카페꼼마(합정점),서울특별시 마포구 포은로 49,"Cafe Comma (카페 꼼마) in Hapjeong-dong is a multi-level haven for book lovers, offering a serene escape with a vast collection of reading material across its various floors. The ambiance is cozy and quiet, making it an ideal spot for solo contemplation, with many books available for browsing without the pressure to purchase. The cafe also offers delicious coffee and baked goods, complementing the literary experience.

This unique space functions as an open shelter and a cultural hub, encouraging visitors to immerse themselves in its atmosphere. While the basement offers a particularly extensive library with a sense of discovery, upper floors provide ample natural light and creative book-themed decor. It's a place that invites you to linger, offering a peaceful retreat from the bustling city.","합정동에 위치한 카페 꼼마(Cafe Comma)는 여러 층에 걸쳐 방대한 서적을 보유한 책 애호가들의 안식처입니다. 다양한 층에 비치된 책을 읽으며 고요하고 아늑한 분위기 속에서 혼자만의 사색을 즐기기에 완벽한 장소입니다. 맛있는 커피와 빵은 문학적인 경험을 더욱 풍성하게 만들어 줍니다.

이 특별한 공간은 열린 쉼터이자 문화 공간으로서 방문객들이 그 분위기에 흠뻑 빠져들도록 초대합니다. 지하 공간은 특히 비밀스러운 발견의 느낌을 주는 광범대한 서재를 자랑하며, 위층들은 풍부한 자연광과 창의적인 책 테마의 인테리어를 제공합니다. 이곳은 바쁜 도시에서 벗어나 평화로운 휴식을 취하며 오래 머물고 싶게 만드는 매력적인 공간입니다."
blueribbon,Kalas Coffee,서울특별시 마포구 월드컵북로16길 16,Seoul,South Korea,RIBBON_ONE,"카페/커피/티, 커피전문점",,02-3494-2388,,2026,,37.5628324702465,126.915330283401,2026-02-17T22:29:33.775718+00:00,,,,칼라스커피,서울특별시 마포구 월드컵북로16길 16,"Kalas Coffee has quickly become a favorite spot, especially for its exceptional drip coffee that offers incredible value. The baristas meticulously prepare each cup, with subtle differences noted between preparations, showcasing a dedication to detail. Flavors range from a unique ""Orange, Ginger + Honey"" blend with a sweet, spicy, and slightly astringent finish, to a dominant berry profile reminiscent of slightly underripe strawberries, and a pure, delightful peach essence that truly surprises. The coffee here is known for its distinct flavors and lack of unpleasant bitterness, making it a must-visit for discerning coffee lovers.","칼라스 커피는 특히 뛰어난 드립 커피와 놀라운 가성비로 빠르게 인기 명소가 되었습니다. 바리스타들은 각 잔을 세심하게 준비하며, 준비 과정의 미묘한 차이들이 디테일에 대한 헌신을 보여줍니다. 이곳의 커피는 달콤하고 매콤하며 약간 떫은 뒷맛을 가진 독특한 ""오렌지, 생강 + 꿀"" 블렌드부터, 덜 익은 딸기를 연상시키는 지배적인 베리 풍미, 그리고 놀랍도록 순수하고 즐거운 복숭아 향까지 다양합니다. 이곳의 커피는 분명한 맛과 불쾌한 떫은 맛이 없는 것으로 유명하여, 까다로운 커피 애호가들에게 꼭 방문해야 할 곳입니다."
blueribbon,천이오겹살,서울특별시 마포구 양화로7길 12,Seoul,South Korea,RIBBON_ONE,"한식(육류), 돼지고기구이",,02-325-2920 ,,2026,,37.5514096192093,126.915191676236,2026-02-17T22:29:33.775718+00:00,,,,천이오겹살,서울특별시 마포구 양화로7길 12,"A true Seoul institution, Cheoni Ogyeopsal has been serving up delicious grilled pork for over 20 years. This popular spot near Hapjeong Station is known for its incredible value, with high-quality domestic pork like ogyeopsal (오겹살) and frozen samgyeopsal (냉동 삼겹살) priced affordably. The cozy, no-frills atmosphere is made even better by the friendly service and the standout complimentary salted oysters (어리굴젓), a perfect pairing for the rich, flavorful meat.",천이오겹살은 합정역 근처에서 20년 넘게 자리를 지켜온 서울의 대표적인 냉삼 맛집입니다. 훌륭한 품질의 국내산 오겹살(오겹살)과 냉동 삼겹살(냉동 삼겹살)을 합리적인 가격에 맛볼 수 있어 가성비가 뛰어난 곳으로 유명합니다. 친절한 서비스와 함께 기본으로 제공되는 감칠맛 나는 어리굴젓은 고기의 풍미를 한층 더 끌어올리는 별미입니다.
blueribbon,진향,서울특별시 마포구 월드컵북로1길 62,Seoul,South Korea,RIBBON_ONE,"중식주점, 중식, 중국만두",,070-8713-8888,,2026,,37.5537098162821,126.918315070824,2026-02-17T22:29:33.775718+00:00,,,,진향,서울특별시 마포구 월드컵북로1길 62,"Nestled near Hapjeong Station, Jin Hyang is a celebrated Chinese restaurant helmed by Chef Hwang Jin-sun, a protégé of the legendary Chef Wang Yuk-sung. This intimate eatery focuses on the essence of Chinese cuisine, prioritizing fundamental cooking techniques and a deep understanding of ingredients over flashy presentations. The ambiance is cozy, so arriving early is recommended. Regulars can enjoy lifelong discounts by becoming a member, and corkage fees are a reasonable 10,000 KRW per bottle for all alcohol types.","합정역 근처에 자리한 진향은 전설적인 왕육성 셰프의 제자인 황진선 셰프가 이끄는 유명 중식당입니다. 화려한 플레이팅보다는 기본기에 충실한 조리법과 재료에 대한 깊은 이해를 바탕으로 중식의 본질에 집중하는 곳입니다. 아늑한 분위기 때문에 일찍 방문하는 것을 추천합니다. 회원 가입 시 평생 할인 혜택을 누릴 수 있으며, 모든 주종에 대해 병당 1만 원의 합리적인 콜키지 비용을 제공합니다."
blueribbon,초원,서울특별시 용산구 한강대로80길 7,Seoul,South Korea,RIBBON_ONE,"한식(육류), 소고기구이",,02-749-5949,,2026,,37.5427605404136,126.973355698925,2026-02-17T22:29:33.775718+00:00,,,,초원,서울특별시 용산구 한강대로80길 7,"Nestled near Sukdae University Station, Chohwon is a highly-regarded Hanu (한우) specialty restaurant, recognized for its 1++ grade beef and a coveted Blue Ribbon award for five consecutive years. The interior offers a surprisingly spacious and pleasant atmosphere, making it an ideal spot for both intimate dinners and larger gatherings with its long central table. Their signature dishes include the incredibly tender Deungsim Jumulleok (등심주물럭), boasting beautiful marbling and a smoky char, and the unique, thick-cut special grade Useol (우설), which is expertly grilled to perfection.","숙대입구역 근처에 자리한 초원은 1++ 등급의 한우와 5년 연속 블루리본 선정으로 명성이 자자한 곳입니다. 내부는 넓고 쾌적한 분위기를 자랑하며, 중앙의 긴 테이블 덕분에 소규모 모임부터 단체 회식까지 모두 만족시킬 수 있습니다. 이곳의 시그니처 메뉴는 아름다운 마블링과 훈연향이 일품인 부드러운 등심주물럭(Deungsim Jumulleok)과, 두툼한 두께와 완벽한 구이로 즐기는 특별한 우설(Useol)입니다."
blueribbon,COFFEE NINE,서울특별시 동대문구 전농로3길 12,Seoul,South Korea,RIBBON_ONE,"카페/커피/티, 커피전문점",,02-6396-9992,,2026,,37.56854787150042,127.05662375259054,2026-02-17T22:29:33.775718+00:00,,,,커피나인,서울특별시 동대문구 전농로3길 12,"Coffee Nine is a haven for serious coffee lovers, drawing in regulars who brave any weather to get their fix. The vibe here is all about focus, with a modern, minimalist interior featuring sleek stainless steel and gray tones. It's a no-frills space designed for efficiency, utilizing a kiosk system for quick and easy ordering, making it a perfect spot for a solo coffee break. The establishment's motto, ""STOP DRINKING BAD COFFEE,"" perfectly encapsulates their dedication to quality.","커피나인은 진정한 커피 애호가들의 안식처로, 어떤 날씨에도 이곳을 찾게 만드는 단골들을 끌어들이는 곳입니다. 이곳의 분위기는 모던하고 미니멀한 인테리어에 세련된 스테인리스 스틸과 회색 톤이 특징이며, 오롯이 커피에 집중하는 컨셉입니다. 효율성을 위해 설계된 이곳은 키오스크 시스템을 통해 빠르고 간편하게 주문할 수 있어 혼자만의 커피 타임을 즐기기에 완벽한 장소입니다. ""나쁜 커피 마시는 것을 멈추세요""라는 간판 문구는 품질에 대한 그들의 헌신을 완벽하게 담아내고 있습니다."
blueribbon,COMM COMM BAKERY CAFE,서울특별시 용산구 한강대로44길 14,Seoul,South Korea,RIBBON_ONE,"카페/커피/티, 카페, 베이커리",,02-788-7365 ,,2026,,37.53078,126.97057,2026-02-17T22:29:33.775718+00:00,,,,컴컴베이커리카페,서울특별시 용산구 한강대로44길 14,"This charming bakery cafe, a recent addition to the neighborhood, is a haven for bread and coffee lovers. With a bright, airy interior and a coveted terrace, it's the perfect spot to relax. The star of the show is the selection of over 20 types of bread, primarily natural sourdoughs like ciabatta (치아바타) and baguettes, crafted by a renowned patissier focusing on taste and health.","동네에 새로 생긴 매력적인 베이커리 카페로, 빵과 커피를 사랑하는 이들에게 안성맞춤인 곳입니다. 밝고 탁 트인 실내와 탐나는 테라스 좌석은 휴식을 취하기에 완벽한 장소입니다. 이곳의 하이라이트는 맛과 건강을 콘셉트로 한 유명 파티시에가 만든 치아바타(치아바타), 바게트 등 20여 가지의 건강한 천연 발효빵입니다."
blueribbon,Churi Churi,서울특별시 마포구 독막로15길 3-13,Seoul,South Korea,RIBBON_ONE,이탈리아식,,02-749-9996,,2026,,37.54837,126.9213,2026-02-17T22:29:33.775718+00:00,,,,츄리츄리,서울특별시 마포구 독막로15길 3-13,"Step into Sojindam, a charming dessert cafe in Garosu-gil that blends traditional Korean aesthetics with modern sweet creations. The exterior might resemble a traditional rice cake shop, but inside, a delightful array of cakes awaits, many infused with classic Korean flavors. From the earthy sweetness of mugwort and red bean in the 'Patisuksook' (팥이쑥쑥) cake to the rich 'Heukim Injeolmi' (흑임자인절미) and the decadent Red Velvet, there's a unique cake for every palate. The interior offers a cozy hanok (한옥) vibe with both table seating and traditional floor seating options, making it a perfect spot to relax and indulge.","가로수길에 위치한 소진담은 전통적인 한국의 미학과 현대적인 디저트의 조화를 이루는 매력적인 디저트 카페입니다. 외관은 떡집을 연상시키지만, 안으로 들어서면 한국적인 맛을 가미한 다채로운 케이크들이 기다리고 있습니다. 쑥과 팥의 조화가 돋보이는 '팥이쑥쑥' 케이크부터 진한 '흑임자인절미', 그리고 풍미 가득한 레드벨벳까지, 모든 입맛을 만족시킬 독특한 케이크가 준비되어 있습니다. 내부는 아늑한 한옥 분위기를 풍기며, 테이블 좌석과 전통적인 좌식 공간을 모두 갖추고 있어 편안하게 휴식을 취하며 디저트를 즐기기에 완벽한 장소입니다."
blueribbon,최사장네닭,서울특별시 마포구 연남로 4-1,Seoul,South Korea,RIBBON_ONE,"한식(가금류), 닭곰탕, 닭볶음탕, 닭수육",,02-334-9242 ,,2026,,37.560343,126.923626,2026-02-17T22:29:33.775718+00:00,,,,최사장네닭,서울특별시 마포구 연남로 4-1,"Step into Choi Sajangne Dak (최사장네닭) near Hongik University Station for a taste of authentic, comforting Korean cuisine. This long-standing eatery, marked by a nostalgic sign and walls adorned with celebrity autographs, offers a cozy and surprisingly quiet escape from the bustling Hongdae area. It's a perfect spot for a hearty meal, whether you're dining solo or with company, with a welcoming atmosphere that feels like a familiar favorite.","홍대입구역 근처에 위치한 최사장네닭은 진정한 한국의 맛과 편안함을 선사하는 곳입니다. 오래된 간판과 연예인 사인으로 가득한 벽은 이곳의 오랜 역사를 말해주며, 북적이는 홍대 거리 속에서도 아늑하고 조용한 휴식을 제공합니다. 혼자 식사하든, 친구와 함께하든 든든한 한 끼를 즐기기에 완벽한 장소이며, 익숙하고 편안한 분위기에서 누구나 부담 없이 식사를 즐길 수 있습니다."
blueribbon,청송함흥냉면,서울특별시 서대문구 연희맛로 6,Seoul,South Korea,RIBBON_ONE,"한식(면류), 함흥냉면",,02-334-3545,,2026,,37.56585,126.9287,2026-02-17T22:29:33.775718+00:00,,,,청송함흥냉면,서울특별시 서대문구 연희맛로 6,"This Yeonnam-dong spot is a go-to for refreshing cold noodles, especially on a warm day. While they offer other dishes like galbijjim (갈비찜) and bulgogi (불고기) during the colder months, their specialty is the Hamheung-style naengmyeon (함흥냉면). Don't miss the bibim naengmyeon (비빔냉면) or the unique hoe naengmyeon (회냉면) topped with fermented skate. Pair your noodles with their handmade mandu (만두) for a satisfying meal.","연남동의 이 곳은 따뜻한 날씨에 시원한 면 요리를 즐기기 좋은 곳입니다. 겨울철에는 갈비찜, 불고기 등 다른 메뉴도 제공하지만, 이곳의 전문은 함흥냉면입니다. 숙성된 홍어회가 올라가는 회냉면이나 비빔냉면을 놓치지 마세요. 수제 만두와 함께 곁들이면 든든한 한 끼가 될 것입니다."
blueribbon,철철복집,서울특별시 중구 을지로3길 29,Seoul,South Korea,RIBBON_ONE,"한식(어패류), 복",,02-776-2418 ,,2026,,37.56728,126.9815,2026-02-17T22:29:33.775718+00:00,,,,철철복집,서울특별시 중구 을지로3길 29,"Step into Cheolcheol Bokjip (철철복집), a renowned pufferfish specialist in the bustling Euljiro area. This spot is famous for its visually striking pufferfish dishes, particularly the grilled pufferfish (bok-sogeum-gui, 복소금구이), which is prepared tableside. While the intimate, retro setting can feel a bit cramped and the prices are steep, the unique experience and the delicate, clean flavor of the pufferfish make it a memorable destination for those seeking a distinctive Korean culinary adventure.","을지로의 활기찬 분위기 속에 자리한 철철복집은 복어 요리 전문점으로 유명합니다. 특히 테이블에서 직접 구워주는 복소금구이(복어구이)는 시각적으로도 인상적인 시그니처 메뉴입니다. 복고풍의 아늑한 공간은 다소 협소하게 느껴질 수 있고 가격대가 높은 편이지만, 특별한 경험과 복어 특유의 섬세하고 깔끔한 맛은 독특한 한국 미식 탐험을 위한 기억에 남는 목적지가 될 것입니다."
blueribbon,진아춘,서울특별시 종로구 대명1길 18,Seoul,South Korea,RIBBON_ONE,"중식, 일반중식",,02-765-5688 ,,2026,,37.582813,127.000472,2026-02-17T22:29:33.775718+00:00,,,,진아춘,서울특별시 종로구 대명1길 18,"Step into Jinachun (진아춘), a historic Chinese restaurant in Daehangno (대학로) that has been serving customers since 1925. This establishment, recognized as a Seoul Future Heritage site, offers a nostalgic ambiance with its traditional Chinese decor and a variety of Chinese liquors. While its exact claim to being Seoul's oldest Chinese restaurant is debated, its status as a long-standing institution is undeniable, making it a unique culinary destination.","1925년부터 자리를 지켜온 대학로(大學路)의 역사적인 중식당 진아춘(진아춘)에 들어서 보세요. 서울 미래유산으로 지정된 이곳은 전통적인 중국식 장식과 다양한 중국 술이 구비된 향수를 불러일으키는 분위기를 선사합니다. 서울에서 가장 오래된 중식당이라는 정확한 명칭에 대한 논쟁은 있지만, 오랜 역사를 가진 곳이라는 점은 부인할 수 없으며, 독특한 미식 여행지가 될 것입니다."
blueribbon,참숯골,서울특별시 중구 무교로 16,Seoul,South Korea,RIBBON_ONE,"한식(육류), 소고기구이",,02-774-2100,,2026,,37.567293,126.979532,2026-02-17T22:29:33.775718+00:00,,,,참숯골,서울특별시 중구 무교로 16,"This newly opened spot near Yongsan Station is a prime destination for high-quality Korean BBQ, especially for corporate gatherings. The restaurant boasts a spacious and clean interior, capable of hosting up to 50 people, making it ideal for year-end parties and company dinners. They specialize in premium Hanwoo (한우) beef, with cuts like sirloin (등심), *jebichuri* (제비추리), and *tosal* (토시살) aging beautifully in a visible display. The attentive service, where staff grill the meat to perfection, allows for a truly relaxed dining experience.","용산역 근처에 새로 오픈한 이곳은 특히 회식 장소로 제격인 고품질 한우 전문점입니다. 최대 50명까지 수용 가능한 넓고 깔끔한 내부는 연말 모임이나 회식 장소로 안성맞춤입니다. 눈으로 직접 확인할 수 있는 숙성고에서 최상급 한우 등심, 제비추리, 토시살 등이 숙성되고 있으며, 직원들이 처음부터 끝까지 고기를 구워주어 편안하게 식사를 즐길 수 있습니다."
blueribbon,진어참치,서울특별시 마포구 연남로3길 34,Seoul,South Korea,RIBBON_ONE,"한식(어패류), 참치",,02-332-7412 ,,2026,,37.5607,126.9207,2026-02-17T22:29:33.775718+00:00,,,,진어참치,서울특별시 마포구 연남로3길 34,"A 14-time consecutive Blue Ribbon Survey selection, Jin-eo Tuna (진어참치) is a top-tier tuna destination in Seoul, consistently delivering a satisfying experience. The restaurant offers a refined atmosphere with counter seats, private rooms, and regular tables, making it suitable for both intimate dinners and group gatherings. They pride themselves on serving impeccably prepared bluefin tuna (참다랑어), so much so that they forgo traditional accompaniments like soy sauce or seaweed, letting the pure flavor of the fish shine.","14년 연속 블루리본 서베이에 선정된 진어참치는 서울 최고의 참치 명소로, 항상 만족스러운 경험을 선사합니다. 다찌석, 룸, 일반 테이블을 갖춘 세련된 분위기의 식당으로, 둘만의 식사나 단체 모임 모두에 적합합니다. 이곳은 완벽하게 준비된 참다랑어(참다랑어)를 제공하는 데 자부심을 가지고 있으며, 생선 본연의 맛을 살리기 위해 간장이나 김과 같은 전통적인 곁들임은 제공하지 않습니다."
blueribbon,Coffeest,서울특별시 종로구 경희궁길 39,Seoul,South Korea,RIBBON_ONE,"카페/커피/티, 커피전문점",,02-725-5557 ,,2026,,37.57275,126.9694,2026-02-17T22:29:33.775718+00:00,,,,커피스트,서울특별시 종로구 경희궁길 39,"Nestled in a quiet neighborhood near Gyeongbok Palace, Coffeest offers a serene escape from the bustling city. This historic cafe, operating since 2003, boasts a cozy interior filled with books, creating a perfect ambiance for quiet contemplation or hushed conversations. Its unique location, built partially on the historic Gyeonghuigung Palace site, adds a touch of historical intrigue, especially with the visible preserved ruins beneath the restroom pathway. The cafe is a beloved spot for those seeking a peaceful retreat, often frequented by visitors from the nearby Seoul Museum of Art.","경복궁 근처 한적한 동네에 자리한 커피스트는 번잡한 도시에서 벗어나 평화로운 휴식을 선사하는 공간입니다. 2003년부터 운영되어 온 이 역사 깊은 카페는 책으로 가득한 아늑한 내부를 자랑하며, 조용한 사색이나 나지막한 대화를 나누기에 완벽한 분위기를 자아냅니다. 경희궁 터 일부에 지어진 독특한 위치는 화장실 통로 아래 보존된 옛터를 통해 역사적인 흥미를 더합니다. 서울미술관 방문객들이 자주 찾는 이곳은 평화로운 휴식을 찾는 이들에게 사랑받는 장소입니다."
blueribbon,ITER MYEONGDONG,서울특별시 중구 남대문로5길 39,Seoul,South Korea,RIBBON_ONE,이탈리아식,,02-3789-7177,,2026,,37.5631341649501,126.97860860372,2026-02-17T22:29:33.775718+00:00,,,,이테르,서울특별시 중구 남대문로5길 39,"Step into ITER MYEONGDONG and discover a hidden gem in the heart of Seoul. This restaurant offers a sophisticated yet cozy ambiance, perfect for intimate conversations and special occasions. The minimalist interior, with its clean white and cream tones complemented by warm lighting, creates a serene escape from the bustling city. With ample space between tables and meticulous attention to detail in everything from the tableware to the menu curation, ITER MYEONGDONG provides a dining experience where you feel truly valued and pampered.","서울 도심 속 숨겨진 보석 같은 공간, 이테르 명동에 오신 것을 환영합니다. 이곳은 특별한 날이나 조용한 대화에 이상적인, 세련되면서도 아늑한 분위기를 선사합니다. 깔끔한 화이트와 크림 톤을 베이스로 따뜻한 조명이 어우러진 미니멀한 인테리어는 분주한 도시에서 벗어나 평온함을 느낄 수 있는 안식처를 제공합니다. 넉넉한 테이블 간격과 식기류, 메뉴 큐레이션 하나하나 세심하게 신경 쓴 디테일은 이테르 명동에서 진정으로 대접받는다는 느낌을 선사하는 다이닝 경험을 보장합니다."
blueribbon,제제,서울특별시 성동구 서울숲길 46-1,Seoul,South Korea,RIBBON_ONE,"중식, 모던차이니즈, 딤섬",,0507-1329-7000,,2026,,37.5478966119798,127.042574916474,2026-02-17T22:29:33.775718+00:00,,,,제제,서울특별시 성동구 서울숲길 46-1,"Step into JEJE (제제), a modern Chinese restaurant helmed by a chef from the renowned Palais de Chine. The ambiance is chic and contemporary, with thoughtful touches like coat racks and a comfortable waiting area. JEJE offers a sophisticated dining experience, perfect for both intimate meals and private group gatherings in their separate rooms. Reservations are highly recommended.","유명 팔레드신 출신 셰프가 이끄는 모던 중식당 제제(JEJE)에 오신 것을 환영합니다. 세련되고 현대적인 분위기 속에 옷걸이와 편안한 대기 공간 등 세심한 배려가 돋보입니다. 제제는 친밀한 식사부터 별도의 룸에서 진행되는 프라이빗한 단체 모임까지, 모든 순간에 완벽한 세련된 다이닝 경험을 선사합니다. 예약은 필수입니다."
blueribbon,Joo052,서울특별시 성동구 고산자로14길 26,Seoul,South Korea,RIBBON_ONE,한식주점,,02-2281-0343,,2026,,37.5633674241059,127.037643745197,2026-02-17T22:29:33.775718+00:00,,,,주052,서울특별시 성동구 고산자로14길 26,"Joo052 offers a harmonious blend of Korean cuisine and traditional liquors, reflecting the chef's deep understanding of their synergy. The name itself, combining 'Joo' (酒, alcohol) with the chef's hometown area code, hints at this focus. They pride themselves on using fresh ingredients sourced nationwide and crafting essential bases like doenjang (된장, soybean paste), ganjang (간장, soy sauce), and sikcho (식초, vinegar) in-house. Even familiar dishes like ssam (쌈, wraps) and bibim guksu (비빔국수, spicy mixed noodles) are elevated with a subtle, yet noticeable, difference. For a special pairing, consider their 'Gaia' makgeolli (막걸리, rice wine), co-produced with Yangjojang Kkulkkulhouse.","주052는 한식과 전통주의 조화에 대한 셰프의 깊은 이해를 보여주는 곳입니다. 이름 자체에 술 주(酒)와 셰프 고향의 지역번호 052를 합친 것에서부터 이러한 집중을 엿볼 수 있습니다. 전국 각지에서 공수한 신선한 식자재는 물론, 된장, 간장, 식초 등 기본 베이스까지 직접 만드는 정성을 들이는 것이 특징입니다. 쌈이나 비빔국수처럼 익숙한 메뉴도 섬세한 차이로 특별하게 느껴질 것입니다. 특별한 페어링을 원한다면 양조장 꿀꺽하우스와 협업하여 자체 제작한 막걸리 '가이아'를 추천합니다."
blueribbon,정육면체,서울특별시 서대문구 연세로5다길 22-8,Seoul,South Korea,RIBBON_ONE,"중식, 우육면, 대만식중식",,070-4179-3819 ,,2026,,37.5568390268236,126.934589678597,2026-02-17T22:29:33.775718+00:00,,,,정육면체,서울특별시 서대문구 연세로5다길 22-8,"This Michelin-recognized spot in Sinchon offers a vibrant, open-kitchen atmosphere perfect for a quick and satisfying meal. While the space is cozy and tables are close, the friendly staff and speedy service add to the lively vibe. It's a great place to experience well-executed noodle dishes, with a signature Hongtang (홍탕) beef noodle soup that's flavorful and not overly spicy, and a rich, nutty Sesame and Peanut Noodle (깨부수면) that's a unique treat. Don't miss their crispy, sweet-and-sour Yu Lin Gi (유린기) for a delightful contrast.","신촌의 미슐랭 선정 맛집은 활기찬 오픈 키친 분위기로 빠르고 만족스러운 식사에 완벽한 곳입니다. 공간은 아늑하고 테이블 간격이 좁지만, 친절한 직원과 빠른 서비스가 활기찬 분위기를 더합니다. 이곳에서는 잘 만들어진 면 요리를 경험할 수 있으며, 시그니처인 홍탕 우육면은 자극적이지 않고 풍미가 좋고, 독특한 별미인 진하고 고소한 깨부수면도 즐길 수 있습니다. 바삭하고 새콤달콤한 유린기는 놓치지 마세요."
blueribbon,JAEIN,서울특별시 용산구 이태원로54길 48,Seoul,South Korea,RIBBON_ONE,"디저트/스위트, 케이크",,02-797-2454,,2026,,37.5363402198792,127.001269028454,2026-02-17T22:29:33.775718+00:00,,,,재인,서울특별시 용산구 이태원로54길 48,"Nestled in a charming house in Hannam-dong, JAEIN is a sophisticated dessert bar that elevates the sweet experience. It's a place where traditional flavors meet innovative techniques, offering a curated selection of high-quality desserts, often paired with fine whiskies and brandies. The signature 'Namu' (나무) dessert, shaped like tree rings, is a must-try with its perfect balance of sweet and salty chocolate mousse and salted caramel, complemented by a crunchy praline finish. For a taste of spring, the limited edition 'Beotkkot Ending' (벚꽃엔딩) offers a delicate floral aroma with a refreshing berry tartness.","한남동의 아늑한 주택가에 자리한 재인은 섬세한 디저트 경험을 선사하는 고급 디저트 바입니다. 이곳은 전통적인 맛과 혁신적인 기법이 조화를 이루며, 엄선된 고품질 디저트와 함께 위스키, 브랜디 등을 즐길 수 있는 곳입니다. 시그니처 메뉴인 '나무'는 나무테를 형상화한 비주얼이 인상적이며, 달콤하고 짭짤한 초콜릿 무스와 솔티드 카라멜의 완벽한 조화, 그리고 바삭한 프랄린의 식감이 특징입니다. 봄의 정취를 느끼고 싶다면, 은은한 꽃향기와 상큼한 베리 풍미가 어우러진 시즌 한정 메뉴 '벚꽃엔딩'을 추천합니다."
blueribbon,종점숯불갈비,서울특별시 용산구 장문로 112,Seoul,South Korea,RIBBON_ONE,"한식(육류), 돼지갈비, 돼지고기구이",,02-749-6887 ,,2026,,37.526362,127.001948,2026-02-17T22:29:33.775718+00:00,,,,종점숯불갈비,서울특별시 용산구 장문로 112,"Step into a piece of culinary history at Jongjeom Sutbul Galbi (종점숯불갈비), famously featured on the Japanese TV show 'The Solitary Gourmet'. While the restaurant shows its age, it retains the authentic charm seen on screen, complete with photos and autographs from celebrities. It's a pilgrimage site for fans of the show, offering a chance to sit at the very table where the protagonist dined.

While the grilled meats are a draw, don't miss the Ttuk Bulgogi (뚝불고기) – a hearty, flavorful stew of thinly sliced beef in a rich, sesame-flecked broth, brimming with vegetables and glass noodles. Paired with a bottle of soju (소주), it's a deeply satisfying meal that captures the essence of a classic Korean dining experience.","일본 드라마 '고독한 미식가'에 소개되어 유명세를 탄 종점숯불갈비(종점숯불갈비)에서 미식의 역사를 느껴보세요. 세월의 흔적이 느껴지는 식당이지만, 화면에서 보던 그대로의 매력과 함께 유명 연예인들의 사진과 사인이 가득합니다. 드라마 팬이라면 주인공이 앉았던 바로 그 자리에서 식사할 수 있는 특별한 경험을 할 수 있는 성지순례 장소입니다.

이곳의 시그니처 메뉴인 숯불갈비 외에도, 뚝배기에 담겨 나오는 진하고 고소한 국물과 푸짐한 소불고기, 채소, 당면이 어우러진 뚝불고기(뚝불고기)를 꼭 맛보세요. 소주(소주) 한 병과 함께라면 한국의 정통적인 식사 경험을 제대로 느낄 수 있는 만족스러운 식사가 될 것입니다."
blueribbon,중화복춘,서울특별시 마포구 동교로 220-7,Seoul,South Korea,RIBBON_ONE,"중식, 일반중식",,0507-1436-2209,,2026,,37.559528,126.924244,2026-02-17T22:29:33.775718+00:00,,,,중화복춘,서울특별시 마포구 동교로 220-7,"Nestled in a charming alley of Hongdae, Junghwa Bokchun offers a unique dining experience with its distinct multi-level layout and private seating areas, creating an intimate Chinese ambiance. The service is exceptionally attentive, starting with helpful parking information and a personalized welcome card upon arrival. The meal begins with delightful appetizers like a spicy and sour pickled cabbage (짜사이) and a refreshing kelp and cabbage salad, complemented by fragrant jasmine tea. The star of the show is the signature Cotton Candy Cream Shrimp (목화솜 크림새우), featuring large, succulent shrimp coated in a light, crispy batter and tossed in a tangy, sweet cream sauce, balanced with fresh fruits and nuts. The staff's personal touch, like expertly mixing the sauce at your table, elevates the entire experience.","홍대의 매력적인 골목에 자리한 중화복춘은 독특한 다층 구조와 프라이빗한 좌석 공간으로 친밀한 중식 분위기를 자아내며 특별한 식사 경험을 선사합니다. 주차 정보 안내부터 개인 맞춤 환영 카드까지, 세심하고 친절한 서비스가 돋보입니다. 식사는 새콤매콤한 짜사이와 상큼한 해초&양배추 절임, 그리고 향긋한 자스민차로 시작됩니다. 하이라이트는 단연 시그니처 메뉴인 목화솜 크림새우로, 통통한 새우 튀김에 상큼달콤한 크림 소스가 어우러져 신선한 과일과 견과류의 조화가 일품입니다. 셰프가 직접 소스를 버무려주는 등 세심한 서비스는 식사의 즐거움을 더합니다."
blueribbon,진가,서울특별시 마포구 동교로34길 12,Seoul,South Korea,RIBBON_ONE,"중식주점, 중식, 일반중식",,02-326-1668 ,,2026,,37.560867,126.924926,2026-02-17T22:29:33.775718+00:00,,,,진가,서울특별시 마포구 동교로34길 12,"Step into Jin Ga (진가), a highly-acclaimed Chinese restaurant in Yeonnam-dong helmed by Chef Jin Saeng-yong, a culinary star from ""Kang Ho Dae Gyeol Jung Hwa Dae Ban Jeom."" This establishment, a recipient of the prestigious Blue Ribbon award for nine consecutive years, offers a refined yet approachable take on Chinese cuisine. While they focus on exquisite dishes rather than standard meals, the generous portions and high-quality ingredients make it a satisfying experience. The ambiance is clean and spacious, with a welcoming atmosphere thanks to the friendly staff.","연남동에 위치한 진가(진가)는 '강호대결 중화대반점' 출신 진생용 셰프가 운영하는 명망 높은 중식당입니다. 9년 연속 블루리본 수상 경력을 자랑하는 이곳은 고급 중식 요리를 합리적인 가격으로 선보입니다. 식사 메뉴 대신 요리에 집중하며, 푸짐한 양과 신선한 재료로 만족스러운 경험을 선사합니다. 깔끔하고 넓은 공간과 친절한 직원들의 환대가 어우러져 편안한 분위기를 자아냅니다."
blueribbon,jowoo,서울특별시 종로구 경희궁1길 10-1,Seoul,South Korea,RIBBON_ONE,"이탈리아식, 피자, 파스타",,02-732-1383,,2026,,37.571343815041786,126.9711980516788,2026-02-17T22:29:33.775718+00:00,,,,조우,서울특별시 종로구 경희궁1길 10-1,"Nestled near Gwanghwamun and Gyeongbokgung stations, Jowoo offers an elegant Italian dining experience, perfect for a special evening out. The dinner course menu presents a delightful progression of flavors, starting with a refreshing seasonal fish ceviche (광어회) and warm bread. The highlight for many is the tender lamb or beef main course, beautifully complemented by a creamy potato salad. The meal concludes with a memorable dessert featuring ice cream and fruit puree, leaving you wanting more.","광화문역과 경복궁역 근처에 자리한 조우는 특별한 저녁 식사를 위한 우아한 이탈리안 다이닝 경험을 선사합니다. 디너 코스 메뉴는 신선한 제철 생선 세비체(광어회)와 따뜻한 빵으로 시작하여 즐거운 풍미의 흐름을 선사합니다. 많은 이들의 하이라이트는 부드러운 양고기 또는 소고기 메인 요리로, 크리미한 감자 샐러드와 아름답게 어우러집니다. 식사는 아이스크림과 과일 퓨레가 곁들여진 기억에 남는 디저트로 마무리되어 더욱 만족감을 선사합니다."
blueribbon,일광쪽갈비,서울특별시 동대문구 전농로 48,Seoul,South Korea,RIBBON_ONE,"한식(육류), 돼지등갈비",,02-489-5055,,2026,,37.56903,127.0573,2026-02-17T22:29:33.775718+00:00,,,,일광쪽갈비,서울특별시 동대문구 전농로 48,"Ilkwang Jjokgalbi (일광쪽갈비) is a beloved neighborhood gem that has earned accolades from local residents and food critics alike, even receiving multiple Blue Ribbon awards since 2014. While some recent online reviews have mentioned service or portion size concerns, long-time patrons emphasize the consistent quality and the warm, family-like atmosphere. The star of the show is their signature jjokgalbi (쪽갈비), a simple yet perfectly executed dish that has kept customers coming back for years.","일광쪽갈비는 2014년부터 꾸준히 블루리본을 수상하며 지역 주민과 미식가 모두에게 사랑받는 동네의 보석 같은 곳입니다. 최근 일부 온라인 리뷰에서 서비스나 양에 대한 우려가 제기되기도 했지만, 오랜 단골들은 변함없는 맛과 친근한 가족 같은 분위기를 강조합니다. 이곳의 하이라이트는 바로 시그니처 메뉴인 쪽갈비로, 수년간 고객들의 발길을 이끈 단순하지만 완벽하게 조리된 요리입니다."
blueribbon,장군갈비,서울특별시 광진구 용마산로 11,Seoul,South Korea,RIBBON_ONE,"한식(육류), 소갈비, 소고기구이",,02-447-3479 ,,2026,,37.55473,127.0881,2026-02-17T22:29:33.775718+00:00,,,,장군갈비,서울특별시 광진구 용마산로 11,"Step into Janggun Galbi (장군갈비), a venerable institution with 40 years of history near Achasan Station. This beloved spot, recognized as a ""Baeknyeon Gaje"" (Centennial Store), exudes the charm of a classic Korean eatery, often frequented by local elders. While they offer a range of premium Hanwoo (Korean beef) cuts like raw galbi (생갈비) and raw flower sirloin (생꽃등심), their marinated galbi (양념갈비) and bulgogi (불고기) are also highly recommended, with many opting for the value-packed weekday lunch specials (점심특선).","아차산역 근처에 위치한 40년 전통의 명가, 장군갈비(장군갈비)를 만나보세요. '백년가게'로도 선정된 이곳은 동네 어르신들이 즐겨 찾는 정겨운 고기집의 분위기를 물씬 풍깁니다. 최상급 한우 생갈비(생갈비)와 생꽃등심(생꽃등심)을 비롯해, 양념갈비(양념갈비)와 불고기(불고기) 또한 인기 메뉴이며, 평일 점심 특선(점심특선)은 가성비 좋은 선택으로 추천됩니다."
blueribbon,장모님해장국,서울특별시 종로구 진흥로 421,Seoul,South Korea,RIBBON_ONE,"한식(탕/국/찌개/전골), 선지해장국",,02-379-4294 ,,2026,,37.60884,126.9556,2026-02-17T22:29:33.775718+00:00,,,,장모님해장국,서울특별시 종로구 진흥로 421,"Tucked away near the Gugi Tunnel, Jangmonim Haejangguk (장모님해장국) is a beloved spot for a unique take on Seonji Haejangguk (선지해장국), a hearty beef blood soup. While it boasts a cozy, old-school vibe with its red brick exterior and wooden interior, this restaurant is also a recognized favorite on shows like ""Sung Si-kyung's Eating Well"" (성시경 먹을텐데) and ""Delicious Guys"" (맛있는 녀석들). The star of the show is their signature Haejangguk, which stands out from the typical Yangpyeong style with its clean, refreshing broth enhanced by a spicy kick from gochugaru (고춧가루) rather than chili oil. Generous portions of tender tripe (양) and soft beef blood (선지) make this a truly satisfying meal, perfect for an early morning start or a late-night craving.","구기터널 근처에 자리한 장모님해장국은 선지해장국 맛집으로, 양평 스타일과는 다른 독특한 매력을 선보입니다. 붉은 벽돌 외관과 나무 느낌의 내부는 오래된 해장국집의 아늑한 분위기를 자아내며, '성시경 먹을텐데'와 '맛있는 녀석들'에도 소개된 유명 맛집입니다. 이곳의 메인 메뉴인 해장국은 고추기름 대신 고춧가루를 사용하여 깔끔하고 시원한 국물 맛이 특징입니다. 부드러운 시래기와 잡내 없이 쫄깃한 양, 촉촉한 선지가 넉넉하게 들어있어 이른 아침부터 늦은 밤까지 든든하게 즐길 수 있는 메뉴입니다."
blueribbon,제일콩집,서울특별시 노원구 동일로174길 37-8,Seoul,South Korea,RIBBON_ONE,"한식(면류), 콩국수",,02-972-7016,,2026,,37.6195,127.0776,2026-02-17T22:29:33.775718+00:00,,,,제일콩집,서울특별시 노원구 동일로174길 37-8,"This cozy spot near Taereungipgu Station is a haven for soy-based dishes, with a particularly celebrated Kongguksu (콩국수) that has recently started being served. The restaurant boasts a welcoming, traditional exterior and a spacious interior that fills up quickly, hinting at its popularity. Beyond their famous noodle dish, the menu offers a variety of tofu and Korean staples, complemented by fresh, house-made side dishes like their standout kimchi (김치).","태릉입구역 근처에 위치한 이 아늑한 맛집은 콩 요리의 성지로, 최근 개시한 콩국수(콩국수)로 특히 유명합니다. 전통적인 외관과 넓은 내부는 인기를 증명하듯 손님들로 금세 채워집니다. 대표 메뉴인 콩국수 외에도 다양한 두부 요리와 한식 메뉴를 맛볼 수 있으며, 정성껏 만든 겉절이 김치(김치)와 같은 신선한 밑반찬이 곁들여집니다."
blueribbon,이품,서울특별시 서대문구 연희로11길 20,Seoul,South Korea,RIBBON_ONE,"중식, 일반중식",,02-322-6172,,2026,,37.56753,126.9301,2026-02-17T22:29:33.775718+00:00,,,,이품,서울특별시 서대문구 연희로11길 20,"Nestled in the heart of Yeonhui-dong, a trendy Seoul hotspot, Ipum is renowned as one of the city's top three Jjajangmyeon (짜장면) specialists. While the entrance might seem small, the interior stretches out, offering a surprisingly spacious dining experience. Despite its popularity, the high turnover means a short wait, usually around 10-15 minutes, is often all that's needed. Be aware that seating arrangements can sometimes lead to a brief wait even when tables are available, or you might be seated with other diners. The menu offers classic Chinese-Korean fare at reasonable prices, with many opting for the flavorful main dishes.","연희동의 트렌디한 중심부에 자리한 이품은 서울 3대 간짜장 맛집으로 명성이 높습니다. 입구는 작아 보이지만 내부는 길게 뻗어 있어 예상외로 넓은 공간을 제공합니다. 인기가 많음에도 불구하고 회전율이 좋아 보통 10~15분 정도만 기다리면 됩니다. 때때로 자리가 있어도 잠시 기다려야 하거나 합석을 안내받을 수 있으니 참고하세요. 메뉴는 합리적인 가격의 클래식한 중식 요리를 제공하며, 많은 손님들이 메인 요리를 주문합니다."
blueribbon,이조식탁,서울특별시 중구 마른내로 14,Seoul,South Korea,RIBBON_ONE,"한식(일반한식), 일반한식",,02-2265-1058,,2026,,37.5646598422505,126.989396953863,2026-02-17T22:29:33.775718+00:00,,,,이조식탁,서울특별시 중구 마른내로 14,"Nestled slightly off the beaten path in the trendy Euljiro area, Ijo Sikdang offers a refined take on Korean home-style cooking. This restaurant, named after its owner-chef and his mother, specializes in beautifully presented *bansang* (반상) meals, featuring bibimbap (비빔밥) and *sotbap* (솥밥 - rice cooked in a hot pot). After 5 PM, the menu expands to include special dishes and traditional Korean *anjoo* (안주 - food to accompany alcohol), perfect for pairing with a selection of traditional liquors.","을지로의 트렌디한 골목에서 살짝 벗어난 곳에 자리한 이조식탁은 정갈한 한식 반상차림을 선보이는 곳입니다. 오너 셰프와 어머니의 이름을 따서 만든 이곳에서는 비빔밥과 솥밥을 중심으로 정갈한 한 끼 식사를 맛볼 수 있습니다. 오후 5시 이후에는 특선 메뉴와 함께 다양한 전통주를 곁들여 즐길 수 있어, 저녁 식사나 술 한잔을 곁들이기에도 좋습니다."
blueribbon,WUI Tea House & Restaurant,서울특별시 용산구 한강대로21길 25,Seoul,South Korea,RIBBON_ONE,"중식, 홍콩식중식, 카페/커피/티, 중국차전문점",,02-795-2125,,2026,,37.5270237235917,126.963773835076,2026-02-17T22:29:33.775718+00:00,,,,웨이티하우스앤레스토랑,서울특별시 용산구 한강대로21길 25,"WUI Tea House & Restaurant in Yongsan offers an intriguing ambiance that beckons curious diners, though reservations are highly recommended, especially for dinner. The interior is beautifully designed, creating a sophisticated yet comfortable atmosphere. While many dishes require advance booking, the à la carte options are still worth exploring. The star of the show is the tasting course of Baijiu (고량주), featuring a selection of fragrant and complex spirits, perfect for those looking to explore beyond typical pairings. Don't miss the Jin Mi Ji (진미가지), a crispy fried eggplant dish with a delightful sweet and savory profile, enhanced by a surprising hint of Sichuan peppercorn.","용산의 WUI Tea House & Restaurant은 호기심을 자극하는 매력적인 분위기를 선사하며, 특히 저녁 식사를 위해서는 사전 예약이 강력히 권장됩니다. 내부는 세련되면서도 편안한 분위기를 자아내도록 아름답게 디자인되었습니다. 많은 요리가 사전 예약이 필요하지만, 단품 메뉴도 충분히 즐길 가치가 있습니다. 하이라이트는 백주(고량주) 테이스팅 코스로, 일반적인 페어링을 넘어서는 향긋하고 복합적인 술을 맛볼 수 있습니다. 바삭한 튀김 가지에 달콤하고 짭짤한 맛, 그리고 예상치 못한 산초의 알싸함이 더해진 '진미가지'는 놓치지 마세요."
blueribbon,Your Dining,서울특별시 마포구 망원로6길 56,Seoul,South Korea,RIBBON_ONE,"이탈리아식, 파스타",,0507-1378-0601,,2026,,37.5544353519126,126.903792753464,2026-02-17T22:29:33.775718+00:00,,,,유어다이닝,서울특별시 마포구 망원로6길 56,"Nestled in the charming streets of Mangwon-dong, Your Dining is a Blue Ribbon Survey-certified gem offering authentic Italian cuisine. The vibe here is intimate and inviting, with a fully open kitchen where you can witness the chefs meticulously crafting each dish. They pride themselves on making everything from scratch, including fresh pasta, bread, sauces, and desserts, ensuring a truly homemade taste. 

The star of the show is their handmade pasta, with the Porcini Tayarin (포르치니 타야린) receiving high praise for its chewy, kal-guksu-like texture and rich mushroom flavor, perfectly complemented by a poached egg and cheese. Don't miss the ""Your Fried Fish"" (유어튀김), a crispy delight that pairs wonderfully with wine or beer, and the tender Grilled Scallops (관자구이), another excellent appetizer. Finish with their delightful Panna Cotta (판나코타) for a sweet ending.","망원동의 매력적인 거리에 자리한 유어다이닝은 블루리본 서베이 인증을 받은 이탈리안 레스토랑입니다. 활기찬 오픈 키친에서는 셰프들이 정성껏 요리를 만드는 모습을 볼 수 있으며, 모든 메뉴를 직접 만든다는 점에서 홈메이드의 진정한 맛을 선사합니다. 이곳은 생면 파스타, 빵, 소스, 디저트까지 모든 것을 직접 만들어내는 정직함으로 손님들을 맞이합니다.

이곳의 시그니처는 단연 생면 파스타입니다. 특히 '포르치니 타야린'은 칼국수 같은 쫄깃한 식감과 풍부한 버섯 풍미로 극찬을 받으며, 수란과 치즈의 조화가 일품입니다. 바삭한 식감의 '유어튀김'은 와인이나 맥주와 훌륭한 궁합을 자랑하며, 부드러운 '관자구이' 역시 훌륭한 애피타이저입니다. 달콤한 '판나코타'로 완벽한 식사를 마무리해 보세요."
blueribbon,이츠모라멘,서울특별시 마포구 와우산로23길 18-7,Seoul,South Korea,RIBBON_ONE,"일식, 라멘",,02-333-1997 ,,2026,,37.5540010720065,126.924626873497,2026-02-17T22:29:33.775718+00:00,,,,이츠모라멘,서울특별시 마포구 와우산로23길 18-7,"Nestled in the vibrant streets of Hongdae, Itsumo Ramen is a highly acclaimed spot, recognized for its five consecutive years of Blue Ribbon selection. Despite potential queues, the restaurant boasts an impressive turnover and ample seating, with convenient pre-ordering available via Coupang Eats. Don't miss their signature Itsumo Tonkotsu Ramen (이츠모 돈코츠 라멘), a rich and flavorful broth that's been compared to the iconic Ichiran Ramen experience, perfectly balanced for the Korean palate. They also offer a unique Tsukemen (츠케멘) where you can choose between a pork or chicken broth for dipping, and a surprisingly affordable small beer for just 1,500 KRW.","홍대의 활기찬 거리에 자리한 이츠모라멘은 5년 연속 블루리본에 선정된 명성 높은 맛집입니다. 긴 줄이 있을 수 있지만, 회전율이 빠르고 좌석도 넉넉하며 쿠팡이츠로 미리 주문도 가능합니다. 한국인의 입맛에 딱 맞는 진하고 풍미 가득한 국물의 시그니처 메뉴인 이츠모 돈코츠 라멘(이츠모 돈코츠 라멘)을 놓치지 마세요. 이치란 라멘과 비교될 만큼 깊은 맛을 자랑합니다. 또한, 돼지고기 또는 닭고기 육수 중 선택하여 찍어 먹는 독특한 츠케멘(츠케멘)과 1,500원이라는 놀랍도록 저렴한 가격의 작은 맥주도 준비되어 있습니다."
blueribbon,월강부산돼지국밥,서울특별시 마포구 동교로 241-1,Seoul,South Korea,RIBBON_ONE,"한식(탕/국/찌개/전골), 돼지국밥, 한식(육류), 수육",,02-326-5800,,2026,,37.56156,126.9241,2026-02-17T22:29:33.775718+00:00,,,,월강부산돼지국밥,서울특별시 마포구 동교로 241-1,"Nestled in the vibrant Yeonnam-dong, Wolgang Busan Dwaeji Gukbap offers an authentic taste of Busan's signature pork soup. While the broth is clean and subtly flavored, reviewers highly recommend adding the provided *dadaegi* (다대기) for a more robust and refreshing taste. The *dwaeji gukbap* (돼지국밥) itself is hearty, featuring tender, lean pork and somen noodles, served with nutritious black rice. 

Beyond the comforting soup, this spot is also lauded as a *suyuk* (수육) haven. The thinly sliced boiled pork is incredibly tender and flavorful, making the *suyuk baekban* (수육백반) a must-try. Accompanied by a unique, tangy radish kimchi, the *suyuk* is so good that many suggest ordering it as a standalone dish on future visits.","연남동에 자리한 월강부산돼지국밥은 부산의 명물 돼지국밥을 제대로 맛볼 수 있는 곳입니다. 맑고 깔끔한 국물은 기본이지만, 다대기(dadaegi)를 넣어 먹으면 더욱 개운하고 깊은 맛을 즐길 수 있다고 합니다. 부드럽고 살코기 위주의 돼지고기와 소면이 들어간 돼지국밥(dwaeji gukbap)은 건강한 흑미밥과 함께 제공됩니다.

이곳은 수육(suyuk) 맛집으로도 유명합니다. 얇게 썬 수육은 입안에서 사르르 녹을 정도로 부드러우며, 함께 나오는 새콤한 무김치와 환상의 궁합을 자랑합니다. 푸짐하게 나오는 수육백반(suyuk baekban)은 그 자체로도 훌륭하여, 다음 방문 시에는 단품으로 주문하고 싶다는 후기가 많습니다."
blueribbon,유진막국수,서울특별시 용산구 장문로 18,Seoul,South Korea,RIBBON_ONE,"한식(면류), 막국수",,0507-1328-2307,,2026,,37.5284,126.9924,2026-02-17T22:29:33.775718+00:00,,,,유진막국수,서울특별시 용산구 장문로 18,"Located conveniently across from the Mondrian Hotel, Yujin Makguksu offers a welcoming atmosphere perfect for a casual meal. While the menu features options like jokbal (족발) and bossam (보쌈), the star of the show is their refreshing makguksu (막국수). Reviewers rave about the bossam kimchi (보쌈김치) and the overall deliciousness of both the bossam and makguksu, making it a great spot for hotel guests looking to explore local flavors.","몬드리안 호텔 바로 맞은편에 위치한 유진막국수는 편안한 식사를 즐기기에 완벽한 아늑한 분위기를 선사합니다. 메뉴에는 족발과 보쌈도 있지만, 이곳의 하이라이트는 시원한 막국수입니다. 보쌈김치와 보쌈, 막국수 모두 맛있다는 극찬이 이어지며, 현지 맛을 경험하고 싶은 호텔 투숙객들에게 훌륭한 장소입니다."
blueribbon,우물집(구의점),서울특별시 광진구 아차산로49길 21,Seoul,South Korea,RIBBON_ONE,"한식(일반한식), 모던한식",,0507-1491-1273,,2026,,37.5378742920838,127.084275458765,2026-02-17T22:29:33.775718+00:00,,,,우물집(구의점),서울특별시 광진구 아차산로49길 21,"Nestled near Guui Station, Umuljip offers a tranquil dining experience with its serene, bamboo-adorned interior and private rooms, perfect for special occasions or intimate dates. The star of the show is the hearty Hanu (한우) vegetable hot pot, served alongside fragrant, flavorful솥밥 (sotbap - stone pot rice). Don't miss the Goseari Pyogo (고사리 표고) sotbap, a delightful blend of fernbrake and shiitake mushrooms, or the unique Gondeure Tomato Basil (곤드레 토마토 바질) sotbap, offering a surprising yet harmonious fusion of flavors.","구의역 근처에 자리한 우물집은 고즈넉하고 대나무로 장식된 인테리어와 프라이빗 룸을 갖춰 특별한 날이나 오붓한 데이트에 완벽한 평온한 식사 경험을 선사합니다. 이곳의 하이라이트는 푸짐한 한우 야채 전골과 향긋하고 풍미 가득한 솥밥입니다. 고사리와 표고버섯의 조화가 일품인 고사리표고 솥밥이나, 독특하면서도 조화로운 맛의 퓨전을 선사하는 곤드레토마토바질 솥밥을 놓치지 마세요."
blueribbon,오일제,서울특별시 용산구 한강대로62다길 29,Seoul,South Korea,RIBBON_ONE,"한식(일반한식), 모던한식",,0507-1340-5534,,2026,,37.5325403467892,126.974737930578,2026-02-17T22:29:33.775718+00:00,,,,오일제,서울특별시 용산구 한강대로62다길 29,"Tucked away in a quiet alley near Samgakji Station, Oillje (오일제) operates on a unique, highly curated system. This solo-run establishment focuses on a single, exquisite dish: perilla seed seaweed soup (들깨미역국). With only 50 servings available daily and limited operating hours, Oillje cultivates an air of exclusivity, making it a sought-after destination for those in the know. The chef, a veteran with 18 years of experience in Western cuisine, brings a meticulous approach to this Korean comfort food, ensuring quality and a memorable dining experience.

The signature dish, perilla seed seaweed soup (들깨미역국), is prepared with fresh seaweed harvested from Geumdo Island and a clean, refined beef bone broth. Each bowl is cooked to order, highlighting the delicate texture of the seaweed, and served with premium Koshihikari rice cooked in a traditional cauldron. The open kitchen allows diners to witness the precise culinary process, adding to the intimate and engaging atmosphere. This dedication to quality and a streamlined, chef-centric operation has created a buzz, making Oillje a must-visit for its unique concept and exceptional flavors.","삼각지역 근처 한적한 골목에 자리한 오일제(오일제)는 독특하고 세심하게 관리되는 시스템으로 운영됩니다. 1인 운영 식당인 이곳은 단 하나의 요리, 들깨미역국에 집중합니다. 하루 50그릇 한정 판매와 제한된 영업 시간으로 오일제는 특별함을 더하며, 아는 사람들에게는 꼭 가봐야 할 명소로 자리매김했습니다. 양식 셰프로 18년간 경력을 쌓은 대표는 이 한식 요리에 섬세한 접근 방식을 더해 품질과 기억에 남는 식사 경험을 보장합니다.

시그니처 메뉴인 들깨미역국은 거금도에서 채취한 신선한 미역과 깔끔하고 정제된 소고기 육수로 준비됩니다. 모든 그릇은 주문 즉시 조리되어 미역의 섬세한 식감을 살리고, 전통 가마솥에 지은 최고급 고시히카리 쌀과 함께 제공됩니다. 개방형 주방에서는 정교한 요리 과정을 직접 볼 수 있어 친밀하고 흥미로운 분위기를 더합니다. 이러한 품질에 대한 헌신과 간소화된 셰프 중심의 운영은 입소문을 탔고, 오일제는 독특한 콘셉트와 뛰어난 맛으로 꼭 방문해야 할 곳이 되었습니다."
blueribbon,OSTERIA HYUN,서울특별시 광진구 능동로 237,Seoul,South Korea,RIBBON_ONE,"이탈리아식, 피자",,02-6949-3346,,2026,,37.5513250013994,127.076101717325,2026-02-17T22:29:33.775718+00:00,,,,오스테리아현,서울특별시 광진구 능동로 237,"Nestled directly across from the Children's Grand Park entrance, Osteria Hyun offers a warm and inviting atmosphere, reminiscent of a cozy brick house. The space is thoughtfully designed with warm lighting and comfortable seating, creating a welcoming ambiance for all. A highlight is the authentic Italian wood-fired oven, where pizzas are expertly crafted using oak wood, adding a rustic charm to the dining experience. The restaurant's folding doors open to a terrace, seamlessly blending indoor and outdoor dining and offering a relaxed, almost resort-like feel, especially with the park just across the street.","어린이대공원 정문 바로 맞은편에 자리한 오스테리아 현은 따뜻하고 아늑한 분위기를 자랑합니다. 은은한 조명과 편안한 좌석이 어우러진 공간은 마치 동화 속 벽돌집을 연상시키며, 이탈리아에서 직수입한 화덕에서 참나무 장작으로 구워내는 피자는 이곳의 특별한 매력입니다. 활짝 열린 폴딩 도어는 테라스와 홀을 하나로 이어주며, 길 건너 공원 덕분에 마치 휴게소에 온 듯 편안하고 여유로운 느낌을 선사합니다."
blueribbon,용마갈비,서울특별시 중랑구 용마산로 498,Seoul,South Korea,RIBBON_ONE,"한식(육류), 돼지갈비",,02-435-4038,,2026,,37.5955083392501,127.100331994394,2026-02-17T22:29:33.775718+00:00,,,,용마갈비,서울특별시 중랑구 용마산로 498,"This bustling spot in Yongmasageori is a go-to for locals seeking a lively atmosphere perfect for group gatherings and company dinners. The star of the show is their signature Dwaeji Suje Pork Galbi (돼지수제 포크갈비), praised for its tender, well-marinated meat that's both sweet and savory. The attentive staff provides excellent grilling service, ensuring each bite is perfectly cooked. Don't miss the complimentary Mul Naengmyeon (물냉면), a refreshing palate cleanser that perfectly complements the rich flavors of the galbi.","용마사거리에 위치한 이 활기찬 맛집은 단체 모임이나 회식 장소를 찾는 현지인들에게 인기 만점입니다. 이곳의 시그니처 메뉴인 돼지수제 포크갈비는 달콤하면서도 짭짤한 맛이 일품이며, 부드러운 육질이 자랑입니다. 능숙한 직원들이 직접 고기를 구워주어 최상의 맛을 즐길 수 있습니다. 갈비와 환상의 궁합을 자랑하는 시원한 물냉면은 무료로 제공되니 꼭 맛보세요."
blueribbon,용마해장국,서울특별시 중랑구 용마공원로5길 20,Seoul,South Korea,RIBBON_ONE,"한식(탕/국/찌개/전골), 선지해장국",,02-2209-5938,,2026,,37.594539002298,127.102280443169,2026-02-17T22:29:33.775718+00:00,,,,용마해장국,서울특별시 중랑구 용마공원로5길 20,"Step into Yongma Haejangguk (용마해장국), a beloved local gem that has recently relocated to a cleaner, more spacious setting. This spot is renowned for its signature clear and refreshing bone soup (뼈해장국), packed with tender pork bones, fresh bean sprouts, hearty cabbage, and generous portions of blood sausage (seonji, 선지). The broth is so invigorating, it's said to cure any hangover, making it a true 'life-changing' haejangguk experience.

Don't miss their unique side dish, gochujang-ajji (고추장아찌) – pickled chili peppers in a savory paste. It's so addictive, you'll want to buy a jar to take home! The interior is simple and clean, allowing you to focus on the delicious food. While the portion of bones might have slightly decreased over time, the taste remains exceptional, with perfectly chewy meat and a broth that’s both clean and deeply satisfying. Add some chopped chili peppers for an extra kick!","최근 깔끔하고 넓은 공간으로 이전한 용마해장국(용마해장국)은 신선한 콩나물, 푸짐한 우거지, 부드러운 살코기가 붙은 돼지뼈, 그리고 선지(선지)가 듬뿍 들어간 맑고 시원한 뼈해장국(뼈해장국)으로 유명한 현지 맛집입니다. 해장국 국물은 숙취 해소에 탁월하며, 진정한 '인생 해장국' 경험을 선사합니다.

이곳의 특별한 별미인 고추장아찌(고추장아찌)도 놓치지 마세요. 중독성 강한 맛으로 집에 가져가고 싶을 정도입니다! 내부는 단순하고 깨끗하여 음식에 집중할 수 있습니다. 뼈의 양은 시간이 지남에 따라 약간 줄었을 수 있지만, 맛은 여전히 뛰어나며 쫄깃한 고기와 깔끔하고 깊은 국물 맛이 일품입니다. 칼칼한 맛을 원하시면 다진 고추를 추가해 보세요!"
blueribbon,yosoojung,서울특별시 마포구 대흥로 80-2,Seoul,South Korea,RIBBON_ONE,"한식(일반한식), 퓨전한식, 이탈리아식",,010-3043-5368,,2026,,37.547119300873,126.941578380249,2026-02-17T22:29:33.775718+00:00,,,,요수정,서울특별시 마포구 대흥로 80-2,"Yosoojung is a hidden gem that truly celebrates the oyster in all its glory. This establishment participated in the 'Oh My Oyster' festival, showcasing a masterful and creative approach to this beloved bivalve. Expect a refined dining experience where oysters are the star, prepared in ways that highlight their natural flavors and textures, complemented by expertly chosen wine and whiskey pairings.","요수정은 굴의 매력을 제대로 보여주는 숨겨진 보석 같은 곳입니다. '오마이 오이스터' 축제에 참여하여 굴을 주제로 한 창의적이고 훌륭한 요리를 선보였습니다. 굴 본연의 맛과 식감을 살린 섬세한 요리와 함께 엄선된 와인, 위스키 페어링을 즐길 수 있는 세련된 다이닝 경험을 기대해 보세요."
blueribbon,오복수산,서울특별시 마포구 성미산로 190-4,Seoul,South Korea,RIBBON_ONE,"일식, 카이센동",,070-8683-3500 ,,2026,,37.5628428242687,126.926049298178,2026-02-17T22:29:33.775718+00:00,,,,오복수산,서울특별시 마포구 성미산로 190-4,"This modern Japanese and Korean eatery in Magok offers a clean and spacious dining experience, perfect for group gatherings or a casual date. The restaurant features private rooms and a well-lit interior, with convenient underground parking and easy access from Magoknaru Station. Guests can easily order via tablet, and the menu boasts a variety of dishes, including a recommended special course.","마곡에 위치한 이 현대적인 일식 및 한식 식당은 깔끔하고 넓은 다이닝 공간을 제공하며, 단체 모임이나 캐주얼한 데이트에 완벽합니다. 레스토랑은 개별 룸과 밝은 실내 조명을 갖추고 있으며, 편리한 지하 주차장과 마곡나루역에서의 쉬운 접근성을 자랑합니다. 태블릿으로 간편하게 주문할 수 있으며, 추천 특선 코스를 포함한 다양한 메뉴를 즐길 수 있습니다."
blueribbon,Osteria Orzo,서울특별시 용산구 한남대로20길 47,Seoul,South Korea,RIBBON_ONE,"이탈리아식, 파스타",,02-322-0801 ,,2026,,37.53489977671261,127.0094813247948,2026-02-17T22:29:33.775718+00:00,,,,오스테리아오르조,서울특별시 용산구 한남대로20길 47,"Nestled in a quiet residential area of Hannam-dong, Osteria Orzo offers an intimate dining experience within its cozy, albeit compact, interior. Despite the unassuming exterior, the second floor is beautifully decorated, creating a sophisticated ambiance. This Michelin-starred gem is a popular choice, often fully booked, especially after recent media attention. Reservations are highly recommended, and valet parking is available for convenience.",한남동 주택가에 자리한 오스테리아 오르조는 아담하지만 아늑한 공간에서 친밀한 식사 경험을 선사합니다. 소박한 외관과 달리 2층은 아름답게 꾸며져 있어 세련된 분위기를 자아냅니다. 미슐랭 스타를 받은 이 곳은 최근 언론 노출 이후 더욱 인기가 많아져 예약이 필수인 곳입니다. 발렛 주차도 가능하여 편리합니다.
blueribbon,Yellow Bowl,서울특별시 서대문구 충정로 7,Seoul,South Korea,RIBBON_ONE,"이탈리아식, 베이커리, 샌드위치",,02-6364-4961,,2026,,37.560133,126.962236,2026-02-17T22:29:33.775718+00:00,,,,옐로우보울,서울특별시 서대문구 충정로 7,"Yellow Bowl is a celebrated pasta haven, consistently recognized with Blue Ribbon awards for seven consecutive years. Located conveniently near Chungjeongno Station, the restaurant boasts a bright and sophisticated ambiance with an open kitchen, making it an ideal spot for intimate dates. The extensive wine list, paired with a diverse menu of pasta and dinner dishes, positions Yellow Bowl as a popular destination for both pasta enthusiasts and wine lovers.","옐로우보울은 7년 연속 블루리본 어워드를 수상한 명성 높은 파스타 맛집입니다. 충정로역과 가까워 접근성이 좋으며, 오픈 키친을 갖춘 밝고 세련된 분위기는 아늑한 데이트 장소로 안성맞춤입니다. 다양한 파스타와 디너 메뉴는 물론, 풍성한 와인 리스트를 갖추고 있어 파스타와 와인을 모두 즐기고자 하는 분들에게 인기 있는 장소입니다."
blueribbon,오통영,서울특별시 용산구 이촌로 300,Seoul,South Korea,RIBBON_ONE,"한식(일반한식), 일반한식",,0507-1315-2377,,2026,,37.5178443505468,126.98032224591157,2026-02-17T22:29:33.775718+00:00,,,,오통영,서울특별시 용산구 이촌로 300,"Nestled in Ichon-dong, O-Tongyeong offers a taste of the coastal city of Tongyeong right in Seoul. This Michelin Bib Gourmand recipient is a popular spot, often drawing queues, and is conveniently located near attractions like the National Museum of Korea and Hangang Park. The interior is cozy, with tables close together, fostering a communal dining experience.

Signature dishes include the flavorful clam bibimbap (꼬막 비빔밥), featuring plump clams mixed with a savory sauce, and the spicy stir-fried octopus (낙지볶음) with its tender, chewy texture. For a unique option, try the mentaiko ochazuke (명란 차 밥), a comforting rice soup with savory cod roe, perfect for a lighter meal or when you crave something different.","이촌동에 자리한 오통영은 서울에서 통영의 맛을 그대로 느낄 수 있는 곳입니다. 미쉐린 가이드 빕 구르망에 선정된 이곳은 국립중앙박물관, 한강공원 등 주변 명소와 가까워 인기가 많으며, 종종 줄을 서서 기다려야 할 정도로 핫플레이스입니다. 아늑한 내부는 테이블 간 간격이 좁아 이웃과 함께 식사하는 듯한 정겨운 분위기를 자아냅니다.

이곳의 대표 메뉴로는 통통한 피조개를 맛깔스러운 양념과 비벼 먹는 꼬막 비빔밥과 부드러우면서도 쫄깃한 식감이 일품인 매콤한 낙지볶음이 있습니다. 특별한 메뉴를 원한다면, 짭짤한 명란이 올라간 오차즈케인 명란 차 밥을 맛보세요. 가볍게 즐기기 좋거나 색다른 음식이 당길 때 완벽한 선택이 될 것입니다."
blueribbon,오리지널시카고피자,서울특별시 마포구 독막로7길 51,Seoul,South Korea,RIBBON_ONE,"미국식, 미국식피자",,02-322-4636 ,,2026,,37.55007,126.9197,2026-02-17T22:29:33.775718+00:00,,,,오리지널시카고피자,서울특별시 마포구 독막로7길 51,"This Hongdae spot is a prime destination for a romantic date, boasting a bright and stylish interior with great views, perfect for enjoying a casual meal. The terrace seating is especially appealing for warmer days, ideal for pairing pizza with a refreshing beer. Don't miss their signature Chicago-style pizzas, piled high with gooey cheese and featuring fresh ingredients, with the Classic Tomato pizza loaded with mushrooms and pepperoni being a standout choice. The BBQ Fries, topped with beef, tomatoes, and sour cream, are also a highly recommended appetizer that pairs perfectly with their selection of beers, including Red Rock draft.","홍대의 이 매장은 로맨틱한 데이트를 위한 최고의 장소로, 훌륭한 전망을 갖춘 밝고 세련된 인테리어를 자랑하며 캐주얼한 식사를 즐기기에 완벽합니다. 특히 테라스 좌석은 따뜻한 날씨에 더욱 매력적이며, 피자와 시원한 맥주를 곁들이기에 이상적입니다. 듬뿍 올라간 치즈와 신선한 재료가 돋보이는 시그니처 시카고 피자를 놓치지 마세요. 특히 버섯과 페퍼로니가 듬뿍 들어간 클래식 토마토 피자는 단연 인기 메뉴입니다. 소고기, 토마토, 사워 크림이 올라간 바베큐 프라이즈도 강력 추천하는 애피타이저로, 레드락 생맥주를 포함한 다양한 맥주와 환상적인 궁합을 자랑합니다."
blueribbon,우동가조쿠,서울특별시 성동구 왕십리로 215-1,Seoul,South Korea,RIBBON_ONE,"일식, 일식우동",,0507-1406-2177,,2026,,37.556728,127.042893,2026-02-17T22:29:33.775718+00:00,,,,우동가조쿠,서울특별시 성동구 왕십리로 215-1,"This popular udon spot in Seongsu-dong is a must-visit for noodle lovers. Be prepared for a wait, as they operate on a first-come, first-served basis with no reservations, and all members of your party must be present to be seated. The menu offers a wide variety of hot and cold udon dishes, as well as donburi. While the exact signature dish is debated, the 'Yukyuk Udon' (육육우동) is a popular choice for those seeking a spicy kick, and sides like the 'Yubu Chobap' (유부초밥) and 'Gamja Goroke' (감자고로케) are highly recommended to complement your meal.","성수동의 인기 우동 맛집으로, 면 요리 애호가라면 꼭 방문해야 할 곳입니다. 예약 없이 선착순으로 운영되며, 일행 모두가 도착해야 착석이 가능하니 기다릴 준비를 하세요. 메뉴는 따뜻한 우동, 차가운 우동, 덮밥 등 다양하게 준비되어 있습니다. 시그니처 메뉴에 대한 의견은 분분하지만, 얼큰한 맛을 찾는다면 '육육우동'이 인기 있으며, 식사와 함께 곁들이기 좋은 '유부초밥'과 '감자고로케'도 강력 추천합니다."
blueribbon,오향만두,서울특별시 서대문구 연희맛로 22,Seoul,South Korea,RIBBON_ONE,"중식, 중국만두, 일반중식",,02-323-3749,,2026,,37.5669,126.9301,2026-02-17T22:29:33.775718+00:00,,,,오향만두,서울특별시 서대문구 연희맛로 22,"This bustling spot is a local favorite, often packed with diners, offering a lively atmosphere perfect for enjoying classic Chinese-Korean fare. The star of the show is their dumplings, with both the steamed (jjin-mandu, 찐만두) and pan-fried (gun-mandu, 군만두) versions receiving high praise for their tender, chewy texture and savory, well-seasoned filling. Don't miss the tangsuyuk (탕수육), a generous portion of crispy-yet-chewy fried pork with a distinctively tangy and sweet sauce reminiscent of old-school recipes.","이 활기찬 맛집은 현지인들이 즐겨 찾는 곳으로, 늘 손님들로 붐비며 고전적인 중화요리를 즐기기에 완벽한 활기찬 분위기를 선사합니다. 이곳의 하이라이트는 단연 만두인데, 찐만두와 군만두 모두 부드럽고 쫄깃한 식감과 감칠맛 나는 속으로 높은 찬사를 받고 있습니다. 옛날 레시피를 떠올리게 하는 독특하고 새콤달콤한 소스와 함께 푸짐하게 제공되는 탕수육도 놓치지 마세요."
blueribbon,우마이도,서울특별시 광진구 능동로 135-2,Seoul,South Korea,RIBBON_ONE,"일식, 라멘",,02-467-8788 ,,2026,,37.54295,127.0718,2026-02-17T22:29:33.775718+00:00,,,,우마이도,서울특별시 광진구 능동로 135-2,"A long-standing ramen institution since 2007, Umaydo (우마이도) is a popular spot near Konkuk University Station, often bustling with students. The vibe is casual and efficient, with ordering done via kiosk before entering. Their signature dish, the Shiro-maru ramen (시로마루 라멘), is noted for its rich tonkotsu (돈코츠) broth, with customizable noodle firmness. Reviewers rave about the tender chashu (차슈) and the satisfying depth of flavor, making it a must-try for ramen enthusiasts.","2007년부터 이어져 온 우마이도(우마이도)는 건대입구역 근처에 위치한 라멘 맛집으로, 학생들로 붐비는 활기찬 분위기를 자랑합니다. 키오스크로 주문하는 효율적인 시스템과 캐주얼한 분위기가 특징입니다. 시그니처 메뉴인 시로마루 라멘(시로마루 라멘)은 진한 돈코츠(돈코츠) 육수와 원하는 면의 익힘 정도를 선택할 수 있어 인기가 많습니다. 부드러운 차슈(차슈)와 깊은 국물 맛에 대한 찬사가 이어지며, 라멘 애호가라면 꼭 맛봐야 할 곳입니다."
blueribbon,우성갈비,서울특별시 중구 동호로7길 13,Seoul,South Korea,RIBBON_ONE,"한식(육류), 돼지갈비",,02-2231-6722 ,,2026,,37.55320433277618,127.01116761232842,2026-02-17T22:29:33.775718+00:00,,,,우성갈비,서울특별시 중구 동호로7길 13,"Step into a classic Seoul eatery with a no-frills, old-school vibe, perfect for a casual night out. The star of the show is their signature marinated pork ribs (dwaeji galbi, 돼지갈비), which are expertly pre-grilled over charcoal before hitting your table. The marinade is subtly seasoned, allowing the tender, springy texture of the meat to shine through. Enjoy this with a refreshing side of spicy, crunchy chives (buchu muchim, 부추무침) for a truly satisfying meal.","오래된 노포의 정겨운 분위기 속에서 편안하게 즐길 수 있는 곳입니다. 이곳의 대표 메뉴인 돼지갈비는 숯불에 초벌 되어 나오는데, 너무 진하지 않은 양념과 탱탱한 육질의 조화가 일품입니다. 곁들여 나오는 아삭한 부추무침과 함께 먹으면 더욱 풍성한 맛을 느낄 수 있습니다."
blueribbon,우리밀국시,서울특별시 성북구 혜화로 84-2,Seoul,South Korea,RIBBON_ONE,"한식(면류), 칼국수",,02-745-3764 ,,2026,,37.59267,126.9984,2026-02-17T22:29:33.775718+00:00,,,,우리밀국시,서울특별시 성북구 혜화로 84-2,"Nestled in the charming Seongbuk-dong, Uri Mil Guksu offers a cozy dining experience with both traditional floor seating and standard tables. The restaurant boasts an impressive thirteen Blue Ribbon awards, hinting at its culinary excellence. Their signature dish, Guksu (국시), features incredibly soft, thin noodles that soak up a rich, savory beef broth. While the noodles might lack the chewiness some prefer, their melt-in-your-mouth texture is perfect for those seeking a delicate and comforting meal.","매력적인 성북동에 자리한 우리밀국시는 편안한 좌식과 입식 좌석을 모두 갖춘 아늑한 식사 공간을 제공합니다. 13개의 블루리본 수상 경력은 이곳의 뛰어난 요리 실력을 짐작하게 합니다. 이곳의 대표 메뉴인 국시(국시)는 풍부하고 고소한 소고기 육수를 머금은 놀랍도록 부드럽고 얇은 면발이 특징입니다. 면발이 쫄깃한 식감을 선호하는 분들에게는 아쉬울 수 있지만, 입안에서 사르르 녹는 듯한 식감은 섬세하고 편안한 식사를 찾는 분들에게 완벽합니다."
blueribbon,AL'AISE,서울특별시 용산구 독서당로 89,Seoul,South Korea,RIBBON_ONE,프랑스식,,070-8868-1686,,2026,,37.5347647400939,127.01027850691,2026-02-17T22:29:33.775718+00:00,,,,알레즈,서울특별시 용산구 독서당로 89,"Nestled in a serene, forest-like ambiance, AL'AISE offers a refined French dining experience that celebrates the freshest seasonal ingredients sourced locally in Korea. The restaurant lives up to its name, 'a l'aise,' meaning comfort, by presenting familiar flavors in an approachable yet sophisticated manner. Expect meticulously crafted dishes, from delicate amuse-bouches like the fried chicken mousse to expertly prepared mains such as the crispy-skinned mackerel (samchi, 삼치) with chewy barley, and the succulent Korean beef striploin (hanu chaekkeut, 한우 채끝) or flavorful duck (ori, 오리). Each course is a testament to the chef's skill in highlighting the natural essence of the ingredients, making it a perfect spot for special occasions or a tranquil escape.","AL'AISE는 한국에서 나는 신선한 제철 식재료를 활용하여 편안하면서도 세련된 프랑스 요리를 선보이는 파인 다이닝 레스토랑입니다. 마치 도심 속 작은 숲에 온 듯한 아늑한 분위기 속에서, 'a l'aise'라는 이름처럼 재료 본연의 맛을 자연스럽게 살린 요리들을 경험할 수 있습니다. 겉바속촉 삼치와 톡톡 씹히는 보리, 추가 요금을 내고 맛볼 가치가 있는 한우 채끝 스테이크, 그리고 풍미 가득한 오리 요리 등 섬세하게 조리된 메인 요리까지, 모든 코스는 재료의 본질을 강조하는 셰프의 솜씨를 보여줍니다. 특별한 날을 기념하거나 조용하고 평화로운 시간을 보내고 싶을 때 완벽한 장소입니다."
blueribbon,ART SPACE WOOWOL,서울특별시 마포구 와우산로29가길 84,Seoul,South Korea,RIBBON_ONE,"한식(육류), 한우오마카세",,0507-1465-1516,,2026,,37.5538350029778,126.924885862587,2026-02-17T22:29:33.775718+00:00,,,,아트스페이스우월,서울특별시 마포구 와우산로29가길 84,"Step into ArtSpace Woowol, a sophisticated hanwoo (한우) omakase restaurant tucked away in a quiet alley near Hongdae. The ambiance feels like an art gallery, with striking pieces adorning the walls and all seating at a bar overlooking a grill, perfect for an intimate date or a special occasion. It's an ideal spot for solo diners seeking a delicious meal in a comfortable setting.

The star of the show is the premium 1++ grade Korean beef, expertly grilled over charcoal right at your table. Beyond the exquisite grilled cuts, the omakase experience features creative dishes centered around hanwoo (한우), offering a unique culinary journey. For wine lovers, there's a complimentary corkage on one bottle of red or white wine per table.","홍대 인근 조용한 골목에 자리한 세련된 한우 오마카세 전문점, 아트스페이스 우월을 만나보세요. 마치 갤러리에 온 듯한 고급스러운 분위기와 테이블마다 준비된 화로에서 직접 구워지는 한우를 감상하는 재미가 있습니다. 특별한 날은 물론, 혼자 방문해도 전혀 어색함 없는 바 테이블 좌석은 편안한 식사를 선사합니다.

최상급 1++ 등급의 한우를 직화로 즐길 수 있는 것이 이곳의 가장 큰 매력입니다. 단순히 구이뿐만 아니라, 한우를 기반으로 한 창의적인 요리들이 오마카세 코스를 풍성하게 채웁니다. 와인 애호가들을 위해 팀당 1병의 레드 또는 화이트 와인 콜키지 프리 혜택도 제공됩니다."
blueribbon,안주마을,서울특별시 종로구 자하문로1길 3,Seoul,South Korea,RIBBON_ONE,한식주점,,02-723-3529 ,,2026,,37.5764581852171,126.9721721367,2026-02-17T22:29:33.775718+00:00,,,,안주마을,서울특별시 종로구 자하문로1길 3,"Nestled in the charming Seochon area near Gyeongbokgung Station, Anju Village (안주마을) is a highly sought-after spot known for its incredible food and lively atmosphere. Be prepared for a wait, as this popular eatery often has a queue, especially for its coveted lunch slots. Once seated, dive into their must-try dishes like the exceptionally rich and fatty Southern Sea Bullet Squid Sashimi (남해 총알 한치회), which reviewers rave about. Other highlights include the savory Yeosu Minari and Clam Meat Pancake (여수 미나리 바지락살 전) and the flavorful Herring Roe with Tofu (청어알젓과 두부).","경복궁역 근처의 매력적인 서촌에 자리한 안주마을은 훌륭한 음식과 활기찬 분위기로 유명한 인기 명소입니다. 특히 점심 시간에는 긴 대기 줄이 늘어설 수 있으니, 기다릴 준비를 하시는 것이 좋습니다. 자리에 앉으면, 리뷰어들이 극찬하는 매우 풍부하고 기름진 남해 총알 한치회와 같은 꼭 맛봐야 할 메뉴에 빠져보세요. 또한 맛있는 여수 미나리 바지락살 전과 감칠맛 나는 청어알젓과 두부도 놓칠 수 없는 하이라이트입니다."
blueribbon,애성회관,서울특별시 중구 남대문로5길 23,Seoul,South Korea,RIBBON_ONE,"한식(탕/국/찌개/전골), 곰탕, 한식(육류), 수육",,02-352-0303,,2026,,37.5624,126.9789,2026-02-17T22:29:33.775718+00:00,,,,애성회관,서울특별시 중구 남대문로5길 23,"This spot, famously praised by Yoo Jae-suk on the show 'Teummannamyeon', offers a classic, old-school vibe reminiscent of a long-standing neighborhood eatery. Specializing in premium Korean beef (hanwoo, 한우), their signature dish is the clear broth beef soup, hanwoo gomtang (한우곰탕). They pride themselves on using only the highest grade of Korean beef, even offering a tenfold refund if their claim isn't met. The menu also features other Korean favorites like suyuk (수육) and nakji bokkeum (낙지볶음).","유재석이 '틈만나면'에서 극찬하며 유명해진 이 곳은 오래된 동네 맛집 같은 고풍스러운 분위기를 자랑합니다. 최고급 한우(hanwoo, 한우)를 전문으로 하며, 시그니처 메뉴는 맑은 국물의 한우곰탕(hanwoo gomtang, 한우곰탕)입니다. 최상급 한우만을 사용한다는 자부심으로, 이에 미치지 못할 경우 10배 환불을 약속할 정도입니다. 메뉴에는 수육(suyuk, 수육)과 낙지볶음(nakji bokkeum, 낙지볶음) 등 다른 인기 한식 메뉴도 준비되어 있습니다."
blueribbon,Artisan Bakers,서울특별시 용산구 한남대로18길 26,Seoul,South Korea,RIBBON_ONE,베이커리,,02-749-3426 ,,2026,,37.53454304398228,127.00865308193832,2026-02-17T22:29:33.775718+00:00,,,,아티장베이커스,서울특별시 용산구 한남대로18길 26,"Escape the desert heat and step into a lush, indoor garden oasis at Artisan Bakers. This popular spot, a true 'hot place' in Dubai, offers a refreshing respite with its cool, green ambiance. Indulge in a delightful array of freshly baked goods, from decadent cakes to a wide selection of breads, all beautifully presented with fresh fruit. Don't miss exploring their separate, chilled cheese and charcuterie room for a unique sensory experience.","사막의 열기를 피해 시원한 실내 정원 오아시스 같은 Artisan Bakers로 들어서세요. 두바이의 인기 명소인 이곳은 푸른 녹음이 우거진 시원한 분위기 속에서 상쾌한 휴식을 선사합니다. 신선한 과일로 아름답게 장식된 맛있는 케이크부터 다양한 종류의 빵까지, 신선하게 구워낸 다채로운 베이커리 메뉴를 즐겨보세요. 독특한 경험을 위해 별도로 마련된 차가운 치즈와 샤퀴테리 룸도 꼭 둘러보시길 바랍니다."
blueribbon,N Grill,서울특별시 용산구 남산공원길 105,Seoul,South Korea,RIBBON_ONE,프랑스식,,02-3455-9297 ,,2026,,37.55193,126.9884,2026-02-17T22:29:33.775718+00:00,,,,엔그릴,서울특별시 용산구 남산공원길 105,"Perched atop N Seoul Tower, N Grill offers a truly elevated dining experience with breathtaking panoramic views of Seoul. This revolving restaurant provides a romantic ambiance, making it a classic spot for special occasions and proposals, as evidenced by the ""Would you marry me?"" messages often seen on its windows. Guests can savor a multi-course tasting menu, with highlights like the tender Hanwoo (한우) sirloin and refreshing seasonal amuse-bouches, all while watching the cityscape transform from day to night.","N서울타워 최상층에 자리한 N그릴은 서울의 숨 막히는 파노라마 전망과 함께 진정으로 특별한 식사 경험을 선사합니다. 회전하는 레스토랑은 로맨틱한 분위기를 자아내며, 창문에 자주 보이는 ""Would you marry me?"" 메시지에서 알 수 있듯이 특별한 날과 프로포즈 장소로 꾸준히 사랑받고 있습니다. 방문객들은 부드러운 한우 채끝 등심과 신선한 제철 아뮤즈 부쉬를 비롯한 코스 메뉴를 맛보며, 도시의 풍경이 낮에서 밤으로 변하는 모습을 감상할 수 있습니다."
blueribbon,영덕회식당,서울특별시 중구 창경궁로1길 6,Seoul,South Korea,RIBBON_ONE,"한식(어패류), 생선회, 물회, 과메기",,02-2267-0942,,2026,,37.562918,126.997997,2026-02-17T22:29:33.775718+00:00,,,,영덕회식당,서울특별시 중구 창경궁로1길 6,"A 40-year veteran in Chungmuro, Yeongdeok Hoesikdang is renowned as the originator of makhoe (막회) in Seoul, a dish where fresh sashimi is mixed with vegetables and a special spicy-sweet gochujang sauce. While makhoe is a year-round favorite, winter brings the highly anticipated gwamegi (과메기), a delicacy of dried herring. The restaurant's signature gochujang sauce, infused with scallions, sesame, garlic, and chili, is the secret ingredient that elevates both dishes, offering a refreshing and addictive kick. Don't miss the comforting bean sprout soup and the option to mix leftover makhoe with rice and freshly pressed sesame oil for a satisfying finish.","충무로에서 40년 역사를 자랑하는 영덕회식당은 신선한 회와 채소를 특제 고추장 양념에 비벼 먹는 서울식 막회의 원조격인 곳입니다. 막회는 사계절 내내 즐길 수 있지만, 겨울에는 별미인 과메기가 기다리고 있습니다. 파, 깨, 마늘, 고추를 넣어 만든 특제 고추장 양념은 막회와 과메기의 맛을 한층 끌어올리는 비법으로, 상큼하면서도 중독성 있는 맛을 선사합니다. 든든한 콩나물국과 함께, 남은 막회에 밥과 직접 짠 참기름을 비벼 먹는 마무리도 놓치지 마세요."
blueribbon,Everest,서울특별시 종로구 종로51가길 2-1,Seoul,South Korea,RIBBON_ONE,"아시아식, 네팔식",,02-766-8850 ,,2026,,37.57257,127.0125,2026-02-17T22:29:33.775718+00:00,,,,에베레스트,서울특별시 종로구 종로51가길 2-1,"Everest Yangjae is a bustling Nepalese and Indian curry house, popular with locals and colleagues alike. The interior is spacious with plenty of tables for groups, and the open kitchen is run by a friendly local couple. The lunch set is a great value, featuring three different curries, rice, naan, tandoori chicken, and a refreshing lassi (라씨). It's a fantastic spot to explore a variety of authentic flavors.","에베레스트 양재점은 현지인과 직장 동료들에게 사랑받는 네팔 및 인도 커리 전문점입니다. 내부는 넓고 단체석이 많으며, 현지 부부가 운영하는 오픈 키친이 특징입니다. 런치 세트는 세 가지 커리, 밥, 난, 탄두리 치킨, 그리고 상큼한 라씨(lassi)까지 알찬 구성으로 가성비가 좋습니다. 다양한 정통 커리 맛을 즐기기에 완벽한 장소입니다."
blueribbon,SUSHIKASE,서울특별시 중구 남대문로 81,Seoul,South Korea,RIBBON_ONE,"일식, 회전스시",,0507-1351-9260,,2026,,37.5647299033135,126.981730421825,2026-02-17T22:29:33.775718+00:00,,,,스시카세(롯데백화점본점),서울특별시 중구 남대문로 81,"Step into a world of elevated conveyor belt sushi at SUSHIKASE, located in the bustling basement food court of Lotte Department Store in Myeongdong. This spot offers a sophisticated dining experience, perfect for a delightful treat. The star of the show is the luxurious gold plate featuring beef tartare (yukhoe, 육회) topped with salmon, a truly decadent combination. Another standout is the uni (sea urchin, 성게알) wrapped in gamtae (감태), elevated by a hint of truffle for an aromatic finish.","명동 롯데백화점 지하 식당가에 위치한 스시카세에서 한 차원 높은 회전초밥의 세계를 경험해 보세요. 이곳은 고급스러운 식사를 즐기기에 완벽한 장소입니다. 하이라이트는 연어와 육회(육회)가 올라간 고급스러운 골드 접시로, 정말 사치스러운 조합입니다. 또 다른 인기 메뉴는 감태(감태)로 감싼 성게알(성게알)로, 트러플 향이 더해져 풍미 가득한 마무리입니다."
blueribbon,Sailer ,서울특별시 용산구 서빙고로 17,Seoul,South Korea,RIBBON_ONE,"베이커리, 디저트/스위트, 디저트전문점, 샌드위치",,02-749-1914,,2026,,37.5269056148241,126.966566172294,2026-02-17T22:29:33.775718+00:00,,,,싸일러용산,서울특별시 용산구 서빙고로 17,"Step into Sailer (싸일러) and feel like you've been transported to a charming Austrian bakery, right in the heart of Yongsan. This popular spot buzzes with locals from early morning, offering a unique European-style experience with its art-adorned walls and a delightful array of pastries. While the sandwiches look tempting, many patrons rave about the comforting soups, perfect for dipping into their freshly baked bread.","신용산역 근처에 위치한 싸일러(Sailer)는 마치 유럽의 한적한 빵집에 온 듯한 이국적인 분위기를 선사합니다. 이른 아침부터 현지인들로 북적이는 이곳은 예술 작품으로 장식된 공간과 다채로운 유럽식 페이스트리로 특별한 경험을 제공합니다. 샌드위치도 맛있어 보이지만, 많은 손님들이 갓 구운 빵을 찍어 먹기 좋은 따뜻한 스프를 추천합니다."
blueribbon,수유갈비산성골,서울특별시 강북구 덕릉로 126,Seoul,South Korea,RIBBON_ONE,"한식(육류), 소고기구이, 돼지갈비",,0507-1414-7341,,2026,,37.634719,127.027637,2026-02-17T22:29:33.775718+00:00,,,,수유갈비산성골,서울특별시 강북구 덕릉로 126,"This beloved local spot, a fixture in the Suyu area for over 30 years, is renowned for its exceptional value and authentic Korean barbecue. They specialize in prime cuts of pork, meticulously aged for 345 hours to achieve peak flavor and tenderness. The signature dish is the '345 Saeng-Dwaeji Galbi' (345 생돼지갈비), made from the most desirable ribs (3rd to 5th bone), offering a truly superior texture and taste. The restaurant boasts a unique, patented 'Tongdori' (통돌이) system that pre-grills the meat to perfection, allowing diners to relax and enjoy their meal without the hassle of cooking.","30년 넘게 수유 지역을 지켜온 현지인 추천 맛집으로, 뛰어난 가성비와 정통 한국식 바비큐를 자랑합니다. 이곳의 시그니처 메뉴는 가장 맛있는 갈비 부위(3번부터 5번 뼈)만을 엄선하여 345시간 동안 저온 숙성시킨 '345 생돼지갈비'로, 최상의 풍미와 부드러움을 선사합니다. 또한, 특허받은 '통돌이' 초벌 시스템을 통해 고기를 완벽하게 구워 제공하므로, 손님들은 직접 굽는 번거로움 없이 편안하게 식사를 즐길 수 있습니다."
blueribbon,수정궁,서울특별시 도봉구 방학로 173,Seoul,South Korea,RIBBON_ONE,"중식, 중국만두, 일반중식",,02-3491-0440 ,,2026,,37.66209,127.0329,2026-02-17T22:29:33.775718+00:00,,,,수정궁,서울특별시 도봉구 방학로 173,"Step into Sujeong Gung (수정궁), a beloved dumpling haven in Dobong-gu that has been serving locals since 1988. This no-frills eatery, often bustling with long-time patrons and even those who travel from afar, offers a focused menu that truly lets the dumplings shine. Expect a cozy, intimate setting, and be prepared for a potential wait during peak hours, a testament to its enduring popularity. It's a place where the simple act of enjoying a perfectly crafted dumpling is the main event.","1988년부터 자리를 지켜온 도봉구의 만두 명가 수정궁(수정궁)에 오신 것을 환영합니다. 이곳은 오랜 단골들과 멀리서 찾아오는 손님들로 늘 붐비는 소박한 맛집으로, 만두 본연의 맛에 집중한 메뉴를 선보입니다. 아늑하고 정겨운 분위기 속에서, 피크 타임에는 웨이팅이 있을 수 있으니 참고하세요. 완벽하게 빚어진 만두 한 점을 즐기는 단순한 행위가 최고의 경험이 되는 곳입니다."
blueribbon,서촌프렌치,서울특별시 종로구 옥인길 18,Seoul,South Korea,RIBBON_ONE,"프랑스식, 프랑스가정식",,0507-1398-2297,,2026,,37.5806661015476,126.967595466794,2026-02-17T22:29:33.775718+00:00,,,,서촌프렌치,서울특별시 종로구 옥인길 18,"Nestled in a quiet Seochon alley, Moulin offers an immersive French dining experience with its distinctive dark exterior and antique interior. The walls are adorned with the chef's personal collection of pepper mills, adding a unique visual flair. Chef Yoon Yerang masterfully blends seasonal Korean ingredients with classic French techniques, evident in dishes like the eel p Tiet (장어 피티비에) and octopus salad. The tasting menu, featuring nine courses, showcases a thoughtful balance of delicate and bold flavors, making it a memorable culinary journey.",서촌의 한적한 골목에 자리한 물랑은 독특한 짙은 외관과 앤틱한 인테리어로 몰입감 넘치는 프랑스식 다이닝 경험을 선사합니다. 셰프가 수집한 후추통 컬렉션으로 장식된 벽면은 독특한 시각적 재미를 더합니다. 윤예랑 셰프는 장어 피티비에(eel p Tiet)와 낙지 샐러드와 같은 요리에서 계절감을 살린 한국 식재료와 클래식한 프랑스 기법을 능숙하게 조화시킵니다. 아홉 가지 코스로 구성된 테이스팅 메뉴는 섬세함과 대담함의 균형 잡힌 맛을 선보이며 기억에 남는 미식 여행을 선사합니다.
blueribbon,CHEF. JUNGHYUN,서울특별시 용산구 한강대로40길 14,Seoul,South Korea,RIBBON_ONE,"한식(육류), 양고기",,010-8361-1292,,2026,,37.5301466215658,126.969969527032,2026-02-17T22:29:33.775718+00:00,,,,셰프정현,서울특별시 용산구 한강대로40길 14,"Nestled in a quiet corner of NoMad, New York, Atomix is a culinary gem that reinterprets Korean flavors with sophisticated artistry. This intimate, 14-seat counter dining experience offers a journey through Korean cuisine, where each of the 12 courses in the tasting menu is a meticulously crafted work of art. Chef Junghyun Park masterfully blends traditional Korean techniques like fermentation and the use of seasonal ingredients with a modern, avant-garde approach, creating dishes that are both deeply flavorful and visually stunning, often highlighting the delicate essence of seafood and the elegance of Korean culinary traditions.","뉴욕 노마드 지역의 조용한 거리에 자리한 아토믹스(Atomix)는 한국의 맛을 세련되게 재해석한 미식의 보석입니다. 14석 규모의 아늑한 카운터 다이닝 공간에서 펼쳐지는 이곳은, 12코스 테이스팅 메뉴를 통해 한국 요리의 정수를 경험하게 합니다. 박정현 셰프는 발효, 장류, 제철 재료 등 한국 전통의 기술을 현대적인 감각으로 섬세하게 풀어내며, 해산물의 감칠맛과 한국적인 우아함을 담은 요리들을 선보입니다. 각 코스는 마치 예술 작품처럼 완벽한 균형과 놀라운 창의성을 자랑하며, 깊이 있는 전통의 맛을 현대적인 미식 언어로 풀어냅니다."
blueribbon,SECOND COFFEE,서울특별시 종로구 율곡로10길 16,Seoul,South Korea,RIBBON_ONE,"카페/커피/티, 커피전문점",,070-8226-0012,,2026,,37.5767802454922,126.990885361301,2026-02-17T22:29:33.775718+00:00,,,,세컨드커피,서울특별시 종로구 율곡로10길 16,"Tucked away in a neighborhood brimming with cafes, Second Coffee stands out for its truly exceptional coffee. Reviewers rave about their latte, calling it one of the best they've had in Seoul. The cafe boasts a sophisticated and stylish interior with warm, woody tones and subtle lighting, creating a comfortable atmosphere. Its convenient location near Seosunra-gil and Changdeokgung Palace makes it an ideal spot to relax and recharge.","카페가 즐비한 동네에 자리한 세컨드 커피는 정말 뛰어난 커피 맛으로 단연 돋보입니다. 방문객들은 서울에서 마셔본 라떼 중 최고라고 극찬하며, 그 완성도에 감탄했습니다. 세련되고 고급스러운 인테리어는 은은한 우드톤과 조명이 어우러져 편안한 분위기를 자아냅니다. 서순라길과 창덕궁 근처에 있어 접근성이 좋으며, 휴식을 취하기에 완벽한 장소입니다."
blueribbon,수락이오냉면,서울특별시 노원구 동일로237다길 7,Seoul,South Korea,RIBBON_ONE,"한식(면류), 물냉면, 비빔냉면, 만두",,02-935-2515,,2026,,37.6739162617427,127.052583116043,2026-02-17T22:29:33.775718+00:00,,,,수락이오냉면,서울특별시 노원구 동일로237다길 7,"A beloved local spot near Suraksan Station, Surak Io Naengmyeon has transformed from a nostalgic childhood haunt into a modern, bustling eatery. While the interior has been significantly updated, the heart of the restaurant remains its dedication to delicious, meticulously prepared dishes. Expect a short wait, as this popular establishment often has a queue, but the efficient service and the promise of flavorful naengmyeon (냉면) make it worthwhile. The menu has expanded, offering a variety of creative options alongside their classic offerings.","수락산역 근처의 추억이 깃든 동네 명소, 수락이오냉면은 어린 시절의 향수를 불러일으키는 곳에서 현대적이고 활기찬 식당으로 변모했습니다. 내부는 많이 바뀌었지만, 식당의 핵심은 여전히 맛있고 정성껏 준비된 요리에 대한 헌신입니다. 이 인기 있는 식당은 종종 줄을 서야 하지만, 효율적인 서비스와 맛있는 냉면(naengmyeon)의 약속은 기다릴 가치가 있습니다. 메뉴는 클래식한 메뉴와 함께 다양한 창의적인 옵션을 제공하도록 확장되었습니다."
blueribbon,Chef Tainer,서울특별시 용산구 이태원로27길 101,Seoul,South Korea,RIBBON_ONE,이탈리아식,,02-794-9172,,2026,,37.53770396153799,126.99491293167496,2026-02-17T22:29:33.775718+00:00,,,,셰프테이너,서울특별시 용산구 이태원로27길 101,"Chef Tainer offers a sophisticated fine dining experience in the heart of Itaewon, perfect for special occasions. While the uphill walk from the station might be a bit of a climb, the restaurant's elegant interior, with options for private rooms, and the attentive service create a luxurious atmosphere. The 8-course dinner, featuring dishes like squid ink risotto arancini and a refreshing abalone timbale, showcases the chef's skill and attention to presentation, making it a memorable culinary journey.","셰프테이너는 이태원 중심부에서 특별한 날에 완벽한 고급 파인 다이닝 경험을 선사합니다. 역에서 언덕길을 올라와야 하는 수고로움이 있지만, 고급스러운 인테리어와 프라이빗 룸 옵션, 세심한 서비스는 럭셔리한 분위기를 자아냅니다. 오징어 먹물 리조또 아란치니와 상큼한 전복 팀발 같은 요리를 포함한 8코스 디너는 셰프의 기술과 섬세한 플레이팅을 선보이며 기억에 남는 미식 여행을 선사합니다."
blueribbon,성수속향연,서울특별시 성동구 성수이로 65,Seoul,South Korea,RIBBON_ONE,"중식, 일반중식",,02-463-0753,,2026,,37.540974299543926,127.05544422259796,2026-02-17T22:29:33.775718+00:00,,,,성수속향연,서울특별시 성동구 성수이로 65,"Step into Seongsu Sokhyangyeon and be greeted by a surprisingly modern and chic ambiance, a stark contrast to its unassuming exterior. This popular spot, often chosen over pasta joints, buzzes with a diverse crowd of office workers, couples, and families, hinting at its widespread appeal. Start your culinary journey with refreshing jasmine tea and a trio of crisp side dishes, including a delightful pickled cabbage that cuts through richness perfectly. 

The signature dishes are where Seongsu Sokhyangyeon truly shines. The Hyangyeon Buchu Haemul Jjamppong (향연 부추 해물 짬뽕) boasts a deep, flavorful broth brimming with fresh seafood and a generous amount of chives (buchu), offering a complex taste that's both spicy and savory without being heavy. Equally impressive is the Hyangyeon Jjajangmyeon (향연 짜장면), a unique take on the classic. Made with natural moisture from vegetables and meat, the sauce is rich, velvety, and clings beautifully to the perfectly chewy noodles, delivering a satisfying flavor that never becomes monotonous.","성수속향연은 겉보기와는 달리 세련되고 현대적인 분위기를 자랑하는 곳입니다. 파스타 맛집 대신 선택하는 중식당으로 입소문이 나 있으며, 직장인, 커플, 가족 단위 손님 등 다양한 손님들로 늘 붐빕니다. 산뜻한 자스민차와 함께 짜사이, 단무지, 그리고 느끼함을 잡아주는 아삭한 양배추 피클로 입맛을 돋우며 식사를 시작해 보세요.

이곳의 시그니처 메뉴는 단연 돋보입니다. '향연 부추 해물 짬뽕'은 신선한 해물과 부추가 듬뿍 들어간 진하고 깊은 국물이 특징입니다. 매콤하면서도 감칠맛 나는 국물은 느끼함 없이 깔끔하게 마무리되며, 탱글탱글한 면발과 해물의 조화가 일품입니다. '향연 짜장면' 역시 특별합니다. 야채와 고기에서 나온 수분으로만 볶아낸 소스는 텁텁함 없이 묵직하고 부드러워 면에 착 감깁니다. 처음부터 끝까지 질리지 않는 고소함과 은은한 단맛의 조화가 인상적인 메뉴입니다."
blueribbon,송화산시도삭면,서울특별시 광진구 뚝섬로27길 48,Seoul,South Korea,RIBBON_ONE,"중식, 일반중식",,02-6052-7826,,2026,,37.53790518192312,127.06651676132604,2026-02-17T22:29:33.775718+00:00,,,,송화산시도삭면,서울특별시 광진구 뚝섬로27길 48,"Step into Songhwa Shanxi Daodao Noodles (송화산시도삭면) 2nd branch in the vibrant Konkuk University area for a surprisingly modern and chic dining experience. Unlike typical Chinese restaurants, this spot boasts a clean, bright, and stylish interior, making it a comfortable place to relax and enjoy a meal or drinks. The highlight is watching the chefs skillfully shave the noodles directly from a dough ball into boiling water, a mesmerizing process that promises a unique culinary adventure.","건대입구역 근처의 활기찬 양꼬치 골목에서 발견한 송화산시도삭면 2호점은 놀랍도록 현대적이고 세련된 분위기를 자랑합니다. 일반적인 중식당과 달리 깔끔하고 밝으며 세련된 인테리어는 편안하게 식사나 술을 즐기기에 완벽한 공간을 선사합니다. 이곳의 하이라이트는 주방장이 반죽 덩어리에서 직접 면을 깎아 끓는 물에 떨어뜨리는 숙련된 기술을 눈앞에서 볼 수 있다는 점이며, 이는 독특한 미식 경험을 약속합니다."
blueribbon,성북동빵공장,서울특별시 성북구 대사관로 40,Seoul,South Korea,RIBBON_ONE,베이커리,,02-762-3450,,2026,,37.595858,126.988618,2026-02-17T22:29:33.775718+00:00,,,,성북동빵공장,서울특별시 성북구 대사관로 40,"Nestled in the scenic Seongbuk-dong, this bakery cafe is a must-visit for anyone embarking on a Seoul bread pilgrimage. It's a popular spot, especially after a stroll through nearby Waryong Park, offering a cozy ambiance perfect for enjoying a warm drink and a vast selection of baked goods. While the cafe boasts ample parking with valet service, be aware that some visitors have reported unfriendly parking attendants.

The star of the show is undoubtedly the incredible variety of breads and pastries. From delicate macarons and rich chocolate mousse cakes to the highly recommended Pandoro (팡도르), a light and airy 'bread of gold,' there's a delightful treat for every palate. The cafe also offers a range of coffee options, including unique blends, making it an ideal destination for a leisurely break.","서울 빵지순례의 필수 코스로 자리 잡은 이곳은 성북동의 아름다운 풍경 속에 자리하고 있습니다. 근처 와룡공원에서 산책 후 들르기 좋은 인기 명소로, 따뜻한 음료와 함께 다양한 베이커리를 즐기기에 완벽한 아늑한 분위기를 선사합니다. 발렛 파킹 서비스가 제공되는 넉넉한 주차 공간이 마련되어 있지만, 일부 방문객들은 주차 요원의 불친절함에 대해 언급하기도 했습니다.

이곳의 진정한 매력은 단연코 빵과 페이스트리의 놀라운 다양성에 있습니다. 섬세한 마카롱과 진한 초콜릿 무스 케이크부터, '황금의 빵'이라는 뜻처럼 입안에서 가볍게 녹아내리는 부드러움이 환상적인 추천 메뉴인 팡도르(Pandoro)까지, 모든 입맛을 만족시킬 즐거운 디저트가 준비되어 있습니다. 다양한 커피 메뉴와 특별한 블렌드 원두도 제공되어 여유로운 휴식을 취하기에 이상적인 장소입니다."
blueribbon,소바쿠,서울특별시 광진구 천호대로 650,Seoul,South Korea,RIBBON_ONE,"일식, 일식우동, 소바",,02-447-1470 ,,2026,,37.552697,127.088769,2026-02-17T22:29:33.775718+00:00,,,,소바쿠,서울특별시 광진구 천호대로 650,"This cozy spot near Achasan Station is a popular destination, often with a queue, for delicious soba (소바) and udon (우동). The interior has an intimate, Japanese-inspired vibe with limited seating, contributing to its charm and sometimes longer wait times. They offer both cold and hot soba year-round, with udon joining the menu as a winter special from October to March.","아차산역 근처의 이 아늑한 맛집은 맛있는 소바와 우동을 즐기기 위해 늘 줄이 늘어서는 인기 있는 곳입니다. 내부는 아담하고 일본풍의 분위기를 풍기며, 좌석 수가 많지 않아 매력적이면서도 때로는 긴 대기 시간을 유발합니다. 이곳에서는 연중 내내 냉소바와 온소바를 맛볼 수 있으며, 10월부터 3월까지는 겨울 한정 메뉴로 우동이 추가됩니다."
blueribbon,center coffee,서울특별시 성동구 서울숲2길 28-11,Seoul,South Korea,RIBBON_ONE,"카페/커피/티, 커피전문점",,070-8868-2008,,2026,,37.546489,127.041653,2026-02-17T22:29:33.775718+00:00,,,,센터커피,서울특별시 성동구 서울숲2길 28-11,"Center Coffee is a minimalist haven for coffee purists, focusing on the essence of the bean from sourcing to brewing. Its calm and clean ambiance makes it an ideal spot for solo contemplation or a peaceful break. Whether you're seeking a meticulously crafted espresso or a refreshing cold brew, this cafe offers a moment of quiet indulgence amidst the bustling city.","센터커피는 원두 선택부터 로스팅, 추출까지 커피 본연의 맛에 집중하는 미니멀리스트들의 안식처입니다. 차분하고 정돈된 분위기는 혼자만의 사색이나 평화로운 휴식을 위한 이상적인 공간을 제공합니다. 세심하게 만들어진 에스프레소나 상쾌한 콜드 브루를 찾고 있다면, 이 카페는 분주한 도시 속에서 조용한 만족감을 선사할 것입니다."
blueribbon,소이연남,서울특별시 마포구 동교로 267,Seoul,South Korea,RIBBON_ONE,"아시아식, 태국식",,02-323-5130 ,,2026,,37.56349,126.9254,2026-02-17T22:29:33.775718+00:00,,,,소이연남,서울특별시 마포구 동교로 267,"This bustling Thai noodle shop, originating from Seoul's Yeonnam-dong, offers an authentic taste of Thailand right in the heart of the city. Be prepared for a wait, especially during weekday lunch, as this popular spot is known for its flavorful Thai beef noodle soup (소고기 쌀국수). The rich and deep broth is a must-try, and you can customize your experience with various condiments like fish sauce, sugar, chili powder, and chili vinegar.","서울 연남동에서 시작된 이 활기찬 태국 국수 전문점은 도시 중심부에서 태국의 진정한 맛을 선사합니다. 특히 평일 점심에는 웨이팅이 길 수 있으니, 깊고 풍부한 국물이 일품인 태국식 소고기 쌀국수(소고기 쌀국수)를 맛보기 위해 방문할 준비를 하세요. 피쉬 소스, 설탕, 고춧가루, 고추 식초 등 다양한 양념으로 취향에 맞게 국수를 즐길 수 있습니다."
blueribbon,서촌계단집,서울특별시 종로구 자하문로1길 15,Seoul,South Korea,RIBBON_ONE,"한식주점, 해물포차",,02-737-8412 ,,2026,,37.576407472395424,126.97147232183104,2026-02-17T22:29:33.775718+00:00,,,,서촌계단집,서울특별시 종로구 자하문로1길 15,"Nestled in a charming alley near Gyeongbokgung Station, Seochon Gyedan House (서촌계단집) is a bustling seafood haven that requires patience but rewards with fresh, delicious catches. Expect a wait, especially on weekends, as they only seat complete parties. Once inside, the atmosphere is lively and the menu, though sometimes limited by availability, offers gems like the sweet and savory Gizzard Shad (전어회) and incredibly tender Whole Steamed Squid (오징어 통찜). Don't miss the flavorful Seafood Ramyeon (해물라면), a perfect end to a satisfying meal.","경복궁역 근처 매력적인 골목에 자리한 서촌계단집은 신선하고 맛있는 해산물을 맛볼 수 있는 활기찬 맛집입니다. 모든 일행이 모여야 착석이 가능하며, 특히 주말에는 웨이팅이 길 수 있으니 인내심이 필요합니다. 일단 자리에 앉으면 활기찬 분위기 속에서 신선한 해산물을 즐길 수 있습니다. 메뉴는 품절될 수 있지만, 달콤하고 고소한 전어회와 부드러운 오징어 통찜은 꼭 맛봐야 할 메뉴입니다. 식사의 마무리는 감칠맛 나는 해물라면으로 완벽하게 장식하세요."
blueribbon,설가온,서울특별시 종로구 세종대로 175,Seoul,South Korea,RIBBON_ONE,"한식(일반한식), 한정식",,02-733-3276 ,,2026,,37.57262064091815,126.97572100551191,2026-02-17T22:29:33.775718+00:00,,,,설가온,서울특별시 종로구 세종대로 175,"Nestled in the Sejong Center for the Performing Arts, Seolgayon is a highly recommended destination for formal occasions, particularly family meetings (sanggyeonrye - 상견례). Its prime location near Gwanghwamun Station offers convenient access, even on rainy days. The restaurant boasts a traditional Korean hanok (한옥) ambiance with private rooms accommodating various group sizes, ensuring a quiet and intimate dining experience. Seolgayon is recognized for its elegant presentation and delicious cuisine, making it a top choice for special gatherings and impressing guests.","세종문화회관 지하에 위치한 설가온은 특히 가족 모임(상견례) 등 격식 있는 자리를 위한 최고의 장소로 추천됩니다. 광화문역과 가까워 비 오는 날에도 편리하게 방문할 수 있으며, 전통적인 한옥(한옥) 분위기와 다양한 규모의 인원을 수용할 수 있는 개별 룸은 조용하고 아늑한 식사 경험을 선사합니다. 설가온은 정갈한 음식과 아름다운 플레이팅으로 유명하며, 특별한 날을 기념하거나 귀한 손님을 대접하기에 안성맞춤입니다."
blueribbon,서부감자국,서울특별시 은평구 서오릉로 8,Seoul,South Korea,RIBBON_ONE,"한식(탕/국/찌개/전골), 감자탕",,02-356-4555 ,,2026,,37.602260750611,126.926933124828,2026-02-17T22:29:33.775718+00:00,,,,서부감자국,서울특별시 은평구 서오릉로 8,"This long-standing local gem in Eunpyeong-gu is a must-visit for its hearty gamjatang (감자탕). The signature Ugeoji Gamjatang (우거지 감자탕), featuring tender pork ribs and generous portions of dried napa cabbage, is a standout. The clear, flavorful broth is perfect for enjoying with a side of their famously delicious kimchi (김치) or for adding ramen noodles (라면사리) to create a richer stew. Don't leave without trying the flavorful fried rice (볶음밥), a perfect finish to this satisfying meal.",은평구의 오랜 로컬 맛집인 이곳은 푸짐한 감자탕으로 꼭 방문해야 할 곳입니다. 부드러운 돼지 등뼈와 풍성한 우거지가 특징인 시그니처 우거지 감자탕은 단연 돋보입니다. 맑고 깊은 국물은 맛있는 김치(김치)와 함께 즐기거나 라면사리(라면사리)를 넣어 더욱 진한 전골을 만들기에 완벽합니다. 만족스러운 식사를 완벽하게 마무리해 줄 맛있는 볶음밥(볶음밥)도 꼭 드셔보세요.
blueribbon,성산왕갈비,서울특별시 마포구 월드컵북로 233,Seoul,South Korea,RIBBON_ONE,"한식(육류), 돼지갈비",,02-306-2001,,2026,,37.569732651542,126.90313681206744,2026-02-17T22:29:33.775718+00:00,,,,성산왕갈비,서울특별시 마포구 월드컵북로 233,"Step into a Seoul institution where the owner, a distinguished gentleman with neatly swept white hair, personally grills your meat to perfection. This long-standing establishment, operating for over 25 years, is renowned for its exceptional saenggalbi (생갈비), or unmarinated ribs. The quality is so high that even the pork fat is a revelation, boasting an incredible texture and flavor. Complementing the star dish are meticulously prepared, 100% domestic side dishes, including a standout anchovy side dish (myeolchi-jorim, 멸치조림) and crisp lettuce, all designed to enhance the main event.",25년 넘게 자리를 지켜온 이곳은 백발의 사장님이 직접 고기를 구워주는 것으로 유명합니다. 특히 최상급 생갈비(saenggalbi)는 입에서 살살 녹는 돼지 비계의 환상적인 식감과 풍미로 잊을 수 없는 경험을 선사합니다. 엄선된 국내산 재료로 만든 김치와 멸치조림(myeolchi-jorim) 등 정갈한 밑반찬들은 메인 요리의 맛을 한층 더 끌어올립니다. 사장님의 세심한 손길로 구워지는 고기를 맛보면 왜 이곳이 단골들의 발길을 끊이지 않게 하는지 알게 될 것입니다.
blueribbon,성수족발,서울특별시 성동구 아차산로7길 7,Seoul,South Korea,RIBBON_ONE,"한식(육류), 족발",,02-464-0425,,2026,,37.54599,127.0542,2026-02-17T22:29:33.775718+00:00,,,,성수족발,서울특별시 성동구 아차산로7길 7,"This popular spot, often hailed as one of Seoul's top three jokbal (족발) joints, draws crowds for its unique take on the classic dish. While the flavor profile leans sweet rather than savory, many find themselves hooked after the first bite. The jokbal (족발) boasts a wonderfully chewy texture and is remarkably tender, with no gamey smell. It's a dish that might surprise you with its sweetness, but the accompanying banchan (반찬), like the spicy radish salad (무채) and bean sprouts (콩나물), offer a perfect salty counterpoint, making for a delightful combination.","서울 3대 족발로 꼽히는 이 인기 맛집은 독특한 스타일의 족발로 많은 사람들의 발길을 사로잡습니다. 짭짤함보다는 달콤함에 가까운 맛이 특징이지만, 한번 맛보면 계속 찾게 되는 매력이 있습니다. 쫄깃하면서도 잡내 없이 부드러운 식감이 일품이며, 달콤한 족발과 함께 나오는 매콤한 무채와 콩나물 등 밑반찬이 완벽한 조화를 이룹니다."
blueribbon,성너머집,서울특별시 은평구 불광로18길 13-1,Seoul,South Korea,RIBBON_ONE,"한식(가금류), 닭볶음탕, 삼계탕",,02-764-8571 ,,2026,,37.622489,126.932763,2026-02-17T22:29:33.775718+00:00,,,,성너머집,서울특별시 은평구 불광로18길 13-1,"Nestled at the foot of Bukhansan mountain, Seongneomeojip is a legendary 55-year-old establishment renowned for its rustic, home-style chicken dishes. The star of the show is the dakbokkeumtang (닭볶음탕), a rich and savory braised chicken stew with a thick, deeply flavorful broth that has been simmered for hours. The generous portions of tender chicken and surprisingly large, soft potatoes make this a must-try for anyone seeking authentic Korean comfort food, especially after a hike.","북한산 자락에 자리한 성너머집은 55년 전통을 자랑하는 시골풍의 가정식 닭 요리 전문점입니다. 이곳의 대표 메뉴인 닭볶음탕(dakbokkeumtang)은 진하고 꾸덕한 국물과 부드러운 닭고기, 그리고 푸짐하게 들어간 알감자가 일품입니다. 등산 후 든든한 한 끼 식사나 낮술을 즐기기에 완벽한, 정통 한국의 맛을 느낄 수 있는 곳입니다."
blueribbon,속초생태집,서울특별시 중구 남대문로 25-17,Seoul,South Korea,RIBBON_ONE,"한식(어패류), 생태탕, 생선회",,02-753-8944 ,,2026,,37.56202901227344,126.97816920253568,2026-02-17T22:29:33.775718+00:00,,,,속초생태집,서울특별시 중구 남대문로 25-17,"Step into a beloved old-school eatery, a Blue Ribbon recipient for a decade, that exudes a classic Seoul vibe. While the space is cozy and often bustling with office workers and tourists, especially during dinner, the atmosphere is warm and inviting, perfect for intimate gatherings. Don't miss their signature saengtaetang (생태탕), a clear, refreshing, and subtly spicy soup brimming with fresh pollack. For a heartier evening meal, the assorted grilled platter (모듬구이) is highly recommended for its delicious flavors.","10년 연속 블루리본에 선정된 이곳은 서울의 정겨운 노포 감성을 물씬 풍기는 곳입니다. 직장인과 관광객들로 늘 붐비는 아늑한 공간이지만, 소규모 모임에 완벽한 따뜻하고 매력적인 분위기를 자랑합니다. 이곳의 시그니처 메뉴인 맑고 시원하며 은은하게 매콤한 생태탕(생태탕)은 신선한 생태가 가득 들어있어 꼭 맛봐야 합니다. 저녁 식사로는 푸짐한 모듬구이(모듬구이)를 강력 추천합니다."
blueribbon,성북동누룽지백숙,서울특별시 성북구 성북로31길 9,Seoul,South Korea,RIBBON_ONE,"한식(가금류), 닭백숙, 한식(면류), 수제비",,02-764-0707,,2026,,37.5945850956093,126.990464229478,2026-02-17T22:29:33.775718+00:00,,,,성북동누룽지백숙,서울특별시 성북구 성북로31길 9,"Nestled on a charming hillside, this unassuming eatery offers a comforting and hearty dining experience. The star of the show is the signature Nurungji Baek숙 (누룽지 백숙), a whole chicken stuffed with glutinous rice porridge, served atop a unique pot filled with crispy scorched rice (nurungji, 누룽지) and more porridge. The chicken is tender and easy to eat, while the scorched rice and porridge combination is a savory and satisfying finish. Don't miss the Pye-myong-jeon (메밀전), a buckwheat pancake elevated by fresh spring mountain vegetables, offering a delightful contrast in texture.","언덕에 자리한 이 소박한 식당은 편안하고 푸짐한 식사 경험을 선사합니다. 이곳의 하이라이트는 단연 누룽지 백숙입니다. 찹쌀죽을 채운 통닭 한 마리가 바삭한 누룽지와 죽이 담긴 독특한 뚝배기 위에 올려져 나옵니다. 닭고기는 부드럽고 먹기 좋으며, 누룽지와 죽의 조합은 고소하고 만족스러운 마무리입니다. 신선한 봄 산나물로 풍미를 더한 메밀전 또한 놓치지 마세요. 겉과 속이 다른 식감의 조화가 일품입니다."
blueribbon,삼청동수제비,서울특별시 종로구 삼청로 101-1,Seoul,South Korea,RIBBON_ONE,"한식(면류), 수제비",,02-735-2965 ,,2026,,37.58460857932275,126.98192595977828,2026-02-17T22:29:33.775718+00:00,,,,삼청동수제비,서울특별시 종로구 삼청로 101-1,"A long-standing institution since 1982, Samcheongdong Sujebi is a Michelin-recognized gem in Seoul, known for its hearty and comforting Korean comfort food. Despite the bustling crowds and potential waits, the restaurant's efficient turnover and traditional, welcoming atmosphere make it a worthwhile stop. Popular dishes include their signature sujebi (수제비), a chewy noodle soup, and the rich, nutty ongsimi (옹심이), a glutinous rice ball soup, both perfectly complemented by their refreshing kimchi (김치) and yeolmu kimchi (열무김치).","1982년부터 오랜 역사를 자랑하는 삼청동 수제비는 미쉐린 가이드에도 소개된 서울의 보석 같은 곳입니다. 푸짐하고 속이 든든해지는 한국의 소울푸드로 유명하며, 북적이는 인파와 기다림에도 불구하고 효율적인 회전율과 정겨운 분위기가 방문 가치를 더합니다. 이곳의 대표 메뉴는 쫄깃한 수제비(sujebi)와 고소한 들깨 맛이 일품인 옹심이(ongsimi)로, 시원한 김치(kimchi)와 열무김치(yeolmu kimchi)와 함께 즐기면 더욱 맛있습니다."
blueribbon,Brewing ceremony,서울특별시 성동구 연무장5가길 22-1,Seoul,South Korea,RIBBON_ONE,"카페/커피/티, 커피전문점",,0507-1317-4771,,2026,,37.5432727118261,127.055139727387,2026-02-17T22:29:33.775718+00:00,,,,브루잉세레모니,서울특별시 성동구 연무장5가길 22-1,"Nestled in the charming alleys of Seongsu-dong, Brewing Ceremony is a hidden gem that lives up to its name with a meticulous approach to coffee. This roastery cafe boasts a chic, minimalist interior where the star is undoubtedly the coffee beans, displayed like art. They offer a curated selection of hand-drip coffees, with each bean's unique flavor profile poetically described on charming cards, allowing you to choose your brew based on evocative notes like 'a relaxing commute' or 'first love.' The dedication to quality and the unique sensory experience make it a must-visit for coffee aficionados.","성수동 골목길에 숨겨진 보석 같은 브루잉 세레모니는 이름처럼 커피에 대한 섬세한 접근 방식을 자랑합니다. 이 로스터리 카페는 세련되고 미니멀한 인테리어를 갖추고 있으며, 이곳의 주인공은 예술 작품처럼 전시된 커피 원두입니다. 엄선된 핸드드립 커피를 제공하며, 각 원두의 독특한 풍미는 매력적인 카드에 시적으로 묘사되어 '편안한 퇴근길' 또는 '첫사랑'과 같은 감성적인 노트에 따라 커피를 선택할 수 있습니다. 품질에 대한 헌신과 독특한 감각적 경험은 커피 애호가들에게 꼭 방문해야 할 곳으로 만듭니다."
blueribbon,Bistro Chin Chin,서울특별시 종로구 효자로13길 54,Seoul,South Korea,RIBBON_ONE,이탈리아식,,02-720-6143 ,,2026,,37.5821290013901,126.972773908135,2026-02-17T22:29:33.775718+00:00,,,,비스트로친친,서울특별시 종로구 효자로13길 54,"Nestled near Cheong Wa Dae, Bistro Chin Chin charms with its exterior resembling a quaint, old-world European home, complete with a friendly feline greeter. Inside, the ambiance is cozy and inviting, bathed in natural light, making it a perfect spot for a relaxed date. The menu offers a delightful array of dishes, with the plump and chewy octopus bisque (문어 비스큐) and the rich sea urchin, shrimp, and squid ink risotto (성게알, 새우, 오징어 먹물 리조또) standing out as particularly memorable. The mentaiko and mullet roe pasta (명란&숭어알 파스타), featuring a unique medley of vegetables, adds a fresh and exciting twist to the dining experience.","청와대 인근에 자리한 비스트로 친친은 오래된 유럽의 작은 집을 연상시키는 외관과 친근한 고양이 손님으로 매력을 더합니다. 내부는 자연광이 잘 들어오는 아늑하고 매력적인 분위기로, 편안한 데이트를 즐기기에 완벽한 장소입니다. 메뉴로는 통통하고 쫄깃한 문어 비스큐(문어 비스큐)와 진한 성게알, 새우, 오징어 먹물 리조또(성게알, 새우, 오징어 먹물 리조또)가 특히 기억에 남는 요리로 꼽힙니다. 다양한 채소가 곁들여진 명란&숭어알 파스타(명란&숭어알 파스타)는 신선하고 흥미로운 반전을 선사합니다."
blueribbon,via merengue,서울특별시 서대문구 명물길 27-18,Seoul,South Korea,RIBBON_ONE,"중남미식, 멕시코식",,02-363-3812,,2026,,37.5586280532636,126.93811157695,2026-02-17T22:29:33.775718+00:00,,,,비아메렝게,서울특별시 서대문구 명물길 27-18,"This vibrant spot in Sinchon is a must-visit for authentic Latin American flavors, boasting an impressive five consecutive Blue Ribbon awards. Be prepared for a potential wait, as this cozy eatery is popular and reservations are highly recommended. The menu, ordered via QR code, features delicious options like the flavorful tacos, which are surprisingly approachable even with cilantro, and a satisfyingly warm and savory burrito that makes for a perfect meal.","신촌에 위치한 이 활기찬 맛집은 블루리본 어워드를 5년 연속 수상한 정통 남미의 맛을 즐길 수 있는 곳입니다. 아늑한 공간이기에 웨이팅이 있을 수 있으며, 예약은 필수입니다. QR코드로 주문하는 메뉴 중에는 고수가 곁들여져도 부담 없이 즐길 수 있는 맛있는 타코와 따뜻하고 담백한 맛의 부리또가 준비되어 있어 든든한 식사로도 손색이 없습니다."
blueribbon,brera,서울특별시 중구 동호로17길 295,Seoul,South Korea,RIBBON_ONE,"이탈리아식, 파스타, 피자",,02-2236-0770,,2026,,37.54837530553894,127.00694366116952,2026-02-17T22:29:33.775718+00:00,,,,브레라,서울특별시 중구 동호로17길 295,"Nestled near Beoti-gogae Station, Brera is a charming Italian eatery with a vibrant red exterior, recognized by Blue Ribbon and past Michelin selections. The spacious interior, accented with red, offers a comfortable setting perfect for group gatherings or business lunches, featuring large windows that let in ample natural light. With an extensive menu of pizzas, pastas, and more, all described in English, it's clear Brera caters to a diverse clientele.","버티고개역 근처에 위치한 브레라는 강렬한 빨간색 외관을 자랑하는 매력적인 이탈리안 레스토랑으로, 블루리본과 과거 미쉐린 선정 이력이 있습니다. 빨간색으로 포인트를 준 넓은 내부는 단체 모임이나 비즈니스 점심 식사에 적합하며, 큰 창문으로 햇살이 가득 들어와 개방감을 선사합니다. 피자, 파스타 등 영어로 설명된 다양한 메뉴는 이곳이 다양한 고객층을 만족시키는 곳임을 보여줍니다."
blueribbon,산울림1992,서울특별시 마포구 서강로9길 60,Seoul,South Korea,RIBBON_ONE,한식주점,,02-334-0118,,2026,,37.554603,126.930511,2026-02-17T22:29:33.775718+00:00,,,,산울림1992,서울특별시 마포구 서강로9길 60,"Sanullim 1992 is a renowned haven for traditional Korean alcohol (jeontongju, 전통주) enthusiasts, frequently featured in media. This Hongdae gem boasts an astonishing selection of over 2,500 varieties of jeontongju from across the country. A standout feature is their tasting flight, offering three glasses of the day's featured drinks for a modest price, allowing patrons to discover new favorites. The menu offers refined Korean dishes like the tender Arongsatae Suyuk Naengchae (아롱사태 수육냉채) and flavorful Naejangjjim (내장찜), perfect for pairing with their extensive drink list.","산울림1992는 전통주 애호가들의 성지로, 다양한 방송에 소개된 홍대의 명소입니다. 전국 2,500여 종의 전통주를 보유하고 있으며, 특히 인당 9,900원으로 오늘의 시음주 3종을 맛볼 수 있는 시음 프로그램은 새로운 술을 발견하는 즐거움을 선사합니다. 얇게 썰어 부드러운 아롱사태 수육 냉채(아롱사태 수육냉채)와 잡내 없이 부드러운 내장찜(내장찜) 등 세련된 한식 안주들은 풍부한 전통주와 환상적인 궁합을 자랑합니다."
blueribbon,Pakito,서울특별시 마포구 성미산로17길 4,Seoul,South Korea,RIBBON_ONE,"스페인식, 타파스바",,0507-1305-6064,,2026,,37.561736,126.918344,2026-02-17T22:29:33.775718+00:00,,,,빠끼또,서울특별시 마포구 성미산로17길 4,,
blueribbon,빠오즈푸,서울특별시 광진구 광나루로 373,Seoul,South Korea,RIBBON_ONE,"중식, 중국만두",,02-462-9256,,2026,,37.548136,127.071506,2026-02-17T22:29:33.775718+00:00,,,,빠오즈푸,서울특별시 광진구 광나루로 373,"A long-standing favorite near Children's Grand Park Station, Paozifu (빠오즈푸) has been serving up delicious dumplings for over a decade. This spot, which has even been featured on the popular TV show 'Master of Living' (생활의 달인), is known for its freshly made baozi (빠오즈). The thin, delicate wrappers encase tender, flavorful fillings, and the dumplings are celebrated for their incredible juiciness, making them a must-try for any dumpling enthusiast.","어린이대공원역 인근의 오랜 단골집, 빠오즈푸(빠오즈푸)는 10년 넘게 맛있는 만두를 선보여 왔습니다. '생활의 달인'에도 소개된 이 곳은 신선하게 빚어낸 빠오즈(빠오즈)로 유명합니다. 얇고 섬세한 만두피 속에는 부드럽고 풍미 가득한 소가 들어 있으며, 특히 놀라운 육즙 덕분에 만두 애호가라면 꼭 맛봐야 할 메뉴입니다."
blueribbon,Parc,서울특별시 용산구 이태원로55가길 26-5,Seoul,South Korea,RIBBON_ONE,"한식(일반한식), 한정식",,0507-1409-2022,,2026,,37.53746,126.9997,2026-02-17T22:29:33.775718+00:00,,,,빠르크,서울특별시 용산구 이태원로55가길 26-5,"Parc offers a unique dining experience that blends the industrial charm of Seoul's Yongsan district with meticulous craftsmanship. The atmosphere is alive with the sounds and sights of metalwork, creating a surprisingly rhythmic and engaging backdrop to your meal. It’s a place where the precision of welding meets the art of culinary creation, resulting in a truly memorable and stable experience.","Parc는 서울 용산의 산업적인 매력과 세심한 장인 정신을 결합한 독특한 다이닝 경험을 선사합니다. 금속 작업의 소리와 풍경이 어우러진 분위기는 식사와 함께 즐길 수 있는 놀랍도록 리드미컬하고 매력적인 배경을 만들어냅니다. 이곳은 용접의 정밀함과 요리의 예술이 만나는 곳으로, 진정으로 기억에 남고 안정적인 경험을 선사합니다."
blueribbon,BUDDHA'S BELLY,서울특별시 용산구 녹사평대로40길 48,Seoul,South Korea,RIBBON_ONE,"아시아식, 태국식",,02-796-9330,,2026,,37.53436,126.98835,2026-02-17T22:29:33.775718+00:00,,,,부다스벨리,서울특별시 용산구 녹사평대로40길 48,"Step into Buddha's Belly for an authentic Thai culinary journey right in the heart of Seoul's Express Bus Terminal. This upscale eatery offers a sophisticated ambiance, perfect for a delightful meal. Their set menus are a fantastic value, offering a curated selection of their best dishes. Don't miss the crispy and flavorful Thod Mun Goong (텃만꿍), a delightful shrimp fritter, and the rich, aromatic Poo Pad Pong Curry (푸팟퐁커리) served with fluffy white rice, creating an addictive combination.",서울 고속터미널 한복판에서 정통 태국 요리의 미식 여행을 떠나보세요. 세련된 분위기의 부다스벨리는 고급스러운 식사를 즐기기에 완벽한 장소입니다. 이곳의 세트 메뉴는 최고의 요리들을 엄선하여 제공하는 훌륭한 가성비를 자랑합니다. 바삭하고 풍미 가득한 새우 튀김인 텃만꿍(Thod Mun Goong)과 부드러운 흰쌀밥과 함께 즐기는 진하고 향긋한 푸팟퐁커리(Poo Pad Pong Curry)는 잊을 수 없는 중독적인 맛을 선사합니다.
blueribbon,봉화묵집,서울특별시 성북구 아리랑로19길 46-2,Seoul,South Korea,RIBBON_ONE,"한식(일반한식), 묵, 일반한식, 한식(면류), 칼국수",,02-918-1668,,2026,,37.60266,127.0108,2026-02-17T22:29:33.775718+00:00,,,,봉화묵집,서울특별시 성북구 아리랑로19길 46-2,"Nestled near Jeongneung Arirang Market, Bonghwamukjip offers a cozy, home-like atmosphere that feels like stepping into a traditional Korean house. This beloved spot, run by a grandmotherly figure who personally crafts every dish, has maintained its charm over the years, evident in its unchanged interior and the continued presence of handmade dumplings (mandu, 만두). While prices have seen modest increases, the quality and authenticity remain, with a special mention for their signature slightly fermented, refreshing kimchi (김치) and the versatile, savory seasoning paste that enhances every bite.","정릉 아리랑 시장 근처에 자리한 봉화묵집은 전통적인 한국 가정을 연상시키는 아늑하고 편안한 분위기를 선사합니다. 할머니 사장님이 모든 요리를 직접 손수 만드시는 이곳은 수년간 변함없는 매력을 유지해왔으며, 변하지 않은 실내 장식과 정성껏 빚는 만두(mandu, 만두)에서 그 진심을 느낄 수 있습니다. 가격은 소폭 올랐지만, 특유의 시그니처인 살짝 익은 시원한 김치(kimchi, 김치)와 어떤 음식에도 잘 어울리는 만능 양념장은 여전히 이곳의 자랑입니다."
blueribbon,북악정,서울특별시 종로구 평창36길 6,Seoul,South Korea,RIBBON_ONE,"한식(육류), 소고기구이, 소갈비",,02-394-2340 ,,2026,,37.61123,126.9777,2026-02-17T22:29:33.775718+00:00,,,,북악정,서울특별시 종로구 평창36길 6,"Nestled near Bugakjeong in Pyeongchang-dong, Dure You offers a refined Korean fine dining experience. The restaurant, recognized by the Michelin Guide, provides a serene and spacious interior, perfect for an intimate meal. Guests rave about the 'Byeol' (별) course menu, with particular highlights including a creamy, savory 'tarakjuk' (타락죽) reminiscent of a rich cream soup, and a refreshing seasonal 'chimchae' (침채) featuring thinly sliced kohlrabi with a yuzu dressing. The presentation is as exquisite as the flavors, making for a memorable culinary journey.","평창동 북악정 인근에 자리한 두레유는 세련된 한식 파인 다이닝 경험을 선사합니다. 미쉐린 가이드에 선정된 이 레스토랑은 고요하고 넓은 실내 공간을 자랑하며, 아늑한 식사에 이상적인 분위기를 제공합니다. 방문객들은 '별' 코스 메뉴에 대해 극찬하며, 특히 부드럽고 고소한 크림 수프를 연상시키는 '타락죽'과 유자 드레싱을 곁들인 상큼한 계절 '침채'가 특별한 인상을 남겼습니다. 맛만큼이나 뛰어난 플레이팅은 잊을 수 없는 미식 여행을 선사합니다."
blueribbon,산골막국수,서울특별시 중구 을지로 175-3,Seoul,South Korea,RIBBON_ONE,"한식(면류), 막국수, 한식(가금류), 닭곰탕",,02-2266-5409,,2026,,37.56694,126.9974,2026-02-17T22:29:33.775718+00:00,,,,산골막국수,서울특별시 중구 을지로 175-3,"A beloved makguksu (막국수) spot has returned to Euljiro 4-ga, now in a new building at the same location. While the menu remains similar, featuring their signature buckwheat noodles and a hearty nokdujeon (녹두전), the atmosphere has shifted from its former old-school charm. The makguksu is served bibim-style with broth on the side, topped with seasoned sauce, pear, and shredded chicken, offering a subtly seasoned flavor that some might find a bit mild. 

This revived eatery, now operating later hours and connected to a hof (호프) pub, offers a taste of nostalgia for those who remember its past. It's a place to revisit familiar flavors in a refreshed setting, perfect for a casual meal or a late-night bite in the bustling Euljiro area.","을지로4가에 추억의 막국수집이 새로운 건물에서 옛 자리를 지키며 돌아왔습니다. 메뉴는 예전과 비슷하게 막국수와 두툼한 녹두전(녹두전)을 중심으로 구성되어 있습니다. 막국수는 비빔 스타일로 육수가 따로 제공되며, 양념장과 배, 찢은 닭고기가 곁들여져 나옵니다. 양념이 강하지 않아 담백하게 즐길 수 있으며, 취향에 따라 육수를 더해 물막국수처럼 즐기기 좋습니다.

예전의 노포 감성은 다소 옅어졌지만, 늦은 시간까지 영업하는 호프집(호프집)과 함께 운영되며 새로운 분위기를 선사합니다. 예전의 맛을 그리워하는 분들이나 을지로의 활기찬 분위기 속에서 편안한 식사를 원하는 분들에게 추천합니다."
blueribbon,Shanti,서울특별시 마포구 와우산로27길 70,Seoul,South Korea,RIBBON_ONE,"아시아식, 인도식, 네팔식",,02-6052-3989,,2026,,37.55551,126.925,2026-02-17T22:29:33.775718+00:00,,,,산띠,서울특별시 마포구 와우산로27길 70,"Step into Shanti and be transported to India with its vibrant decor and authentic flavors. While the tandoori chicken (탄두리치킨) might be a bit plain on its own, it's the perfect complement when mixed into their flavorful lamb masala curry (양고기 마살라 커리). Don't miss the chicken chow mein (치킨차우민), a surprisingly addictive noodle dish that bridges Thai and American-Chinese influences, and be sure to order extra butter naan (버터난) to soak up every last drop of deliciousness.","샨티는 활기찬 장식과 정통의 맛으로 당신을 인도로 안내할 것입니다. 탄두리 치킨(탄두리치킨) 자체는 조금 밋밋할 수 있지만, 풍미 가득한 양고기 마살라 커리(양고기 마살라 커리)에 섞어 먹으면 완벽한 조화를 이룹니다. 태국과 아메리칸-중식의 영향을 넘나드는 놀랍도록 중독성 있는 면 요리인 치킨 차우멘(치킨차우민)을 놓치지 마세요. 그리고 맛있는 소스를 마지막 한 방울까지 찍어 먹을 수 있도록 버터 난(버터난)을 추가로 주문하는 것을 잊지 마세요."
blueribbon,불이아,서울특별시 마포구 동교로 182-6,Seoul,South Korea,RIBBON_ONE,"중식, 훠궈, 사천식중식",,02-335-6689,,2026,,37.55657,126.922,2026-02-17T22:29:33.775718+00:00,,,,불이아,서울특별시 마포구 동교로 182-6,"Step into Bul-i-a (불이아) in Jongno and be transported to a charming Chinese eatery, complete with traditional decor and a comfortably spacious ambiance. This spot is perfect for intimate dinners or lively gatherings, offering private rooms for a more exclusive feel. The attentive staff and well-spaced tables ensure a pleasant dining experience, making it an ideal destination for both casual meals and special occasions.","종로의 불이아(불이아)는 전통적인 장식과 편안하고 넓은 분위기를 갖춘 매력적인 중국 식당입니다. 이곳은 아늑한 저녁 식사나 활기찬 모임에 완벽하며, 좀 더 특별한 경험을 위한 개별 룸도 마련되어 있습니다. 친절한 직원들과 넉넉한 테이블 간격은 즐거운 식사 경험을 보장하며, 캐주얼한 식사와 특별한 날 모두에 이상적인 장소입니다."
blueribbon,mils,서울특별시 성동구 뚝섬로4길 21,Seoul,South Korea,RIBBON_ONE,베이커리,,0507-1327-4677,,2026,,37.5389686315866,127.050937053628,2026-02-17T22:29:33.775718+00:00,,,,밀스,서울특별시 성동구 뚝섬로4길 21,"Step into Mils (밀스) and be greeted by a striking display of oak logs, hinting at the culinary magic within. This bakery cafe is renowned for its signature sausage buns, crafted with passion and a commitment to flavor. The secret? Sausages are grilled over charcoal made from real oak wood, infusing them with a deep, smoky aroma that elevates every bite. From the classic Bratwurst bun (브랏부어스트 번) with its satisfying snap to the surprisingly delightful Neapolitan bun (나폴리탄 번), a unique fusion of pasta and bread, there's a bun to tantalize every taste bud.","밀스(Mils)에 들어서면 주방 한쪽에 쌓인 참나무 장작 더미가 시선을 사로잡으며, 이곳의 특별한 요리를 예고합니다. 이 베이커리 카페는 풍미에 대한 열정과 헌신으로 만든 시그니처 소시지 번으로 유명합니다. 비결은 바로 참나무 장작으로 만든 숯불에 구워 깊고 스모키한 향을 소시지에 불어넣는 것입니다. 육즙이 터지는 클래식한 브랏부어스트 번(브랏부어스트 번)부터 면과 빵의 의외의 조화가 매력적인 나폴리탄 번(나폴리탄 번)까지, 모든 입맛을 사로잡을 번이 준비되어 있습니다."
blueribbon,BIRCH coffee,서울특별시 용산구 대사관로34길 26,Seoul,South Korea,RIBBON_ONE,"카페/커피/티, 커피전문점",,02-6083-0186,,2026,,37.5320438475849,127.005678848091,2026-02-17T22:29:33.775718+00:00,,,,버치커피,서울특별시 용산구 대사관로34길 26,"Transport yourself to the heart of New York City with Birch Coffee, a specialty coffee shop that first opened its doors in NYC in 2009 before arriving in Seoul's trendy Seongsu-dong. The cafe boasts a minimalist, industrial-chic interior with exposed concrete and black accents, reminiscent of a New York loft. It's the perfect spot to enjoy a quiet moment, with ample natural light, especially on the second floor, making it ideal for work or relaxation. You can even find iconic New York-themed decor, including cityscapes and familiar paper cups, adding to the authentic vibe.",2009년 뉴욕에서 처음 문을 연 스페셜티 커피 전문점 버치 커피가 서울의 트렌디한 성수동에 상륙했습니다. 노출 콘크리트와 블랙 컬러를 활용한 미니멀하고 인더스트리얼한 인테리어는 뉴욕의 로프트 감성을 물씬 풍깁니다. 특히 2층은 채광이 좋아 조용하게 작업하거나 휴식을 취하기에 완벽한 공간입니다. 도시 풍경 액자와 익숙한 종이컵 등 뉴욕을 떠올리게 하는 소품들이 authentic한 분위기를 더합니다.
blueribbon,bohey coffee,서울특별시 중구 동호로15가길 15,Seoul,South Korea,RIBBON_ONE,"카페/커피/티, 커피전문점",,0507-1333-1375,,2026,,37.555447268885,127.007920663857,2026-02-17T22:29:33.775718+00:00,,,,보헤이커피,서울특별시 중구 동호로15가길 15,"Tucked away in a quiet alley near Yaksu Station, Bohey Coffee is a cozy haven that feels like a hidden gem. The cafe's charm is amplified by the owner's handmade ceramics, which are displayed throughout the space, adding a unique artistic touch. It's the perfect spot for a peaceful escape, offering a tranquil atmosphere ideal for quiet contemplation or a relaxed chat. Be sure to note the two-hour seating limit, perfect for those seeking a brief, delightful respite.",약수역 근처 조용한 골목길에 숨겨진 보헤이 커피는 보석 같은 아늑한 안식처입니다. 사장님이 직접 만든 도자기가 공간 곳곳에 전시되어 있어 카페의 매력을 더하며 독특한 예술적 감각을 선사합니다. 조용한 사색이나 편안한 대화에 이상적인 평화로운 분위기를 제공하는 완벽한 장소입니다. 잠시 동안의 즐거운 휴식을 원하는 분들에게 적합한 2시간 이용 시간 제한을 참고하세요.
blueribbon,bamaself,서울특별시 용산구 원효로89길 12,Seoul,South Korea,RIBBON_ONE,"카페/커피/티, 커피전문점",,없음 ,,2026,,37.54072007005738,126.96867977728446,2026-02-17T22:29:33.775718+00:00,,,,바마셀,서울특별시 용산구 원효로89길 12,"Bamaself is a beloved coffee shop in Yongsan-gu, helmed by a seasoned barista with a history of successful cafes in Hongdae and Hannam-dong. Despite its cozy, intimate space, the atmosphere is warm and inviting, making it a go-to spot for coffee aficionados. The owner's dedication to their craft shines through in every cup, creating a loyal following who eagerly anticipate their expertly brewed beverages.","바마셀은 홍대와 한남동에서 성공적인 카페를 운영했던 숙련된 바리스타가 이끄는 용산구의 사랑받는 커피숍입니다. 아늑하고 친밀한 공간임에도 불구하고 따뜻하고 매력적인 분위기를 자아내 커피 애호가들의 성지가 되었습니다. 사장님의 장인 정신은 모든 잔에 담겨 있으며, 이는 열성적인 단골 고객층을 형성하며 전문가의 손길로 내린 음료를 기대하게 만듭니다."
blueribbon,meal°,서울특별시 성동구 왕십리로 96,Seoul,South Korea,RIBBON_ONE,"베이커리, 식빵",,0507-1476-5052,,2026,,37.54623,127.0449,2026-02-17T22:29:33.775718+00:00,,,,밀도,서울특별시 성동구 왕십리로 96,"Located near the Seoul Station Airport Railroad, this spot offers a premium kimbap (김밥) experience tailored for travelers. The star is the ""Seoul Meal"" kimbap, distinguished by its generous fillings of avocado, thick egg omelet, and savory beef, all presented in a neat, sealed container. It's designed for easy, mess-free eating on the go, making it a convenient and balanced meal option before a flight or long journey, complete with a side of refreshing kkakdugi (깍두기).","서울역 공항철도 근처에 위치한 이 곳은 여행객을 위한 프리미엄 김밥 경험을 제공합니다. 시그니처 메뉴인 ""Seoul Meal"" 김밥은 아보카도, 두툼한 계란 지단, 맛있는 소고기로 푸짐하게 채워져 있으며, 깔끔하게 밀봉된 용기에 담겨 나옵니다. 이동 중에도 흘리지 않고 간편하게 먹을 수 있도록 설계되어, 비행기 탑승 전이나 장거리 이동 전에 든든하고 균형 잡힌 식사로 제격입니다. 산뜻한 깍두기(깍두기)도 함께 제공됩니다."
blueribbon,미스터서왕만두,서울특별시 서대문구 신촌역로 16,Seoul,South Korea,RIBBON_ONE,"중식, 중국만두",,0507-1368-8869,,2026,,37.55803,126.9432,2026-02-17T22:29:33.775718+00:00,,,,미스터서왕만두,서울특별시 서대문구 신촌역로 16,"This beloved spot in Sinchon is a must-visit, especially after an escape room adventure. The vibe is casual and perfect for sharing with friends, with a self-serve bar for pickles and banchan (반찬). While the prices have increased since the reviewer's school days, they still feel reasonable for the quality and quantity.

The star of the show is undoubtedly the dumplings. The xiaolongbao (소룡포) are bursting with juicy broth, but the real showstoppers are the gunmandu (군만두) and shrimp dumplings (새우만두). The gunmandu are praised for their incredible crispiness, while the shrimp dumplings offer a satisfying chew with real shrimp inside. Don't miss the clear, refreshing seafood soup (해물탕) either – it's a perfect, light accompaniment to the rich dumplings and a cold beer.","신촌의 숨겨진 보석 같은 이 곳은 방탈출 후 친구들과 함께 들르기 완벽한 캐주얼한 분위기를 자랑합니다. 셀프바에서 곁들임 찬을 자유롭게 가져다 먹을 수 있어 더욱 좋습니다. 학창 시절보다 가격이 올랐지만, 여전히 합리적인 가격으로 푸짐하게 즐길 수 있습니다.

이곳의 하이라이트는 단연 만두입니다. 육즙 가득한 소룡포(소룡포)도 훌륭하지만, 바삭함의 극치를 자랑하는 군만두(군만두)와 탱글한 새우가 씹히는 새우만두(새우만두)는 꼭 맛봐야 할 메뉴입니다. 맑고 시원한 해물탕(해물탕) 또한 만두와 맥주를 더욱 돋보이게 하는 완벽한 선택입니다."
blueribbon,베이커리봉교,서울특별시 마포구 성미산로 25,Seoul,South Korea,RIBBON_ONE,베이커리,,02-332-8030,,2026,,37.5587854480624,126.911020390226,2026-02-17T22:29:33.775718+00:00,,,,베이커리봉교,서울특별시 마포구 성미산로 25,"Nestled in a quiet alley away from the bustling Mangwon Market, Bakery Bonggyo is a beloved bakery with a decade-long legacy, even earning a spot in the Blue Ribbon Survey for nine consecutive years. Originally from Sangsu, this popular spot has reopened in Mangwon, quickly gaining traction for its delicious offerings. While many items sell out fast, especially their signature honey baguette (꿀바게트) and milk cream bread (우유크림빵), the selection includes delightful cookies, pastries like galettes and sablés, and various baked goods perfect with coffee.","붐비는 망원시장 골목에서 벗어난 한적한 길가에 자리한 베이커리봉교는 10년 넘는 역사를 자랑하는 사랑받는 빵집으로, 9년 연속 블루리본 서베이에 선정될 만큼 명성이 높습니다. 상수동에서 망원으로 이전 오픈한 이곳은 시그니처 메뉴인 꿀바게트(꿀바게트)와 우유크림빵(우유크림빵)을 비롯한 다양한 인기 메뉴들이 빠르게 품절될 정도로 큰 사랑을 받고 있습니다. 쿠키, 갈레트, 사브레 등 페이스트리와 커피와 곁들이기 좋은 구움과자류 등 다채로운 빵을 맛볼 수 있습니다."
blueribbon,VERA PIZZA NAPOLI,서울특별시 용산구 이태원로 272,Seoul,South Korea,RIBBON_ONE,"이탈리아식, 피자",,02-796-7223,,2026,,37.53867,127.0021,2026-02-17T22:29:33.775718+00:00,,,,베라피자,서울특별시 용산구 이태원로 272,"Nestled in the trendy Itaewon district, Vera Pizza Napoli offers an authentic Neapolitan pizza experience, boasting certification from the Associazione Verace Pizza Napoletana (AVPN). The ambiance is chic and modern, with an open kitchen allowing diners to witness the pizza-making artistry. While prices are on the higher side, the quality of ingredients and the skill of the pizzaiolo shine through, making it a standout choice for pizza aficionados.","트렌디한 이태원 지구에 자리한 베라 피자 나폴리는 나폴리 피자 협회(AVPN)의 인증을 받은 정통 나폴리 피자 경험을 선사합니다. 오픈 키친을 갖춘 세련되고 현대적인 분위기에서 피자 제작 과정을 직접 볼 수 있습니다. 가격대는 다소 높지만, 최상급 재료와 피자 장인의 솜씨가 어우러져 피자 애호가들에게는 최고의 선택이 될 것입니다."
blueribbon,VATOS,서울특별시 용산구 이태원로15길 1,Seoul,South Korea,RIBBON_ONE,"중남미식, 멕시코식",,02-797-8226,,2026,,37.53457,126.9902,2026-02-17T22:29:33.775718+00:00,,,,바토스,서울특별시 용산구 이태원로15길 1,"Step into VATOS and feel the vibrant, energetic atmosphere that transports you straight to a lively cantina. This spot is perfect for group gatherings or a fun date night, with its spacious layout and mood lighting creating an ideal setting for conversation and drinks. Get ready for a fusion fiesta where Korean flavors meet Mexican flair, making it a unique culinary adventure.","VATOS는 활기차고 에너제틱한 분위기가 마치 이국적인 칸티나에 온 듯한 느낌을 선사합니다. 넓은 공간과 은은한 조명은 대화와 술 한잔을 즐기기에 완벽하여, 친구들과의 모임이나 데이트 장소로 제격입니다. 한국적인 맛과 멕시칸 풍미가 어우러진 독특한 퓨전 요리를 맛보며 특별한 미식 경험을 즐겨보세요."
blueribbon,Beijingkoya,서울특별시 종로구 율곡로2길 25,Seoul,South Korea,RIBBON_ONE,"중식, 북경식중식, 일반중식, 북경오리",,02-313-5292 ,,2026,,37.5743642341595,126.98051726008,2026-02-17T22:29:33.775718+00:00,,,,베이징코야,서울특별시 종로구 율곡로2길 25,"Craving the crispy skin of Peking duck (북경오리) after a trip to China? Beijingkoya offers an authentic taste of this iconic dish, with a focus on the incredibly satisfying crunch of the duck's skin. While the tender meat offers a familiar flavor profile similar to smoked duck, it's the perfectly roasted exterior that truly shines. It's a place to indulge in the full Peking duck experience, a welcome treat for those who found their portion too small on their travels.","중국 여행 후 바삭한 북경오리(Peking duck) 껍질이 그리우신가요? 베이징코야는 이 상징적인 요리의 진정한 맛을 선사하며, 특히 오리 껍질의 놀랍도록 만족스러운 바삭함에 중점을 둡니다. 부드러운 속살은 훈제 오리와 비슷한 익숙한 맛을 제공하지만, 완벽하게 구워진 겉껍질이 진정한 주인공입니다. 여행 중에 맛본 북경오리가 아쉬웠던 분들에게 베이징코야는 제대로 된 북경오리 경험을 만끽할 수 있는 곳입니다."
blueribbon,MUTIN,서울특별시 용산구 대사관로12길 4-2,Seoul,South Korea,RIBBON_ONE,"프랑스식, 프렌치비스트로, 바, 와인바",,070-7776-3052,,2026,,37.5335266626566,127.001449439441,2026-02-17T22:29:33.775718+00:00,,,,뮤땅,서울특별시 용산구 대사관로12길 4-2,"MUTIN offers a relaxed yet stylish ambiance, perfect for intimate gatherings and special occasions. The interior complements their extensive natural wine list, with a sommelier ready to guide you through unique selections based on your preferences and food pairings. The menu, which changes with the seasons, highlights fresh ingredients, including vegetables grown on their own farm, offering a delightful culinary journey.","뮤땅은 편안하면서도 세련된 분위기를 자랑하며, 소중한 사람들과 특별한 날을 보내기에 완벽한 공간입니다. 내추럴 와인 리스트가 훌륭하며, 전문 소믈리에가 취향과 음식 궁합에 맞춰 개성 있는 와인을 추천해 줍니다. 계절에 따라 바뀌는 메뉴는 직접 기른 농장 채소를 포함한 신선한 재료를 사용하여 즐거운 미식 경험을 선사합니다."
blueribbon,MANGIONE,서울특별시 용산구 한강대로 95,Seoul,South Korea,RIBBON_ONE,이탈리아식,,0507-1411-3757,,2026,,37.5288173852679,126.966653789116,2026-02-17T22:29:33.775718+00:00,,,,만지오네,서울특별시 용산구 한강대로 95,"Tucked away in the basement of the Sinyongsan Station complex, Mangione (만지오네) offers an intimate omakase experience helmed by Chef Jeong Ik-sang. This reservation-only spot, easily accessible via the subway, presents a curated tasting menu that changes with the seasons. Expect a delightful journey through refined dishes, from plump Tongyeong oysters (통영 굴) and sweet scallop carpaccio (홍가리비찜) to the surprising melon and prosciutto pairing, and a rich chichetti (치케티) that evokes Venetian street food. The meal culminates with expertly grilled Korean beef steak (한우 스테이크), leaving a lasting impression of sophisticated flavors.","신용산역 지하 상가에 숨겨진 보석 같은 곳, 만지오네(Mangione)는 정익상 셰프가 이끄는 아늑한 오마카세 경험을 선사합니다. 100% 예약제로 운영되는 이곳은 계절에 따라 변화하는 섬세한 코스 메뉴를 선보입니다. 통영 굴(통영 굴)과 달콤한 가리비찜(홍가리비찜)부터 베네치아 길거리 음식을 연상시키는 치케티(치케티), 그리고 멜론과 프로슈토의 의외의 조합까지, 정교한 요리의 향연을 즐길 수 있습니다. 마지막을 장식하는 부드러운 한우 스테이크(한우 스테이크)는 세련된 풍미를 깊이 각인시킵니다."
blueribbon,MANIMAL SMOKE HOUSE,서울특별시 용산구 녹사평대로40길 47,Seoul,South Korea,RIBBON_ONE,"기타, 바비큐",,02-790-6788,,2026,,37.5345209941094,126.988471989299,2026-02-17T22:29:33.775718+00:00,,,,매니멀스모크하우스,서울특별시 용산구 녹사평대로40길 47,"Step into MANIMAL SMOKE HOUSE and be greeted by the irresistible aroma of wood smoke, a perfect ambiance for any occasion, especially during the festive year-end season. This popular Itaewon spot is renowned for its authentic American-style barbecue platters, featuring tender, smoke-infused meats like pulled pork and spare ribs. Pair your meal with their delicious craft beers for a truly satisfying experience that will have you coming back for more.","MANIMAL SMOKE HOUSE에 들어서면 매력적인 장작 향이 여러분을 맞이하며, 연말 시즌을 포함한 어떤 특별한 날에도 완벽한 분위기를 선사합니다. 이태원의 인기 명소인 이곳은 풀드 포크와 스페어립 같은 부드럽고 훈연 향 가득한 육류를 자랑하는 정통 아메리칸 스타일 바베큐 플래터로 유명합니다. 맛있는 수제 맥주와 함께 식사를 즐기며 잊을 수 없는 경험을 만끽하고 다시 찾고 싶게 될 것입니다."
blueribbon,몽중식,서울특별시 마포구 동교로 257,Seoul,South Korea,RIBBON_ONE,"중식, 일반중식",,02-335-7567,,2026,,37.5628310413654,126.924656121785,2026-02-17T22:29:33.775718+00:00,,,,몽중식,서울특별시 마포구 동교로 257,"Step into a unique dining experience at Mongjung Sik, where each season unfolds a new cinematic theme, weaving a captivating story through a multi-course meal. This year's December theme, inspired by 'Love Actually,' transforms the space into a festive wonderland, perfect for year-end celebrations. The intimate, reservation-only setting ensures a private and immersive atmosphere, making it ideal for enjoying the thoughtfully crafted dishes that complement the ongoing narrative.","몽중식은 매 시즌 새로운 영화를 테마로 하여 코스 요리와 함께 흥미로운 스토리텔링을 선보이는 특별한 다이닝 경험을 선사합니다. 올해 12월의 테마는 '러브 액츄얼리'로, 연말 축하 분위기에 완벽하게 어울리는 환상적인 공간으로 변신합니다. 예약제로 운영되는 아늑한 공간은 몰입감 넘치는 분위기를 선사하며, 영화의 스토리에 맞춰 세심하게 준비된 요리를 즐기기에 이상적입니다."
blueribbon,MYEONGDONG PIZZA,서울특별시 중구 명동10길 41,Seoul,South Korea,RIBBON_ONE,"이탈리아식, 피자, 파스타",,02-777-8979,,2026,,37.562055413512205,126.98587471746742,2026-02-17T22:29:33.775718+00:00,,,,명동피자,서울특별시 중구 명동10길 41,"Step into Myeongdong Pizza for a surprisingly delightful Italian experience in the heart of Seoul's historic district. With a clean and modern interior, this spot offers a refreshing ambiance that belies its traditional Myeongdong roots. It's a perfect setting for a casual meal with friends or even a classic first date, offering a menu that goes beyond expectations.","서울의 역사적인 중심부에서 놀랍도록 즐거운 이탈리안 경험을 선사하는 명동 피자에 방문해 보세요. 깔끔하고 현대적인 인테리어는 명동의 역사적인 뿌리를 뛰어넘는 산뜻한 분위기를 자아냅니다. 친구들과의 편안한 식사나 고전적인 첫 데이트 장소로도 완벽하며, 기대를 뛰어넘는 메뉴를 제공합니다."
blueribbon,MOTOR CITY,서울특별시 용산구 이태원로 140-1,Seoul,South Korea,RIBBON_ONE,"미국식, 미국식피자, 바, 크래프트맥주바",,02-794-8877 ,,2026,,37.533944,126.989441,2026-02-17T22:29:33.775718+00:00,,,,모터시티,서울특별시 용산구 이태원로 140-1,"Motor City in Itaewon offers a vibrant, bustling atmosphere perfect for a casual meal with friends. While the menu has evolved, the signature Jackson 5 pizza, a half-and-half creation with Sweet Corn Basil, remains a popular choice. Don't miss the Buffalo Wings, described as a tangy, authentic American taste that perfectly complements a cold drink, and the Crispy Mushroom, a surprisingly juicy and flavorful appetizer.

The restaurant is a go-to spot for those craving a taste of American-style pizza and wings. The Jackson 5 (잭슨 5) pizza, customizable with a half-and-half option, is a must-try, alongside the zesty Buffalo Wings (버팔로윙) that pack a flavorful punch without being overly spicy. For a lighter, yet equally satisfying option, the Crispy Mushroom (크리스피 머쉬룸) offers a delightful contrast of textures and a creamy garlic dipping sauce that's perfect for sharing.","이태원의 모터시티는 친구들과 캐주얼한 식사를 즐기기에 완벽한 활기차고 북적이는 분위기를 선사합니다. 메뉴는 계속 발전해왔지만, 하프 앤 하프로 즐길 수 있는 시그니처 잭슨 5 피자와 스위트 콘 바질은 여전히 인기 메뉴입니다. 톡 쏘는 맛이 일품인 버팔로 윙은 시원한 음료와 완벽하게 어울리며, 크리스피 머쉬룸은 놀랍도록 육즙이 풍부하고 풍미 가득한 애피타이저로 놓칠 수 없습니다.

이곳은 미국식 피자와 윙을 맛보고 싶은 사람들에게 인기 있는 장소입니다. 반반 옵션으로 커스터마이징 가능한 잭슨 5 피자는 꼭 먹어봐야 할 메뉴이며, 매콤하지 않으면서도 풍미 가득한 버팔로 윙도 인기가 많습니다. 더 가볍지만 만족스러운 옵션을 찾는다면, 크리스피 머쉬룸은 크리미한 갈릭 디핑 소스와 함께 즐길 수 있는 훌륭한 식감의 대비를 제공합니다."
blueribbon,MOZZA,서울특별시 성북구 성북로 102,Seoul,South Korea,RIBBON_ONE,"이탈리아식, 피자, 파스타",,02-742-1020 ,,2026,,37.593025,126.997544,2026-02-17T22:29:33.775718+00:00,,,,모짜,서울특별시 성북구 성북로 102,"MOZZA is a beloved neighborhood gem in Seongbuk-dong, consistently drawing crowds and often requiring a wait, especially during peak hours. This cozy, home-like restaurant, recognized in the Blue Ribbon Survey from 2019-2024, offers a warm and inviting atmosphere perfect for family gatherings and relaxed meals. The open kitchen provides a lively glimpse into the culinary action, adding to the restaurant's charm.","MOZZA는 성북동의 사랑받는 동네 맛집으로, 늘 사람들로 붐비며 특히 피크 타임에는 웨이팅이 필수입니다. 2019년부터 2024년까지 블루리본 서베이에 소개된 이 아늑하고 가정집 같은 레스토랑은 가족 모임이나 편안한 식사에 완벽한 따뜻하고 매력적인 분위기를 선사합니다. 오픈 키친은 요리 과정을 생생하게 엿볼 수 있게 하여 레스토랑의 매력을 더합니다."
blueribbon,Moulin,서울특별시 종로구 자하문로16길 8,Seoul,South Korea,RIBBON_ONE,프랑스식,,070-4404-7978,,2026,,37.58145,126.9719,2026-02-17T22:29:33.775718+00:00,,,,물랑,서울특별시 종로구 자하문로16길 8,"Nestled in the charming Seochon neighborhood, Moulin offers an exquisite French dining experience, recognized by the Michelin Guide. This restaurant is perfect for special occasions, providing a sophisticated ambiance for a memorable date. The tasting menu is a journey through artfully crafted dishes, from the delicate amuse-bouche to the rich duck with foie gras and cherry, and the perfectly cooked lamb with autumnal flavors.

The culinary team showcases impressive technique, balancing textures and flavors with precision. Highlights include the succulent monkfish with okra and seaweed, the crispy yet tender shrimp with fig and rhubarb, and the earthy mushroom course. The meal concludes with a refreshing apple and cider palate cleanser and delicate petit fours, ensuring a seamless and delightful progression of tastes from start to finish.","매력적인 서촌에 자리한 미쉐린 가이드 선정 레스토랑 물랑은 프랑스 요리의 정수를 선보입니다. 특별한 날을 위한 완벽한 장소로, 기억에 남을 데이트를 위한 세련된 분위기를 선사합니다. 섬세한 아뮤즈 부쉬부터 푸아그라와 체리를 곁들인 풍미 가득한 오리 요리, 완벽하게 조리된 양갈비까지, 테이스팅 메뉴는 예술적으로 만들어진 요리들의 여정을 선사합니다.

요리팀은 질감과 맛의 균형을 정밀하게 맞추며 인상적인 기술을 선보입니다. 촉촉한 아귀와 오크라, 김 요리, 바삭하면서도 부드러운 새우와 무화과, 루바브 요리, 그리고 흙내음 가득한 버섯 코스가 특히 돋보입니다. 식사는 상큼한 사과와 시드르로 입안을 개운하게 정리하고, 섬세한 쁘띠 푸르로 마무리되어 처음부터 끝까지 맛의 흐름이 매끄럽고 즐겁습니다."
blueribbon,맛이차이나,서울특별시 마포구 독막로 68,Seoul,South Korea,RIBBON_ONE,"중식, 일반중식",,010-9822-2654,,2026,,37.547556,126.920844,2026-02-17T22:29:33.775718+00:00,,,,맛이차이나,서울특별시 마포구 독막로 68,"A beloved Chinese restaurant that couples have frequented since their dating days, Matsi China offers a comforting and familiar dining experience. The menu boasts a wide array of delicious dishes, with the ""Eohyang Gaji Saeu"" (어향가지 새우) – crispy fried eggplant sandwiches filled with succulent shrimp – and the flavorful, seafood-rich Jjamppong (짬뽕) being standout choices. Portions are generous, and the attentive service, like splitting dishes without being asked, adds to the welcoming atmosphere.","오랜 연인 시절부터 단골이었던 맛이차이나는 편안하고 익숙한 식사 경험을 선사하는 중식당입니다. 다양한 요리 메뉴 중에서도 바삭한 가지 사이에 통통한 새우살을 샌드위치처럼 튀겨낸 '어향가지 새우'와 해산물이 풍성하게 들어간 깔끔하고 감칠맛 나는 '짬뽕'이 특히 인상적입니다. 넉넉한 양과 더불어, 요청하지 않아도 요리를 나눠주는 등 세심한 서비스는 이곳의 따뜻한 분위기를 더합니다."
blueribbon,만족오향족발,서울특별시 중구 서소문로 134-7,Seoul,South Korea,RIBBON_ONE,"한식(육류), 족발, 보쌈",,02-753-4755,,2026,,37.563215,126.976002,2026-02-17T22:29:33.775718+00:00,,,,만족오향족발,서울특별시 중구 서소문로 134-7,"This Michelin-recognized spot is a must-visit for any serious foodie exploring Seoul. Be prepared for a wait, as this popular establishment, often cited as one of Seoul's top three jokbal (족발) restaurants, draws crowds eager for their signature dish. The lively atmosphere buzzes with anticipation, reflecting its esteemed reputation and consistent accolades.",서울을 탐험하는 미식가라면 꼭 방문해야 할 미슐랭 선정 맛집입니다. 서울 3대 족발 맛집으로 자주 언급되는 이곳은 시그니처 메뉴를 맛보려는 사람들로 항상 붐비기 때문에 웨이팅은 필수입니다. 활기찬 분위기는 이곳의 명성과 꾸준한 수상 경력을 반영하며 기대감으로 가득합니다.
blueribbon,명동돈가스,서울특별시 중구 명동3길 8,Seoul,South Korea,RIBBON_ONE,"일식, 일식돈가스",,02-775-5300,,2026,,37.563981,126.983573,2026-02-17T22:29:33.775718+00:00,,,,명동돈가스,서울특별시 중구 명동3길 8,"A long-standing favorite in Myeongdong since 1983, this tonkatsu (돈까스) spot offers a classic Japanese-style experience. The star is their freshly fried pork cutlet, prepared with a special egg batter and breadcrumbs, ensuring a crispy exterior and juicy interior. While the minimalist side dishes of cabbage salad and pickled radish are simple, the attentive staff provides excellent service, even offering to warm up your rice and soup on chilly days and assisting foreign visitors with multilingual menus and basic English.

This restaurant is a popular choice for both locals and tourists, often recommended for those seeking a satisfying tonkatsu meal. The thick-cut pork cutlet is a generous portion, though some international visitors have noted that a larger size option would be appreciated. The accompanying sauces, one for dipping the cutlet and another for the salad, are perfectly balanced, and refills for cabbage are readily available.","1983년부터 명동을 지켜온 돈까스 맛집으로, 클래식한 일본식 경험을 선사합니다. 이곳의 하이라이트는 특별한 계란물과 빵가루를 입혀 갓 튀겨낸 돈까스로, 바삭한 겉과 촉촉한 속살이 일품입니다. 양배추 샐러드와 단무지 등 소박한 곁들임 메뉴에도 불구하고, 친절한 직원들은 따뜻한 밥과 국을 다시 제공하고 다국어 메뉴와 간단한 영어로 외국인 관광객을 돕는 등 훌륭한 서비스를 제공합니다.

이곳은 현지인과 관광객 모두에게 사랑받는 인기 명소로, 만족스러운 돈까스 식사를 찾는 이들에게 자주 추천됩니다. 두툼한 돈까스는 푸짐한 양이지만, 일부 외국인 방문객들은 더 큰 사이즈 옵션이 있으면 좋겠다고 언급하기도 했습니다. 돈까스용 소스와 샐러드용 소스는 완벽한 조화를 이루며, 양배추 리필도 언제든 가능합니다."
blueribbon,루리커피,서울특별시 중구 퇴계로20길 31,Seoul,South Korea,RIBBON_ONE,"카페/커피/티, 커피전문점",,0507-1420-9976,,2026,,37.558820603639,126.986206375134,2026-02-17T22:29:33.775718+00:00,,,,루리커피,서울특별시 중구 퇴계로20길 31,"Step into Ruri Coffee (루리커피) for a unique experience where virtual YouTubers (버튜버) might just be serving your drink! This spot is a haven for collectors and gamers, boasting a wide array of gachapon machines and figures. While the coffee is noted as delicious, be prepared for a premium price point, especially for their specialty pour-over coffee, which is an experience in itself.","버추얼 유튜버(버튜버)가 직접 음료를 서빙할 수도 있는 독특한 경험을 선사하는 루리커피(Ruri Coffee)에 오신 것을 환영합니다! 이곳은 가챠폰 기계와 피규어가 가득한 수집가와 게이머들의 안식처입니다. 커피는 맛있다고 알려져 있지만, 특히 특별한 경험이 될 수 있는 전문 드립 커피의 경우 프리미엄 가격대를 예상하셔야 합니다."
blueribbon,RECOVERY COFFEE BAR,서울특별시 성동구 왕십리로16가길 10,Seoul,South Korea,RIBBON_ONE,"카페/커피/티, 커피전문점",,0507-1319-5024,,2026,,37.5503309855629,127.0448580594,2026-02-17T22:29:33.775718+00:00,,,,리커버리커피바,서울특별시 성동구 왕십리로16가길 10,"Escape the hustle and bustle of everyday life at Recovery Coffee Bar, a serene sanctuary in Seongsu-dong. This tranquil spot offers a much-needed respite, living up to its name by providing a space to recharge and recenter. Settle into a window seat and savor their unique signature drinks, like the 'Mannyonseol' (만년설) with its velvety cream and balanced bittersweet notes, or the exotic 'Sinbad's Latte' (신밧드의 라떼) that sparks the imagination with its complex flavors. It's the perfect place to find your calm amidst the city's energy.","성수동의 고요한 안식처, 리커버리 커피바에서 일상의 번잡함에서 벗어나 보세요. 이름처럼 지친 에너지를 재충전하고 마음을 다잡을 수 있는 진정한 쉼을 선사합니다. 창가 자리에 앉아 부드러운 크림과 달콤쌉싸름한 조화가 인상적인 시그니처 메뉴 '만년설'과 상상력을 자극하는 이국적인 풍미의 '신밧드의 라떼'를 음미하며 도시의 활기 속에서 나만의 평온을 찾아보세요."
blueribbon,LOOKBACK COFFEE&ROASTERS,서울특별시 서대문구 연희로11길 41,Seoul,South Korea,RIBBON_ONE,"카페/커피/티, 커피전문점",,0507-1387-1128,,2026,,37.5682422653995,126.92920588507,2026-02-17T22:29:33.775718+00:00,,,,룩백커피,서울특별시 서대문구 연희로11길 41,"Tucked away in the charming Yeonhui-dong, LOOKBACK COFFEE&ROASTERS feels like a hidden gem. This cozy, intimate space is adorned with tasteful art and quirky trinkets, creating a warm and inviting atmosphere. The owner's personal touch is evident throughout, from the curated decor to the thoughtfully arranged seating, which offers a comfortable distance between tables, perfect for quiet conversations. It's the ideal spot to unwind with a meticulously brewed cup of coffee, especially if you visit on a weekday for a truly peaceful experience.","매력적인 연희동에 숨겨진 보석 같은 곳, 룩백커피&로스터스를 소개합니다. 아늑하고 친밀한 공간은 감각적인 예술 작품과 독특한 장식품으로 꾸며져 따뜻하고 매력적인 분위기를 자아냅니다. 주인장의 세심한 손길은 공간 곳곳에 묻어나며, 테이블 간 적당한 간격은 조용하고 편안한 대화를 나누기에 완벽합니다. 특히 평일에 방문하면 진정한 평화를 느낄 수 있는 이곳에서 정성껏 내린 커피 한 잔과 함께 여유로운 시간을 보내보세요."
blueribbon,L'ESTIU,서울특별시 용산구 대사관로20길 5,Seoul,South Korea,RIBBON_ONE,"유럽식, 지중해식, 스페인식",,02-722-2127,,2026,,37.5331395404854,127.003796513813,2026-02-17T22:29:33.775718+00:00,,,,레에스티우,서울특별시 용산구 대사관로20길 5,"Nestled in the charming alleyways of Hannam-dong, L'ESTIU offers a sophisticated yet welcoming ambiance, reminiscent of Tokyo's Omotesando. The restaurant, a beautifully remodeled house, boasts a meticulously maintained garden that sets a tranquil tone upon arrival. Inside, the clean, wood-toned interior and elegantly set tables create a comfortable and refined dining experience, perfect for special occasions or intimate gatherings. The attentive, unobtrusive service further enhances the feeling of being well cared for.","한남동의 매력적인 골목길에 자리한 L'ESTIU는 도쿄 오모테산도를 연상시키는 세련되면서도 아늑한 분위기를 선사합니다. 아름답게 개조된 주택의 레스토랑은 도착과 동시에 평온한 분위기를 자아내는 섬세하게 관리된 정원을 자랑합니다. 내부의 깔끔한 우드톤 인테리어와 우아하게 세팅된 테이블은 편안하고 세련된 식사 경험을 선사하며, 특별한 날이나 친밀한 모임에 완벽합니다. 세심하면서도 부담스럽지 않은 서비스는 세심한 보살핌을 받는다는 느낌을 더욱 향상시킵니다."
blueribbon,lombre378,서울특별시 용산구 한강대로10길 11-54,Seoul,South Korea,RIBBON_ONE,"디저트/스위트, 디저트전문점",,070-7537-3780,,2026,,37.5245391729878,126.964843291404,2026-02-17T22:29:33.775718+00:00,,,,롱브르378,서울특별시 용산구 한강대로10길 11-54,"Step into Lombre378 and discover a haven for pastry lovers, nestled in the trendy Songridan-gil area. This bakery, offering both boulangerie and patisserie delights, has patrons returning for days on end. While it might look sweet, the quality far surpasses the price, with signature items that are a must-try. Don't miss the heart-shaped cheese mousse, a showstopper that even non-dessert lovers rave about.","트렌디한 송리단길에 자리한 롱브르378은 페이스트리 애호가들의 성지입니다. 블랑제리와 파티세리 메뉴를 모두 갖춘 이곳은 손님들이 며칠씩이나 다시 찾게 만드는 매력을 지녔습니다. 겉보기에는 달콤해 보이지만, 가격 이상의 퀄리티를 자랑하며 시그니처 메뉴는 꼭 맛봐야 합니다. 특히 하트 모양의 치즈 무스는 디저트를 즐기지 않는 사람조차 감탄하게 만드는 최고의 메뉴입니다."
blueribbon,LEE JIN,서울특별시 동대문구 전농로 105,Seoul,South Korea,RIBBON_ONE,"중식, 일반중식",,02-2215-4105,,2026,,37.5743269631718,127.057330885456,2026-02-17T22:29:33.775718+00:00,,,,리진,서울특별시 동대문구 전농로 105,"Step into a world where dance is more than just movement; it's a career. This institution is dedicated to cultivating true dance professionals, emphasizing choreography, stage presence, teamwork, and performance direction. Learn from the best, including instructors who have worked with global sensations like BLACKPINK and appeared on 'Street Woman Fighter' (스우파). The curriculum is designed for real-world application, offering practical, hands-on classes and invaluable feedback from industry veterans.

Led by seasoned choreographers and performers, the faculty boasts an impressive roster of experience. From directing dancehall performances to backing K-pop artists and appearing on major music shows, these instructors bring a wealth of practical knowledge. Whether you're aiming to master dancehall (댄스홀) or hone your choreography (코레오그래피) skills, this is the place to elevate your artistry and prepare for a dynamic career in dance.","춤을 단순한 움직임을 넘어 '직업'으로 삼고자 하는 이들을 위한 공간입니다. 안무 구성, 무대 감각, 팀워크, 퍼포먼스 디렉팅 등 진정한 댄스 전문가를 양성하는 데 집중하며, 블랙핑크, '스트릿 우먼 파이터'(스우파) 등과의 작업을 통해 검증된 실력 있는 강사진에게 배울 수 있습니다. 실전에서 통하는 커리큘럼과 현장감 있는 수업, 그리고 풍부한 경험을 가진 멘토들의 피드백을 통해 여러분의 춤 실력을 한 단계 끌어올릴 수 있습니다.

댄스홀(댄스홀) 퍼포먼스 디렉팅부터 K팝 아티스트 백업 댄서, 주요 음악 프로그램 출연까지, 현역에서 활발하게 활동하는 안무가 및 댄서들이 여러분을 지도합니다. 코레오그래피(코레오그래피) 기술을 연마하거나 댄스홀의 매력을 탐구하든, 이곳은 여러분의 예술적 기량을 향상시키고 역동적인 댄스 경력을 쌓을 수 있는 최적의 장소입니다."
blueribbon,Le Cochon,서울특별시 종로구 율곡로 83,Seoul,South Korea,RIBBON_ONE,"프랑스식, 프랑스가정식",,0507-1479-1392,,2026,,37.5777601305254,126.988415175695,2026-02-17T22:29:33.775718+00:00,,,,르꼬숑,서울특별시 종로구 율곡로 83,"Nestled on the third floor of the Arario Museum in Space, Le Cochon offers a refined French fine dining experience with a stunning view of Changdeokgung Palace. The ambiance is sophisticated yet comfortable, making it an ideal spot for a leisurely lunch or a special occasion. While the menu features a range of exquisite French dishes, the French onion soup and the scallop dishes are particularly noteworthy for their rich flavors and delicate preparation.","아라리오 뮤지엄 인 스페이스 3층에 자리한 르꼬숑은 창덕궁의 아름다운 전망을 감상하며 즐길 수 있는 섬세한 프랑스 파인 다이닝 레스토랑입니다. 세련되면서도 편안한 분위기는 여유로운 점심 식사나 특별한 날을 위한 완벽한 장소입니다. 다양한 프랑스 요리가 준비되어 있지만, 특히 진한 풍미와 섬세한 조리가 돋보이는 프렌치 어니언 수프와 관자 요리는 꼭 맛보시길 추천합니다."
blueribbon,Rossini,서울특별시 종로구 북촌로 18,Seoul,South Korea,RIBBON_ONE,"이탈리아식, 파스타",,02-766-8771 ,,2026,,37.57838,126.9859,2026-02-17T22:29:33.775718+00:00,,,,로씨니,서울특별시 종로구 북촌로 18,"Nestled near Anguk Station, Rossini offers a refined Italian dining experience perfect for special occasions. The ambiance is noted as excellent, making it a top recommendation for dates and celebrations. The staff provides attentive service, including helpful wine recommendations that pair beautifully with the meal. The restaurant also caters to groups, with ample seating suitable for company dinners.","안국역 근처에 자리한 로씨니는 특별한 날을 위한 세련된 이탈리안 다이닝 경험을 선사합니다. 훌륭한 분위기는 데이트와 기념일에 최고의 선택이 될 것입니다. 직원들은 세심한 서비스를 제공하며, 식사와 완벽하게 어울리는 와인 추천도 잊지 않습니다. 단체석도 마련되어 있어 회식 장소로도 손색이 없습니다."
blueribbon,Dibs patisserie,서울특별시 마포구 성미산로29안길 19-4,Seoul,South Korea,RIBBON_ONE,"디저트/스위트, 디저트전문점",,0507-1344-7961,,2026,,37.5655905752208,126.923338995659,2026-02-17T22:29:33.775718+00:00,,,,딥스파티세리,서울특별시 마포구 성미산로29안길 19-4,"Dibs Patisserie is a must-visit spot in Hongdae's Yeonnam-dong, famous for its 'Dujjonku' (두쫀쿠) or Dubai chewy cookies. These treats, popularized by celebrity Kang Min-kyung, are known for their stunning visual appeal and exquisite taste. The cookies boast a wonderfully chewy exterior with a delightful crunch from kadaif (카다이프) inside, offering a rich and satisfying flavor that's surprisingly not messy. The beautiful packaging makes them a perfect gift for any special occasion.","홍대 연남동의 딥스 파티세리는 '두쫀쿠'(두바이 쫀득 쿠키)로 유명한 필수 방문 코스입니다. 연예인 강민경 씨 덕분에 더욱 유명해진 이 디저트들은 시선을 사로잡는 비주얼과 섬세한 맛으로 사랑받고 있습니다. 겉은 쫀득하고 속은 카다이프(카다이프)의 바삭한 식감이 어우러져 풍부하고 만족스러운 맛을 선사하며, 놀랍게도 깔끔하게 즐길 수 있습니다. 아름다운 포장 덕분에 특별한 날을 위한 완벽한 선물로도 손색이 없습니다."
blueribbon,딤딤섬(명동점),서울특별시 중구 명동길 14,Seoul,South Korea,RIBBON_ONE,"중식, 딤섬, 홍콩식중식",,0507-1497-5522,,2026,,37.5634116488196,126.98288772495,2026-02-17T22:29:33.775718+00:00,,,,딤딤섬(명동점),서울특별시 중구 명동길 14,"Dim Dim Sum in Myeongdong is your go-to spot for authentic Hong Kong dim sum, a place that many travelers discover on their trips to Hong Kong. This popular chain offers a vast array of dim sum options, making it a must-visit for enthusiasts. While weekday lunchtimes can see queues of office workers, visiting on a holiday meant immediate seating. The ordering process is straightforward: check your desired items on the menu and hand it to the staff. 

The signature Crispy Cheung Fun (크리스피 창펀) is a standout, offering a delightful textural contrast. Don't miss the Eggplant Dim Sum (가지딤섬), where tender eggplant envelops a savory pork filling, drizzled with a special sauce. For a refreshing start, the Mala Cucumber (마라황과) provides a crisp, palate-cleansing bite with a mild spicy kick. Pair your meal with their smooth, aromatic Oolong Tea (우롱차), served in a unique teapot that allows for continuous brewing, perfectly complementing the rich flavors of the dim sum.","딤딤섬 명동점은 홍콩 여행객들에게 익숙한 정통 홍콩식 딤섬을 맛볼 수 있는 곳으로, 다양한 딤섬 메뉴를 자랑하는 인기 맛집입니다. 평일 점심에는 직장인들로 붐빌 수 있지만, 휴일에는 바로 입장 가능했습니다. 메뉴판에 원하는 딤섬을 체크하여 주문하는 방식이 간편합니다.

이곳의 시그니처 메뉴인 크리스피 창펀(크리스피 창펀)은 독특한 식감이 일품이며, 부드러운 가지와 담백한 돼지고기 소가 어우러진 가지딤섬(가지딤섬)도 추천할 만합니다. 입맛을 돋우는 마라황과(마라황과)는 아삭한 식감과 은은한 매콤함이 특징입니다. 딤섬 본연의 맛을 해치지 않는 은은한 향의 우롱차(우롱차)와 함께 즐기면 더욱 좋습니다."
blueribbon,L'enfance,서울특별시 종로구 경희궁길 36,Seoul,South Korea,RIBBON_ONE,"프랑스식, 프렌치비스트로",,02-722-8053,,2026,,37.5729199136655,126.970063182815,2026-02-17T22:29:33.775718+00:00,,,,렁팡스,서울특별시 종로구 경희궁길 36,"Nestled near Gyeongbokgung Station, L'enfance offers a sophisticated and clean ambiance, making it an ideal spot for dates or special occasions. The menu is extensive, catering to both lunch and dinner with distinct offerings. Standout dishes include the perfectly crispy fried olives paired with refreshing Greek yogurt, and the incredibly tender duck breast (오리 가슴살) served with a date puree, which is highly recommended as a main course. The asparagus (아스파라거스) with apple and Gruyère cheese also provides a delightful textural contrast.","경복궁역 근처에 자리한 렁팡스는 고급스럽고 깔끔한 분위기로 데이트나 특별한 날에 완벽한 장소입니다. 런치와 디너 메뉴가 따로 구성되어 있어 선택의 폭이 넓습니다. 특히, 바삭한 올리브 튀김과 상큼한 그릭 요거트의 조합은 별미이며, 대추야자 퓨레와 함께 나오는 부드러운 오리 가슴살(Duck Breast)은 메인 메뉴로 강력 추천합니다. 사과와 그뤼에르 치즈를 곁들인 아스파라거스(Asparagus) 요리도 아삭한 식감이 일품입니다."
blueribbon,락희안(가좌본점),서울특별시 서대문구 가재울로4길 53,Seoul,South Korea,RIBBON_ONE,"중식, 일반중식",,02-375-7576,,2026,,37.5760936402375,126.924152924933,2026-02-17T22:29:33.775718+00:00,,,,락희안(가좌본점),서울특별시 서대문구 가재울로4길 53,"Step into Rakheean (락희안), a venerable Chinese restaurant with a legacy stretching back to 1945. This third-generation establishment offers a refined yet trendy dining experience, perfect for family gatherings or private celebrations in its well-appointed rooms. They pride themselves on using fresh, homemade noodles and daily-changed frying oil, ensuring a wholesome meal. Don't miss their signature Daepa Ggwobarou (대파 꿔바로우), a modern take on a traditional dish, featuring crispy yet chewy pork coated in a sweet and sour sauce, elevated by the fresh bite of scallions.","1945년부터 이어져 온 유서 깊은 중식당, 락희안(락희안)에 오신 것을 환영합니다. 3대째 운영되는 이곳은 세련되면서도 트렌디한 다이닝 경험을 선사하며, 별실은 가족 모임이나 프라이빗한 축하 행사에 안성맞춤입니다. 신선한 생면과 매일 교체하는 튀김 기름을 사용하여 건강한 식사를 보장합니다. 특히 바삭하면서도 쫄깃한 식감의 돼지고기와 새콤달콤한 소스, 그리고 신선한 대파의 조화가 매력적인 시그니처 메뉴 대파 꿔바로우(대파 꿔바로우)를 꼭 맛보세요."
blueribbon,두툼,서울특별시 중구 중림로 10,Seoul,South Korea,RIBBON_ONE,"한식(육류), 삼겹살, 돼지고기구이",,02-392-8592,,2026,,37.5589266608979,126.964320892997,2026-02-17T22:29:33.775718+00:00,,,,두툼,서울특별시 중구 중림로 10,"This spot is a must-visit for serious meat lovers, boasting a reputation as one of Seoul's top destinations for grilled pork. The star of the show is their signature samgyeopsal (삼겹살), aged to perfection in a dedicated dry-aging room, ensuring a tender and flavorful bite. The accompanying fermented anchovy sauce (meljeot, 멜젓) adds a delightful umami kick that perfectly complements the rich pork.","이곳은 진정한 고기 애호가들을 위한 필수 방문지로, 서울 최고의 돼지고기 구이 명소 중 하나로 명성을 떨치고 있습니다. 시그니처 메뉴인 삼겹살은 전용 숙성고에서 완벽하게 숙성되어 부드럽고 풍미 가득한 식감을 자랑합니다. 곁들여 나오는 멜젓은 풍부한 돼지고기와 완벽한 조화를 이루는 감칠맛을 더합니다."
blueribbon,LAMBSYA,서울특별시 광진구 아차산로78길 166,Seoul,South Korea,RIBBON_ONE,"한식(육류), 양고기",,02-456-0213,,2026,,37.5480826850688,127.108572799417,2026-02-17T22:29:33.775718+00:00,,,,램스야,서울특별시 광진구 아차산로78길 166,"LAMBSYA offers a sophisticated yet cozy ambiance, perfect for special occasions. The star of the show is undoubtedly the lamb, with the premium French rack (프리미엄 프렌치랙) praised for its tender, juicy texture and the shoulder rack (숄더랙) offering a delightful chewiness. Don't miss their signature fried eggplant (가지튀김), a triple-fried masterpiece with a special soy sauce glaze that reviewers rave about, even overshadowing the lamb for some. The attentive service, including perfectly grilled meats and unique side dishes like the sesame rice (깨밥), elevates the dining experience.","LAMBSYA는 특별한 날을 기념하기에 완벽한 세련되면서도 아늑한 분위기를 선사합니다. 이곳의 하이라이트는 단연 양고기이며, 프리미엄 프렌치랙(프리미엄 프렌치랙)은 부드럽고 육즙이 풍부한 식감으로 극찬을 받았고, 숄더랙(숄더랙)은 쫄깃한 식감을 자랑합니다. 특히 트리플 튀김으로 바삭하게 튀겨낸 특제 간장 소스 가지튀김(가지튀김)은 양고기보다 더 인상적이라는 후기가 있을 정도로 꼭 맛봐야 할 시그니처 메뉴입니다. 완벽하게 구워주는 양고기와 깨밥(깨밥) 같은 독특한 사이드 메뉴를 포함한 세심한 서비스는 식사 경험을 한층 더 풍요롭게 합니다."
blueribbon,LA SUISSE,서울특별시 종로구 자하문로6길 11-36,Seoul,South Korea,RIBBON_ONE,"유럽식, 스위스식",,070-8800-4162 ,,2026,,37.5786556317875,126.972607511153,2026-02-17T22:29:33.775718+00:00,,,,라스위스,서울특별시 종로구 자하문로6길 11-36,"Step into a charming Swiss chalet nestled in the heart of Seoul's Seochon neighborhood. La Suisse transports you with its authentic Swiss farmhouse ambiance, from the exterior adorned with Swiss flags to the cozy interior featuring warm wooden accents and picturesque scenery. It's the perfect spot for a romantic date or a special celebration, offering a unique European escape.","서울 서촌에 자리한 매력적인 스위스 샬레로 들어서 보세요. 라 스위스는 스위스 국기로 장식된 외관부터 따뜻한 나무 소재와 그림 같은 풍경을 자랑하는 아늑한 실내까지, 진정한 스위스 농가 분위기로 여러분을 안내합니다. 로맨틱한 데이트나 특별한 기념일을 위한 완벽한 장소로, 독특한 유럽의 탈출구를 선사합니다."
blueribbon,la goutte,서울특별시 광진구 능동로 90,Seoul,South Korea,RIBBON_ONE,"기타, 뷔페",,02-2218-5771,,2026,,37.53836393117944,127.07092087005326,2026-02-17T22:29:33.775718+00:00,,,,라구뜨,서울특별시 광진구 능동로 90,"Nestled within The Classic 500 building near Konkuk University Station, La Goutte offers a luxurious buffet experience. The interior is stunning, with a grand chandelier in the lobby and a chic, nature-inspired design featuring marble floors and natural wood accents, creating a sophisticated and serene ambiance. The spacious seating and attentive service, with staff refilling water and clearing plates promptly, enhance the overall dining pleasure. It's a perfect spot for a special family meal or a delightful escape.","건대입구역 인근 더 클래식 500 빌딩에 위치한 라구뜨는 고급스러운 뷔페 경험을 선사합니다. 로비의 웅장한 샹들리에와 대리석 바닥, 자연 친화적인 원목 소재를 활용한 세련되고 자연에서 영감을 받은 인테리어는 고급스럽고 고요한 분위기를 자아냅니다. 넓은 좌석 간격과 물을 계속 채워주고 빈 접시를 신속하게 치워주는 세심한 서비스는 전반적인 식사의 즐거움을 더합니다. 특별한 가족 식사나 즐거운 휴식을 위한 완벽한 장소입니다."
blueribbon,땅코참숯구이,서울특별시 성동구 행당로17길 26,Seoul,South Korea,RIBBON_ONE,"한식(육류), 돼지고기구이, 돼지갈비",,02-2281-6908,,2026,,37.56068572701359,127.0330308248484,2026-02-17T22:29:33.775718+00:00,,,,땅코참숯구이,서울특별시 성동구 행당로17길 26,"This popular Seongsu-dong spot is renowned for its grilled meats, with staff expertly cooking your order right at the table. The pork neck (moksal, 목살) is a standout, described as the best the reviewer has ever tasted – incredibly juicy and flavorful. The restaurant boasts a clean, no-frills interior and attentive service, with staff even offering aprons to prevent oil splatters and providing helpful tips on the best time to photograph the perfectly grilled meat. It's a place that inspires a 300% desire to return.","이곳은 테이블에서 직접 고기를 구워주는 서비스로 유명한 성수동의 인기 맛집입니다. 특히 돼지 목살(moksal, 목살)은 리뷰어가 이제껏 먹어본 것 중 최고라 할 정도로 촉촉하고 육즙 가득한 맛을 자랑합니다. 깔끔하고 기본에 충실한 인테리어와 세심한 서비스가 돋보이며, 직원들은 기름이 튈까 앞치마를 챙겨주고 완벽하게 구워진 고기를 사진 찍기 좋은 타이밍을 알려주는 등 세심한 배려를 아끼지 않습니다. 재방문 의사가 300% 샘솟는 곳입니다."
blueribbon,DUOMO,서울특별시 종로구 자하문로16길 5,Seoul,South Korea,RIBBON_ONE,"이탈리아식, 파스타",,02-730-0902 ,,2026,,37.58162,126.9715,2026-02-17T22:29:33.775718+00:00,,,,두오모,서울특별시 종로구 자하문로16길 5,"Step into DUOMO, a sophisticated multi-cultural space and the first-ever B&B Italia flagship store in Korea. Spanning three floors, this showroom curated by DOUMO, a leading high-end living company, showcases the essence of luxury living. Designed by Antonio Citterio, the space itself is a masterpiece, seamlessly blending natural light, ambient lighting, and exquisite furniture to create an artistic exhibition hall where urban and natural elements converge.","DUOMO는 국내 최초의 비앤비이탈리아(B&B Italia) 플래그십 스토어이자 복합 문화 공간입니다. 하이엔드 리빙 큐레이터인 두오모(DOUMO)가 운영하는 이곳은 3개 층에 걸쳐 럭셔리 라이프스타일의 정수를 선보입니다. 안토니오 치테리오(Antonio Citterio)가 디렉팅한 쇼룸은 자연광과 조명, 가구가 조화를 이루며 마치 예술 전시관에 온 듯한 감각적인 경험을 선사합니다."
blueribbon,La Bonne Tarte,서울특별시 서대문구 연대동문길 29,Seoul,South Korea,RIBBON_ONE,"베이커리, 디저트/스위트, 타르트",,02-393-1117 ,,2026,,37.5639171508019,126.943832497098,2026-02-17T22:29:33.775718+00:00,,,,라본느타르트,서울특별시 서대문구 연대동문길 29,"La Bonne Tarte is a beloved bakery specializing in healthy tarts and breads, using organic flour and seasonal fruits for over a decade. Their signature offerings include a delightful tart set featuring nine varieties like macadamia, fig, grapefruit, blueberry, and apple. Popular choices range from the refreshing blueberry tart with its satisfying pop to the sweet and creamy banana tart. They also offer hearty breads like ciabatta and focaccia, as well as sweet treats like red bean buns and the highly sought-after ang butter bread (앙버터빵), a combination of butter and red bean paste sandwiched in ciabatta.","라본느 타르트는 유기농 밀가루와 제철 과일을 사용하여 10년 넘게 사랑받아온 건강 타르트와 빵 전문점입니다. 마카다미아, 무화과, 자몽, 블루베리, 사과 등 9가지 타르트를 앙증맞게 담은 타르트 세트가 인기입니다. 톡톡 터지는 식감이 재미있는 블루베리 타르트와 달콤하고 부드러운 바나나 타르트도 많은 사랑을 받고 있습니다. 또한 치아바타, 포카치아 등 든든한 빵과 함께, 앵커버터와 팥을 채운 앙버터빵은 나오자마자 동나는 인기 메뉴입니다."
blueribbon,THE GRIFFIN BAR,서울특별시 종로구 청계천로 279,Seoul,South Korea,RIBBON_ONE,,,02-2276-3344,,2026,,37.5704485321397,127.008743829151,2026-02-17T22:29:33.775718+00:00,,,,더그리핀바,서울특별시 종로구 청계천로 279,"Perched on the 11th floor of JW Marriott Dongdaemun Square Seoul, The Griffin Bar offers a sophisticated escape with breathtaking views of the city. This upscale lounge is renowned for its expertly crafted cocktails, featuring premium Diageo Reserve brands. The bar boasts three bartenders who have reached the Top 10 in the prestigious Diageo World Class competition, ensuring a world-class drinking experience. Signature drinks like the visually stunning 'Bridge of Propose' and the nuanced 'Singleton Sour' are must-tries, perfect for sharing with a loved one or enjoying a moment of refined indulgence.",JW 메리어트 동대문 스퀘어 서울 11층에 자리한 더 그리핀 바는 도시의 숨 막히는 전경을 감상하며 즐기는 세련된 휴식처입니다. 이 고급스러운 라운지는 프리미엄 디아지오 리저브 브랜드를 활용한 전문가 수준의 칵테일로 유명합니다. 특히 바에는 권위 있는 디아지오 월드클래스 대회에서 Top 10에 오른 세 명의 바텐더가 있어 세계적인 수준의 음주 경험을 선사합니다. 시각적으로 아름다운 '브릿지 오브 프로포즈'와 섬세한 '싱글톤 사워'와 같은 시그니처 칵테일은 연인과 함께 나누거나 세련된 순간을 즐기기에 완벽한 선택입니다.
blueribbon,The Spot Fabulous,서울특별시 중구 명동2길 22,Seoul,South Korea,RIBBON_ONE,"디저트/스위트, 디저트전문점",,02-779-1981,,2026,,37.5623328436628,126.982600032183,2026-02-17T22:29:33.775718+00:00,,,,더스팟패뷸러스,서울특별시 중구 명동2길 22,"Nestled near Hoehyeon Station, The Spot Fabulous is a charming cafe that stands out in the bustling Myeongdong district. This Blue Ribbon Survey-recognized spot offers a delightful escape with its beautifully presented desserts and a wide selection of drinks, including a special decaf option. The cafe boasts a spacious interior spread across two floors, though tables can be close together, the efficient staff ensures a tidy environment. It's a perfect place to unwind after exploring, offering a sweet treat with a view of the Chinese Embassy.","회현역 근처에 자리한 더 스팟 패뷸러스는 번화한 명동 지역에서 돋보이는 매력적인 카페입니다. 블루리본 서베이 인증을 받은 이곳은 아름답게 플레이팅된 디저트와 특별한 디카페인 옵션을 포함한 다양한 음료로 즐거운 휴식을 선사합니다. 카페는 두 개 층에 걸쳐 넓은 실내 공간을 자랑하지만, 테이블 간격이 좁을 수 있으나 효율적인 직원들이 깔끔한 환경을 유지해 줍니다. 중국 대사관이 보이는 뷰와 함께 달콤한 간식을 즐기며 탐험 후 휴식을 취하기에 완벽한 장소입니다."
blueribbon,동아리(정동본점),서울특별시 중구 정동길 12-6,Seoul,South Korea,RIBBON_ONE,"일식주점, 이자카야",,02-773-1103 ,,2026,,37.5673657681152,126.969516767128,2026-02-17T22:29:33.775718+00:00,,,,동아리(정동본점),서울특별시 중구 정동길 12-6,"Nestled on Jeongdong-gil, Dongari is a popular Japanese sukiyaki specialist that also serves as an izakaya. During lunchtime, the restaurant buzzes with local office workers, making reservations highly recommended. The interior is spread across two floors, with the first floor featuring counter seating ideal for evening visits, while the second floor offers larger tables perfect for group gatherings and company dinners.","정동길에 위치한 동아리는 일본식 스키야키 전문점이자 이자카야로, 점심 시간에는 인근 직장인들로 붐비는 인기 있는 곳입니다. 방문 전 예약은 필수이며, 1층은 저녁에 방문하기 좋은 다찌석으로, 2층은 단체 모임에 적합한 테이블석으로 구성되어 있습니다."
blueribbon,The Charcuteria,서울특별시 용산구 독서당로 86,Seoul,South Korea,RIBBON_ONE,"기타, 샤퀴테리",,02-798-9402,,2026,,37.53428344113129,127.01009673581584,2026-02-17T22:29:33.775718+00:00,,,,더샤퀴테리아,서울특별시 용산구 독서당로 86,"Nestled in Hannam-dong, The Charcuteria offers an authentic European charcuterie (샤퀴테리) experience, a concept that translates to cured and processed meats. This cozy spot, featured on the popular TV show 'Sui Meok Hoe' (수요미식회), is perfect for a relaxed wine gathering with friends. They boast a wide selection of European cured meats like jamón (하몽), prosciutto (프로슈토), and salami (살라미), alongside a curated collection of cheeses and accompaniments, making it a haven for wine and whiskey pairings.","한남동에 자리한 '더 샤퀴테리아'는 유럽 정통의 샤퀴테리(Charcuterie)를 맛볼 수 있는 곳입니다. 수요미식회에도 소개된 이곳은 친구들과 편안하게 와인을 즐기기 좋은 아늑한 공간입니다. 하몽, 프로슈토, 살라미 등 다양한 유럽식 육가공품과 엄선된 치즈, 곁들임 메뉴을 갖추고 있어 와인 및 위스키 페어링을 즐기기에 완벽한 장소입니다."
blueribbon,The Xef,서울특별시 용산구 백범로77길 33,Seoul,South Korea,RIBBON_ONE,"스페인식, 타파스바",,02-6398-7594,,2026,,37.5399721712719,126.965214759448,2026-02-17T22:29:33.775718+00:00,,,,더셰프,서울특별시 용산구 백범로77길 33,"Transport yourself to Spain without leaving Seoul at The Xef, a hidden gem in the Hyochang Park area. Helmed by a Spanish chef, this restaurant offers an authentic taste of Spain, with a menu that hasn't been overly localized. Start with their homemade bread and refreshing Spanish Sangria (샹그리아). Don't miss the incredible Lobster Croquettes (랍스터 크로켓), praised as one of the most perfect fried dishes, and the deeply flavorful Paella Ibérica (아롯 네그로 이비자), which rivals the best found in Spain. The food is seasoned boldly, reflecting true Spanish flavors, with fresh seafood and perfectly cooked rice absorbing rich, complex tastes.","서울에서 스페인으로 떠나는 미식 여행, 효창공원 근처에 숨겨진 보석 같은 곳 '더 셰프'를 만나보세요. 스페인 셰프가 직접 요리하는 이곳은 현지화되지 않은 정통 스페인 요리를 선보입니다. 직접 만든 식전빵과 시원한 스페인식 샹그리아(Sangria)로 시작해보세요. 완벽에 가까운 튀김 요리라 극찬받는 랍스터 크로켓(랍스터 크로켓)과 스페인 현지에서도 맛보기 힘든 깊고 풍부한 풍미의 빠에야 이베리카(아롯 네그로 이비자)는 꼭 맛봐야 할 메뉴입니다. 신선한 해산물과 짭짤하면서도 깊은 맛의 쌀알이 어우러져 마치 바르셀로나 해변에 온 듯한 착각을 불러일으킵니다."
blueribbon,대성갈비,서울특별시 성동구 상원1길 26,Seoul,South Korea,RIBBON_ONE,"한식(육류), 돼지갈비",,02-464-3012,,2026,,37.546194350143,127.048432321547,2026-02-17T22:29:33.775718+00:00,,,,대성갈비,서울특별시 성동구 상원1길 26,"Daesung Galbi has relocated to a spacious and bright new location near Ttukseom Station, offering a modern and comfortable dining experience compared to its previous, more rustic atmosphere. The restaurant is well-equipped with excellent ventilation, making it a pleasant spot to enjoy their signature dishes. While the prices are slightly higher than average, the generous side dishes, including a must-try seasoned raw crab (yangnyeom gejang, 양념게장), justify the cost. It's a popular spot, especially with older patrons, and the efficient service, including frequent grill changes, ensures a smooth and enjoyable meal.","대성갈비는 뚝섬역 근처의 넓고 밝은 새 장소로 이전하여, 이전의 소박한 분위기와는 달리 현대적이고 편안한 식사 경험을 제공합니다. 쾌적한 식사를 즐길 수 있도록 환기 시설이 잘 갖춰져 있습니다. 가격대는 평균보다 약간 높지만, 꼭 맛봐야 할 양념게장(yangnyeom gejang, 양념게장)을 포함한 푸짐한 밑반찬들이 그 가치를 더합니다. 특히 어르신들에게 인기가 많으며, 잦은 불판 교체 등 효율적인 서비스 덕분에 원활하고 즐거운 식사를 보장합니다."
blueribbon,단비,서울특별시 용산구 한남대로20길 21-12,Seoul,South Korea,RIBBON_ONE,"한식(일반한식), 한정식, 일반한식",,02-797-8375,,2026,,37.535202,127.008799,2026-02-17T22:29:33.775718+00:00,,,,단비,서울특별시 용산구 한남대로20길 21-12,"Experience the refreshing arrival of new housing opportunities in Seoul with 'Danbi' (단비), a name that signifies a welcome shower after a drought. This development brings a significant number of units to the market, addressing the city's ongoing housing supply challenges. With a focus on providing substantial 'general sale' (일반분양) units, Danbi offers a rare chance for residents to secure a home in prime Seoul locations, making it a highly anticipated project for many.","가뭄 끝에 내리는 단비처럼, 서울의 주택 공급난에 단비가 될 새로운 기회를 경험해 보세요. 이 단지는 도시의 지속적인 주택 공급 문제를 해결하기 위해 상당수의 물량을 시장에 선보입니다. 일반분양 물량 확보에 중점을 둔 단비는 서울의 주요 지역에서 집을 마련할 수 있는 희귀한 기회를 제공하며, 많은 이들에게 기대되는 프로젝트입니다."
blueribbon,The Bakers Table,서울특별시 용산구 녹사평대로 244-1,Seoul,South Korea,RIBBON_ONE,,,0507-1461-3503,,2026,,37.53941,126.9875,2026-02-17T22:29:33.775718+00:00,,,,더베이커스테이블,서울특별시 용산구 녹사평대로 244-1,"A beloved German bakery with 13 consecutive Blue Ribbon awards, The Bakers Table offers an authentic European experience right in Noksapyeong. This spot boasts an impressive range of breads, from hearty baguettes (바게트) and pretzels (프레즐) perfect for sandwiches, to sweet treats like croissants (크루아상) and eclairs (에클레어). Beyond baked goods, they also serve substantial brunch options, including a must-try tomato soup (토마토 스프) and the namesake 'The Bakers Table' plate, featuring German-style sausages and potatoes.","녹사평의 13년 연속 블루리본 수상에 빛나는 더베이커스테이블은 정통 유럽식 경험을 선사하는 독일 베이커리입니다. 이곳에서는 샌드위치에 완벽한 바게트(바게트)와 프레즐(프레즐)부터 크루아상(크루아상), 에클레어(에클레어)와 같은 달콤한 디저트까지, 인상적인 빵 라인업을 자랑합니다. 베이커리 외에도 꼭 먹어봐야 할 토마토 스프(토마토 스프)와 독일식 소시지와 감자가 포함된 시그니처 '더베이커스테이블' 플레이트를 포함한 푸짐한 브런치 메뉴도 제공합니다."
blueribbon,대장장이화덕피자집,서울특별시 종로구 북촌로 42-4,Seoul,South Korea,RIBBON_ONE,"이탈리아식, 피자",,02-765-4298 ,,2026,,37.580529,126.985338,2026-02-17T22:29:33.775718+00:00,,,,대장장이화덕피자집,서울특별시 종로구 북촌로 42-4,"Nestled in the charming Bukchon Hanok Village, this pizzeria offers a unique dining experience blending traditional Korean architecture with a modern, cozy ambiance. The open kitchen allows you to witness the chefs craft authentic pizzas in a high-temperature oven, creating a warm and inviting atmosphere perfect for dates. While the portions might be on the smaller side, the quality and flavor are undeniable.

The star of the show is their traditional pizza, fired at over 480°C for under 90 seconds, resulting in a thin, crispy crust with a delightful chew. The Margherita Extra is a must-try, featuring a generous amount of creamy buffalo mozzarella and fresh basil, elevated by a drizzle of fragrant olive oil. For pasta lovers, the Scallop Cream Tripoline is a standout, with its uniquely textured pasta coated in a surprisingly light, subtly spicy cream sauce packed with fresh seafood.","북촌 한옥 마을의 매력적인 분위기 속에 자리한 이 피자집은 전통적인 한옥 건축과 현대적이고 아늑한 분위기를 조화롭게 융합한 독특한 다이닝 경험을 선사합니다. 오픈 키친에서는 셰프들이 고온의 화덕에서 정통 피자를 만드는 모습을 직접 볼 수 있어, 데이트에 완벽한 따뜻하고 매력적인 분위기를 자아냅니다. 양이 다소 적을 수 있지만, 품질과 맛은 부인할 수 없습니다.

이곳의 하이라이트는 480°C 이상의 고온에서 90초 이내로 구워내는 전통 피자로, 얇고 바삭하면서도 쫄깃한 식감이 일품입니다. 마르게리따 엑스트라 피자는 신선한 바질과 크리미한 버팔로 모짜렐라 치즈가 듬뿍 올라가 향긋한 올리브 오일로 풍미를 더한 메뉴로 꼭 맛봐야 합니다. 파스타 애호가라면, 독특한 식감의 트리폴리네 면에 신선한 해산물이 가득한 놀랍도록 가볍고 은은하게 매콤한 크림 소스가 어우러진 관자 크림 트리폴리네를 추천합니다."
blueribbon,Namsan winery,서울특별시 용산구 회나무로10길 5,Seoul,South Korea,RIBBON_ONE,"바, 와인바, 유럽식, 포르투갈식",,02-792-5849,,2026,,37.5389676740777,126.989128810378,2026-02-17T22:29:33.775718+00:00,,,,남산와이너리,서울특별시 용산구 회나무로10길 5,"Nestled at the entrance of Gyeongnidan-gil, Namsan Winery is a unique wine bar that has infused a Portuguese spirit into a charming brick house. This long-standing establishment, now a decade strong, stands out by specializing in Portuguese cuisine and wines. It's a place with a distinct identity, offering an authentic taste of Portugal right here in Seoul. The interior, with its subtle pink mood lighting and walls lined with an intriguing selection of Portuguese wines, creates an intimate atmosphere perfect for dates or gatherings.","경리단길 초입, 매력적인 벽돌집에 포르투갈의 정서를 담아낸 남산 와이너리는 독특한 와인바로, 이제는 10년차를 맞이한 오랜 역사를 자랑합니다. 이곳은 포르투갈 음식과 와인만을 전문으로 취급하며, 서울에서 포르투갈의 맛을 제대로 느낄 수 있는 특별한 공간입니다. 은은한 핑크색 무드등과 흥미로운 포르투갈 와인들로 채워진 내부는 데이트나 모임에 완벽한 아늑한 분위기를 선사합니다."
blueribbon,꺼거,서울특별시 용산구 한강대로48길 10,Seoul,South Korea,RIBBON_ONE,"중식, 홍콩식중식",,0507-1420-5433,,2026,,37.5315505801618,126.971126584354,2026-02-17T22:29:33.775718+00:00,,,,꺼거,서울특별시 용산구 한강대로48길 10,"Step into Kkeogeo (꺼거) and be transported to a Hong Kong-inspired haven in Yongridan-gil. This popular spot, featured on ""Julseoneun Sikdang"" (줄서는식당), is known for its lively atmosphere and delicious Cantonese-style dishes. Be prepared for a wait, as they use Catch Table for on-site queuing, but the vibrant ambiance and unique flavors are well worth it. The interior is cozy, with 2-4 person tables, creating an intimate dining experience perfect for sharing a meal.","용리단길의 홍콩 감성 맛집, 꺼거에 오신 것을 환영합니다. '줄서는식당'에도 소개된 이곳은 활기찬 분위기와 맛있는 광둥 요리로 유명합니다. 캐치테이블 현장 웨이팅 시스템을 운영하기 때문에 대기가 있을 수 있지만, 생동감 넘치는 분위기와 독특한 맛은 기다림의 가치가 있습니다. 내부는 2-4인석 위주로 아늑하게 꾸며져 있어, 식사를 함께 나누기에 완벽한 친밀한 다이닝 경험을 선사합니다."
blueribbon,osteria juyeon,서울특별시 중랑구 봉우재로37길 9,Seoul,South Korea,RIBBON_ONE,프랑스식,,02-433-9098 ,,2026,,37.59349331688812,127.088084611645,2026-02-17T22:29:33.775718+00:00,,,,다이닝주연,서울특별시 중랑구 봉우재로37길 9,"Osteria Juyeon is a culinary haven that recently hosted the 3rd Seoul Charity Dinner, a heartwarming event organized by Tasty Korea and led by renowned food director Angela Kim. This special occasion saw the participation of national chef Kim Gi-dong, who helms Osteria Juyeon, and was sponsored by Kooksoondang. The dinner successfully raised funds for the Dongbang Social Welfare organization, highlighting the restaurant's commitment to giving back to the community.",오스떼리아 주연은 최근 테이스티 코리아가 기획하고 푸드디렉터 김유경 대표가 이끈 제3회 서울 자선 디너를 개최한 특별한 장소입니다. 이 행사는 오스떼리아 주연을 운영하는 국가대표 셰프 김기동 셰프와 국순당의 후원으로 진행되었습니다. 이번 디너는 동방사회복지회에 기부금을 전달하며 지역 사회에 환원하는 레스토랑의 따뜻한 마음을 보여주었습니다.
blueribbon,"꽃,밥에피다",서울특별시 종로구 인사동16길 3-6,Seoul,South Korea,RIBBON_ONE,"한식(일반한식), 일반한식, 모던한식",,02-732-0276 ,,2026,,37.575236,126.984001,2026-02-17T22:29:33.775718+00:00,,,,"꽃,밥에피다",서울특별시 종로구 인사동16길 3-6,"Nestled in the charming Bukchon Hanok Village, Kkot, Bap-e Pida is a serene oasis dedicated to healthy, eco-friendly Korean cuisine. This Michelin-recognized gem prioritizes ingredients grown through sustainable farming, offering a refined dining experience that feels both nourishing and luxurious. The ambiance blends traditional Korean aesthetics with modern comfort, making it an ideal spot for a special meal, especially when impressing parents or celebrating significant occasions.","북촌 한옥마을의 매력적인 분위기 속에 자리한 꽃, 밥에 피다는 건강하고 친환경적인 한식에 전념하는 고요한 안식처입니다. 미슐랭 가이드에도 소개된 이 보석 같은 식당은 지속 가능한 농법으로 재배된 식재료를 우선시하며, 영양과 고급스러움을 동시에 느낄 수 있는 세련된 식사 경험을 선사합니다. 전통적인 한국의 미학과 현대적인 편안함이 조화를 이루는 분위기는 특별한 식사, 특히 부모님을 모시거나 중요한 기념일을 축하할 때 이상적인 장소입니다."
blueribbon,능라밥상,서울특별시 종로구 사직로2길 14,Seoul,South Korea,RIBBON_ONE,"한식(일반한식), 이북음식, 한식(면류), 평양냉면",,02-747-9907,,2026,,37.5729405662598,126.964003814558,2026-02-17T22:29:33.775718+00:00,,,,능라밥상,서울특별시 종로구 사직로2길 14,"This newly opened spot in Sinwol offers a clean and inviting atmosphere, perfect for both a meal and drinks. While the menu features some familiar favorites like LA galbi, the true stars are the North Korean (이북) specialties. The signature Eobok-jaengban (어복쟁반) is a hearty, slow-cooked beef and vegetable stew served in a large platter, ideal for sharing. Don't miss the substantial, meat-filled North Korean-style glutinous rice sundae (이북식 찹쌀순대) and the subtly spicy bibim naengmyeon (비빔냉면), which provides a nice contrast to the milder dishes.","신월동에 새로 생긴 능라밥상은 깔끔하고 매력적인 분위기를 자랑하며, 식사와 술 한잔을 즐기기에 모두 좋습니다. 메뉴에는 LA갈비 같은 익숙한 메뉴도 있지만, 진정한 주인공은 이북 음식입니다. 메인 메뉴인 어복쟁반(어복쟁반)은 푸짐한 소고기와 채소를 함께 끓여 먹는 요리로, 여럿이 나눠 먹기 좋습니다. 속이 꽉 찬 이북식 찹쌀순대(이북식 찹쌀순대)와 담백한 메인 요리와 대비되는 매콤한 비빔냉면(비빔냉면)도 꼭 맛보세요."
blueribbon,높은집종가산꼼장어,서울특별시 성동구 왕십리로21길 17,Seoul,South Korea,RIBBON_ONE,"한식(어패류), 곰장어",,02-2292-4074,,2026,,37.56087,127.0329,2026-02-17T22:29:33.775718+00:00,,,,높은집종가산꼼장어,서울특별시 성동구 왕십리로21길 17,"Step into a Seoul institution with a 28-year legacy, recently featured on 'The Delicious Guys.' This spot offers a unique 곰장어 (gomjangeo) omakase experience, showcasing the delicacy in various forms from a refreshing jelly to a hearty stew. The star of the show is the grilled 곰장어 (gomjangeo), served in distinct parts like skin, body, and innards, allowing you to savor each texture. Don't miss the accompanying fresh sea cucumber innards (wada) for dipping, a true delicacy that elevates the grilled eel.","28년 전통의 '더 맛있는 녀석들'에도 소개된 서울의 명소에 오신 것을 환영합니다. 이곳에서는 쫄깃한 묵부터 든든한 탕까지, 다양한 형태로 즐길 수 있는 특별한 곰장어 오마카세 경험을 선사합니다. 하이라이트는 껍질, 몸통, 내장 등 부위별로 구워져 나오는 곰장어로, 각 부위의 독특한 식감을 음미할 수 있습니다. 신선한 해삼 내장(와다)에 찍어 먹는 구이는 이 별미를 한층 더 돋보이게 합니다."
blueribbon,나리의집,서울특별시 용산구 이태원로 245,Seoul,South Korea,RIBBON_ONE,"한식(육류), 삼겹살",,02-793-4860,,2026,,37.536878,127.000121,2026-02-17T22:29:33.775718+00:00,,,,나리의집,서울특별시 용산구 이태원로 245,"Nestled between Itaewon and Hangangjin Station, Narui Jip is a bustling hotspot famous for its chilled, thinly sliced pork belly, or naengsam (냉삼). Expect a line, especially if you arrive close to its 2 PM opening, as this place is a popular choice for locals and visitors alike. The interior is surprisingly spacious, accommodating many eager diners ready to enjoy the star of the show: perfectly chilled naengsam that's expertly sliced before it melts.","이태원과 한강진역 사이에 자리한 나리의집은 시원하게 얇게 썬 삼겹살, 즉 냉삼으로 유명한 활기찬 명소입니다. 특히 오후 2시 오픈 시간에 맞춰 도착하면 긴 줄을 예상해야 하는데, 이곳은 현지인과 방문객 모두에게 인기 있는 선택지이기 때문입니다. 내부는 놀랍도록 넓어, 녹기 전에 전문가가 썰어주는 완벽하게 차가운 냉삼을 맛보려는 많은 식객들을 수용할 수 있습니다."
blueribbon,GROWERS,서울특별시 서대문구 연희로27길 52,Seoul,South Korea,RIBBON_ONE,"기타, 브런치카페",,0507-1427-3782,,2026,,37.5722825693755,126.933334949292,2026-02-17T22:29:33.775718+00:00,,,,그로어스,서울특별시 서대문구 연희로27길 52,"Nestled in a charming residential area, GROWERS is a beautifully renovated house cafe perfect for dates or catching up with friends. Its Instagram-worthy ambiance, especially during the winter season with festive decorations, makes it a popular spot. The brunch here is a standout, with the ""GROWERS Breakfast"" being a highly recommended signature dish. This hearty meal offers a generous spread of ingredients, allowing you to customize your own delicious creations, and is served with four different jams to complement the freshly baked bread.","아늑한 주택가에 자리한 그로어스(GROWERS)는 데이트나 친구들과의 수다에 완벽한 아름답게 개조된 주택 카페입니다. 특히 겨울 시즌에는 축제 분위기의 장식으로 더욱 돋보이는 인스타그램 감성의 공간으로, 인기 있는 장소입니다. 이곳의 브런치는 단연 최고이며, 특히 '그로어스 브렉퍼스트'는 강력 추천하는 시그니처 메뉴입니다. 푸짐한 구성의 이 메뉴는 신선하게 구워진 빵과 함께 곁들일 수 있는 네 가지 잼을 제공하며, 다양한 재료를 취향에 맞게 조합하여 나만의 맛있는 요리를 만들 수 있습니다."
blueribbon,GIMISA,서울특별시 성동구 성수이로26길 47,Seoul,South Korea,RIBBON_ONE,"카페/커피/티, 커피전문점",,070-8672-9385,,2026,,37.545134419964,127.062772457313,2026-02-17T22:29:33.775718+00:00,,,,기미사,서울특별시 성동구 성수이로26길 47,"Tucked away in a quiet alley near Seongsu Station, GIMISA SEOUNGSU (기미사 성수) offers a stylish and urban escape. The cafe boasts a modern, yet calm interior, complemented by a curated playlist and a unique menu that sets it apart from typical coffee shops. Their signature drinks, like the Valrhona Cafe Mocha (발로나 카페모카), are crafted with evident passion and skill by their experienced baristas. It's a perfect spot for a moment of quiet reflection, especially on a rainy day.","성수역 근처 조용한 골목에 자리한 기미사 성수(GIMISA SEOUNGSU)는 세련되고 도시적인 분위기를 선사합니다. 모던하면서도 차분한 인테리어와 독특한 메뉴 구성이 돋보이며, 숙련된 바리스타가 정성껏 만드는 시그니처 음료, 특히 발로나 카페모카(Valrhona Cafe Mocha)는 이곳의 자랑입니다. 비 오는 날에도 운치 있는 공간에서 조용히 사색을 즐기기에 완벽한 장소입니다."
blueribbon,경양카츠,서울특별시 마포구 동교로 238-1,Seoul,South Korea,RIBBON_ONE,"일식, 일식돈가스",,070-7543-5445 ,,2026,,37.56115634873273,126.92449856120588,2026-02-17T22:29:33.775718+00:00,,,,경양카츠,서울특별시 마포구 동교로 238-1,"Nestled near Kyung Hee University, Gyeongyangkats is a popular spot for various kats (카츠) dishes, especially among students. The interior is clean and well-organized, offering a pleasant dining atmosphere. While it can get crowded during the academic year, visiting during breaks means you can often enjoy a meal without a wait. The menu offers several kats options, with the tender pork tenderloin kats (안심카츠) and the classic pork loin kats (등심카츠) being popular choices. Each set comes with a satisfying array of sides, including cabbage salad, noodles, and rice, ensuring a complete and hearty meal.","경희대학교 근처에 자리한 경양카츠는 다양한 카츠(카츠) 요리로 유명하며, 특히 학생들 사이에서 인기가 많습니다. 내부는 깔끔하고 정돈되어 있어 쾌적한 식사 분위기를 제공합니다. 학기 중에는 붐빌 수 있지만, 방학 기간에 방문하면 웨이팅 없이 식사를 즐길 수 있는 경우가 많습니다. 부드러운 안심카츠(안심카츠)와 클래식한 등심카츠(등심카츠)가 인기 메뉴이며, 다양한 카츠 옵션을 제공합니다. 모든 세트에는 양배추 샐러드, 국수, 밥 등 푸짐한 곁들임 메뉴가 함께 제공되어 든든한 한 끼를 완성합니다."
blueribbon,광화문국밥,서울특별시 중구 세종대로21길 53,Seoul,South Korea,RIBBON_ONE,"한식(탕/국/찌개/전골), 돼지국밥, 한식(면류), 평양냉면, 한식(육류), 수육",,02-738-5688 ,,2026,,37.568908,126.975418,2026-02-17T22:29:33.775718+00:00,,,,광화문국밥,서울특별시 중구 세종대로21길 53,"Nestled in a quiet alley, Gwanghwamun Gukbap offers a refreshing take on traditional Korean comfort food. This Michelin Bib Gourmand recipient is known for redefining the classic gukbap (국밥) with a clear, clean broth and thinly sliced pork, focusing on delicate flavors and textures rather than a heavy, boiling stew. The atmosphere is modern and efficient, with a focus on quick turnover, making it ideal for solo diners at the bar or lively group meals. Expect a vibrant buzz during peak hours, with the clinking of bowls and lively conversation forming the backdrop to your meal.","조용한 골목길에 자리한 광화문국밥은 한국의 대표적인 소울푸드인 국밥을 신선하게 재해석한 곳입니다. 미쉐린 가이드 빕 구르망으로 선정된 이곳은 뚝배기 가득 끓여내는 진한 국물 대신 맑고 깨끗한 육수와 얇게 저민 돼지고기를 사용하여, 무거운 느낌보다는 섬세한 맛과 식감에 집중한 것이 특징입니다. 공간은 현대적이고 효율적으로 운영되며, 빠른 회전율을 중시하여 혼밥족은 물론 활기찬 그룹 식사에도 적합합니다. 점심 피크 시간에는 그릇 부딪히는 소리와 활기찬 대화 소리가 어우러져 생동감 넘치는 분위기를 느낄 수 있습니다."
blueribbon,GUSTO TACO,서울특별시 마포구 와우산로 41,Seoul,South Korea,RIBBON_ONE,"중남미식, 멕시코식",,02-338-8226 ,,2026,,37.5481,126.9228,2026-02-17T22:29:33.775718+00:00,,,,구스토타코,서울특별시 마포구 와우산로 41,"Gusto Taco, a multi-award-winning Mexican eatery near Sangsu Station, is a beloved spot for authentic flavors. While the set menus can be a bit overwhelming, the star of the show is undoubtedly their handmade tortillas, so delicious they're practically a dish on their own. Whether you opt for their hearty burritos (which are incredibly tasty but can be quite filling) or their perfectly balanced tacos, the quality shines through. It's a popular spot with a mixed crowd of locals and foreigners, often bustling but without long waits.","상수역 근처에 위치한 블루리본 수상 경력의 멕시코 음식점 구스토 타코는 진정한 멕시코의 맛을 선사하는 곳입니다. 세트 메뉴가 다소 선택하기 어려울 수 있지만, 이곳의 하이라이트는 단연 직접 반죽하여 구워낸 또르띠야(tortilla)로, 그 자체로도 훌륭한 맛을 자랑합니다. 푸짐하고 맛있는 부리또(burrito)나 균형 잡힌 타코(taco)를 선택하든, 재료의 신선함과 정성이 느껴집니다. 현지인과 외국인이 반반씩 찾는 인기 있는 장소로, 주말 낮에도 긴 웨이팅 없이 즐길 수 있습니다."
blueribbon,군산아구산꽃게,서울특별시 성동구 마장로 327,Seoul,South Korea,RIBBON_ONE,"한식(어패류), 꽃게, 아귀",,02-2295-7019 ,,2026,,37.5679,127.0451,2026-02-17T22:29:33.775718+00:00,,,,군산아구산꽃게,서울특별시 성동구 마장로 327,"This spot is a legendary institution in the Majang-dong crab district, known for its generous portions and fresh, flavorful seafood. The signature mixed stew (seokkeo-jjim, 섞어찜) is a must-try, brimming with succulent crab, tender anglerfish, and plump seafood like octopus and sea squirts. The crab is incredibly sweet and packed with meat, complemented by a clean, spicy broth that's perfect for pairing with drinks. Don't forget to save room for the classic Korean finish: fried rice (bokkeumbap, 볶음밥) made with the leftover broth and topped with seaweed flakes.","마장동 꽃게 거리의 터줏대감 같은 이곳은 푸짐한 양과 신선한 해산물로 유명합니다. 시그니처 메뉴인 섞어찜은 살이 꽉 찬 꽃게와 부드러운 아귀, 낙지, 미더덕 등 다양한 해산물이 어우러져 풍성한 맛을 자랑합니다. 꽃게는 달콤하고 살이 많으며, 깔끔하면서도 매콤한 국물은 술안주로 제격입니다. 한국인의 마무리는 역시 볶음밥! 남은 국물에 김가루까지 뿌려 볶아낸 볶음밥은 꼭 맛봐야 할 별미입니다."
blueribbon,계열사,서울특별시 종로구 백석동길 7,Seoul,South Korea,RIBBON_ONE,"한식(가금류), 프라이드치킨",,02-391-3566 ,,2026,,37.59285,126.9656,2026-02-17T22:29:33.775718+00:00,,,,계열사,서울특별시 종로구 백석동길 7,"Nestled in the charming Buam-dong area, Gyyeolsa is a renowned spot celebrated for its exceptional fried chicken (후라이드 치킨). Despite its popularity and potential for long waits, the crispy, satisfying texture of the chicken is a major draw. The restaurant boasts a classic, cozy ambiance with exposed brick and vintage decor, offering a unique dining experience, especially in its subterranean seating area. It's a must-visit for chicken enthusiasts seeking a taste of a 'Master of Living' (생활의 달인) recognized dish.","매력적인 부암동에 자리한 계열사는 뛰어난 후라이드 치킨(후라이드 치킨)으로 유명한 곳입니다. 인기가 많아 대기가 길 수 있지만, 바삭하고 만족스러운 치킨의 식감이 큰 매력입니다. 붉은 벽돌과 빈티지 장식으로 고전적이고 아늑한 분위기를 자랑하며, 특히 지하 좌석 공간은 독특한 식사 경험을 선사합니다. '생활의 달인'에 소개된 요리를 맛보고 싶은 치킨 애호가들에게 꼭 방문해야 할 곳입니다."
blueribbon,TXT Coffee,서울특별시 종로구 창덕궁길 121,Seoul,South Korea,RIBBON_ONE,"카페/커피/티, 커피전문점",,070-7760-0121 ,,2026,,37.5828255,126.9890299,2026-02-17T22:29:33.775718+00:00,,,,txt커피,서울특별시 종로구 창덕궁길 121,"Nestled along the picturesque stone walls of Changdeokgung Palace, TXT Coffee is a serene specialty coffee haven in the heart of Bukchon Hanok Village. The cafe's exterior, a charming blend of green and brown, perfectly complements the traditional surroundings. Inside, the intimate space, inspired by the colors of traditional Korean architecture, invites you to focus on the art of coffee. A unique ordering system where you check your menu choices with a pencil adds a touch of playful nostalgia.",창덕궁 돌담길의 그림 같은 풍경 속에 자리한 TXT Coffee는 북촌 한옥마을 중심부에 위치한 고요한 스페셜티 커피 명소입니다. 초록색과 갈색의 매력적인 조화로 이루어진 카페 외관은 전통적인 주변 환경과 완벽하게 어우러집니다. 내부의 아늑한 공간은 전통 건축의 색상에서 영감을 받아 커피의 예술에 집중하도록 초대합니다. 연필로 메뉴를 체크하는 독특한 주문 방식은 향수를 불러일으키는 재미를 더합니다.
blueribbon,glt gelato,서울특별시 마포구 양화로23길 10-8,Seoul,South Korea,RIBBON_ONE,"디저트/스위트, 젤라토",,0507-1353-5629,,2026,,37.559162,126.925678,2026-02-17T22:29:33.775718+00:00,,,,glt젤라또,서울특별시 마포구 양화로23길 10-8,"Tucked away in a charming alley near Hongik University Station, GLT Gelato is a hidden gem that locals rave about. This cozy, pink-hued shop, often recognized by its distinctive color and the enigmatic owner, offers a unique gelato experience. While the menu rotates, the pistachio flavor is legendary, described as the benchmark for all other pistachios. Expect a rich, dense texture that defines true gelato, a welcome contrast to many places that misrepresent their offerings.","홍대입구역 근처의 매력적인 골목길에 숨겨진 GLT 젤라또는 현지인들이 극찬하는 숨은 보석입니다. 독특한 색감과 신비로운 사장님으로 종종 인식되는 이 아늑하고 핑크빛 가게는 특별한 젤라또 경험을 선사합니다. 메뉴는 바뀌지만, 피스타치오 맛은 다른 모든 피스타치오의 기준점이 될 정도로 전설적이라고 합니다. 진정한 젤라또의 정의를 보여주는 풍부하고 꾸덕한 질감을 기대할 수 있으며, 이는 종종 젤라또로 잘못 불리는 다른 가게들과 확연히 구분됩니다."
blueribbon,17℃,서울특별시 마포구 양화로19길 22-16,Seoul,South Korea,RIBBON_ONE,"디저트/스위트, 초콜릿",,02-337-1706 ,,2026,,37.5587445543563,126.924488771563,2026-02-17T22:29:33.775718+00:00,,,,17도씨,서울특별시 마포구 양화로19길 22-16,"Escape the biting cold at 17℃, a cozy haven perfect for warming up during Seoul's frigid winter. This spot is ideal for shaking off the chill and enjoying a comforting meal. While specific signature dishes aren't highlighted, the reviews suggest a welcoming atmosphere that makes you feel right at home, offering a much-needed respite from the harsh weather outside.","매서운 추위를 피해 17℃에서 아늑한 휴식을 취해보세요. 서울의 혹독한 겨울을 녹여줄 완벽한 장소입니다. 이곳은 추위를 떨쳐내고 편안한 식사를 즐기기에 이상적입니다. 특별히 언급된 대표 메뉴는 없지만, 리뷰를 통해 집처럼 편안함을 느낄 수 있는 환영하는 분위기를 제공하며 바깥의 혹독한 날씨로부터 필요한 휴식을 선사한다는 것을 알 수 있습니다."
blueribbon,가봉루,서울특별시 종로구 새문안로5길 5-27,Seoul,South Korea,RIBBON_ONE,"중식, 일반중식",,02-736-8100,,2026,,37.5710268990296,126.974571894891,2026-02-17T22:29:33.775718+00:00,,,,가봉루,서울특별시 종로구 새문안로5길 5-27,"Nestled behind the Sejong Center for the Performing Arts, Gabongru is a bustling Chinese restaurant popular with office workers looking for a lively spot for after-work drinks and meals. The spacious interior, complete with private rooms, makes it an ideal venue for company dinners. While the prices are generally reasonable, especially for the lunch sets, be prepared for a slightly higher price point on alcoholic beverages.","세종문화회관 뒤편에 자리한 가봉루는 직장인들이 회식 장소로 즐겨 찾는 활기찬 중식당입니다. 넓은 홀과 개별 룸이 마련되어 있어 단체 모임에 적합하며, 점심 식사 메뉴의 가성비가 뛰어나지만 주류 가격은 다소 높은 편입니다."
blueribbon,갯마을,서울특별시 용산구 서빙고로 56,Seoul,South Korea,RIBBON_ONE,"한식(면류), 만두",,02-795-2277,,2026,,37.523035646485845,126.97033878731338,2026-02-17T22:29:33.775718+00:00,,,,갯마을,서울특별시 용산구 서빙고로 56,"Nestled in the bustling streets near Nonhyeon Station, 갯마을조개터 (Gaetmaeul Jogae-teo) is a lively seafood spot that truly comes alive, especially on weekend evenings. While known for its impressive 조개전골 (jogae jeongol - assorted clam hot pot), the star of the show for many is the generous portion of plump, fresh 굴찜 (guljjim - steamed oysters). The restaurant offers a vibrant atmosphere with ample seating and a well-stocked self-serve bar featuring a variety of banchan (side dishes) and condiments, perfect for customizing your seafood feast.","논현역 근처 번화가에 자리한 갯마을조개터는 주말 저녁이면 활기가 넘치는 해산물 맛집입니다. 푸짐한 조개전골로도 유명하지만, 많은 이들이 찾는 별미는 신선하고 통통한 굴찜입니다. 넉넉한 좌석과 다양한 밑반찬, 소스를 갖춘 셀프바가 마련되어 있어 해산물 만찬을 취향껏 즐기기에 좋습니다."
blueribbon,겐로쿠우동(홍대본점),서울특별시 마포구 어울마당로 39,Seoul,South Korea,RIBBON_ONE,"일식, 일식우동",,02-325-8555,,2026,,37.548721,126.920283,2026-02-17T22:29:33.775718+00:00,,,,겐로쿠우동(홍대본점),서울특별시 마포구 어울마당로 39,"Nestled in the heart of the bustling Hongdae district, Genroku Udon (겐로쿠우동) is a highly acclaimed udon specialist with a legacy dating back to 2017, consistently recognized in the Blue Ribbon Survey. This establishment has graced numerous television programs, including ""The Master of Living"" (생활의 달인), for its signature dishes like the grilled leek udon. The ambiance is warm and inviting, with a traditional Japanese exterior and a cozy, wood-toned interior offering views of the vibrant street below. It's also a great spot for solo diners, with ample single seating and a convenient kiosk ordering system.","활기 넘치는 홍대 거리 한복판에 자리한 겐로쿠우동(겐로쿠우동)은 2017년부터 블루리본 서베이에 꾸준히 선정된 명성 높은 우동 전문점입니다. 이곳은 구운 파 우동과 같은 시그니처 메뉴로 '생활의 달인'을 비롯한 다수의 TV 프로그램에 소개된 바 있습니다. 전통 일본식 외관과 아늑한 우드톤 인테리어는 따뜻하고 정겨운 분위기를 자아내며, 창가 좌석에서는 홍대의 활기찬 풍경을 감상할 수 있습니다. 혼밥족을 위한 1인 좌석도 넉넉하며, 편리한 키오스크 주문 시스템을 갖추고 있습니다."
blueribbon,Deux Amis,서울특별시 강남구 도산대로11길 28,Seoul,South Korea,RIBBON_TWO,,,02-3443-0030,,2026,,37.51933,127.0226,2026-02-17T22:29:33.775718+00:00,,,,듀자미,서울특별시 강남구 도산대로11길 28,"Step into Deux Amis, a charming Garosu-gil cafe named ""Two Friends"" in French, reflecting its origins from two chefs graduated from world-renowned pastry schools. This establishment, a 14-time recipient of the Blue Ribbon award, offers a delightful European-inspired ambiance, with sun-drenched seating on the second floor providing a warm and inviting atmosphere. While the menu features a good selection of teas and coffee with bean choices, the true stars are the exquisite, artfully crafted desserts displayed enticingly at the counter.","프랑스어로 '두 친구'를 뜻하는 듀자미는 세계적인 제과 학교 출신 셰프 두 명이 의기투합해 만든 곳으로, 14년 연속 블루리본 수상에 빛나는 가로수길의 명소입니다. 유럽풍으로 아늑하게 꾸며진 매장은 특히 2층의 햇살 가득한 좌석이 매력적이며, 따뜻하고 편안한 분위기를 선사합니다. 차와 커피 등 음료 메뉴도 훌륭하지만, 이곳의 진정한 하이라이트는 쇼케이스에 화려하게 진열된, 예술 작품처럼 정교하게 만들어진 디저트입니다."
blueribbon,Restaurant ON,서울특별시 강남구 도산대로92길 42,Seoul,South Korea,RIBBON_TWO,,,02-547-0467 ,,2026,,37.521946,127.049384,2026-02-17T22:29:33.775718+00:00,,,,레스토랑온,서울특별시 강남구 도산대로92길 42,"Nestled in the vibrant Sharosu-gil area, Citron Office is a chic cafe and dessert haven perfect for a relaxed afternoon. The ambiance is cozy and inviting, with ample seating options including group tables and intimate spots for couples or solo diners. It's a great spot to unwind and enjoy a sweet treat.","샤로수길에 자리한 시트론 오피스는 편안한 오후를 보내기 좋은 세련된 카페이자 디저트 맛집입니다. 아늑하고 매력적인 분위기 속에 단체석부터 커플석, 1인석까지 다양한 좌석이 마련되어 있어 취향에 맞게 즐길 수 있습니다. 여유로운 시간을 보내며 달콤한 디저트를 맛보기에 완벽한 장소입니다."
blueribbon,DRESDEN GREEN,서울특별시 강남구 도산대로 420,Seoul,South Korea,RIBBON_TWO,,,02-6205-0329,,2026,,37.5230546690263,127.042083071774,2026-02-17T22:29:33.775718+00:00,,,,드레스덴그린,서울특별시 강남구 도산대로 420,"Dresden Green is a fine-dining establishment helmed by Chef Park Ga-ram, known from the TV show ""Black & White Chef 2."" This hidden gem was already a favorite among fine-dining enthusiasts before the chef's television debut. The ambiance is immediately striking, with a quiet elegance upon entering. Guests are often treated to private rooms, offering an intimate dining experience. Chef Park Ga-ram himself may present dishes, sharing insights into the ingredients with a calming narration that enhances the appreciation of each course. The service is consistently praised for its attentiveness and professionalism, making diners feel they are receiving exceptional value.","드레스덴 그린은 '흑백요리사2'에 출연한 박가람 셰프가 운영하는 파인 다이닝 레스토랑으로, 이미 방송 출연 전부터 미식가들 사이에서 명성이 자자했던 곳입니다. 엘리베이터 문을 열고 들어서는 순간부터 느껴지는 조용하고 고급스러운 분위기가 인상적입니다. 2인부터 이용 가능한 프라이빗 룸은 아늑한 식사 경험을 선사합니다. 박가람 셰프가 직접 나와 요리에 대한 설명을 곁들이며, 차분한 목소리로 식재료에 대한 이야기를 들려주어 음식의 풍미를 더합니다. 직원들의 세심하고 전문적인 서비스는 방문객들에게 특별한 대접을 받는다는 느낌을 선사합니다."
blueribbon,MONGONE,서울특별시 강남구 선릉로155길 5,Seoul,South Korea,RIBBON_TWO,,,02-540-0680 ,,2026,,37.525231,127.039135,2026-02-17T22:29:33.775718+00:00,,,,몽고네,서울특별시 강남구 선릉로155길 5,"Step into Mongone (몽고네) and be transported to a charming European escape right in the heart of Apgujeong. This long-standing Italian gem, helmed by Head Chef Umberto and curated wine selections from Sommelier Kim Sung-jun, offers an intimate dining experience. With cozy private rooms perfect for gatherings and a sophisticated ambiance, it's an ideal spot for those seeking authentic Italian cuisine paired with exceptional wines.","압구정 한복판에서 유럽의 매력적인 분위기를 느낄 수 있는 몽고네(Mongone)에 들어서 보세요. 움베르토 총괄 셰프와 김성준 소믈리에의 엄선된 와인 셀렉션이 함께하는 이곳은 오랜 시간 동안 사랑받아온 정통 이탈리안 레스토랑입니다. 아늑한 프라이빗 룸은 모임 장소로 완벽하며, 고급스러운 분위기 속에서 특별한 이탈리안 요리와 훌륭한 와인을 즐길 수 있는 곳입니다."
blueribbon,프로간장게장,서울특별시 서초구 강남대로97길 7,Seoul,South Korea,RIBBON_TWO,,,02-543-4126,,2026,,37.5145780257989,127.019168572867,2026-02-17T22:29:33.775718+00:00,,,,프로간장게장,서울특별시 서초구 강남대로97길 7,"This popular spot, a favorite among international visitors, is conveniently located just a five-minute walk from Sinsa Station. While on the pricier side, the signature ganjang gejang (간장게장) is lauded for its clean, pure flavor, free from any fishy notes. The brine is perfectly balanced, not too salty, and infused with a subtle bay leaf aroma, highlighting the rich roe and innards. The yangnyeom gejang (양념게장) offers a bolder, spicier profile with prominent garlic, chili, and onion notes.","신사역에서 도보 5분 거리에 위치한 이곳은 외국인 관광객에게도 인기가 많은 곳입니다. 가격대는 다소 높은 편이지만, 시그니처 메뉴인 간장게장(간장게장)은 비린 맛 없이 깔끔하고 순수한 맛으로 극찬을 받았습니다. 짜지 않고 은은한 월계수 잎 향이 나는 간장 베이스는 풍부한 알과 내장을 더욱 돋보이게 합니다. 양념게장(양념게장)은 마늘, 고추, 양파 맛이 강한 매콤한 맛을 자랑합니다."
blueribbon,김영모과자점,서울특별시 서초구 효령로 403,Seoul,South Korea,RIBBON_TWO,,,02-2055-1983,,2026,,37.4889155854443,127.027749222342,2026-02-17T22:29:33.775718+00:00,,,,김영모과자점,서울특별시 서초구 효령로 403,"Step into a haven for bread lovers at Kim Young-mo Patisserie (김영모과자점), a renowned bakery established by Korea's first master patissier, Kim Young-mo. With over 40 years of tradition, this spot offers an overwhelming selection of baked goods, from delicate pastries and crusty baguettes to rich pound cakes and celebratory cakes. The inviting aroma of butter greets you at the door, hinting at the high-quality treats inside. Whether you crave sweet indulgences or savory European-style breads, you'll find a delightful array to choose from, making it a perfect stop for a quick lunch or a leisurely coffee break.","국내 1호 제과명장 김영모 파티셰가 40년 넘게 운영해 온 김영모과자점(김영모과자점)은 빵 애호가들의 천국입니다. 입구부터 은은하게 풍기는 버터 향이 고급스러운 분위기를 자아내며, 페이스트리, 바게트, 파운드케이크부터 특별한 날을 위한 케이크까지 압도적인 종류의 빵을 자랑합니다. 달콤한 빵을 좋아하는 사람부터 담백한 유럽식 빵을 선호하는 사람까지 모두 만족시킬 수 있는 다채로운 메뉴가 준비되어 있어, 가벼운 점심 식사나 여유로운 커피 타임을 즐기기에 완벽한 장소입니다."
blueribbon,정대,서울특별시 강남구 도산대로 501,Seoul,South Korea,RIBBON_TWO,"일식, 스시",,02-737-3204,,2026,,37.5246564917753,127.047716782173,2026-02-17T22:29:33.775718+00:00,,,,정대,서울특별시 강남구 도산대로 501,"Chef Lee Jung-dae's eponymous restaurant, Jeongdae, offers an exquisite omakase experience that celebrates the finest seasonal ingredients. The meal begins with a refreshing starter of seasonal sashimi, featuring plump squid and sweet shrimp with a tangy dressing that awakens the palate. Highlights include the tender braised octopus (nitako, 煮蛸), a delicate sea bass steamed in sake (sakamushi, 酒蒸し) with a rich broth, and perfectly grilled cutlassfish (tachiuo yaki, 太刀魚焼き) from Jeju. The sushi course is a masterclass in texture and flavor, with each piece, from the aged sea bream (madai, 真鯛) to the fatty tuna (chutoro, 中トロ and otoro, 大トロ), showcasing meticulous preparation and balanced seasoning.","이정대 셰프의 이름을 건 정대는 제철 최고 식재료를 선보이는 절묘한 오마카세 경험을 선사합니다. 식사는 입맛을 돋우는 상큼한 계절 사시미로 시작하며, 통통한 오징어와 단새우, 그리고 새콤한 드레싱이 조화를 이룹니다. 부드럽게 조려진 문어 조림(니타코, 煮蛸), 풍부한 육수와 함께 제공되는 섬세한 민어 술찜(사카무시, 酒蒸し), 그리고 제주산 갈치구이(타치우오야끼, 太刀魚焼き)가 특히 인상적입니다. 스시 코스는 숙성된 참돔(마다이, 真鯛)부터 지방이 풍부한 참다랑어 중뱃살(쥬토로, 中トロ)과 대뱃살(오토로, 大トロ)까지, 각 조각마다 세심한 준비와 균형 잡힌 양념으로 질감과 풍미의 정수를 보여줍니다."
blueribbon,모노로그,서울특별시 강남구 도산대로 442,Seoul,South Korea,RIBBON_TWO,,,02-545-9996,,2026,,37.5233111622682,127.044119009562,2026-02-17T22:29:33.775718+00:00,,,,모노로그,서울특별시 강남구 도산대로 442,"Monologue offers a premium omakase experience in Seoul, perfect for special occasions. The winter menu highlights king crab (대게), prepared with minimal adornment to showcase its natural sweetness and delicate texture. The sashimi and sushi courses are equally impressive, emphasizing the pristine quality of the ingredients with precise cuts, ideal temperature, and expert aging. The minimalist plating allows the food to take center stage, creating a focused and elegant dining narrative.","모노로그는 특별한 날을 위한 서울의 프리미엄 오마카세 경험을 선사합니다. 겨울 시즌 메뉴는 자연스러운 단맛과 섬세한 식감을 살리기 위해 최소한의 양념으로 조리한 대게(대게)를 중심으로 선보입니다. 사시미와 스시 코스 역시 재료 본연의 신선함을 강조하며, 정교한 칼질과 이상적인 온도, 숙성 과정을 통해 깊은 인상을 남깁니다. 절제된 플레이팅은 음식에 집중하게 하며, 우아하고 세련된 식사의 흐름을 만들어냅니다."
blueribbon,버드나무집,서울특별시 서초구 효령로 434,Seoul,South Korea,RIBBON_TWO,,,02-3473-4167 ,,2026,,37.4891,127.0312,2026-02-17T22:29:33.775718+00:00,,,,버드나무집,서울특별시 서초구 효령로 434,"Escape the city bustle with a scenic drive to Bird Tree House (버드나무집), a renowned eel specialty restaurant with 30 years of tradition. Boasting breathtaking Han River (한강) views from its private rooms, this spot is perfect for a romantic date or a relaxing getaway. The spacious interior, coupled with the stunning panorama, creates an unforgettable dining experience. It's a well-established eatery, frequently featured on television, and the ample parking makes it a convenient choice for those arriving by car.","30년 전통의 장어 전문점 버드나무집에서 도심을 벗어나 멋진 드라이브를 즐겨보세요. 프라이빗 룸에서 바라보는 아름다운 한강(한강) 전망은 로맨틱한 데이트나 편안한 휴식을 위한 완벽한 장소입니다. 넓은 실내 공간과 압도적인 파노라마 뷰가 잊을 수 없는 식사 경험을 선사합니다. 방송에도 자주 소개된 유명 맛집으로, 넓은 주차 공간 덕분에 자가용 이용객에게도 편리합니다."
blueribbon,송강,서울특별시 서초구 명달로9길 5,Seoul,South Korea,RIBBON_TWO,,,02-598-9288,,2026,,37.48186,127.0045,2026-02-17T22:29:33.775718+00:00,,,,송강,서울특별시 서초구 명달로9길 5,"This well-known spot is a favorite among celebrities, celebrated for its ability to soothe a weary stomach after a night of indulgence. While the restaurant offers both pufferfish (복어) and tidal flat eel (갯벌장어), the star of the show is undoubtedly the clear pufferfish soup, bokguk (복지리). Its refreshingly crisp broth is perfect for a revitalizing meal, offering a comforting warmth that's hard to resist. The pufferfish tangsuyuk (복탕수육) is also a delightful crispy treat, served with a dipping sauce that complements its satisfying crunch.","이곳은 유명인들의 단골집으로도 알려져 있으며, 과음이나 과식 후 속을 달래기에 제격인 곳입니다. 복어(pufferfish)와 갯벌장어(tidal flat eel) 요리 모두 유명하지만, 단연 으뜸은 맑고 시원한 복지리(bokguk)입니다. 해장으로 이만한 것이 없다는 찬사가 절로 나오는 깊고 개운한 국물 맛이 일품입니다. 곁들여 먹기 좋은 복탕수육(pufferfish tangsuyuk)은 바삭한 튀김옷과 새콤달콤한 소스의 조화가 좋습니다."
blueribbon,한일관,서울특별시 강남구 압구정로38길 14,Seoul,South Korea,RIBBON_TWO,,,1577-9963 ,,2026,,37.52779,127.0325,2026-02-17T22:29:33.775718+00:00,,,,한일관,서울특별시 강남구 압구정로38길 14,"Hanilkwan, a long-standing establishment in Apgujeong, offers a refined dining experience perfect for family gatherings and special occasions. The star of the show is their Hanu Bulgogi Jeongol (한우 불고기 전골), praised for its tender, high-quality beef and subtly seasoned broth that isn't overly sweet or salty, making it a healthy and sophisticated choice. Complementing the bulgogi are their Seoul Naengmyeon (서울냉면), a Pyongyang-style cold noodle dish with a clean, savory broth and a soft noodle texture that's gentle on the palate. The attentive service from experienced Korean staff further enhances the welcoming and elegant atmosphere.","압구정에 위치한 오랜 역사를 자랑하는 한일관은 가족 모임이나 특별한 날에 완벽한 세련된 식사 경험을 선사합니다. 이곳의 대표 메뉴는 부드러운 최상급 한우와 과하게 달거나 짜지 않은 은은한 육수가 특징인 한우 불고기 전골(한우 불고기 전골)로, 건강하고 품격 있는 선택입니다. 불고기와 함께 즐기기 좋은 메뉴는 깔끔하고 감칠맛 나는 육수와 부드러운 면발이 특징인 평양식 냉면, 서울 냉면(서울냉면)입니다. 숙련된 한국인 직원들의 세심한 서비스는 따뜻하고 우아한 분위기를 더욱 돋보이게 합니다."
blueribbon,필경재,서울특별시 강남구 광평로 205,Seoul,South Korea,RIBBON_TWO,,,02-445-2115 ,,2026,,37.48484,127.0952,2026-02-17T22:29:33.775718+00:00,,,,필경재,서울특별시 강남구 광평로 205,"Nestled in the heart of Seoul, Pilgyeongjae (필경재) is a historic Hanok (한옥) estate, recognized as Korea's first designated traditional building. It offers a serene escape, allowing visitors to experience the beauty of traditional Korean architecture amidst a meticulously maintained garden. This venue is a sought-after destination for special occasions like Doljanchi (돌잔치) and Gohee-yeon (고희연), providing a picturesque backdrop for memorable celebrations.","서울 도심 속 고즈넉한 한옥의 정취를 느낄 수 있는 필경재(Pilgyeongjae)는 대한민국 제1호 전통건조물로 지정될 만큼 역사적 가치를 인정받은 유서 깊은 공간입니다. 잘 가꾸어진 정원과 전통적인 아름다움이 어우러진 이곳은 돌잔치(Doljanchi)나 고희연(Gohee-yeon)과 같은 특별한 날을 기념하기에 더할 나위 없이 좋은 장소로, 소중한 추억을 사진으로 남기기에 안성맞춤입니다."
blueribbon,서관면옥,서울특별시 서초구 서초대로56길 11,Seoul,South Korea,RIBBON_TWO,,,02-521-9945,,2026,,37.49398971324013,127.01726966280744,2026-02-17T22:29:33.775718+00:00,,,,서관면옥,서울특별시 서초구 서초대로56길 11,"Seogwan Myeonok offers a refined dining experience centered around its signature Pyeongyang-style naengmyeon (평양냉면). The star of the show is the 'han-sang' (한상) set, which pairs the delicate cold noodles with succulent galbi-gui (갈비구이), a traditional Korean grilled beef short rib. This set also includes a variety of seasonal side dishes and jeon (전), making it a complete and elegant meal perfect for special occasions or business gatherings.","서관면옥은 시그니처 메뉴인 평양냉면을 중심으로 정갈한 식사를 제공합니다. 이곳의 하이라이트는 섬세한 냉면과 육즙 가득한 갈비구이를 함께 맛볼 수 있는 '한상' 세트입니다. 이 세트에는 다양한 제철 반찬과 전(전)도 포함되어 있어, 특별한 날이나 비즈니스 모임에 완벽한 풍성하고 우아한 식사를 완성합니다."
blueribbon,미우,서울특별시 강남구 압구정로 113-22,Seoul,South Korea,RIBBON_TWO,,,02-544-7775,,2026,,37.5247411726121,127.019644043561,2026-02-17T22:29:33.775718+00:00,,,,미우,서울특별시 강남구 압구정로 113-22,"The Hyundai Seoul is a shopper's paradise, with luxury brands like Prada, Dior, Miu Miu, and Gucci conveniently located on the first floor. Visitors can expect a seamless shopping experience, with helpful staff offering personalized recommendations and allowing ample time to try on various styles. While the allure of iconic pieces like the Lady Dior is undeniable, the Gucci CG Marmont Small Top Handle Bag ultimately captured the heart of one shopper, praised for its elegant design and surprisingly practical size, making it a perfect first luxury purchase.","더현대 서울은 1층에 프라다, 디올, 미우미우, 구찌 등 명품 브랜드가 모여 있어 쇼핑객들의 천국입니다. 방문객들은 개인 맞춤 추천과 함께 다양한 스타일을 시도해 볼 수 있는 충분한 시간을 제공하는 직원들의 도움으로 원활한 쇼핑 경험을 기대할 수 있습니다. 레이디 디올과 같은 상징적인 아이템의 매력은 부인할 수 없지만, 결국 한 쇼핑객의 마음을 사로잡은 것은 우아한 디자인과 놀랍도록 실용적인 크기로 칭찬받은 구찌 CG 마몽 스몰 탑 핸들 백으로, 완벽한 첫 명품 구매가 되었습니다."
blueribbon,Buvette,서울특별시 강남구 논현로 854,Seoul,South Korea,RIBBON_TWO,,,02-3442-7859,,2026,,37.5253215967063,127.028865132152,2026-02-17T22:29:33.775718+00:00,,,,부베트,서울특별시 강남구 논현로 854,"Step into Buvette Seoul and be transported to a charming European cafe, complete with a signature red awning and outdoor seating. This globally recognized brand, with roots in New York, offers a vibrant atmosphere buzzing with a diverse crowd, from families with young children to elders. The interior boasts a striking, colorful design with a particularly eye-catching bar area. While the lively ambiance can be a bit boisterous, it creates an undeniably exciting mood perfect for a delightful meal.","Buvette Seoul은 시그니처 레드 어닝과 야외 좌석을 갖춘 매력적인 유럽식 카페로 여러분을 안내합니다. 뉴욕에서 시작된 이 세계적인 브랜드는 어린 아이를 동반한 가족부터 어르신들까지 다양한 연령대의 손님들로 활기찬 분위기를 자아냅니다. 내부는 특히 눈길을 끄는 바(bar) 공간과 함께 강렬하고 다채로운 디자인을 자랑합니다. 활기찬 분위기는 다소 시끄러울 수 있지만, 즐거운 식사에 완벽한 흥미로운 분위기를 선사합니다."
blueribbon,김인복의광평(삼성본점),서울특별시 강남구 영동대로106길 45,Seoul,South Korea,RIBBON_TWO,,,02-561-9990,,2026,,37.5143594876356,127.064878819823,2026-02-17T22:29:33.775718+00:00,,,,김인복의광평(삼성본점),서울특별시 강남구 영동대로106길 45,"This upscale eatery near Samseong Station, a frequent feature on popular Korean food shows, offers a sophisticated ambiance reminiscent of Jeju Island. It's a must-visit for its premium Jeju black pork, specifically the Nanchukmatdon (난축맛돈), and its exquisite Pyeongyang-style naengmyeon (평양냉면). The menu also boasts delightful options like yukhoe uni (육회 우니) and charcoal-grilled galbi (숯불갈비), ensuring a memorable culinary journey for all.

With a stylish interior featuring various seating options from bar counters to private rooms, it's perfect for both intimate dates and lively company dinners. The restaurant also proudly serves premium Yebisu draft beer, a rare find in Korea. Its consistent recognition in the Blue Ribbon Survey highlights the chef's 30 years of expertise, making it a standout destination for discerning diners.","삼성역 근처에 위치한 이 고급스러운 식당은 제주도를 연상시키는 세련된 분위기를 자랑하며, 인기 있는 한국 음식 프로그램에 자주 소개되는 곳입니다. 특히 프리미엄 제주 흑돼지인 난축맛돈(Nanchukmatdon)과 예술적인 평양냉면(Pyeongyang-style naengmyeon)은 꼭 맛봐야 할 시그니처 메뉴입니다. 육회 우니(yukhoe uni)와 숯불갈비(charcoal-grilled galbi) 등 모든 메뉴가 감동적인 맛을 선사합니다.

바 테이블부터 프라이빗 룸까지 다양한 좌석 옵션을 갖춘 세련된 내부는 데이트는 물론 회식 장소로도 완벽합니다. 또한 전국에서 단 네 곳에서만 맛볼 수 있는 프리미엄 에비스 생맥주를 제공합니다. 30년 경력 셰프의 전문성이 돋보이는 이곳은 블루리본 서베이에서 꾸준히 선정되며 미식가들에게 사랑받는 특별한 장소입니다."
blueribbon,BLUE by. Filleter,서울특별시 강남구 선릉로141길 4,Seoul,South Korea,RIBBON_TWO,,,0507-1350-0407,,2026,,37.5204615260968,127.039643755702,2026-02-17T22:29:33.775718+00:00,,,,블루바이필레터,서울특별시 강남구 선릉로141길 4,"Step into BLUE by.Filleter (블루 바이 필레터), a charming restaurant housed in a renovated detached house, evoking a European ambiance. Chef Jeong Se-wook, with experience from renowned establishments, helms this unique charcoal-grilled seafood concept, a fusion of two previous ventures. The interior subtly nods to its partnership with Johnnie Walker Blue Label, creating a sophisticated space with a dedicated bar area perfect for intimate gatherings.

The menu is a celebration of the sea, with French-inspired dishes and a standout grilled seafood platter. Start your culinary journey with their exquisite scallop tartare (가리비 타르타르), a harmonious blend of textures and complex flavors featuring anchovy sauce, pecorino cheese, and herbs, perfectly complemented by crispy rusks. It's an ideal pairing for a glass of wine, setting the stage for an unforgettable dining experience.","유럽의 어느 식당을 연상케 하는 매력적인 주택 개조 공간, BLUE by.Filleter (블루 바이 필레터)에 오신 것을 환영합니다. 루이쌍끄와 고료리켄 출신의 정세욱 셰프가 이끄는 이곳은 두 개의 업장을 통합하여 새롭게 시작한 숯불구이 해산물 전문 레스토랑입니다. 존니 워커 블루 라벨과의 협업을 은은하게 담아낸 인테리어와 아늑한 바 공간은 특별한 모임을 위한 세련된 분위기를 선사합니다.

프렌치 터치를 가미한 다채로운 해산물 요리와 시그니처인 해산물 구이 플래터는 바다의 풍미를 제대로 느낄 수 있게 해줍니다. 특히, 엔초비 소스, 페코리노 치즈, 허브와 바삭한 러스크의 조화가 돋보이는 가리비 타르타르(가리비 타르타르)는 복합적이면서도 이국적인 풍미로 미각을 사로잡으며, 와인과 환상적인 궁합을 자랑합니다. 잊지 못할 미식 경험을 선사할 것입니다."
blueribbon,GUCCI OSTERIA SEOUL,서울특별시 강남구 압구정로 462,Seoul,South Korea,RIBBON_TWO,,,02-795-1119,,2026,,37.5250692655256,127.046525926229,2026-02-17T22:29:33.775718+00:00,,,,구찌오스테리아 다 마시모보투라 서울,서울특별시 강남구 압구정로 462,"This Italian fine-dining establishment, Gucci Osteria Seoul, has garnered praise for exceeding expectations, with some even suggesting it surpasses its Michelin-starred counterpart in Florence. The ambiance is sophisticated, making it a memorable destination for a special meal. The highlight of the menu appears to be the Abalone (전복) linguine, a simple yet masterfully executed pasta dish featuring a sublime abalone liver sauce and perfectly cooked noodles, elevated by a subtle juniper berry finish. Other notable dishes include the ""In Fondo al Mar"" with sea urchin and caviar, and the ""Carbonada alla Valdostana"" featuring Korean beef tenderloin with polenta and Taleggio cheese.","구찌 오스테리아 서울은 피렌체의 미슐랭 스타 레스토랑을 능가한다는 평가를 받으며 기대를 뛰어넘는 경험을 선사하는 이탈리안 파인 다이닝 레스토랑입니다. 세련된 분위기는 특별한 식사를 위한 기억에 남는 장소를 만들어 줍니다. 메뉴의 하이라이트는 단연 전복 링귀니로, 훌륭한 전복 내장 소스와 완벽하게 삶아진 면, 그리고 주니퍼 베리의 섬세한 풍미가 더해져 단순하지만 완벽하게 조리된 파스타 요리입니다. 성게알과 캐비아를 곁들인 ""인 폰도 알 마르""와 한우 안심, 폴렌타, 탈레지오 치즈를 사용한 ""카르보나다 알라 발도스타나"" 또한 주목할 만한 메뉴입니다."
blueribbon,아루히니와,서울특별시 영등포구 여의나루로 42,Seoul,South Korea,RIBBON_TWO,"일식, 일식오마카세",,0507-1426-3909,,2026,,37.521470230225,126.924971147893,2026-02-17T22:29:33.775718+00:00,,,,아루히니와,서울특별시 영등포구 여의나루로 42,"Aruhi Niwa is a highly sought-after sushi omakase spot in Yeouido, known for its incredible value and lively atmosphere. Securing a reservation can be a challenge, often requiring quick reflexes and the 'empty seat alarm' feature on Catch Table. The experience is elevated by the incredibly friendly and engaging chefs, who encourage photos and add to the overall fun vibe. While the meal is reasonably priced, be prepared to order a bottle of sake, as it's a mandatory part of the dining experience here.","아루히 니와는 여의도에서 가성비와 활기찬 분위기로 유명한 인기 스시 오마카세 맛집입니다. 예약은 캐치테이블의 '빈자리 알람' 기능을 활용해야 할 만큼 경쟁이 치열합니다. 무엇보다 친근하고 유쾌한 셰프님들이 사진 촬영을 적극 권장하며 즐거운 분위기를 더합니다. 합리적인 식사 가격과 달리, 주류는 사케 병 주문이 필수이니 참고하세요."
blueribbon,ELPIC,서울특별시 강남구 도산대로78길 25,Seoul,South Korea,RIBBON_TWO,"기타, 스테이크",,0507-1489-7006,,2026,,37.5223327912275,127.046626942892,2026-02-17T22:29:33.775718+00:00,,,,엘픽,서울특별시 강남구 도산대로78길 25,"ELPIC, helmed by Chef Kim Soo-hong, is a premier destination for meat lovers, specializing in expertly grilled dishes. The restaurant boasts a sophisticated ambiance, perfect for indulging in a serious carnivorous feast. Standout dishes include the grilled abalone (전복) with smoked roe sauce and brown butter, offering a delightful interplay of textures and rich, smoky flavors balanced by fresh accompaniments. For a truly memorable experience, the dry-aged Hanwoo T-bone steak (한우 티본 스테이크) is a must-try, showcasing the exceptional quality and depth of flavor from meticulous aging and grilling techniques.","김수홍 셰프가 이끄는 엘픽은 육류 애호가들을 위한 최고의 장소로, 전문적으로 구워낸 요리에 특화되어 있습니다. 고급스러운 분위기에서 진정한 육식의 향연을 즐기기에 완벽합니다. 특히 훈제 게우 소스와 브라운 버터로 맛을 낸 구운 전복(Abalone)은 식감의 조화와 신선한 곁들임으로 균형 잡힌 풍부하고 스모키한 풍미를 선사합니다. 잊을 수 없는 경험을 원한다면, 섬세한 숙성 및 그릴링 기술로 탁월한 품질과 깊은 풍미를 자랑하는 드라이 에이징 한우 티본 스테이크(Hanwoo T-bone steak)를 꼭 맛보세요."
blueribbon,CRAB52,서울특별시 강남구 영동대로 511,Seoul,South Korea,RIBBON_TWO,"기타, 뷔페_해산물, 크랩",,1644-2066,,2026,,37.510356849269,127.061023782931,2026-02-17T22:29:33.775718+00:00,,,,크랩52,서울특별시 강남구 영동대로 511,"Perched on the 52nd floor, CRAB52 offers a luxurious seafood buffet experience with breathtaking city views. The highlight is the sequential presentation of premium dishes, including succulent king crab and lobster prepared in various styles, and a delightful snow crab (대게찜) that guests can order for seconds. The experience is further elevated by the attentive service, with staff bringing dishes directly to your table, and the option to enjoy high-quality Korean beef sirloin (한우로스구이) grilled to perfection.","52층에 자리한 CRAB52는 숨 막히는 도시 전망과 함께 고급 해산물 뷔페 경험을 선사합니다. 다양한 스타일로 준비된 육즙 가득한 킹크랩과 랍스터, 그리고 두 번 주문할 수 있는 맛있는 대게찜을 포함한 프리미엄 요리들이 순차적으로 제공되는 것이 특징입니다. 직원이 직접 테이블로 요리를 가져다주는 세심한 서비스와 완벽하게 구워져 나오는 고급 한우로스구이를 즐길 수 있다는 점도 경험을 더욱 풍성하게 합니다."
blueribbon,HANSANG THE TABLE,서울특별시 강남구 선릉로148길 28,Seoul,South Korea,RIBBON_TWO,"한식(일반한식), 모던한식",,0507-1435-1584,,2026,,37.5226041599715,127.041851367598,2026-02-17T22:29:33.775718+00:00,,,,한상더테이블,서울특별시 강남구 선릉로148길 28,"Experience a refined Korean fine dining journey at HANSANG THE TABLE, perfect for special occasions. The ambiance is elegant, with intimate bar seating and private rooms available for groups. Start your culinary adventure with delightful appetizers like crispy dried shrimp and pollack, followed by artfully presented dishes such as seasoned mung bean jelly (cheongpomuk, 청포묵), dried pollock (meoktae, 먹태), and savory pancakes (bindaetteok, 빈대떡). Don't miss their exceptional highball, praised for its sophisticated and clean taste.

The main courses showcase the best of Korean ingredients, from the incredibly fresh catch of the day (nalsaengseon, 날생선) served with a unique beet puree, to tender Korean beef sirloin (hanu chaekkeut, 한우채끝) paired with house-made yak gochujang (약고추장). A standout dish is the zucchini noodle pasta (hobaknamul pasta, 호박나물파스타), a surprisingly simple yet incredibly flavorful creation that reviewers rave about. Conclude your meal with a refreshing Goheung yuzu (Gohung yuja, 고흥유자) dessert, leaving you with a perfectly balanced and memorable dining experience.","HANSANG THE TABLE은 특별한 날을 기념하기에 완벽한, 정갈하고 세련된 한식 파인 다이닝 경험을 선사합니다. 아늑한 바 좌석과 단체석을 위한 룸이 마련되어 있어 고급스러운 분위기를 자랑합니다. 바삭한 마른 새우와 황태포, 그리고 먹음직스러운 청포묵, 먹태, 빈대떡으로 구성된 웰컴 한상차림으로 미식 여행을 시작해 보세요. 특히 이곳의 하이볼은 고급스럽고 깔끔한 맛으로 극찬을 받았습니다.

메인 요리로는 신선한 오늘의 생선(nalsaengseon, 날생선)과 독특한 비트 퓨레, 그리고 직접 만든 약고추장(yak gochujang, 약고추장)과 곁들여 먹는 한우 채끝(hanu chaekkeut, 한우채끝) 등 최고의 식재료를 맛볼 수 있습니다. 리뷰어들 사이에서 인생 파스타로 불리는 호박나물 파스타(hobaknamul pasta, 호박나물파스타)는 단순하지만 놀라운 풍미로 감탄을 자아냅니다. 상큼한 고흥 유자(Gohung yuja, 고흥유자) 디저트로 마무리하며 완벽하고 기억에 남는 식사를 경험해 보세요."
blueribbon,Restaurant O Y,서울특별시 강남구 선릉로148길 48-12,Seoul,South Korea,RIBBON_TWO,프랑스식,,02-515-7250,,2026,,37.5222303672862,127.043259315881,2026-02-17T22:29:33.775718+00:00,,,,오와이,서울특별시 강남구 선릉로148길 48-12,"Nestled in the heart of Cheongdam-dong, Restaurant O Y offers a sophisticated French dining experience, recognized by the Michelin Guide Seoul & Busan 2025. The ambiance is chic and modern, with warm lighting creating an intimate setting perfect for dates, anniversaries, or business gatherings. While they offer a single, meticulously crafted course menu that changes seasonally, highlights like the earthy mushroom tart (버섯 타르트) and the reimagined Tarte Tatin revisité (타르트 타탱 리비지테) dessert are standout choices.","미쉐린 가이드 서울·부산 2025에 선정된 레스토랑 오와이는 청담동 중심부에서 세련된 프렌치 다이닝을 선보입니다. 따뜻한 조명과 모던한 인테리어가 어우러진 감각적인 공간은 데이트, 기념일, 비즈니스 모임에 이상적입니다. 계절마다 바뀌는 단일 코스 메뉴는 섬세한 요리의 향연을 선사하며, 특히 풍부한 버섯 풍미의 버섯 타르트(버섯 타르트)와 재해석된 디저트 타르트 타탱 리비지테(타르트 타탱 리비지테)는 놓칠 수 없는 별미입니다."
blueribbon,스시마츠모토,서울특별시 강남구 도산대로75길 24,Seoul,South Korea,RIBBON_TWO,"일식, 스시",,02-543-4334 ,,2026,,37.5257986944472,127.045659927706,2026-02-17T22:29:33.775718+00:00,,,,스시마츠모토,서울특별시 강남구 도산대로75길 24,"Nestled in the backstreets of Cheongdam-dong's luxury shopping district, Sushi Matsumoto offers an exclusive and intimate dining experience with only eight counter seats. The ambiance is sophisticated yet minimalist, evoking a sense of stepping into Japan. Chef Matsumoto, formerly of Josun Hotel's Sushi Cho, meticulously recreates authentic Edomae-style sushi, focusing on traditional techniques and the finest seasonal ingredients. The omakase menu, especially the dinner course, is a journey of exquisite flavors, featuring delicate preparations like steamed abalone (mushiawabi, 무시아와비) with a rich sea urchin sauce (geu sauce, 게우소스) that has a surprisingly creamy, almost risotto-like quality.","청담동 명품거리 뒷골목에 자리한 스시마츠모토는 단 8개의 카운터 좌석만을 갖춘 특별하고 아늑한 다이닝 경험을 선사합니다. 고급스러우면서도 미니멀한 분위기는 마치 일본으로 들어서는 듯한 느낌을 자아냅니다. 조선호텔 스시조 출신의 마츠모토 셰프는 최상급 제철 재료와 전통적인 기술에 집중하며 정통 에도마에 스타일 스시를 재현하기 위해 노력합니다. 특히 디너 오마카세 코스는 섬세하게 준비된 요리들로 미식의 여정을 선사하며, 풍부한 성게알 소스(게우소스)와 함께 부드럽게 찐 전복찜(무시아와비)은 놀랍도록 크리미하고 리조또 같은 풍미를 자랑합니다."
blueribbon,OSTERIA COTTO,서울특별시 강남구 언주로165길 7-12,Seoul,South Korea,RIBBON_TWO,이탈리아식,,02-518-1962,,2026,,37.5250892597473,127.032226965053,2026-02-17T22:29:33.775718+00:00,,,,오스테리아꼬또,서울특별시 강남구 언주로165길 7-12,"Osteria Cotto in Apgujeong offers a sophisticated urban Italian escape, perfect for special occasions or a delightful date night. The ambiance is chic with soft lighting, making it ideal for memorable moments. Start with their warm, crusty ciabatta and move on to the visually stunning burrata cheese salad (부라타 치즈 샐러드) bursting with freshness. The margherita pizza (마르게리타 피자) boasts a uniquely crispy, pastry-like crust, while the truffle pasta (트러플 파스타) delivers rich, creamy flavors with perfectly cooked noodles.","압구정의 오스테리아 꼬또는 특별한 날이나 멋진 데이트 밤에 완벽한, 세련된 도시 속 이탈리안 레스토랑입니다. 은은한 조명 아래 펼쳐지는 세련된 분위기는 잊지 못할 순간을 선사합니다. 따뜻하고 바삭한 치아바타로 시작하여 신선함이 가득한 부라타 치즈 샐러드(부라타 치즈 샐러드)의 아름다운 비주얼을 즐겨보세요. 마르게리타 피자(마르게리타 피자)는 독특하게 바삭한 페이스트리 같은 크러스트가 특징이며, 트러플 파스타(트러플 파스타)는 완벽하게 익힌 면과 함께 풍부하고 크리미한 풍미를 선사합니다."
blueribbon,명인밥상,서울특별시 송파구 송이로 155,Seoul,South Korea,RIBBON_TWO,"한식(일반한식), 한정식, 일반한식",,02-409-3355 ,,2026,,37.4933167175702,127.125036887944,2026-02-17T22:29:33.775718+00:00,,,,명인밥상,서울특별시 송파구 송이로 155,"Nestled near Exit 4 of Gyeongchong Hospital Station, Myeongin Bapsang is a long-standing favorite in Songpa, recognized for its five consecutive years of Blue Ribbon selections. This Han-sik (Korean cuisine) master's restaurant offers a welcoming atmosphere with ample space, including private rooms perfect for gatherings and a spacious main hall ideal for family celebrations. The accessible design with ramps and an elevator ensures comfort for all guests, from families with strollers to seniors.","경찰병원역 4번 출구 근처에 자리한 명인밥상은 송파에서 오랜 시간 사랑받아 온 맛집으로, 5년 연속 블루리본 서적에 선정될 만큼 그 명성을 자랑합니다. 한식 명인이 운영하는 이곳은 각종 모임과 가족 행사에 적합한 넓은 홀과 프라이빗 룸을 갖추고 있습니다. 경사로와 엘리베이터가 설치되어 있어 유모차나 휠체어를 이용하는 손님부터 어르신까지 모두 편안하게 방문할 수 있습니다."
blueribbon,영동장어,서울특별시 강남구 언주로148길 8,Seoul,South Korea,RIBBON_TWO,"한식(민물어패류), 장어",,02-3448-9991,,2026,,37.5203166598331,127.035338774027,2026-02-17T22:29:33.775718+00:00,,,,영동장어,서울특별시 강남구 언주로148길 8,"This popular Gangnam spot is renowned for its premium tidal flat eel (gaetbal jangeo, 갯벌장어). While the atmosphere can get lively and is perfect for year-end gatherings, be prepared for a potentially hefty bill, especially if you indulge in premium ingredients like king crab or sea urchin. Reservations are highly recommended, particularly during peak seasons, as walk-ins are rarely accommodated.","이곳은 프리미엄 갯벌장어(gaetbal jangeo, 갯벌장어)로 유명한 강남의 인기 명소입니다. 연말 모임에 완벽한 활기찬 분위기를 자랑하지만, 특히 대게나 성게알과 같은 고급 식재료를 즐긴다면 예상보다 높은 계산서에 놀랄 수도 있습니다. 워크인 손님은 거의 받지 않으므로, 특히 성수기에는 예약이 필수입니다."
blueribbon,coffee montage,서울특별시 강동구 올림픽로48길 23-12,Seoul,South Korea,RIBBON_TWO,"카페/커피/티, 커피전문점",,0507-1418-1303,,2026,,37.52946,127.1219,2026-02-17T22:29:33.775718+00:00,,,,커피몽타주,서울특별시 강동구 올림픽로48길 23-12,"Coffee Montage offers a sophisticated and comfortable atmosphere, perfect for a relaxed coffee break. The U-shaped interior design provides ample space between tables, creating a refined yet stable ambiance. It's a highly recommended spot, praised for its excellent coffee quality and friendly service, making it a standout cafe in the Gangdong area.","커피 몽타주는 세련되고 편안한 분위기를 자랑하며, 여유로운 커피 타임을 즐기기에 완벽한 공간입니다. U자형 인테리어는 테이블 간 충분한 간격을 제공하여 안정감 있고 세련된 분위기를 연출합니다. 훌륭한 커피 맛과 친절한 서비스로 칭찬받는 곳이며, 강동 지역에서 돋보이는 카페로 강력 추천합니다."
blueribbon,SMALL BATCH COFFEE,서울특별시 강남구 언주로168길 6-7,Seoul,South Korea,RIBBON_TWO,"카페/커피/티, 커피전문점",,070-4323-4355,,2026,,37.5259982940752,127.034104955634,2026-02-17T22:29:33.775718+00:00,,,,스몰배치서울,서울특별시 강남구 언주로168길 6-7,"This cozy cafe, with a branch in Seoul, is a popular spot known more for its delicious baked goods than its coffee. While the coffee is decent, the pastries are the real stars here, offering a sweet treat for those looking for a break from exploring the city. It's a great place to grab a bite and recharge.","서울에도 지점이 있는 이 아늑한 카페는 커피보다는 맛있는 베이커리로 더 유명한 곳입니다. 커피도 괜찮지만, 이곳의 진정한 스타는 페이스트리이며, 도시 탐험에서 잠시 벗어나 달콤한 간식을 즐기기에 좋습니다. 잠시 쉬어가며 맛있는 것을 즐기기에 좋은 장소입니다."
blueribbon,The Margaux Grill,서울특별시 서초구 신반포로 176,Seoul,South Korea,RIBBON_TWO,"기타, 그릴, 스테이크",,02-6282-6760 ,,2026,,37.504147,127.004603,2026-02-17T22:29:33.775718+00:00,,,,더마고그릴,서울특별시 서초구 신반포로 176,"Step into The Margaux Grill (더 마고 그릴), a sophisticated dining destination on the 7th floor of JW Marriott Seoul. This restaurant offers a culinary experience beyond a simple meal, focusing on premium ingredients and dishes prepared on a state-of-the-art wood-fire grill. The ambiance is enhanced by natural light streaming through floor-to-ceiling windows, offering serene views of the garden, and the unique display of artisan knives adds a memorable touch to the elegant interior.","JW 메리어트 서울 7층에 자리한 더 마고 그릴(THE MARGAUX GRILL)은 단순한 식사를 넘어선 특별한 미식을 선사합니다. 최고급 식재료와 명품 우드 파이어 그릴을 이용한 요리를 선보이며, 통유리창 너머로 보이는 정원의 풍경과 자연광이 어우러져 편안하고 고급스러운 분위기를 자아냅니다. 레스토랑 곳곳에 전시된 세계적인 장인들의 나이프 컬렉션은 이곳만의 독특한 매력을 더합니다."
blueribbon,WOLFGANG’S STEAKHOUSE,서울특별시 강남구 선릉로152길 21,Seoul,South Korea,RIBBON_TWO,"기타, 스테이크, 미국식",,0507-1486-8700,,2026,,37.52447,127.0415,2026-02-17T22:29:33.775718+00:00,,,,울프강스테이크하우스,서울특별시 강남구 선릉로152길 21,"Step into Wolfgang's Steakhouse, a renowned New York institution, and experience the epitome of classic American fine dining. This upscale establishment is celebrated globally for its authentic dry-aged steaks, offering a taste of New York's legendary culinary scene right here in Seoul. The ambiance is sophisticated and elegant, with a luxurious interior featuring mosaic ceilings and walnut accents, creating a timeless atmosphere perfect for special occasions. While the dress code is smart casual, the refined setting invites you to dress up for an unforgettable meal.","뉴욕의 명성을 그대로 옮겨온 울프강 스테이크하우스에서 정통 아메리칸 파인 다이닝의 정수를 경험해 보세요. 전 세계적으로 사랑받는 드라이에이징 스테이크 전문점으로, 서울에서도 뉴욕의 전설적인 미식 경험을 맛볼 수 있습니다. 고급스럽고 클래식한 인테리어는 모자이크 천장과 월넛 바가 어우러져 시대를 초월하는 우아한 분위기를 자아내며, 특별한 날을 위한 완벽한 장소입니다. 스마트 캐주얼 복장 규정이지만, 세련된 공간은 잊지 못할 식사를 위해 격식을 갖추고 싶게 만듭니다."
blueribbon,GOO STK 528,서울특별시 강남구 압구정로 108,Seoul,South Korea,RIBBON_TWO,"기타, 스테이크",,02-511-0917 ,,2026,,37.52288,127.0206,2026-02-17T22:29:33.775718+00:00,,,,구스테이크528,서울특별시 강남구 압구정로 108,"GOO STK 528 is a pioneering steakhouse in Apgujeong, renowned for popularizing dry-aging in Korea. They boast an in-house dry-aging chamber, ensuring top-quality beef. The classic, intimate ambiance makes it an ideal spot for special occasions and romantic dates. Don't miss their signature dry-aged bone-in strip steak, cooked to perfection and served on a sizzling hot plate for an extra sear.","압구정에 위치한 구스테이크 528은 국내에 드라이에이징(건조 숙성)을 대중화시킨 선구적인 스테이크 전문점입니다. 매장 내 자체 건조 숙성고에서 숙성시킨 최상급 소고기를 맛볼 수 있으며, 클래식하고 아늑한 분위기는 특별한 날이나 로맨틱한 데이트에 안성맞춤입니다. 시그니처 메뉴인 건조 숙성 본인 스트립 스테이크는 완벽하게 조리되어 나오며, 뜨거운 접시에 담겨 나와 취향에 따라 추가로 익혀 먹을 수 있습니다."
blueribbon,yanchul seoul,서울특별시 강남구 언주로135길 34,Seoul,South Korea,RIBBON_TWO,"기타, 채소요리, 바, 와인바",,02-547-4420,,2026,,37.5166188678736,127.032459279407,2026-02-17T22:29:33.775718+00:00,,,,양출서울,서울특별시 강남구 언주로135길 34,,
blueribbon,고도식,서울특별시 송파구 백제고분로45길 28,Seoul,South Korea,RIBBON_TWO,"한식(육류), 돼지고기구이, 소고기구이",,02-422-8692 ,,2026,,37.51035372064079,127.10865792523056,2026-02-17T22:29:33.775718+00:00,,,,고도식,서울특별시 송파구 백제고분로45길 28,"This popular spot near Songnidangil is a must-visit for pork lovers. Expect a lively atmosphere, especially on weekends, so consider using Catch Table to snag a spot. The star of the show is the signature pork back-rib (돼지 생갈비), expertly grilled by the staff to juicy perfection. Don't miss out on their legendary wood-fired pork rind (장작 껍데기), which takes a bit longer to prepare but is well worth the wait. The array of house-made sauces and banchan (side dishes), like the addictive garlic sesame oil and various jangajji (pickled vegetables), elevate the already delicious meat.","송리단길 근처에서 돼지고기를 제대로 맛볼 수 있는 핫플레이스입니다. 주말에는 활기찬 분위기 속에서 식사를 즐길 수 있으며, 캐치 테이블을 활용하면 웨이팅을 줄일 수 있습니다. 이곳의 시그니처 메뉴는 직원들이 육즙 가득하게 구워주는 돼지 생갈비(돼지 생갈비)이며, 특히 시간이 좀 걸리더라도 꼭 맛봐야 할 장작 껍데기(장작 껍데기)는 별미입니다. 직접 만든 소스와 마늘 참기름, 다양한 장아찌 등 다채로운 곁들임 찬들은 고기의 풍미를 한층 더 끌어올립니다."
blueribbon,WEILOU,서울특별시 강남구 테헤란로 521,Seoul,South Korea,RIBBON_TWO,"중식, 북경식중식, 북경오리",,02-559-7620,,2026,,37.509191510745374,127.0608089555861,2026-02-17T22:29:33.775718+00:00,,,,웨이루,서울특별시 강남구 테헤란로 521,"Perched on the 34th floor of the Grand InterContinental Seoul Parnas, WEILOU offers a modern Chinese dining experience with breathtaking city views. While parking can be a challenge, especially on weekends, the restaurant boasts ample seating and private rooms perfect for family gatherings and special occasions. The ambiance is sophisticated yet comfortable, making it an ideal spot for a refined meal.

The star of the show is undoubtedly the Peking duck (북경오리), a must-try for any visitor. Other highly recommended dishes include the Szechuan-style lobster with endive wraps (사천식 바닷가재 엔다이브쌈), praised for its delicious flavor that even children enjoy. The menu focuses on clean, well-balanced tastes, ensuring a pleasant dining experience for all.","그랜드 인터컨티넨탈 서울 파르나스 34층에 위치한 웨이루는 숨 막힐 듯한 도시 전망과 함께 현대적인 중식 다이닝 경험을 선사합니다. 주말에는 주차가 다소 어려울 수 있지만, 레스토랑은 넓은 좌석과 프라이빗 룸을 갖추고 있어 가족 모임이나 특별한 날에 이상적입니다. 세련되면서도 편안한 분위기는 고급스러운 식사를 위한 완벽한 장소입니다.

이곳의 하이라이트는 단연 베이징 덕(북경오리)으로, 방문객이라면 꼭 맛봐야 할 메뉴입니다. 특히 아이들도 즐길 수 있을 만큼 맛있다는 사천식 바닷가재 엔다이브쌈도 강력 추천합니다. 메뉴는 깔끔하고 균형 잡힌 맛에 중점을 두어 모든 사람에게 즐거운 식사 경험을 보장합니다."
blueribbon,Le pain,서울특별시 송파구 백제고분로41길 12,Seoul,South Korea,RIBBON_TWO,"베이커리, 디저트/스위트, 디저트전문점",,02-420-7004,,2026,,37.5072078494456,127.10818286753651,2026-02-17T22:29:33.775718+00:00,,,,르빵,서울특별시 송파구 백제고분로41길 12,"Le Pain, a beloved bakery from Songridan-gil, has arrived at The Hyundai Seoul, bringing its renowned sweet treats to the bustling department store. While the Yeouido location focuses on exquisite cakes and tarts perfect for gifting, don't forget their original claim to fame: the delicious *bamshikppang* (밤식빵), or chestnut bread. Their strawberry tart is a masterpiece, featuring a crisp, sturdy crust that holds up beautifully to the sweet cream cheese and fresh strawberries, even after a long journey. For a taste of classic French pastry, the vanilla mille-feuille is a must-try, with its impossibly flaky layers and rich, aromatic vanilla cream.","송리단길의 인기 베이커리 르빵이 더현대 서울에 상륙하여 백화점의 활기찬 분위기 속에서 맛있는 디저트를 선보입니다. 여의도점은 선물용으로 완벽한 아름다운 케이크와 타르트에 집중하지만, 밤이 듬뿍 들어간 르빵의 원조 명물인 밤식빵도 잊지 마세요. 특히 딸기 타르트는 바삭하고 단단한 타르트지가 달콤한 크림치즈와 신선한 딸기를 훌륭하게 받쳐주어, 먼 길 이동 후에도 처음 모습 그대로를 유지하는 예술 작품입니다. 클래식한 프랑스 페이스트리를 맛보고 싶다면, 믿을 수 없을 정도로 겹겹이 쌓인 페이스트리와 고급스러운 바닐라 크림이 특징인 바닐라 밀푀유를 꼭 드셔보세요."
blueribbon,이수부,서울특별시 강남구 논현로57길 38,Seoul,South Korea,RIBBON_TWO,프랑스식,,0507-1354-0570,,2026,,37.490921,127.037987,2026-02-17T22:29:33.775718+00:00,,,,이수부,서울특별시 강남구 논현로57길 38,"Experience the minimalist elegance of Isubu, a hidden gem that eschews traditional signage for a subtle, artistic entrance. This one-table kitchen offers an intimate dining experience, perfect for special occasions. From the perfectly paired rosé wine to the delightful bread basket featuring ciabatta and rye with cashew pesto, every detail is curated for a memorable meal. Don't miss the exquisite combination of heirloom tomatoes with burrata, the surprisingly delightful cilantro in the abalone salad, and the perfectly cooked cod with apricot sauce. The grilled shrimp are a sweet revelation, and the sea bream with makgeolli (막걸리) sauce is a savory delight. The meal culminates in an incredibly tender sirloin steak, melting in your mouth, followed by refreshing fruit and tea.","이수부는 간판 대신 작은 장식으로 공간을 알리는 미니멀리스트의 우아함을 경험할 수 있는 숨겨진 보석입니다. 이 원테이블 키친은 특별한 날에 완벽한 친밀한 식사 경험을 제공합니다. 완벽하게 어울리는 로제 와인부터 치아바타와 캐슈넛 페스토를 곁들인 호밀빵까지, 모든 디테일이 기억에 남는 식사를 위해 세심하게 준비되었습니다. 애호마 토마토와 부라타 치즈의 절묘한 조화, 놀랍도록 맛있는 전복 샐러드의 고수, 그리고 살구 소스를 곁들인 완벽하게 조리된 대구 요리를 놓치지 마세요. 구운 새우는 달콤한 감동이며, 막걸리 소스를 곁들인 도미는 풍미 가득한 즐거움입니다. 식사는 입안에서 녹는 듯한 놀랍도록 부드러운 아롱사태 스테이크로 절정에 달하며, 상큼한 과일과 차로 마무리됩니다."
blueribbon,기꾸,서울특별시 서초구 동광로1길 112,Seoul,South Korea,RIBBON_TWO,"일식, 스시",,02-525-6530 ,,2026,,37.497127,126.985225,2026-02-17T22:29:33.775718+00:00,,,,기꾸,서울특별시 서초구 동광로1길 112,"Nestled just a minute's walk from Shinnonhyeon Station, Gikku Tuna offers a refined dining experience perfect for both intimate meals and larger gatherings. The interior boasts a calm yet luxurious ambiance, with seating options ranging from a solo bar to private rooms ideal for business dinners or celebrations. Their extensive menu features a variety of tuna courses, single dishes, and lunch specials, ensuring something for every palate.","신논현역에서 도보 1분 거리에 위치한 기꾸참치는 아늑한 식사부터 단체 모임까지 모두 만족시키는 고급스러운 다이닝 경험을 선사합니다. 차분하면서도 고급스러운 인테리어는 혼자 방문하는 손님을 위한 바 테이블부터 비즈니스 회식이나 특별한 날을 위한 단체석까지 다양하게 갖추고 있습니다. 참치 코스 요리부터 단품, 점심 메뉴까지 폭넓은 선택지를 제공하여 모든 취향을 만족시킬 수 있습니다."
blueribbon,포노부오노,서울특별시 강남구 도산대로45길 8-7,Seoul,South Korea,RIBBON_TWO,,,0507-1361-4501,,2026,,37.5230671928548,127.036387716609,2026-02-17T22:29:33.775718+00:00,,,,포노부오노,서울특별시 강남구 도산대로45길 8-7,"Nestled in the trendy Dosan Park area of Sinsa-dong, Pono Buono offers a warm and intimate dining experience, reminiscent of an Italian cave with its cozy wood-toned interior. This popular wine dining bar, helmed by the ""Hidden Genius"" Chef Kim Tae-sung, is known for its vibrant open kitchen where guests can witness culinary artistry firsthand. The menu focuses on à la carte dishes that showcase the chef's creative flair and deep understanding of Italian cuisine, with a strong emphasis on pasta textures and dishes inspired by Italian travels. Be sure to try the signature Pono Bread (포노 브레드), freshly baked in their central wood-fired oven, and the highly acclaimed Aglio e Olio (알리오 올리오) pasta, praised for its perfect al dente texture and aromatic garlic.","신사동 도산공원 인근의 핫플레이스 포노 부오노는 이탈리아 동굴을 연상시키는 아늑한 우드톤 인테리어로 따뜻하고 친밀한 식사 경험을 선사합니다. '히든 천재' 김태성 셰프가 이끄는 이 인기 와인 다이닝 바는 활기찬 오픈 키친에서 손님들이 요리의 예술을 직접 목격할 수 있는 곳입니다. 메뉴는 셰프의 창의적인 감각과 이탈리아 요리에 대한 깊은 이해를 보여주는 단품 요리에 중점을 두며, 특히 파스타의 식감과 이탈리아 여행에서 영감을 받은 요리들을 강조합니다. 중앙의 화덕에서 갓 구워낸 쫄깃하고 고소한 시그니처 포노 브레드(Pono Bread, 포노 브레드)와 완벽한 알덴테 식감과 향긋한 마늘 향으로 극찬받은 알리오 올리오(Aglio e Olio, 알리오 올리오) 파스타를 꼭 맛보세요."
blueribbon,윤서울,서울특별시 강남구 선릉로 805,Seoul,South Korea,RIBBON_TWO,"한식(일반한식), 모던한식",,02-336-3323,,2026,,37.5241263043193,127.038982210697,2026-02-17T22:29:33.775718+00:00,,,,윤서울,서울특별시 강남구 선릉로 805,"Yun Seoul offers an intimate and refined Korean fine dining experience, recognized with a three-year consecutive Michelin star. The ambiance is private and personalized, with thoughtful touches like reserved name cards and attentive service that adapts to guests' needs, such as adjusting cutlery for left-handed diners. The lunch menu, in particular, showcases a deep appreciation for noodles, featuring unique creations like 'Baekhwamyeon' (백화면) made with wheat and fermented soybeans, dressed in camellia oil and topped with fresh vegetables, and 'Pyeongyeon' (평면), a dish inspired by ancient noodle preparation methods, served with a blend of aged soy sauces and carefully sourced mountain vegetables.","윤서울은 3년 연속 미쉐린 가이드 스타로 선정된 섬세하고 고급스러운 한식 파인 다이닝 경험을 선사합니다. 프라이빗하고 개인화된 분위기 속에서 예약자 이름이 적힌 카드와 왼손잡이 손님을 위한 식기 배치 변경 등 세심한 배려를 느낄 수 있습니다. 특히 런치 메뉴는 면 요리에 대한 깊은 애정을 보여주며, 밀과 백태콩으로 만든 동백기름 드레싱의 '백화면(Baekhwamyeon)'과 고대 면 요리법에서 영감을 받은 '평면(Pyeongyeon)' 등 독창적인 요리를 선보입니다. '평면'은 숙성 간장과 엄선된 산나물과 함께 제공됩니다."
blueribbon,Restaurant EVETT,서울특별시 강남구 도산대로45길 10-5,Seoul,South Korea,RIBBON_TWO,컨템포러리,,070-4231-1022 ,,2026,,37.5234326965405,127.036202029788,2026-02-17T22:29:33.775718+00:00,,,,레스토랑에빗,서울특별시 강남구 도산대로45길 10-5,"Chef Joseph Lidgerwood, an Australian with a background in renowned international kitchens like The Ledbury and The French Laundry, has established Restaurant Evett in Seoul. Initially earning a Michelin star in 2019, the restaurant has since relocated and reopened. Lidgerwood's passion for Korean ingredients shines through, as he actively explores local produce, ferments, and traditional pastes like jang (장) and kimchi (김치). The tasting menu offers a creative journey, starting with intriguing amuse-bouches like a perilla leaf (깻잎) juice and a ""harvest""-themed creation featuring acorn flour crackers and smoked mackerel. Dishes like grilled wild asparagus with dried pollack (hwangtae, 황태) and a ""garlic and mugwort"" (maneul-ssuk, 마늘 쑥) inspired by Korean mythology showcase the chef's innovative approach to local flavors.","호주 출신 조셉 리저우드 셰프는 더 레드버리, 프렌치 래프와 같은 세계적인 레스토랑에서의 경력을 바탕으로 서울에 레스토랑 에빗을 열었습니다. 2019년 미슐랭 스타를 획득한 에빗은 최근 신사동으로 이전하여 새롭게 문을 열었습니다. 리저우드 셰프는 한국 식재료에 대한 깊은 열정을 보여주며, 지역 농산물과 장, 김치 등 전통 발효 식품을 적극적으로 탐구합니다. 깻잎 주스로 시작하는 독특한 아뮤즈 부쉬와 도토리 가루 크래커와 훈제 고등어를 활용한 '채집' 테마 요리 등 창의적인 코스 메뉴를 선보입니다. 또한, 숯불에 구운 땅두릅과 황태 요리, 단군 신화에서 영감을 받은 '마늘과 쑥' 요리는 셰프의 혁신적인 한국적 풍미 해석을 잘 보여줍니다."
blueribbon,Perigee,서울특별시 강남구 봉은사로68길 6-5,Seoul,South Korea,RIBBON_TWO,"이탈리아식, 파스타",,010-6550-8912,,2026,,37.5112491980008,127.049479155493,2026-02-17T22:29:33.775718+00:00,,,,페리지,서울특별시 강남구 봉은사로68길 6-5,"Perigee, a highly-regarded pasta restaurant in Samseong-dong, is known for its exceptional handmade fresh pasta. The atmosphere is warm and inviting, with an open kitchen adding to the lively, albeit sometimes noisy, dining experience. The restaurant offers a single-course tasting menu, allowing guests to explore a variety of creative dishes.

Signature dishes include the unique chicken liver eclair (닭간 에끌레어), a surprising blend of savory and sweet, and the Pici pasta with abalone (전복 봉골레 피치면), featuring thick, chewy noodles that perfectly capture the rich sauce. Another standout is the Andarinos pasta with baby octopus (아기 낙지 안다리노스), a rare pasta shape in Korea, offering a delightful texture that complements the tender octopus.","삼성동에 위치한 페리지는 훌륭한 수제 생면 파스타로 명성이 자자한 곳입니다. 따뜻하고 활기찬 분위기 속에서 오픈 키친을 바라보며 식사를 즐길 수 있으며, 때로는 활기찬 소음이 더해져 독특한 경험을 선사합니다. 페리지는 단일 코스 메뉴를 제공하여 창의적인 요리의 향연을 맛볼 수 있습니다.

시그니처 메뉴로는 짭짤함과 달콤함이 조화롭게 어우러진 독특한 닭간 에끌레어와, 굵고 쫄깃한 면발이 풍부한 소스를 완벽하게 머금는 전복 봉골레 피치면이 있습니다. 또한 한국에서 페리지에서만 맛볼 수 있는 안다리노스 면과 아기 낙지가 어우러진 요리는 부드러운 낙지와 면의 훌륭한 식감을 자랑합니다."
blueribbon,산로,서울특별시 강남구 도산대로 518,Seoul,South Korea,RIBBON_ONE,"한식(육류), 소불고기, 소고기구이",,0506-465-6292,,2026,,37.5241684694236,127.049777176061,2026-02-17T22:29:33.775718+00:00,,,,산로,서울특별시 강남구 도산대로 518,"Sanro offers an elevated dining experience, recognized by its inclusion in the 2025 Michelin Guide. Helmed by Chef Yoo Sung-yeop, who trained at the three-Michelin-starred Kiku-no-i in Kyoto, the restaurant specializes in exquisite kaiseki (가이세키). The ambiance evokes a serene Kyoto garden, with a refined interior featuring a hinoki (히노끼) counter and a central hearth where chefs meticulously prepare dishes. Reservations are highly sought after, reflecting the restaurant's prestige and the exceptional quality of its cuisine.","산로는 2025 미슐랭 가이드에 등재된 격조 높은 미식 경험을 선사하는 곳입니다. 교토의 3스타 레스토랑 '기쿠노이' 출신 유성엽 셰프가 이끄는 산로는 정통 가이세키(가이세키) 요리로 명성이 높습니다. 내부는 교토의 고즈넉한 정원을 옮겨 놓은 듯한 분위기에 히노끼(히노끼) 카운터와 중앙의 화로가 시선을 사로잡습니다. 예약이 매우 어려울 정도로 높은 명성을 자랑하며, 요리의 뛰어난 품질을 경험할 수 있습니다."
blueribbon,PAO PAO RESTAURANT,서울특별시 강남구 언주로174길 30,Seoul,South Korea,RIBBON_TWO,"중식, 일반중식",,0507-1346-7436,,2026,,37.527861899218,127.036312210926,2026-02-17T22:29:33.775718+00:00,,,,보보식당,서울특별시 강남구 언주로174길 30,"Tucked away in a quiet residential area, PAO PAO RESTAURANT (보보식당) offers an authentic taste of Chinese cuisine, steering clear of typical Chinese-Korean fusion. The atmosphere is lively and fun, with upbeat music and a wide selection of baijiu (바이주) to complement the meal. Signature dishes include the renowned Dongpo Pork (동파육), a flavorful and tender braised pork belly, and the refreshing Mala Cucumber Salad (마라한 오이 샐러드) with its zesty, numbing kick. Don't miss the Lion's Head Meatballs (사자두 완자), served in a rich, savory broth, and the T-Smoked Chicken (티스모크 치킨) with its crispy skin.","한적한 주택가에 자리한 파오파오 레스토랑(보보식당)은 흔한 중화풍 한식이 아닌, 현지에 가까운 정통 중화요리를 선보입니다. 신나는 음악과 함께 다양한 바이주(baijiu)를 곁들이며 즐거운 시간을 보낼 수 있는 활기찬 분위기입니다. 이곳의 대표 메뉴로는 부드럽고 풍미 가득한 동파육(Dongpo Pork)과 상큼하면서도 얼얼한 맛이 매력적인 마라한 오이 샐러드(Mala Cucumber Salad)가 있습니다. 또한, 감칠맛 나는 육수에 담겨 나오는 사자두 완자(Lion's Head Meatballs)와 바삭한 껍질의 티스모크 치킨(T-Smoked Chicken)도 놓치지 마세요."
blueribbon,The Italian Club,서울특별시 송파구 잠실로 209,Seoul,South Korea,RIBBON_TWO,,,0507-1330-3238,,2026,,37.5138710747422,127.106364392884,2026-02-17T22:29:33.775718+00:00,,,,더이탈리안클럽,서울특별시 송파구 잠실로 209,"Nestled on the 10th floor of Hyundai Department Store's Trade Center branch, The Italian Club offers a delightful dining experience with a great ambiance, making it a go-to spot for pasta lovers. While weekend evenings can mean a wait, the cozy private rooms offer a tranquil escape from the bustling atmosphere. Start with their warm, crusty bread served with balsamic oil, and don't miss the Caesar salad featuring incredibly tender, sous-vide chicken breast. The classic Margherita pizza is a solid choice, boasting a thin crust generously topped with mozzarella and fresh basil.","현대백화점 무역센터점 10층에 자리한 더 이탈리안 클럽은 훌륭한 분위기와 함께 파스타 애호가들의 발길을 사로잡는 즐거운 다이닝 경험을 선사합니다. 주말 저녁에는 웨이팅이 있을 수 있지만, 아늑한 개별 룸은 북적이는 분위기에서 벗어나 평온한 휴식을 제공합니다. 발사믹 오일과 함께 제공되는 따뜻하고 바삭한 식전 빵으로 시작하고, 놀랍도록 부드러운 수비드 닭가슴살이 곁들여진 시저 샐러드를 놓치지 마세요. 클래식한 마르게리타 피자는 얇은 도우 위에 모짜렐라 치즈와 신선한 바질이 듬뿍 올라가 있어 훌륭한 선택입니다."
blueribbon,Kojacha,서울특별시 강남구 학동로97길 17,Seoul,South Korea,RIBBON_TWO,"컨템포러리, 이노베이티브퀴진, 일식, 중식, 모던차이니즈",,010-9023-7771,,2026,,37.5208683828468,127.055215316615,2026-02-17T22:29:33.775718+00:00,,,,코자차,서울특별시 강남구 학동로97길 17,"KOJACHA offers a sophisticated Asian fusion experience, blending Korean (한국), Japanese (일본), and Chinese (중국) culinary influences as its name suggests. The ambiance is perfect for a leisurely meal in private rooms, making it an ideal spot for intimate gatherings. A standout dish is the steamed shark's fin (샥스핀찜), and the experience is elevated by the unique touch of hand-ground drip coffee.","코자차는 이름처럼 한식(한국), 일식(일본), 중식(중국)의 영향을 조화롭게 융합한 아시안 퓨전 다이닝입니다. 프라이빗한 룸에서 여유로운 식사를 즐길 수 있어 특별한 모임에 적합한 분위기를 자랑합니다. 특히 상탕소스의 샥스핀찜(샥스핀찜)은 잊을 수 없는 맛을 선사하며, 직접 갈아주는 핸드드립 커피 또한 특별한 경험을 더합니다."
blueribbon,이치에,서울특별시 강남구 선릉로155길 23-3,Seoul,South Korea,RIBBON_TWO,"일식주점, 이자카야",,070-4273-4087,,2026,,37.52534,127.0377,2026-02-17T22:29:33.775718+00:00,,,,이치에,서울특별시 강남구 선릉로155길 23-3,"Step into Ichie (이치에), a renowned izakaya helmed by Chef Kim Geon, celebrated for his appearance on Netflix's 'The Chef's Table'. The vibrant atmosphere, centered around an open kitchen, buzzes with energy. The menu is a lavish affair, spanning traditional Japanese home-style dishes and izakaya classics, from delicate sashimi to crispy tempura. Don't miss the signature Sashimi Moriawase (사시미 모리아와세) and the exquisite Managatsuo Yuanyaki (마나가츠오 유안야키), a grilled fish marinated in yuzu soy sauce.","넷플릭스 '더 셰프 테이블'에 출연한 김건 셰프가 이끄는 유명 이자카야, 이치에(이치에)에 들어서 보세요. 오픈 키친을 중심으로 활기찬 분위기가 느껴집니다. 섬세한 사시미부터 바삭한 튀김까지, 전통 일본 가정식과 이자카야 클래식 메뉴를 아우르는 화려한 메뉴가 준비되어 있습니다. 시그니처 메뉴인 사시미 모리아와세(사시미 모리아와세)와 유자 간장에 절여 구운 마나가츠오 유안야키(마나가츠오 유안야키)를 꼭 맛보세요."
blueribbon,Imok SMOKE DINING,서울특별시 강남구 압구정로2길 6,Seoul,South Korea,RIBBON_TWO,,,0507-1341-4729,,2026,,37.5210863385776,127.019138224359,2026-02-17T22:29:33.775718+00:00,,,,이목스모크다이닝,서울특별시 강남구 압구정로2길 6,"Step into Imok Smoke Dining (이목스모크다이닝) for a sophisticated yet relaxed atmosphere, perfect for a special occasion. The ambiance is chic and inviting, setting the stage for an elevated dining experience. While specific dishes aren't detailed, the restaurant is known for its expertly prepared barbecue, promising a memorable culinary journey.

This establishment offers a refined setting with attentive service, including professional sommeliers and a welcoming kids' zone, making it suitable for various gatherings. With options for private rooms and bar seating, Imok Smoke Dining provides a versatile and upscale environment for enjoying their signature smoked dishes.","세련되면서도 편안한 분위기의 이목스모크다이닝(Imok Smoke Dining)에서 특별한 경험을 즐겨보세요. 세련되고 매력적인 분위기는 격조 높은 식사 경험을 위한 완벽한 무대를 선사합니다. 특정 메뉴가 자세히 언급되지는 않았지만, 이 레스토랑은 전문적으로 준비된 바비큐로 유명하며 잊을 수 없는 미식 여행을 약속합니다.

전문 소믈리에와 환영하는 키즈존을 포함한 세심한 서비스를 갖춘 이 업장은 다양한 모임에 적합한 세련된 환경을 제공합니다. 프라이빗 룸과 바 좌석 옵션을 갖춘 이목스모크다이닝은 시그니처 훈제 요리를 즐길 수 있는 다재다능하고 고급스러운 분위기를 선사합니다."
blueribbon,Super PAN,서울특별시 강남구 논현로167길 15,Seoul,South Korea,RIBBON_TWO,"한식(일반한식), 퓨전한식",,02-515-3848,,2026,,37.5244390021596,127.026839035907,2026-02-17T22:29:33.775718+00:00,,,,수퍼판,서울특별시 강남구 논현로167길 15,"Super PAN offers a refined and comforting dining experience, perfect for family gatherings or casual meetups. The ambiance is warm and inviting, complemented by exceptionally friendly service that makes every guest feel well-cared for. They focus on healthy, seasonal ingredients, transforming familiar flavors into unique culinary creations that are both delicious and approachable, even for those with specific ingredient preferences.","수퍼판은 가족 모임이나 편안한 만남에 완벽한 세련되고 아늑한 다이닝 경험을 선사합니다. 따뜻하고 매력적인 분위기와 더불어 모든 손님을 세심하게 배려하는 친절한 서비스가 돋보입니다. 건강하고 제철 식재료에 중점을 두어 익숙한 맛을 독창적이고 맛있으며 접근하기 쉬운 요리로 재탄생시켜, 특정 재료에 대한 선호도가 있는 분들에게도 만족감을 선사합니다."
blueribbon,미가키,서울특별시 강남구 선릉로158길 14-2,Seoul,South Korea,RIBBON_TWO,,,0507-1343-5014,,2026,,37.5251906223084,127.04095242964,2026-02-17T22:29:33.775718+00:00,,,,미가키,서울특별시 강남구 선릉로158길 14-2,"Step into Migaki (미가키), a refined Kaiseki Omakase experience helmed by Chef Choi Kyu-deok, formerly of Walkerhill Hotel. This intimate Japanese restaurant, whose name means 'to polish and shine,' offers a meticulously crafted multi-course meal that changes daily with the freshest seasonal ingredients. The ambiance is elevated by the chef's evident passion for beautiful tableware, with each delicate dish presented on unique, artful ceramics. Expect a journey through exquisite flavors and textures, where every bite is a testament to culinary artistry.","워커힐 호텔 출신 최규덕 셰프가 이끄는 섬세한 가이세키 오마카세 경험을 선사하는 미가키(Migaki)에 오신 것을 환영합니다. '다듬어 빛을 내다'라는 이름의 이 아늑한 일식 레스토랑은 신선한 제철 재료를 사용하여 매일 바뀌는 정교한 코스 요리를 선보입니다. 셰프의 아름다운 식기에 대한 열정이 엿보이는 분위기 속에서, 섬세한 요리 하나하나가 독특하고 예술적인 도자기에 담겨 나옵니다. 모든 한 입이 요리의 예술성을 증명하는, 절묘한 맛과 질감의 여정을 기대해 보세요."
blueribbon,키이로,서울특별시 강남구 강남대로 652,Seoul,South Korea,RIBBON_TWO,"일식, 덴푸라, 텐동",,070-4413-1160,,2026,,37.5195101291255,127.019106035326,2026-02-17T22:29:33.775718+00:00,,,,키이로,서울특별시 강남구 강남대로 652,"Securing a reservation at Tempura Kiiro (덴푸라 키이로) is a challenge, but the intimate, 8-seat counter experience is well worth the effort. The staff are exceptionally friendly, guiding you through the process and ensuring a comfortable evening. The omakase (오마카세) menu features a rotating selection of seasonal ingredients, expertly fried to perfection with a light, crispy batter that defies expectations of greasiness. Don't miss the highly recommended Hanwoo beef and shiso roll (한우 안심 시소 말이) as an add-on, a tender and flavorful delight.","덴푸라 키이로 (Tempura Kiiro)의 예약은 어렵지만, 8석 규모의 아늑한 카운터 경험은 그럴 만한 가치가 있습니다. 직원들은 매우 친절하며, 과정을 안내하고 편안한 저녁을 보장합니다. 오마카세 (Omakase) 메뉴는 계절별 식재료를 선보이며, 느끼함에 대한 기대를 뛰어넘는 가볍고 바삭한 튀김옷으로 완벽하게 튀겨냅니다. 추가 메뉴로 강력 추천하는 한우 안심 시소 말이 (Hanwoo beef and shiso roll)는 부드럽고 풍미 가득한 즐거움입니다."
blueribbon,당옥,서울특별시 강남구 강남대로162길 22,Seoul,South Korea,RIBBON_TWO,"디저트/스위트, 일본디저트",,02-3443-1227,,2026,,37.520066,127.020428,2026-02-17T22:29:33.775718+00:00,,,,당옥,서울특별시 강남구 강남대로162길 22,"This pop-up event at Starfield Suwon brings together talented chefs from the ""Black & White Chef 2"" competition. Among the highlights is ""Dangok"" (당옥), helmed by the ""Culinary Scientist."" While the overall vibe is a bustling food hall experience, ""Dangok"" offers a delightful snack option. Their ""Dashimaki Sando"" (다시마끼산도) is a perfect choice for a light bite to satisfy any lingering hunger after enjoying other culinary creations.",수원 스타필드에서 열린 이번 팝업 행사는 '흑백요리사2' 출신 셰프들이 한자리에 모였습니다. 그중 '요리과학자'가 이끄는 '당옥'은 특별한 즐거움을 선사합니다. 활기찬 푸드홀 분위기 속에서 '당옥'은 맛있는 간식 메뉴를 선보입니다. 이곳의 '다시마끼산도'는 다른 요리를 맛본 후 출출함을 달래줄 완벽한 선택이 될 것입니다.
blueribbon,KAPPO AKII,서울특별시 강남구 테헤란로 610,Seoul,South Korea,RIBBON_TWO,,,02-6203-8660,,2026,,37.5088229113126,127.064541844422,2026-02-17T22:29:33.775718+00:00,,,,갓포아키(삼성점),서울특별시 강남구 테헤란로 610,"Nestled within the Maison Glad Hotel, KAPPO AKII offers a sophisticated izakaya (일식 주점) experience, blending trendy kappo-style Japanese cuisine with the unique flavors of Jeju. This isn't just a place for drinks; the menu boasts high-quality dishes that are equally satisfying as a full meal. Regulars rave about the consistently delicious and special offerings, making it a must-visit for those seeking a memorable dining experience on the island.","메종 글래드 호텔에 자리한 갓포아키는 트렌디한 갓포 요리를 제주 특산물과 접목한 세련된 일식 주점 경험을 선사합니다. 이곳은 단순히 술을 마시는 곳을 넘어, 식사 메뉴로도 손색없는 고품격 요리를 자랑합니다. 단골들은 꾸준히 맛있는 특별한 메뉴에 찬사를 보내며, 섬에서 잊지 못할 미식 경험을 찾는 이들에게 필수 방문 코스로 꼽힙니다."
blueribbon,육통령(교대직영점),서울특별시 서초구 반포대로20길 69,Seoul,South Korea,RIBBON_TWO,"한식(육류), 삼겹살, 돼지고기구이",,0507-1379-8592,,2026,,37.4887950669684,127.013660090025,2026-02-17T22:29:33.775718+00:00,,,,육통령(교대직영점),서울특별시 서초구 반포대로20길 69,"This spot near Gyodae Station is a must-visit for anyone craving top-tier Korean barbecue. The vibe is lively and perfect for gatherings, with spacious seating and excellent ventilation ensuring a comfortable dining experience. They pride themselves on transparently aged meats, showcasing a dedication to quality that's evident from the moment you see the prime cuts. The extensive selection of banchan (side dishes) and sauces, including unique options like omija sauce and galchi sokjeot (cutlassfish innards sauce), elevates the meal into a personalized culinary journey.","교대역 근처에 위치한 이곳은 최고의 한국식 바비큐를 맛보고 싶은 사람들에게 꼭 가봐야 할 곳입니다. 활기찬 분위기는 모임에 완벽하며, 넓은 좌석과 훌륭한 환기 시설은 편안한 식사 경험을 보장합니다. 이곳은 최상급 고기를 보여주는 품질에 대한 헌신이 느껴지는 숙성육을 자랑합니다. 오미자 소스와 갈치 속젓과 같은 독특한 옵션을 포함한 다양한 반찬과 소스는 식사를 개인화된 미식 여행으로 끌어올립니다."
blueribbon,Yeong Dong Pochana,서울특별시 강남구 언주로148길 14,Seoul,South Korea,RIBBON_TWO,"한식(일반한식), 일반한식, 한식(면류), 칼국수",,0507-1355-4883,,2026,,37.5206301397046,127.036162554013,2026-02-17T22:29:33.775718+00:00,,,,영동포차나,서울특별시 강남구 언주로148길 14,"Step into Yeong Dong Pochana, a stylish eatery in Gangnam that boldly deviates from the typical Thai restaurant formula. Instead of the usual pho and pad Thai, this spot, run by seasoned restaurateurs, offers a curated selection of more exotic and authentic Thai dishes. The ambiance is intentionally modern and hip, reflecting current trends in Thailand, making it a unique destination for those seeking a different culinary adventure.","강남의 세련된 식당 영동 포차나는 일반적인 태국 음식점의 공식을 과감히 벗어난 곳입니다. 흔한 쌀국수나 팟타이가 아닌, 숙련된 레스토랑 주인들이 선보이는 이국적이고 정통적인 태국 요리를 맛볼 수 있습니다. 태국의 최신 트렌드를 반영한 의도적으로 현대적이고 힙한 분위기는 색다른 미식 경험을 찾는 분들에게 특별한 장소가 될 것입니다."
blueribbon,무니,서울특별시 강남구 도산대로72길 16,Seoul,South Korea,RIBBON_TWO,"일식, 가이세키",,02-511-1303 ,,2026,,37.5229398817454,127.045484539744,2026-02-17T22:29:33.775718+00:00,,,,무니,서울특별시 강남구 도산대로72길 16,"Step into a festive wonderland at PANI D'EM MUNIE, an Apgujeong Rodeo gem that truly shines during the holiday season. The cafe is renowned for its stunning, large-scale Christmas tree that greets visitors, creating a magical ambiance. With a chic rooftop terrace offering city views and stylish interiors, it's a prime spot for capturing memorable photos. While prices are on the higher side, the visually delightful experience and the array of beautifully crafted desserts, including their signature ribbon-shaped pastries, make it a worthwhile destination.","연말 시즌이면 마법 같은 분위기로 변신하는 압구정 로데오의 보석 같은 카페, 빠니드엠무니를 만나보세요. 방문객을 맞이하는 화려하고 웅장한 크리스마스 트리는 이곳의 상징이며, 환상적인 분위기를 선사합니다. 멋진 도시 전망을 자랑하는 세련된 루프탑 테라스와 감각적인 실내 공간은 인생샷을 남기기에 완벽한 장소입니다. 가격대는 다소 높지만, 눈을 즐겁게 하는 경험과 시그니처 리본 모양 페이스트리를 비롯한 아름답게 만들어진 다양한 디저트들은 방문할 가치를 충분히 더해줍니다."
blueribbon,MATER,서울특별시 강남구 언주로154길 16,Seoul,South Korea,RIBBON_TWO,,,02-518-5879,,2026,,37.5232844070518,127.034648302789,2026-02-17T22:29:33.775718+00:00,,,,마테르,서울특별시 강남구 언주로154길 16,"MATER is a culinary gem helmed by Chef Kim Young-bin, whose impressive resume includes stints at Sydney's 'Master,' Denmark's '108,' and the renowned 'Noma.' This restaurant, recognized by the Michelin Guide Seoul 2024, masterfully blends Asian and Nordic influences, with a focus on fermentation techniques. The ambiance, located in a bright, subterranean space, offers a sophisticated yet welcoming atmosphere, perfect for an intimate dining experience.

Signature dishes showcase Chef Kim's innovative approach. Expect artfully presented creations like the 'Beet' (비트), a visually stunning dish featuring fermented mushroom sauce, and the 'Abalone' (전복) with its delicate seaweed and savory oil. The 'Hae-Nam Cabbage' (해남 양배추) is a revelation, transformed into a delightful roll with butter and fish sauce, offering an explosion of umami. Complement your meal with their curated wine selection, including natural wines.","MATER는 시드니 '마스터'와 덴마크의 '108', '노마' 등에서 경력을 쌓은 김영빈 셰프가 이끄는 미식의 보석입니다. 2024 미슐랭 가이드 서울에 등재된 이 레스토랑은 발효 기법을 중심으로 아시아와 북유럽의 영향을 능숙하게 융합합니다. 밝고 지하에 위치한 공간은 세련되면서도 아늑한 분위기를 제공하며, 친밀한 식사 경험에 완벽합니다.

시그니처 메뉴는 김 셰프의 혁신적인 접근 방식을 보여줍니다. 발효 버섯 소스를 곁들인 시각적으로 멋진 '비트'(Beet) 요리와 섬세한 해조류와 풍미 가득한 오일을 곁들인 '전복'(Abalone)과 같은 예술적으로 표현된 창작물을 기대하세요. '해남 양배추'(Hae-Nam Cabbage)는 버터와 액젓으로 만든 롤로 변신하여 감칠맛의 폭발을 선사하는 놀라운 요리입니다. 엄선된 와인 셀렉션과 함께 식사를 즐겨보세요."
blueribbon,스시사이토쥬욘,서울특별시 강남구 압구정로75길 30,Seoul,South Korea,RIBBON_TWO,,,0507-1367-5476,,2026,,37.5275867130132,127.047760394029,2026-02-17T22:29:33.775718+00:00,,,,스시사이토쥬욘,서울특별시 강남구 압구정로75길 30,"Nestled in a quiet, upscale residential area, Sushi Saito Juyon offers an exclusive dining experience reminiscent of its Tokyo namesake. The intimate space, designed for deep focus on the chef's craft, features elegant tableware and a serene ambiance, transporting guests to Japan. Reservations are notoriously difficult to secure, with waits extending over a year, underscoring its coveted status. The dinner-only omakase, served in two seatings, is a testament to meticulous preparation and high-quality ingredients.","한적한 고급 주택가에 자리한 스시사이토 쥬욘은 도쿄의 명성을 잇는 특별한 미식 경험을 선사합니다. 셰프의 손길에 온전히 집중할 수 있도록 설계된 아늑한 공간은 고급스러운 식기와 고요한 분위기로 마치 일본에 온 듯한 착각을 불러일으킵니다. 예약은 악명 높을 정도로 어렵기로 유명하며, 1년 이상 대기가 이어져 그 희소성을 더합니다. 디너 오마카세만 두 타임제로 운영되며, 세심한 준비와 최고급 재료의 향연을 맛볼 수 있습니다."
blueribbon,월화고기(보라매점),서울특별시 관악구 보라매로3길 16,Seoul,South Korea,RIBBON_TWO,"한식(육류), 돼지고기구이",,02-888-7592 ,,2026,,37.4916283438844,126.926302976249,2026-02-17T22:29:33.775718+00:00,,,,월화고기(보라매점),서울특별시 관악구 보라매로3길 16,"This spacious, multi-level eatery near Boramae Hospital Station is a popular spot, often hailed as one of Seoul's top three for samgyeopsal (삼겹살). While the signature pork belly was sold out during this visit, the menu still offered a delicious array of alternatives like moksal (목살 - pork neck), and various grilled ribs and cuts. The restaurant boasts a hip, clean atmosphere, making it ideal for gatherings, and features a convenient self-serve bar for fresh sides and condiments. They even offer complimentary corkage for most bottles, adding to the celebratory vibe.","보라매병원역 근처에 위치한 이 넓고 여러 층으로 된 식당은 서울 최고의 삼겹살(삼겹살) 맛집 중 하나로 자주 언급되는 인기 있는 장소입니다. 이번 방문에는 시그니처 삼겹살이 매진되었지만, 메뉴에는 목살(목살)과 다양한 구이 갈비 및 부위 등 맛있는 대안이 여전히 제공되었습니다. 힙하고 깔끔한 분위기의 식당은 모임에 이상적이며, 신선한 반찬과 양념을 위한 편리한 셀프바도 갖추고 있습니다. 대부분의 병에 대해 무료 코르크지 프리 서비스를 제공하여 축하 분위기를 더합니다."
blueribbon,SICHUAN HOUSE,서울특별시 강남구 테헤란로87길 29,Seoul,South Korea,RIBBON_TWO,"중식, 사천식중식",,02-508-1320,,2026,,37.50964,127.0579,2026-02-17T22:29:33.775718+00:00,,,,시추안하우스,서울특별시 강남구 테헤란로87길 29,"Sichuan House offers a sophisticated dining experience near Samsung Station, with a chic interior featuring dark tones and unique chili-themed decor. It's an ideal spot for dates or special occasions, with a menu boasting winter specials like braised pork belly and stir-fried crab meat, alongside popular dishes such as mala tang and guo bao rou. The ""White"" course menu provides a delightful sampling of their offerings, including a creamy crab soup, sweet mango shrimp, and tender Dongpo pork belly served with buns.","삼성역 근처에 위치한 시추안 하우스는 세련된 인테리어와 독특한 고추 테마 장식이 돋보이는 고급스러운 다이닝 공간입니다. 데이트나 특별한 날에 방문하기 좋으며, 겨울 특선 메뉴인 항정살 간장찜과 대게살 볶음부터 마라탕, 꿔바로우 등 인기 메뉴까지 다양하게 준비되어 있습니다. ""화이트"" 코스 메뉴는 부드러운 게살 수프, 달콤한 망고 새우, 그리고 빵과 함께 제공되는 촉촉한 동파육 등 다채로운 요리를 맛볼 수 있는 훌륭한 선택입니다."
blueribbon,MODERN NÜLANG,서울특별시 송파구 잠실로 209,Seoul,South Korea,RIBBON_TWO,,,02-3431-9666,,2026,,37.5138710747422,127.106364392884,2026-02-17T22:29:33.775718+00:00,,,,모던눌랑(잠실점),서울특별시 송파구 잠실로 209,"Step into Modern Nülang and be transported to a chic Shanghai of the 1930s. This stylish Chinese restaurant offers a refined take on classic dishes, blending traditional flavors with Western ingredients for a unique fusion experience. The ambiance is sophisticated yet inviting, making it a popular spot for gatherings and special occasions. 

The menu features creative interpretations of Chinese cuisine. Highlights include the Garlic Pepper Shrimp (갈릭 페퍼 슈림프), perfectly crispy and coated in a savory sauce, and the unique Beef Nanzi Wans (소고기 난자 완스) with its surprisingly chewy texture and juicy interior. Don't miss the Truffle Hot Pot Rice (트러플 핫팟 라이스) for a fragrant twist on fried rice, or the addictive Spicy Dan Dan Noodles (비빔 탄탄면) with its bold, savory heat.","모던눌랑은 1930년대 상하이를 연상시키는 세련된 분위기의 중식당입니다. 전통적인 중화요리에 서양 식재료를 가미한 퓨전 요리를 선보이며, 고급스러우면서도 매력적인 공간 덕분에 특별한 모임 장소로 인기가 높습니다.

이곳의 시그니처 메뉴로는 바삭한 식감과 풍미 가득한 소스가 일품인 갈릭 페퍼 슈림프(Garlic Pepper Shrimp), 쫄깃한 식감과 촉촉한 육즙이 인상적인 소고기 난자 완스(Beef Nanzi Wans)가 있습니다. 또한, 트러플 오일 향이 매력적인 트러플 핫팟 라이스(Truffle Hot Pot Rice)와 중독성 강한 매콤함과 고소함이 조화를 이루는 비빔 탄탄면(Spicy Dan Dan Noodles)도 놓칠 수 없는 메뉴입니다."
blueribbon,배나무골오리집,서울특별시 서초구 마방로2길 12,Seoul,South Korea,RIBBON_TWO,"한식(가금류), 오리코스",,02-571-5252,,2026,,37.473052,127.039139,2026-02-17T22:29:33.775718+00:00,,,,배나무골오리집,서울특별시 서초구 마방로2길 12,"This spacious restaurant in Yangjae is a fantastic spot for family gatherings, offering ample parking and valet service for convenience. The meal begins with an array of delicious banchan (반찬), including a standout sweet and tangy tomato jangajji (토마토 장아찌) that perfectly complements the main dishes. Appetizers like japchae (잡채) are generously refilled, setting the stage for a hearty feast. The main course features a variety of duck preparations, including a ham-like duck and a more assertively spiced option, alongside perfectly grilled duck barbecue. Don't miss the flavorful kimchi (김치) and the incredibly addictive salted baby shrimp (어리굴젓), which are a perfect pairing with the accompanying hot stone pot rice (솥밥). The meal concludes with delightful extras like crispy yukjeon (육전) and surprisingly delicious fried eggplant (가지 튀김), making it a truly memorable dining experience.","양재에 위치한 이 넓은 식당은 주차 공간과 발렛 파킹 서비스까지 갖춰 가족 모임에 안성맞춤입니다. 식사는 메인 요리와 완벽하게 어울리는 새콤달콤한 토마토 장아찌를 포함한 다채로운 반찬으로 시작됩니다. 잡채와 같은 애피타이저는 푸짐하게 리필되어 든든한 식사의 시작을 알립니다. 메인 요리로는 햄 같은 식감의 오리와 향신료 풍미가 강한 오리, 그리고 완벽하게 구워진 오리 바비큐가 제공됩니다. 특히 젓갈 맛이 풍부한 김치와 솥밥에 곁들여 먹으면 멈출 수 없는 중독적인 맛의 어리굴젓은 꼭 맛보셔야 합니다. 식사는 바삭한 육전과 예상외로 맛있는 가지 튀김과 같은 별미로 마무리되어 잊지 못할 식사 경험을 선사합니다."
blueribbon,휴135다온반상,서울특별시 강남구 압구정로 165,Seoul,South Korea,RIBBON_ONE,"중식, 광동식중식",,02-545-0135,,2026,,37.5273661232786,127.027468526838,2026-02-17T22:29:33.775718+00:00,,,,휴135다온반상,서울특별시 강남구 압구정로 165,"Nestled within the Apgujeong Hyundai Department Store, this restaurant offers a sophisticated and clean dining experience, perfect for shoppers seeking a delicious meal. The ambiance, with its warm lighting and wood tones, creates a refined atmosphere ideal for dates, family gatherings, or meals with friends. With direct access from Apgujeong Station, it's a convenient and highly recommended spot for those craving authentic Korean flavors.","압구정 현대백화점 내에 위치한 이 식당은 쇼핑객들이 맛있는 식사를 즐기기에 완벽한 세련되고 깔끔한 다이닝 경험을 제공합니다. 따뜻한 조명과 우드톤의 아늑한 분위기는 데이트, 가족 모임, 친구와의 식사에 이상적인 세련된 분위기를 자아냅니다. 압구정역과 바로 연결되어 있어 편리하며, 정통 한국의 맛을 갈망하는 사람들에게 적극 추천하는 장소입니다."
blueribbon,현우동,서울특별시 강남구 논현로149길 53,Seoul,South Korea,RIBBON_TWO,"일식, 일식우동",,02-515-3622 ,,2026,,37.517039793687886,127.02430622206757,2026-02-17T22:29:33.775718+00:00,,,,현우동,서울특별시 강남구 논현로149길 53,"Nestled in a cozy alley near Hongik University Station, Hyunwoo Dong is a celebrated udon specialist that has earned accolades from the Michelin Guide and Blue Ribbon Survey. This spot is known for its chewy noodles and deeply flavorful katsuobushi (가쓰오부시) broth, creating a comforting and satisfying meal. The ambiance is warm and inviting with a wood-toned interior, perfect for a solo meal or a casual get-together, and the prices are surprisingly reasonable for the quality offered.","홍대입구역 근처 아늑한 골목에 자리한 현우동은 미슐랭 가이드와 블루리본 서베이에도 소개된 유명 우동 전문점입니다. 이곳은 탱글탱글한 면발과 깊고 풍부한 가쓰오부시(가쓰오부시) 육수로 유명하며, 편안하고 만족스러운 식사를 선사합니다. 우드톤 인테리어의 따뜻하고 아늑한 분위기는 혼밥이나 캐주얼한 모임에 완벽하며, 제공되는 품질에 비해 가격이 놀랍도록 합리적입니다."
blueribbon,홍명,서울특별시 강남구 논현로131길 10,Seoul,South Korea,RIBBON_TWO,"중식, 일반중식",,02-548-2223,,2026,,37.51449,127.029443,2026-02-17T22:29:33.775718+00:00,,,,홍명,서울특별시 강남구 논현로131길 10,"Nestled in the bustling streets of Nonhyeon-dong, Hongmyeong is a highly sought-after Chinese restaurant, even drawing crowds eager to try dishes recommended by celebrity Sung Si-kyung. Be prepared for a potential wait, as the restaurant is popular, and parking is handled via valet service. The ambiance is intimate, with a few private rooms available, making it suitable for various gatherings. 

The signature dishes include the Gganjjajang (간짜장), a dry-style jajangmyeon served with a fried egg, and the Kkuobarou (꿔바로우), a sweet and sour crispy pork dish. While the Gganjjajang might surprise with its less saucy consistency, the Kkuobarou is often praised for its satisfying crunch and flavorful sauce.","논현동의 번화한 거리에 자리한 홍명은 성시경 씨가 추천한 맛집으로도 유명하며, 많은 이들의 발길을 끄는 중식당입니다. 인기가 많아 대기가 있을 수 있으며, 주차는 발렛파킹으로만 가능하니 참고하세요. 아담한 공간에는 몇 개의 룸도 마련되어 있어 다양한 모임에 적합합니다.

대표 메뉴로는 튀긴 계란 프라이가 곁들여 나오는 간짜장(Gganjjajang)과 바삭한 탕수육인 꿔바로우(Kkuobarou)가 있습니다. 간짜장은 소스가 적은 스타일로 다소 독특하게 느껴질 수 있지만, 꿔바로우는 겉은 바삭하고 속은 부드러운 식감과 맛있는 소스로 많은 사랑을 받고 있습니다."
blueribbon,흑산도홍어,서울특별시 서초구 방배천로 40-2,Seoul,South Korea,RIBBON_TWO,"한식(어패류), 홍어",,02-584-1275 ,,2026,,37.4801,126.9827,2026-02-17T22:29:33.775718+00:00,,,,흑산도홍어,서울특별시 서초구 방배천로 40-2,"Hong-eo Hanmari, located between Mangwon and Hapjeong stations, is a must-visit for authentic Jeolla-style skate (hong-eo, 홍어). The restaurant offers a unique omakase-style experience, presenting a variety of skate dishes alongside an array of delicious side dishes like seasoned skate salad (hong-eo muchim, 홍어무침), skate pancake (hong-eo jeon, 홍어전), and even braised abalone (jeonbokjang, 전복장). With customizable fermentation levels for the skate, from mild to strong, it caters to all palates. The extensive makgeolli (막걸리) selection perfectly complements the rich flavors.","망원역과 합정역 사이에 위치한 홍어한마리는 진정한 전라도식 홍어 맛집입니다. 이곳에서는 홍어무침, 홍어전, 전복장 등 다채로운 홍어 요리와 함께 푸짐한 곁들임 메뉴를 오마카세처럼 즐길 수 있습니다. 홍어의 삭힘 정도를 약, 중, 강으로 선택할 수 있어 취향에 맞게 맛볼 수 있으며, 다양한 막걸리 리스트는 홍어의 풍미를 더욱 돋워줍니다."
blueribbon,황소곱창,서울특별시 관악구 관악로15길 39,Seoul,South Korea,RIBBON_TWO,"한식(육류), 소곱창",,02-875-7622 ,,2026,,37.4803175879078,126.95018578679264,2026-02-17T22:29:33.775718+00:00,,,,황소곱창,서울특별시 관악구 관악로15길 39,"This spot is a must-visit for anyone craving delicious Korean offal. The star of the show is the 'Modum Hanpan' (모둠한판), a platter featuring a variety of grilled intestines like beef tripe (곱창), large intestine (대창), diaphragm muscle (특양), and abomasum (막창), all served with a complimentary spicy beef tripe soup (소뼈해장국). For the truly hungry, an all-you-can-eat option is available for a small additional charge, allowing you to indulge for two hours. The staff are friendly and will guide you through the best way to enjoy each cut, even for first-timers.","이곳은 맛있는 한국식 내장 요리를 찾는 사람들에게 꼭 가봐야 할 곳입니다. 하이라이트는 소곱창, 대창, 특양, 막창 등 다양한 구운 내장으로 구성된 '모둠한판'이며, 서비스로 얼큰한 소뼈해장국도 제공됩니다. 푸짐하게 즐기고 싶은 분들을 위해 추가 요금으로 2시간 동안 무제한으로 즐길 수 있는 옵션도 마련되어 있습니다. 직원들은 친절하며, 처음 방문하는 사람들도 각 부위를 가장 맛있게 즐기는 방법을 안내해 줄 것입니다."
blueribbon,현복집,서울특별시 강남구 도산대로50길 14,Seoul,South Korea,RIBBON_TWO,"한식(어패류), 복",,02-511-6888 ,,2026,,37.521478,127.037326,2026-02-17T22:29:33.775718+00:00,,,,현복집,서울특별시 강남구 도산대로50길 14,"Hyunbokjip is a go-to spot in Gangnam for exquisite pufferfish (복어) dishes, especially their prized *chambok* (참복). The thinly sliced *chambok sashimi* (참복 사시미) offers a delightful chewy and crisp texture, while the *chambok skin튀김* (참복 껍질 튀김) is a crispy, chewy revelation, even surpassing chicken skin in its addictive quality. For a refreshing kick, the *minari bok껍질 muchim* (미나리 복껍질 무침) with its chewy pufferfish skin and aromatic minari is a must-try, and the *ponzu bok udon* (폰즈 복어 우동) provides a perfectly zesty and refreshing finish.","현복집은 강남에서 귀한 참복(참복) 요리를 맛볼 수 있는 곳으로, 특히 얇게 썬 참복 사시미(참복 사시미)는 오독오독 쫄깃한 식감이 매력적입니다. 닭 껍질 튀김보다 더 쫄깃하고 바삭한 참복 껍질 튀김(참복 껍질 튀김)은 꼭 맛봐야 할 별미이며, 향긋한 미나리와 쫄깃한 복어 껍질이 어우러진 미나리 복껍질 무침(미나리 복껍질 무침)은 입맛을 돋우기에 제격입니다. 마지막으로 상큼한 레몬이 올라간 폰즈 복어 우동(폰즈 복어 우동)은 시원한 국물로 완벽한 마무리를 선사합니다."
blueribbon,près de moi,서울특별시 강남구 선릉로148길 52,Seoul,South Korea,RIBBON_TWO,,,0507-1466-1919,,2026,,37.522867715501,127.0438052815,2026-02-17T22:29:33.775718+00:00,,,,프레드므아청담,서울특별시 강남구 선릉로148길 52,"Près de moi is a chic boulangerie and sandwich bar in Cheongdam-dong, launched by a renowned French-trained chef. The space boasts a modern French aesthetic with black and white tiled floors and matte gold accents, creating a warm and inviting atmosphere. It's the perfect spot to enjoy high-quality sandwiches and pastries, paired with a selection of champagne, wine, or beer, making it an ideal destination for both casual bites and sophisticated gatherings.","프레드므아는 유명 프렌치 셰프가 새롭게 선보이는 청담동의 세련된 블랑제리 겸 샌드위치 바로, 모던 프렌치 감각이 돋보이는 공간입니다. 블랙 앤 화이트 타일 바닥과 매트 골드 장식이 어우러져 따뜻하고 아늑한 분위기를 자아냅니다. 이곳에서는 최고급 재료로 만든 샌드위치와 페이스트리를 샴페인, 와인, 맥주 등과 함께 즐길 수 있어, 캐주얼한 식사부터 특별한 모임까지 모두 만족시키는 장소입니다."
blueribbon,Flavors,서울특별시 서초구 신반포로 176,Seoul,South Korea,RIBBON_TWO,,,02-6282-6268,,2026,,37.5039344562304,127.0024111972472,2026-02-17T22:29:33.775718+00:00,,,,플레이버즈,서울특별시 서초구 신반포로 176,"Flavors offers a sophisticated dining experience, perfect for special occasions or corporate gatherings. Guests rave about the complimentary wine or red wine with their meal, and the attentive table-side drink service. The highlight for many is the incredibly fresh, hand-sliced sashimi, and the must-try lobster, praised for its delicious flavor and easy preparation. The grilled section is a standout, with the lamb and beef ribs receiving particular acclaim for their exceptional taste.","플레이버즈는 특별한 날이나 기업 모임에 완벽한 세련된 다이닝 경험을 제공합니다. 식사와 함께 제공되는 무료 와인 또는 레드 와인과 테이블에서 주문 가능한 음료 서비스에 대한 칭찬이 자자합니다. 많은 이들이 극찬하는 것은 바로 앞에서 썰어주는 신선한 사시미와 꼭 먹어봐야 할 랍스터로, 맛과 손질의 편리함 모두에서 높은 점수를 받았습니다. 그릴 코너 역시 빼놓을 수 없는데, 특히 양갈비와 우대갈비는 뛰어난 맛으로 찬사를 받았습니다."
blueribbon,한성칼국수,서울특별시 강남구 언주로148길 14,Seoul,South Korea,RIBBON_TWO,"한식(일반한식), 일반한식, 한식(면류), 칼국수",,02-544-0540 ,,2026,,37.5206301397046,127.036162554013,2026-02-17T22:29:33.775718+00:00,,,,한성칼국수,서울특별시 강남구 언주로148길 14,"Nestled near Seoul Grand Park, Hansung Kalguksu offers a comforting escape, especially on a chilly day. This popular spot is known for its hearty and flavorful dishes, with a particular highlight being their unique, handmade dumplings (mandu, 만두). The restaurant boasts ample parking and a traditional, shoe-off dining area, creating a cozy atmosphere perfect for a satisfying meal after exploring the park.","서울대공원 근처에 자리한 한성칼국수는 특히 쌀쌀한 날씨에 몸을 녹여주는 아늑한 휴식처를 제공합니다. 이 인기 있는 맛집은 푸짐하고 맛있는 요리로 유명하며, 특히 독특한 수제 만두(mandu, 만두)가 하이라이트입니다. 넓은 주차 공간과 신발을 벗고 들어가는 전통적인 식사 공간은 공원 탐방 후 든든한 식사를 즐기기에 완벽한 아늑한 분위기를 자아냅니다."
blueribbon,PATISSERIE CREMIEL,서울특별시 서초구 양재천로21길 3,Seoul,South Korea,RIBBON_TWO,"베이커리, 페이스트리",,없음,,2026,,37.4758044816939,127.039151097456,2026-02-17T22:29:33.775718+00:00,,,,크레미엘,서울특별시 서초구 양재천로21길 3,"Nestled near Yangjaecheon stream, PATISSERIE CREMIEL is a popular French-style patisserie run by a Korean-French couple. It's so well-loved that you might encounter queues during peak hours, and special orders for cakes and pastries require advance booking. While they don't offer baguettes, their croissants are a must-try, often described as the best in Korea, especially when enjoyed fresh from the oven. Other delightful options include the queen amand and chaussons aux pommes (apple pastries), evoking a small slice of Paris.","양재천 근처에 자리한 PATISSERIE CREMIEL은 한불 부부가 운영하는 프랑스식 파티세리입니다. 이곳은 매우 인기가 많아 특정 시간대에는 줄을 서야 할 수도 있으며, 특별한 케이크나 페이스트리 주문은 미리 예약해야 할 정도로 성업 중입니다. 바게트는 판매하지 않지만, 갓 구워낸 크루아상은 한국에서 맛볼 수 있는 최고의 크루아상 중 하나로 손꼽힙니다. 퀸 아망이나 쇼송 오 뽐므(사과 페이스트리)와 같은 다른 맛있는 메뉴들도 파리의 작은 조각을 연상하게 합니다."
blueribbon,타마유라,서울특별시 서초구 신반포로 176,Seoul,South Korea,RIBBON_TWO,"일식, 가이세키, 스시, 데판야키",,02-6282-6752,,2026,,37.5039344562304,127.0024111972472,2026-02-17T22:29:33.775718+00:00,,,,타마유라,서울특별시 서초구 신반포로 176,"Tamayura, located within the JW Marriott Hotel Seoul, offers an exceptional sushi omakase experience that has captivated even the most discerning palates. The ambiance is perfect for special occasions, with personalized touches like name-engraved postcards adding a thoughtful element. From the expertly prepared tsumami (appetizers) like smoked Spanish mackerel with shiso and caviar, to the incredibly fresh sushi and a standout sukiyaki, every dish is a testament to the chef's skill and the quality of ingredients. The generous portions and attentive service make for a truly memorable and satisfying meal.","JW 메리어트 호텔 서울에 위치한 타마유라는 까다로운 미식가들의 입맛까지 사로잡은 특별한 스시 오마카세 경험을 선사합니다. 특별한 날을 기념하기에 완벽한 분위기이며, 이름이 새겨진 엽서와 같은 세심한 배려가 더해져 더욱 특별한 경험을 선사합니다. 시소와 캐비어를 곁들인 훈연 삼치와 같은 훌륭한 츠마미(애피타이저)부터 신선한 스시, 그리고 뛰어난 스키야키까지, 모든 요리는 셰프의 기술과 재료의 품질을 증명합니다. 넉넉한 양과 세심한 서비스는 진정으로 기억에 남고 만족스러운 식사를 보장합니다."
blueribbon,Toc Toc,서울특별시 강남구 학동로97길 41,Seoul,South Korea,RIBBON_TWO,프랑스식,,0507-1478-3030,,2026,,37.522410597151854,127.05431282319448,2026-02-17T22:29:33.775718+00:00,,,,톡톡,서울특별시 강남구 학동로97길 41,"Nestled near Exit 13 of Cheongdam Station, TOC TOC offers a sophisticated dining experience, recognized by the Michelin Guide Seoul 2024. The ambiance is immediately welcoming, setting the stage for an exquisite meal. Highlights include their house-baked mini bread and kouign-amann pastry, served with a unique kelp butter, and a refreshing octopus carpaccio. The modern Korean-inspired dishes shine, such as the premium 1++ sirloin yukhoe (육회) elevated with kelp, and a creative taco featuring a large grilled shrimp with harissa spice on a house-made corn tortilla.","청담역 13번 출구 근처에 위치한 TOC TOC은 미쉐린 가이드 서울 2024에 선정된 세련된 다이닝 경험을 선사합니다. 들어서는 순간부터 아늑한 분위기가 훌륭한 식사를 위한 무대를 마련합니다. 직접 구운 미니 식빵과 다시마 버터와 함께 제공되는 퀸아망 페이스트리는 꼭 맛봐야 할 메뉴이며, 신선한 문어 까르파초도 인상적입니다. 최상급 1++ 등심으로 만든 현대적인 육회(육회)는 다시마로 풍미를 더했고, 하리사 스파이스를 입힌 큰 새우와 직접 만든 옥수수 또띠아를 곁들인 창의적인 타코도 특별합니다."
blueribbon,ZENZERO,서울특별시 강남구 선릉로126길 14,Seoul,South Korea,RIBBON_TWO,,,02-543-1261,,2026,,37.5152700382785,127.043229960702,2026-02-17T22:29:33.775718+00:00,,,,젠제로,서울특별시 강남구 선릉로126길 14,"ZENZERO offers a serene escape with its minimalist Italian-inspired design and a focus on natural flavors. This gelato shop, recognized as a 'Taste of Seoul' spot, provides a tranquil ambiance perfect for enjoying a refreshing treat. The interior, adorned with plants and warm wooden tones, creates an intimate setting ideal for solo visits or quiet conversations.",ZENZERO는 미니멀한 이탈리아 감성의 디자인과 자연주의적인 맛에 집중한 고요한 안식처를 제공합니다. 'Taste of Seoul'로 선정된 이 젤라또 가게는 상큼한 디저트를 즐기기에 완벽한 평온한 분위기를 선사합니다. 식물과 따뜻한 우드톤으로 꾸며진 내부는 혼자 방문하거나 조용한 대화를 나누기에 이상적인 아늑한 공간을 연출합니다.
blueribbon,ZEST,서울특별시 강남구 도산대로55길 26,Seoul,South Korea,RIBBON_TWO,"바, 칵테일바",,010-3177-8801,,2026,,37.525227889754,127.040790451167,2026-02-17T22:29:33.775718+00:00,,,,제스트,서울특별시 강남구 도산대로55길 26,"ZEST at Conrad Seoul offers a refined buffet experience, perfect for special occasions or a sophisticated night out. While not overwhelmingly vast, the selection is curated with high-quality dishes, appealing to those who prefer quality over quantity. The ambiance is enhanced by the spacious dining area and the option for window seats offering views of Yeouido, especially beautiful during sunset. Service is attentive and friendly, adding to the overall pleasant dining atmosphere.","콘래드 서울의 제스트(ZEST)는 특별한 날이나 격조 높은 저녁 식사에 완벽한 세련된 뷔페 경험을 선사합니다. 압도적으로 방대하지는 않지만, 엄선된 고품질 요리들이 준비되어 있어 양보다는 질을 선호하는 분들에게 매력적입니다. 특히 해 질 녘 여의도의 전망을 감상할 수 있는 창가 좌석과 넓은 다이닝 공간은 분위기를 더합니다. 친절하고 세심한 서비스는 전반적인 식사 경험을 더욱 즐겁게 만들어 줍니다."
blueribbon,Exquisine,서울특별시 강남구 삼성로140길 6,Seoul,South Korea,RIBBON_TWO,프랑스식,,02-542-6921,,2026,,37.520999,127.049653,2026-02-17T22:29:33.775718+00:00,,,,익스퀴진,서울특별시 강남구 삼성로140길 6,"Exquisine, a Michelin-starred gem in Cheongdam, offers a refined dining experience focused on celebrating the unique essence of Korean ingredients. Chef Jang Gyeong-won masterfully crafts innovative dishes, blending the concepts of 'Exquisite' and 'Cuisine' into every plate. The ambiance is intimate and serene, with only a few tables, making it perfect for a quiet, upscale meal. Service is attentive and thoughtful, with staff going the extra mile to ensure comfort, from guiding guests to their seats to providing blankets.","청담에 위치한 미슐랭 스타 레스토랑 익스퀴진은 한국 식재료 본연의 맛을 살린 섬세한 미식 경험을 선사합니다. 장경원 셰프는 'Exquisite(정교한)'와 'Cuisine(요리)'의 합성어처럼, 공간과 음식 모두에 정교함과 배려를 담아냅니다. 3-4개의 테이블만 갖춘 아늑하고 조용한 분위기는 고급스러운 식사를 위한 완벽한 배경이 되어주며, 자리 안내부터 겉옷 보관, 담요 제공까지 세심하고 편안한 서비스를 경험할 수 있습니다."
blueribbon,중앙해장,서울특별시 강남구 영동대로86길 17,Seoul,South Korea,RIBBON_TWO,"한식(탕/국/찌개/전골), 선지해장국, 곱창전골, 소내장탕",,02-558-7905,,2026,,37.508245,127.065467,2026-02-17T22:29:33.775718+00:00,,,,중앙해장,서울특별시 강남구 영동대로86길 17,"This Yeouido (여의도) spot is a must-visit for those craving exceptional gopchang-jeongol (곱창전골). While the prices are a bit higher than average, the quality and flavor are said to be worth it, with many calling it a ""life-changing"" dish. The atmosphere is clean and modern, a departure from the original branch, and even offers solo dining options with individual cooking stations.","이 여의도(Yeouido) 맛집은 특별한 곱창전골(gopchang-jeongol)을 맛보고 싶은 분들에게 꼭 가봐야 할 곳입니다. 가격대는 평균보다 약간 높지만, 그 맛과 품질은 충분히 그럴 만하다고 하며 많은 사람들이 ""인생 메뉴""라고 칭찬합니다. 깔끔하고 현대적인 분위기는 본점과는 다른 매력을 선사하며, 개별 조리 시설을 갖춘 1인석도 마련되어 있습니다."
blueribbon,진미평양냉면,서울특별시 강남구 학동로 305-3,Seoul,South Korea,RIBBON_TWO,"한식(면류), 평양냉면",,02-515-3469 ,,2026,,37.516107,127.03603,2026-02-17T22:29:33.775718+00:00,,,,진미평양냉면,서울특별시 강남구 학동로 305-3,"Nestled between Hakdong and Gangnam-gu Office stations, Jinmi Pyeongyang Naengmyeon is a hidden gem for Pyongyang naengmyeon (평양냉면) enthusiasts. Despite its slightly tucked-away location, this Michelin Bib Gourmand recipient draws significant crowds, often with a substantial wait, especially on weekends. The interior is clean and modern, having undergone recent renovations. While the star is undoubtedly the Pyongyang naengmyeon, the menu also boasts highly recommended dishes like eobokjaengban (어복쟁반) and jeyuk (제육), with many patrons suggesting that nearly everything on the menu is worth trying.","학동역과 강남구청역 사이에 숨겨진 보석 같은 곳, 진미평양냉면은 평양냉면 마니아들의 성지입니다. 학동로 메인에서 살짝 안쪽에 위치해 있지만, 미쉐린 가이드 빕 구르망에 꾸준히 선정될 만큼 인기가 많아 주말에는 긴 대기 줄을 감수해야 할 수도 있습니다. 최근 리모델링을 거쳐 깔끔하고 현대적인 내부를 자랑합니다. 이곳의 시그니처 메뉴는 단연 평양냉면이지만, 어복쟁반과 제육 또한 많은 사랑을 받고 있으며, 메뉴 대부분이 훌륭하다는 평이 지배적입니다."
blueribbon,정인면옥,서울특별시 영등포구 국회대로76길 10,Seoul,South Korea,RIBBON_TWO,"한식(면류), 평양냉면, 만두, 한식(육류), 수육",,02-2683-2615 ,,2026,,37.53071,126.9217,2026-02-17T22:29:33.775718+00:00,,,,정인면옥,서울특별시 영등포구 국회대로76길 10,"This popular Yeouido spot is a must-visit for Pyongyang-style naengmyeon (평양냉면). Even for those new to the dish, the broth is surprisingly flavorful, offering a savory depth without being too bland. The chewy noodles and simple yet satisfying toppings of meat and egg create a harmonious bowl, perfect for a hot summer day. It's a Michelin-recognized establishment, so expect a wait, especially during peak season.","여의도에서 평양냉면(Pyongyang-style naengmyeon)을 찾는다면 꼭 방문해야 할 인기 맛집입니다. 평양냉면 초심자에게도 너무 밍밍하지 않고 감칠맛 나는 육수가 특징이며, 쫄깃한 면발과 고기, 계란 고명이 어우러져 완벽한 한 그릇을 선사합니다. 미쉐린 가이드에도 선정된 곳이니, 특히 성수기에는 웨이팅을 예상하셔야 합니다."
blueribbon,쥬안,서울특별시 강남구 도산대로75길 24,Seoul,South Korea,RIBBON_TWO,"일식, 가이세키",,02-512-4833 ,,2026,,37.5257986944472,127.045659927706,2026-02-17T22:29:33.775718+00:00,,,,쥬안,서울특별시 강남구 도산대로75길 24,"쥬안 (Ju-an) offers a refined kaiseki omakase experience in Cheongdam, perfect for special occasions and year-end gatherings. While not a sushi or beef omakase, it presents a delightful array of dishes designed to be enjoyed with drinks over several hours. The private room option enhances the exclusive atmosphere, making it a memorable dining destination. Expect generous portions and a sophisticated ambiance that justifies the fine dining price point.","청담 쥬안은 연말 모임이나 특별한 날에 어울리는 고급 가이세키 오마카세 전문점입니다. 스시나 소고기 오마카세와는 달리, 술과 함께 몇 시간 동안 즐길 수 있도록 다채로운 요리가 제공됩니다. 프라이빗한 룸 옵션은 더욱 특별한 분위기를 선사하며 잊지 못할 식사 경험을 선사합니다. 푸짐한 양과 고급스러운 분위기는 파인 다이닝의 가치를 더합니다."
blueribbon,y'east,서울특별시 강남구 언주로170길 26-6,Seoul,South Korea,RIBBON_TWO,,,070-8855-0470,,2026,,37.526364756231,127.035549219304,2026-02-17T22:29:33.775718+00:00,,,,이스트,서울특별시 강남구 언주로170길 26-6,"Chef Jo Young-dong's contemporary restaurant, Y'east, offers a refined dining experience that beckons for repeat visits. The tasting menu is a meticulously crafted journey, showcasing innovative pairings and textures. Standout dishes include the Tofu (두부) with king crab and caviar, a delicate balance of sweet and savory, and the Herring & Galbi Stone (청어 & 갈비찜) featuring a blue cheese donut that masterfully blends richness with a hint of funk. The Sweet Shrimp (단새우) is another highlight, with its aged sweetness complemented by nutty and umami notes.","조영동 셰프의 컨템포러리 레스토랑 이스트는 섬세한 미식 경험을 선사하며 재방문을 유도합니다. 테이스팅 메뉴는 혁신적인 페어링과 질감을 선보이는 정교하게 만들어진 여정입니다. 특히 킹크랩과 캐비어가 곁들여진 두부(Tofu)는 달콤함과 짭짤함의 섬세한 균형을 이루며, 블루치즈 도넛이 풍미와 독특한 맛을 능숙하게 조화시킨 청어 & 갈비찜(Herring & Galbi Stone)도 인상적입니다. 숙성된 단새우(Sweet Shrimp)는 고소함과 감칠맛이 더해져 또 다른 하이라이트입니다."
blueribbon,은화계,서울특별시 강남구 도산대로 152,Seoul,South Korea,RIBBON_TWO,"한식(가금류), 닭구이",,02-542-9992,,2026,,37.5181618896329,127.025230865206,2026-02-17T22:29:33.775718+00:00,,,,은화계,서울특별시 강남구 도산대로 152,"Step into Eunhwagye (은화계), a trendy spot specializing in charcoal-grilled chicken and unique chicken cuts. The atmosphere is a blend of modern and casual, reminiscent of a hip butcher shop, with seating options ranging from intimate bar tables for two to larger tables perfect for group gatherings and company dinners. It's a popular choice for both locals and visitors, offering a vibrant dining experience that caters to various occasions, from casual dates to lively celebrations.","은화계(Eunhwagye)는 숯불 닭구이와 특별한 닭 부위 요리를 전문으로 하는 트렌디한 맛집입니다. 힙한 정육점을 연상시키는 현대적이고 캐주얼한 분위기 속에서, 2인용 바 테이블부터 단체 모임 및 회식에 적합한 넓은 테이블까지 다양한 좌석 옵션을 제공합니다. 캐주얼한 데이트부터 활기찬 축하 자리까지, 다양한 모임에 어울리는 활기찬 다이닝 경험을 선사하며 현지인과 방문객 모두에게 사랑받는 곳입니다."
blueribbon,hulotte,서울특별시 강남구 선릉로148길 48,Seoul,South Korea,RIBBON_TWO,프랑스식,,02-722-0689 ,,2026,,37.5227679418531,127.043405669306,2026-02-17T22:29:33.775718+00:00,,,,윌로뜨,서울특별시 강남구 선릉로148길 48,"Hulotte offers a sophisticated fine dining experience, utilizing exquisite Jean-Neron Laguiole cutlery from southwestern France. The restaurant's unique approach lies in its seasonally changing tasting menus, each crafted around a specific theme, often inspired by historical figures or narratives. Guests receive a booklet explaining the concept behind each dish, transforming the meal into an immersive storytelling journey. The cuisine itself is a masterful blend of French techniques with global influences, creating a deeply satisfying and memorable culinary adventure.","프랑스 남서부의 장네론 라귀올 커트러리를 사용하는 윌로뜨는 섬세하고 세련된 파인 다이닝 경험을 선사합니다. 계절마다 바뀌는 테이스팅 메뉴는 특정 테마를 중심으로 구성되며, 종종 역사적 인물이나 이야기에 영감을 받아 창의적인 코스가 탄생합니다. 각 요리에 담긴 스토리를 설명하는 책자를 제공하여 식사를 몰입감 넘치는 이야기 여행으로 만듭니다. 요리는 프랑스 전통 기법에 세계 각국의 영향을 절묘하게 결합하여 깊은 만족감과 기억에 남는 미식 경험을 선사합니다."
blueribbon,Yi Ning,서울특별시 강남구 도산대로58길 14,Seoul,South Korea,RIBBON_TWO,,,02-547-7444 ,,2026,,37.522365,127.041275,2026-02-17T22:29:33.775718+00:00,,,,이닝,서울특별시 강남구 도산대로58길 14,"Yi Ning offers a refined Chinese dining experience in Cheongdam, perfect for special occasions or a sophisticated night out. The restaurant, which underwent a stylish renovation, boasts a spacious interior with private rooms, creating an intimate atmosphere. It's a popular spot for regulars and even attracts Chinese-speaking groups, hinting at its authentic flavors. The ""Tulip Course"" is a highlight, featuring dishes like the refreshing ""Teukseon Yangjangpi Japchae"" (특선 양장피 잡채), a delightful appetizer that awakens the palate with fresh vegetables and a zesty mustard sauce.","청담동의 세련된 중식당 이닝은 특별한 날이나 격조 있는 저녁 식사를 위한 완벽한 장소입니다. 최근 스타일리시하게 리뉴얼된 이닝은 넓은 실내 공간과 프라이빗 룸을 갖추고 있어 아늑한 분위기를 선사합니다. 단골들이 많이 찾는 곳이며, 중국어 사용자 그룹까지 방문하는 것을 보면 현지인들에게도 인기가 많음을 알 수 있습니다. '튤립 코스'는 신선한 채소와 쫄깃한 잡채 위에 톡 쏘는 겨자 소스를 곁들인 산뜻한 전채 요리인 '특선 양장피 잡채'와 같은 메뉴를 포함하여 미각을 돋우는 경험을 제공합니다."
blueribbon,우정,서울특별시 강남구 도산대로55길 23,Seoul,South Korea,RIBBON_TWO,"한식(육류), 수육",,02-515-1808,,2026,,37.5250678429106,127.040349845762,2026-02-17T22:29:33.775718+00:00,,,,우정,서울특별시 강남구 도산대로55길 23,"Nestled in the heart of the Sindang-dong Tteokbokki Town, Ujeong is a beloved, long-standing eatery famous for its fiery chicken feet (dakbal). The vibe is lively and bustling, with locals and visitors alike packing the two-story space, especially late into the night. Be warned: the spicy dakbal (매운 닭발) lives up to its name and is not for the faint of heart, but its addictive, flavorful heat is what keeps people coming back for more.","신당동 떡볶이 타운에 자리한 우정은 매콤한 닭발로 유명한 오래된 맛집입니다. 활기차고 북적이는 분위기 속에서 현지인과 관광객 모두 2층 공간을 가득 메우며, 특히 늦은 밤까지 손님들로 붐빕니다. 매운 닭발은 이름값 제대로 하는 매운맛이니 조심해야 하지만, 중독성 있는 풍미 덕분에 사람들이 계속해서 이곳을 찾게 만드는 이유입니다."
blueribbon,UOVO,서울특별시 강남구 논현로26길 8,Seoul,South Korea,RIBBON_TWO,"이탈리아식, 파스타",,02-2222-2221,,2026,,37.4819218756209,127.043796290477,2026-02-17T22:29:33.775718+00:00,,,,우오보,서울특별시 강남구 논현로26길 8,"UOVO is a must-visit for pasta lovers, renowned as one of Seoul's top three fresh pasta destinations. The ambiance is warm and intimate, with dim lighting making it a popular spot for dates and special occasions. An open kitchen allows diners to witness the pasta-making magic firsthand. The complimentary focaccia is a delightful start, boasting a crispy exterior and chewy interior. For appetizers, the beef tartare (비프 타르타르) is highly recommended for its incredibly smooth texture and unique pairing with a subtly sweet milk chip.","UOVO는 파스타 애호가라면 꼭 방문해야 할 곳으로, 서울 3대 생면 파스타 맛집으로 명성이 높습니다. 은은한 조명 아래 따뜻하고 아늑한 분위기는 데이트나 특별한 날을 위한 완벽한 장소입니다. 오픈 키친에서는 파스타 제조 과정을 직접 볼 수 있습니다. 서비스로 제공되는 포카치아는 겉은 바삭하고 속은 쫄깃하여 즐거운 시작을 선사합니다. 애피타이저 중에서는 특히 부드러운 식감과 독특한 밀크칩과의 조화가 인상적인 비프 타르타르(beef tartare)를 강력 추천합니다."
blueribbon,왕스덕,서울특별시 강남구 도산대로 130,Seoul,South Korea,RIBBON_TWO,"중식, 일반중식, 북경오리",,02-540-8524,,2026,,37.51718782450431,127.0229760311936,2026-02-17T22:29:33.775718+00:00,,,,왕스덕,서울특별시 강남구 도산대로 130,"Step into Wangsduck (왕스덕), a renowned Chinese restaurant in Sinsa, celebrated for its exquisite Peking duck (북경오리). The ambiance is sophisticated, with spacious private rooms and a grand dining hall, making it ideal for special occasions. Witness the theatrical carving of the duck right at your table, a culinary performance that sets the stage for a memorable meal. Beyond the star attraction, the entire menu boasts delicious Chinese dishes, ensuring a satisfying experience for all your dining companions.","신사역의 명성 높은 중식당 왕스덕은 북경오리(북경오리)로 유명한 곳입니다. 고급스러운 분위기와 넓은 룸, 웅장한 홀은 특별한 날에 방문하기에 완벽합니다. 테이블에서 직접 진행되는 오리 해체 쇼는 잊지 못할 식사의 서막을 엽니다. 메인 메뉴인 북경오리 외에도 모든 중식 요리가 맛있어 동행한 모든 분들이 만족할 만한 경험을 선사합니다."
blueribbon,Hotel Douce,서울특별시 서초구 서래로10길 9,Seoul,South Korea,RIBBON_TWO,"디저트/스위트, 디저트전문점",,02-595-5705 ,,2026,,37.49953,126.9989,2026-02-17T22:29:33.775718+00:00,,,,오뗄두스,서울특별시 서초구 서래로10길 9,"Step into Hotel Douce (오뗄두스) in the SFC Mall and be transported to a charming European-style patisserie. This gem, run by a chef recognized in France, boasts an impressive array of delicate pastries, from classic éclairs and mille-feuille to rich chocolates and macarons. It's the perfect spot for a sweet escape, offering a delightful selection of treats that promise a taste of Parisian elegance right in the heart of Gwanghwamun.","SFC몰에 위치한 오뗄두스(Hotel Douce)는 유럽풍의 매력적인 디저트 카페입니다. 프랑스에서도 인정받은 셰프가 운영하는 이곳은 클래식 에클레어와 밀푀유부터 진한 초콜릿, 마카롱까지 섬세하고 다채로운 페이스트리를 자랑합니다. 광화문 중심부에서 파리의 우아함을 맛볼 수 있는 완벽한 장소로, 달콤한 휴식을 선사합니다."
blueribbon,외고집설렁탕,서울특별시 강남구 삼성로 555,Seoul,South Korea,RIBBON_TWO,"한식(탕/국/찌개/전골), 설렁탕",,02-567-5225 ,,2026,,37.51101489356036,127.05390190668514,2026-02-17T22:29:33.775718+00:00,,,,외고집설렁탕,서울특별시 강남구 삼성로 555,"Once a humble spot that famously declined a TV appearance, Oegojip Seolleongtang (외고집설렁탕) has transformed into a sprawling, upscale establishment. The interior is surprisingly luxurious for a seolleongtang (설렁탕) house, adorned with Michelin Guide Bib Gourmand and Blue Ribbon accolades. While the broth is still praised for its clean, savory flavor and lack of gamey notes, some patrons feel it has become a bit lighter than in its earlier, more intimate days. The menu now prominently features the head meat seolleongtang (머리고기 설렁탕), offering a richer texture alongside the traditional cuts.","한때 방송 출연을 정중히 거절했던 소박한 식당이었던 외고집설렁탕(Oegojip Seolleongtang)이 이제는 넓고 고급스러운 공간으로 변모했습니다. 설렁탕 전문점이라고는 믿기지 않을 정도로 고급스러운 인테리어와 함께 미쉐린 가이드 빕 구르망 및 블루리본 수상 내역이 자랑스럽게 전시되어 있습니다. 맑고 감칠맛 나는 국물은 여전히 잡내 없이 훌륭하지만, 예전보다 국물이 다소 옅어졌다는 의견도 있습니다. 이제는 메뉴에 정식으로 올라온 머리고기 설렁탕(head meat seolleongtang)은 전통적인 부위 외에 풍부한 식감을 더해줍니다."
blueribbon,ESSENCE,서울특별시 서초구 반포대로4길 12,Seoul,South Korea,RIBBON_TWO,"프랑스식, 프렌치비스트로",,010-8010-5099,,2026,,37.4818351712773,127.01336700925,2026-02-17T22:29:33.775718+00:00,,,,에쌍스,서울특별시 서초구 반포대로4길 12,"Essence, a Michelin-recognized French bistro near the Seoul Arts Center, offers a lighter, more approachable take on fine dining compared to its predecessor. It's an ideal spot for a pre- or post-performance date, with a cozy interior perfect for intimate gatherings. The menu features classic French fare with unique twists, including options like escargots and chicken liver mousse (닭간 무스), alongside more familiar dishes like risotto and steak.","예술의전당 근처에 위치한 미쉐린 선정 프렌치 비스트로 에쌍스는 이전 레스토랑보다 가볍고 편안한 파인 다이닝 경험을 선사합니다. 공연 전후 데이트 장소로 완벽하며, 아늑한 실내는 친밀한 모임에 이상적입니다. 메뉴는 에스카르고, 닭간 무스 등 독특한 변형을 가미한 클래식 프렌치 요리와 리조또, 스테이크 등 익숙한 요리를 모두 제공합니다."
blueribbon,Allen,서울특별시 강남구 테헤란로 231,Seoul,South Korea,RIBBON_TWO,,,02-6985-7214,,2026,,37.5028813541774,127.041356540268,2026-02-17T22:29:33.775718+00:00,,,,알렌,서울특별시 강남구 테헤란로 231,"Allen offers an exquisite French fine dining experience in Seoul, with an omakase-style approach that elevates the traditional tasting menu. The chef's passion for champagne is evident, with the wine pairing featuring three distinct champagnes, and guests can even opt for premium selections like Dom Pérignon. The ambiance is sophisticated, making it a perfect spot for a special occasion, and the attentive service, including unexpected kitchen tours, adds a layer of exclusivity to the meal.","알렌은 서울에서 프랑스 파인 다이닝의 정수를 보여주는 곳으로, 오마카세 스타일의 테이스팅 메뉴가 전통적인 경험을 한 차원 높여줍니다. 셰프의 샴페인에 대한 열정은 와인 페어링에 세 가지의 샴페인이 포함된 것에서 잘 드러나며, 돔 페리뇽과 같은 프리미엄 셀렉션을 추가할 수도 있습니다. 고급스러운 분위기는 특별한 날을 기념하기에 완벽하며, 예상치 못한 주방 투어와 같은 세심한 서비스는 식사에 특별함을 더합니다."
blueribbon,Alice Bar,서울특별시 강남구 도산대로55길 47,Seoul,South Korea,RIBBON_TWO,바,,02-511-8420,,2026,,37.5266775490869,127.040943739564,2026-02-17T22:29:33.775718+00:00,,,,앨리스청담,서울특별시 강남구 도산대로55길 47,"Step into Alice Bar in Cheongdam-dong and be transported to a world of vintage charm and intimate ambiance. With its dim lighting, exposed brick, and subtle nods to ""Alice in Wonderland,"" this spot is perfect for a romantic date night or a quiet, private conversation. The ""Face to Vase"" cocktail, a delightful blend of gin, eucalyptus, sake, mango, and coriander, offers a fresh, floral aroma that truly complements the enchanting atmosphere. The creative and beautifully presented cocktails are a highlight, with staff ready to offer friendly recommendations.","청담동 앨리스 바는 빈티지한 매력과 아늑한 분위기로 당신을 다른 세계로 안내합니다. 은은한 조명과 벽돌 인테리어, 그리고 '이상한 나라의 앨리스'를 연상시키는 아기자기한 소품들은 로맨틱한 데이트나 조용하고 프라이빗한 대화에 완벽한 장소입니다. 특히 진, 유칼립투스, 사케, 망고, 고수가 조화된 'Face to Vase' 칵테일은 신선하고 은은한 꽃향기로 매혹적인 분위기를 더합니다. 창의적이고 아름답게 플레이팅된 칵테일들은 이곳의 하이라이트이며, 친절한 직원들이 기꺼이 추천을 도와줄 것입니다."
blueribbon,Urban Knife,서울특별시 강동구 구천면로100길 11,Seoul,South Korea,RIBBON_TWO,"기타, 샤퀴테리, 유럽식, 독일식",,0507-1332-5279,,2026,,37.5504097906844,127.171724193164,2026-02-17T22:29:33.775718+00:00,,,,어반나이프,서울특별시 강동구 구천면로100길 11,"Nestled near Apgujeong Station, Urban Knife Imbiss is a hidden gem specializing in authentic German sausages, lovingly crafted by a chef trained in Germany. This ""somaek"" (소맥) spot, a playful combination of sausage and beer, offers a taste of genuine German fare without breaking the bank. The cozy interior features ample bar seating, perfect for solo diners enjoying a ""honmaek"" (혼맥) – a solo beer session. Don't miss the Currywurst (커리부어스트), a flavorful sausage dish with a subtle curry aroma, perfectly complemented by crispy fries and tangy sauerkraut. The generous portions and high quality make it a standout in the upscale Apgujeong district.",압구정역 근처에 자리한 어반나이프 임비스는 독일에서 소세지를 배운 셰프가 정성껏 만든 정통 독일식 소세지 전문점입니다. 소세지와 맥주를 뜻하는 '소맥'을 즐길 수 있는 이곳은 합리적인 가격으로 진짜 독일의 맛을 선사합니다. 아담한 내부는 혼자 방문하는 손님도 편안하게 즐길 수 있는 바 좌석이 마련되어 있어 '혼맥'을 즐기기에도 좋습니다. 은은한 커리 향이 매력적인 커리부어스트(Currywurst)는 바삭한 감자튀김과 새콤한 사워크라우트와 환상의 궁합을 자랑합니다. 푸짐한 양과 높은 퀄리티는 고급스러운 압구정 지역에서도 단연 돋보입니다.
blueribbon,Stick with Me,서울특별시 강남구 압구정로46길 4,Seoul,South Korea,RIBBON_ONE,"한식(육류), 삼겹살, 돼지고기구이",,02-511-4641,,2026,,37.528391947359,127.036640212616,2026-02-17T22:29:33.775718+00:00,,,,스틱윗미,서울특별시 강남구 압구정로46길 4,"Step into Stick With Me, a handcrafted chocolate brand originating from New York's Soho, now a celebrated name in Korea after being famously gifted by actress Gong Hyo-jin. Each chocolate is a miniature work of art, boasting vibrant, jewel-like exteriors crafted with natural colorants. While not inexpensive, these chocolates offer a unique sensory experience, blending exquisite taste with stunning visual appeal, making them a perfect choice for special gifts or a delightful personal indulgence.","뉴욕 소호에서 시작해 배우 공효진이 결혼 답례품으로 선물하며 국내에서 유명세를 탄 수제 초콜릿 브랜드, 스틱 윗미(Stick With Me)에 오신 것을 환영합니다. 이곳의 모든 초콜릿은 천연 색소를 사용하여 만든 보석처럼 반짝이는 외관을 자랑하는 예술 작품입니다. 가격대는 다소 높지만, 뛰어난 맛과 시각적인 아름다움을 겸비한 독특한 경험을 선사하며 특별한 날 선물이나 기분 전환을 위한 완벽한 선택이 될 것입니다."
blueribbon,SUSHI ARAMIZ,서울특별시 강남구 테헤란로 231,Seoul,South Korea,RIBBON_TWO,,,02-6985-7213,,2026,,37.5028813541774,127.041356540268,2026-02-17T22:29:33.775718+00:00,,,,스시아라미즈,서울특별시 강남구 테헤란로 231,,
blueribbon,스시상현,서울특별시 강남구 도산대로70길 24,Seoul,South Korea,RIBBON_TWO,"일식, 스시",,010-7579-6943,,2026,,37.5221099525237,127.045055412969,2026-02-17T22:29:33.775718+00:00,,,,스시상현,서울특별시 강남구 도산대로70길 24,"Experience an exquisite sushi omakase (스시 오마카세) with breathtaking Han River views at Sushi Sanghyun. Located in the Seoul Royal Marina, this branch of the Michelin-starred original offers a serene dining setting with private counter seats overlooking the water and docked yachts. The ambiance is elevated by the spacious interior and the stunning panorama, making it a perfect spot for special occasions.",스시상현 한강점에서 숨 막힐 듯 아름다운 한강 전망과 함께 절묘한 스시 오마카세 경험을 즐겨보세요. 서울 로얄 마리나에 위치한 이 미슐랭 스타 본점의 분점은 물과 정박된 요트가 보이는 프라이빗한 카운터 좌석을 갖춘 고요한 식사 공간을 제공합니다. 넓은 실내와 멋진 파노라마가 분위기를 더욱 돋우어 특별한 날을 위한 완벽한 장소입니다.
blueribbon,Adore,서울특별시 강남구 선릉로116길 24,Seoul,South Korea,RIBBON_TWO,"디저트/스위트, 초콜릿",,0507-1345-3921,,2026,,37.512809780779634,127.0450942735762,2026-02-17T22:29:33.775718+00:00,,,,아도르,서울특별시 강남구 선릉로116길 24,"Adore is a trendy spot celebrated for its exquisite fruit mochi (과일찹쌀떡) and artisanal chocolates. Reviewers rave about the fresh fruit fillings, particularly the strawberry chocolate mochi and the unique 'Dubai' flavor. The presentation is consistently described as luxurious, making it an ideal gift option. Beyond the mochi, their chocolates are equally praised for their smooth texture and delightful fillings, offering a sophisticated treat for any occasion.","아도르는 고급스러운 과일찹쌀떡과 수제 초콜릿으로 유명한 요즘 핫한 곳입니다. 신선한 과일 필링, 특히 딸기 초콜릿 찹쌀떡과 독특한 '두바이' 맛에 대한 찬사가 이어집니다. 고급스러운 포장으로 선물용으로도 안성맞춤입니다. 찹쌀떡 외에도 초콜릿 역시 부드러운 질감과 맛있는 필링으로 칭찬받으며, 어떤 날에도 어울리는 세련된 디저트를 선사합니다."
blueribbon,스시시미즈,서울특별시 강남구 언주로152길 11-3,Seoul,South Korea,RIBBON_TWO,"일식, 스시",,02-543-0887,,2026,,37.52294062837627,127.03449836732372,2026-02-17T22:29:33.775718+00:00,,,,스시시미즈,서울특별시 강남구 언주로152길 11-3,"Nestled in the upscale Dosan Park area, Sushi Shimizu offers an intimate omakase experience led by the charismatic Chef Lee Gwang-yeol. The ambiance is refined, with guests seated directly at the counter, observing the meticulous preparation of each dish. While sake is available, some patrons may opt for non-alcoholic pairings to fully appreciate the nuanced flavors. The sushi here is known for its distinctive, firm, and subtly seasoned rice (shari), which creates a unique contrast with the fresh toppings, particularly the white fish. This bold approach to the rice is a signature element that sets Sushi Shimizu apart.","도산공원 인근의 고급스러운 분위기 속에서 이광열 셰프가 이끄는 스시시미즈는 친밀한 오마카세 경험을 선사합니다. 손님들은 카운터석에 앉아 셰프의 섬세한 손길로 요리가 준비되는 과정을 직접 지켜볼 수 있습니다. 사케가 준비되어 있지만, 섬세한 맛을 온전히 즐기기 위해 비주류 음료를 선택하는 것도 좋습니다. 이곳의 스시는 신선한 재료, 특히 흰살 생선과 독특한 대비를 이루는 단단하면서도 은은하게 양념된 밥(샤리)으로 유명합니다. 이러한 샤리에 대한 과감한 접근 방식은 스시시미즈를 특별하게 만드는 시그니처 요소입니다."
blueribbon,SUN THE BUD,서울특별시 강남구 압구정로60길 18,Seoul,South Korea,RIBBON_TWO,"기타, 샐러드, 다이어트식",,02-2138-1377 ,,2026,,37.52615,127.041687,2026-02-17T22:29:33.775718+00:00,,,,썬더버드,서울특별시 강남구 압구정로60길 18,"Sun the Bud is a bright and airy spot in Cheongdam, perfect for a guilt-free indulgence after a workout. Bathed in natural sunlight, the restaurant offers a serene ambiance ideal for a relaxing meal. A unique perk is the 10% discount for anyone wearing workout attire, making it a popular choice for those who prioritize clean eating and low-carb diets.","썬더버드는 청담에 위치한 밝고 쾌적한 공간으로, 운동 후 죄책감 없이 즐길 수 있는 완벽한 장소입니다. 자연광이 가득 들어오는 이곳은 편안한 식사를 위한 고요한 분위기를 선사합니다. 특히 운동복을 착용한 고객에게 10% 할인을 제공하는 특별한 혜택은 클린 푸드와 저탄수화물 식단을 선호하는 사람들에게 인기가 많습니다."
blueribbon,stay,서울특별시 송파구 올림픽로 300,Seoul,South Korea,RIBBON_TWO,,,02-3213-1230,,2026,,37.51375250260386,127.10444609981752,2026-02-17T22:29:33.775718+00:00,,,,스테이,서울특별시 송파구 올림픽로 300,"Perched on the 81st floor of the Signiel Seoul, STAY offers a truly elevated dining experience with breathtaking panoramic views of the city. The ambiance is chic and modern, with a special touch of yellow decor that complements the stunning cityscape. While the exact dishes might be a delightful surprise, expect meticulously crafted courses that are as visually appealing as they are delicious. It's the perfect spot for a special occasion or a romantic date, especially if you snag one of the coveted window seats (though an additional fee may apply).","시그니엘 서울 81층에 자리한 STAY는 숨 막힐 듯 아름다운 도시의 파노라마 전망과 함께 진정으로 특별한 미식 경험을 선사합니다. 세련되고 현대적인 분위기에, 멋진 도시 풍경과 어우러지는 노란색 장식이 특별함을 더합니다. 정확한 메뉴는 방문 시 즐거운 놀라움이 될 수 있지만, 시각적으로도 맛으로도 훌륭한 섬세한 코스 요리를 기대할 수 있습니다. 특히 창가 좌석(추가 요금 발생 가능)을 확보한다면, 특별한 날이나 로맨틱한 데이트를 위한 완벽한 장소가 될 것입니다."
blueribbon,스시코우지,서울특별시 강남구 도산대로 318,Seoul,South Korea,RIBBON_TWO,"일식, 스시",,02-541-6200,,2026,,37.5218417619336,127.036895154956,2026-02-17T22:29:33.775718+00:00,,,,스시코우지,서울특별시 강남구 도산대로 318,"Experience an elevated sushi journey at Sushi Kouji, helmed by a chef trained in Tokyo's Michelin 3-star scene. This high-end sushi restaurant offers an exquisite omakase experience, where each dish is a testament to meticulous preparation and premium ingredients. From the perfectly seared flounder fin sashimi (광어 지느러미) to the signature sweet shrimp (도하새우) with uni, every bite is designed to impress. The meal is artfully complemented by a curated selection of sake, chosen to enhance the delicate flavors of the seafood.","도쿄 미슐랭 3스타 출신 셰프가 이끄는 스시코우지에서 격이 다른 스시 오마카세를 경험해 보세요. 최상급 재료와 섬세한 손길로 완성되는 요리 하나하나가 감탄을 자아냅니다. 불향을 입힌 자연산 광어 지느러미(광어 지느러미)부터 시그니처 메뉴인 도하새우(도하새우)와 성게알(우니) 조합까지, 모든 순간이 특별합니다. 엄선된 사케 리스트는 해산물의 풍미를 한층 끌어올리며 완벽한 조화를 이룹니다."
blueribbon,XINGKAI,서울특별시 강남구 논현로 508,Seoul,South Korea,RIBBON_TWO,"중식, 일반중식",,02-2005-1003,,2026,,37.501898,127.037291,2026-02-17T22:29:33.775718+00:00,,,,싱카이,서울특별시 강남구 논현로 508,"Xingkai positions itself as a high-end Chinese fine dining experience, nestled in the basement of the Seoul Finance Center building. While the ambiance is pleasant, the restaurant can feel a bit sparse with fewer patrons. The menu offers a range of dishes, with the 'specialty' cold appetizers (xingkai teseong naengchae, 싱카이 특선 냉채) featuring a standout preserved egg (songhuidan, 송화단) that evokes memories of other esteemed establishments. The steamed shark's fin with matsutake mushrooms (sanghaesik jayeonsongyi shakseupinjjim, 상하이식 자연송이 샥스핀찜) highlights seasonal ingredients, though the shark's fin itself is considered decent rather than exceptional, and the sauce is mild. Other notable dishes include the sea cucumber and abalone with kailan (haesam jeonbok kairan, 해삼 전복 카이란), praised for its satisfying textures, and a spicy lobster (maeuun soseu badagajjae, 매운 소스 바닷가재) that offers a unique fried preparation. The meal concludes with a surprisingly grilled matsutake mushroom (jayeonsongi gui, 자연송이 구이) and satisfying, if not groundbreaking, staple dishes like jjampong (짬뽕) and fried rice (bokkeumbap, 볶음밥).","서울 파이낸스 센터 빌딩 지하에 자리한 싱카이는 고급 중식 파인 다이닝을 표방하는 곳입니다. 쾌적한 분위기 속에서 식사를 즐길 수 있지만, 손님이 많지 않을 때는 다소 썰렁하게 느껴질 수도 있습니다. 메뉴 중에서는 특히 송화단(songhuidan, 송화단)이 인상적인 특선 냉채(xingkai teseong naengchae, 싱카이 특선 냉채)가 눈길을 끕니다. 제철 송이(matsutake mushroom)를 활용한 상하이식 자연송이 샥스핀찜(sanghaesik jayeonsongyi shakseupinjjim, 상하이식 자연송이 샥스핀찜)은 괜찮은 퀄리티의 샥스핀과 함께 제공되며, 해삼과 전복의 식감이 살아있는 해삼 전복 카이란(haesam jeonbok kairan, 해삼 전복 카이란)과 바삭하게 튀겨낸 매운 소스 바닷가재(maeuun soseu badagajjae, 매운 소스 바닷가재)도 별미입니다. 식사로는 푸짐한 짬뽕(jjampong, 짬뽕)과 볶음밥(bokkeumbap, 볶음밥)이 준비되어 있으며, 예상치 못한 자연송이 구이(jayeonsongi gui, 자연송이 구이)도 경험해 볼 수 있습니다."
blueribbon,Sweets EPI,서울특별시 강남구 선릉로64길 23,Seoul,South Korea,RIBBON_TWO,"디저트/스위트, 케이크, 디저트전문점",,02-419-3276 ,,2026,,37.49826,127.0542,2026-02-17T22:29:33.775718+00:00,,,,스위트에삐,서울특별시 강남구 선릉로64길 23,"A beloved bakery since its early days, Sweets EPI (스위트 에삐) has maintained its reputation as a premier cake destination. This cozy spot, conveniently located near Hankt Station (한티역), has been a consistent recipient of Blue Ribbon Survey accolades for over a decade, a testament to its enduring quality. While the interior is compact, the focus is squarely on their exquisite cakes and baked goods, making it a perfect stop for a special occasion treat.","스위트 에삐(Sweets EPI)는 학창 시절부터 유명했던 케이크 맛집으로, 오랜 시간 동안 명성을 이어오고 있는 곳입니다. 한티역(Hankt Station) 근처에 위치한 이 아담한 공간은 10년 이상 블루리본 서베이에 꾸준히 선정될 만큼 변함없는 품질을 자랑합니다. 내부는 작지만, 맛있는 케이크와 베이커리에 집중할 수 있어 특별한 날을 위한 디저트 장소로 안성맞춤입니다."
blueribbon,신가예촌,서울특별시 서초구 서운로 11,Seoul,South Korea,RIBBON_TWO,"한식(어패류), 굴비, 게장, 한식(일반한식), 한정식",,02-525-0986,,2026,,37.4849946106957,127.029112829918,2026-02-17T22:29:33.775718+00:00,,,,신가예촌,서울특별시 서초구 서운로 11,"Step into Shingayecheon (신가예촌), a hidden gem recognized for five consecutive years by Blue Ribbon. This restaurant offers a traditional Korean dining experience, with a cozy, rustic ambiance perfect for family gatherings. Their signature dish, boribyeolgi (보리굴비), is a must-try, praised for its fresh, non-fishy taste. The menu features hearty, home-style dishes like seoksoe bulgogi (석쇠 불고기) and a flavorful gyeojim (지짐) made with dried radish greens, all served with a comforting, unpretentious flair.","5년 연속 블루리본에 선정된 숨은 맛집 신가예촌(신가예촌)에서 전통 한식의 정수를 경험해 보세요. 아늑하고 소박한 분위기는 가족 모임에 완벽한 장소입니다. 이곳의 시그니처 메뉴인 보리굴비(보리굴비)는 비린 맛 없이 신선한 맛으로 꼭 맛봐야 할 요리입니다. 메뉴에는 석쇠 불고기(석쇠 불고기)와 같은 푸짐한 가정식 요리와, 편안하고 소박한 매력으로 제공되는 맛있는 우거지 지짐(지짐) 등이 준비되어 있습니다."
blueribbon,슈치쿠,서울특별시 영등포구 63로 50,Seoul,South Korea,RIBBON_TWO,"일식, 스시",,02-789-5751 ,,2026,,37.5198,126.9401,2026-02-17T22:29:33.775718+00:00,,,,슈치쿠,서울특별시 영등포구 63로 50,"Perched on the 58th floor of the iconic 63 Building, Shuchiku offers a breathtaking dining experience with panoramic views of Seoul. This upscale Japanese omakase (오마카세) restaurant is an ideal choice for special occasions like birthdays or anniversaries. The counter seats, which require advance booking, provide an intimate setting, especially if you're lucky enough to have the space to yourselves, as one reviewer did. The attentive service, from coat check to parking assistance, adds to the luxurious feel.","상징적인 63빌딩 58층에 자리한 슈치쿠는 서울의 탁 트인 전망을 자랑하는 멋진 다이닝 경험을 선사합니다. 이 고급 일식 오마카세 레스토랑은 생일이나 기념일과 같은 특별한 날에 이상적인 선택입니다. 사전 예약이 필수인 카운터석은, 특히 리뷰어처럼 공간을 단독으로 이용하게 된다면 더욱 아늑한 분위기를 제공합니다. 옷을 받아 걸어주는 것부터 주차 지원까지 세심한 서비스는 고급스러운 느낌을 더합니다."
blueribbon,스바루,서울특별시 서초구 방배중앙로21길 7,Seoul,South Korea,RIBBON_TWO,"일식, 소바",,02-596-4882,,2026,,37.4923799714446,126.986130514897,2026-02-17T22:29:33.775718+00:00,,,,스바루,서울특별시 서초구 방배중앙로21길 7,"Nestled in Bangbae-dong, Subaru is a celebrated soba (소바) specialist that has earned a coveted spot in the Michelin Guide for nine consecutive years. This isn't just hype; the dedication to craft is evident in every bite. Chef Kang Young-cheol's philosophy of delivering the purest soba experience shines through, with noodles made fresh daily using a traditional 2:8 buckwheat-to-flour ratio. The star of the show is the expertly prepared soba, but don't overlook their comforting Nabe Udon (냄비우동) with its exceptionally smooth yet firm noodles, or the flavorful Duck Soba (오리메밀), where the rich duck broth perfectly complements the chilled noodles.","방배동에 자리한 스바루는 9년 연속 미쉐린 가이드에 선정된 소바 전문점입니다. 이곳의 진정성은 모든 메뉴에서 느껴지며, 강영철 셰프는 매일 전통 방식으로 직접 뽑아내는 2:8 비율의 메밀면으로 최고의 소바 경험을 선사합니다. 이곳의 시그니처는 단연 소바지만, 부드러우면서도 탄력 있는 면발이 일품인 냄비우동과 진한 오리 육수가 차가운 메밀면과 환상적인 조화를 이루는 오리메밀도 놓칠 수 없는 메뉴입니다."
blueribbon,세야스시,서울특별시 강남구 선릉로148길 40-4,Seoul,South Korea,RIBBON_TWO,"일식, 스시",,02-518-2216,,2026,,37.5224466309117,127.042700950101,2026-02-17T22:29:33.775718+00:00,,,,세야스시,서울특별시 강남구 선릉로148길 40-4,"This intimate sushi spot offers a refined omakase experience, perfect for a special occasion or a quiet evening out. The chef's attention to detail shines through, from the perfectly seasoned rice to the unique preparations of each dish. Expect a delightful journey through fresh seafood, with standouts like the unique texture of the akami zuke (marinated lean tuna) and the surprisingly delicious smoked mackerel (samchi, 삼치). The chef's willingness to accommodate and personalize the experience makes for a truly memorable meal.","이 아늑한 스시집은 특별한 날이나 조용한 저녁 식사에 완벽한 오마카세 경험을 선사합니다. 셰프의 세심한 배려가 돋보이며, 완벽하게 양념된 샤리와 각 요리의 독특한 준비에서 그 정성을 느낄 수 있습니다. 신선한 해산물을 맛보는 즐거운 여정을 기대하세요. 특히 독특한 식감의 아카미 즈케와 놀랍도록 맛있는 훈제 삼치가 인상적입니다. 셰프의 맞춤형 서비스는 진정으로 기억에 남는 식사를 만들어 줍니다."
blueribbon,서초장어타운,서울특별시 서초구 반포대로28길 77,Seoul,South Korea,RIBBON_TWO,"한식(민물어패류), 장어",,02-521-6934 ,,2026,,37.49289,127.0131,2026-02-17T22:29:33.775718+00:00,,,,서초장어타운,서울특별시 서초구 반포대로28길 77,"Nestled in the bustling eateries near Gyodae Station, Seocho Jang-eo Town is a long-standing gem specializing in freshwater eel. The vibe here is unpretentious and focused on quality, making it a perfect spot for a satisfying meal, especially for those who appreciate a good drink with their food. The restaurant prides itself on using domestically sourced ingredients, including their premium Japanese eel (minmul jang-eo, 민물장어), rice, and kimchi, ensuring a taste of authentic Korean flavors.","교대역 근처 번화한 먹자골목에 자리한 서초장어타운은 민물장어 전문점으로 오랜 역사를 자랑하는 숨은 맛집입니다. 이곳의 분위기는 꾸밈없고 품질에 집중되어 있어, 특히 음식과 함께 술 한잔을 즐기는 분들에게 완벽한 식사 장소가 될 것입니다. 식당은 최상급 국내산 민물장어, 쌀, 김치를 포함한 모든 재료를 국내산으로 사용하여 정통 한국의 맛을 선사합니다."
blueribbon,소호정,서울특별시 서초구 논현로 27,Seoul,South Korea,RIBBON_TWO,"한식(면류), 칼국수, 한식(육류), 수육",,02-579-7282 ,,2026,,37.473216,127.048669,2026-02-17T22:29:33.775718+00:00,,,,소호정,서울특별시 서초구 논현로 27,"This long-standing establishment, known for its traditional Andong-style noodles (Andong Guksu, 안동국시), offers a refined dining experience. The restaurant, which once supplied its noodle-making secrets to the Blue House, maintains a classic ambiance with private rooms suitable for important guests. While prices are on the higher side, the consistent quality and presentation, with dishes served in elegant ceramicware, justify the cost. The standout dishes are the premium Korean beef brisket (Suyeok, 수육) and the signature Guksu (국시), both praised for their deep flavors and perfect textures. Don't miss the addictive pickled perilla leaves (Kkaennip, 깻잎) served as a side dish.","전통 안동국시(국시) 전문점인 소호정은 세월의 흔적이 묻어나는 고풍스러운 분위기와 귀한 손님을 접대하기 좋은 룸을 갖추고 있습니다. 가격대는 다소 높지만, 모든 음식이 정갈한 자기 그릇에 담겨 나오는 점은 만족감을 더합니다. 특히 최고급 한우로 만든 수육(소)과 깊은 육수 맛이 일품인 시그니처 메뉴 국시(한우)는 꼭 맛봐야 할 메뉴입니다. 곁들임으로 나오는 중독성 있는 깻잎 장아찌도 놓치지 마세요."
blueribbon,새벽집,서울특별시 강남구 도산대로101길 6,Seoul,South Korea,RIBBON_TWO,"한식(탕/국/찌개/전골), 선지해장국, 기타, 샤브샤브, 한식(육류), 소고기구이",,02-546-5739,,2026,,37.52548,127.0529,2026-02-17T22:29:33.775718+00:00,,,,새벽집,서울특별시 강남구 도산대로101길 6,"This 24-hour, year-round Korean BBQ spot in Cheongdam is a go-to for high-quality Hanwoo (한우) beef, especially their famous yukhoe bibimbap (육회 비빔밥). The atmosphere is lively, attracting a diverse crowd from late-night revelers to families, and the maze-like interior with private rooms offers a unique dining experience. Valet parking adds to the convenience in this bustling district.","청담동의 24시간 연중무휴 한우 맛집인 새벽집은 특히 유명한 육회 비빔밥 (Yukhoe Bibimbap)과 최상급 한우 (Hanwoo)로 사랑받는 곳입니다. 활기찬 분위기 속에서 늦은 밤 손님부터 가족 단위까지 다양한 사람들이 방문하며, 미로처럼 이어지는 독특한 내부 구조와 개별 룸은 특별한 식사 경험을 선사합니다. 번화한 지역에서 발렛파킹 서비스는 편리함을 더합니다."
blueribbon,Salon du Bouquet,서울특별시 강남구 도산대로81길 16-6,Seoul,South Korea,RIBBON_TWO,,,02-512-4067,,2026,,37.5255834964246,127.048029153978,2026-02-17T22:29:33.775718+00:00,,,,살롱뒤부케,서울특별시 강남구 도산대로81길 16-6,"Salon du Bouquet offers an intimate and festive dining experience, especially during the holiday season. The restaurant has transformed into a course-menu-only establishment to showcase the culinary talents of Chef Kim Yu-shin before his departure for studies in Japan. Guests can expect a refined atmosphere, with special attention paid to presentation, including custom menus and elegant table settings. The sommeliers are known for their warm welcome and expert wine recommendations, enhancing the overall celebratory mood.",살롱 뒤 부케는 특히 연말 시즌에 아늑하고 축제 같은 식사 경험을 선사합니다. 셰프 김유신 셰프가 일본 유학길에 오르기 전 그의 요리 실력을 선보이기 위해 코스 메뉴 전문점으로 운영되고 있습니다. 특별히 제작된 메뉴판과 우아한 테이블 세팅 등 세심한 준비를 통해 세련된 분위기를 느낄 수 있습니다. 소믈리에들은 따뜻한 환대와 전문적인 와인 추천으로 전반적인 축제 분위기를 더욱 풍성하게 만들어 줍니다.
blueribbon,VINHO,서울특별시 강남구 학동로43길 38,Seoul,South Korea,RIBBON_TWO,"기타, 다이닝바, 프랑스식, 바, 와인바",,010-9677-2303,,2026,,37.518458048048,127.038022514319,2026-02-17T22:29:33.775718+00:00,,,,빈호,서울특별시 강남구 학동로43길 38,"Vinho, a contemporary dining bar, is the brainchild of Chef Sungbin (from Mingles) and Sommelier Jinho. The name itself, a blend of their names, also echoes the Italian word for wine. Despite a personal health setback, the reviewer found the experience exceptional, highlighting the sommelier's expert and friendly wine pairings. The signature oyster ice cream (굴 아이스크림) offered a surprisingly delightful, creamy taste, even for non-oyster lovers. The standout dish was the carrot sandwich (당근 샌드), praised for its soft texture and flavorful filling.","밍글스 출신 성빈 셰프와 진호 소믈리에가 의기투합한 컨템포러리 다이닝 바 빈호. 이름은 두 사람의 이름에서 따왔으며, 이탈리아어로 '와인'을 뜻하는 'Vino'와도 통한다. 개인적인 컨디션 난조에도 불구하고, 방문객은 소믈리에의 친절하고 전문적인 와인 페어링에 깊은 인상을 받았다. 시그니처 메뉴인 굴 아이스크림(굴 아이스크림)은 굴을 싫어하는 사람도 즐길 수 있는 고소하고 부드러운 맛을 선사했다. 특히 당근 샌드(당근 샌드)는 부드러운 식감과 풍부한 속 재료로 최고의 메뉴로 꼽혔다."
blueribbon,BUTCHER'S CUT,서울특별시 강남구 언주로 837,Seoul,South Korea,RIBBON_TWO,"기타, 스테이크",,02-6952-5053,,2026,,37.5252552599232,127.032752741018,2026-02-17T22:29:33.775718+00:00,,,,붓처스컷(도산점),서울특별시 강남구 언주로 837,"Step into Butcher's Cut in Gwanghwamun and discover a sophisticated ambiance, reminiscent of a classic whiskey bar, perfect for intimate dinners or special occasions. The dimly lit interior sets a mood that feels both exclusive and welcoming, making it an ideal spot for a date or a memorable meal. Prepare for a culinary journey featuring expertly grilled seafood and a selection of premium steaks.",붓처스 컷 광화문점은 고풍스러운 위스키 바를 연상시키는 세련된 분위기를 자랑합니다. 은은한 조명 아래 아늑하면서도 특별한 공간은 소개팅이나 잊지 못할 식사를 위한 완벽한 장소입니다. 이곳에서는 전문가의 손길로 구워낸 신선한 해산물과 최고급 스테이크를 맛볼 수 있습니다.
blueribbon,BICENA,서울특별시 송파구 올림픽로 300,Seoul,South Korea,RIBBON_TWO,,,02-3213-1261,,2026,,37.51375250260386,127.10444609981752,2026-02-17T22:29:33.775718+00:00,,,,비채나,서울특별시 송파구 올림픽로 300,"Perched on the 81st floor of Lotte World Tower, BICENA offers a breathtaking panoramic view of Seoul, setting the stage for an exquisite modern Korean dining experience. The Michelin-starred restaurant presents meticulously crafted tasting menus, like the 'Guhak' course, featuring a symphony of flavors and textures. Highlights include the crispy yet tender snow crab fritter rolls (daege bugak mari), the earthy truffle-infused sunchoke soup (dwaejigamja juk), and the incredibly tender abalone (jeonbok) served in a unique 'samhap' with octopus and beef. Each dish is a work of art, complemented by attentive service that explains the culinary journey.","롯데월드타워 81층에 자리한 비채나는 서울의 숨 막히는 파노라마 전망을 선사하며, 특별한 모던 한식 경험을 위한 무대를 마련합니다. 미쉐린 스타 레스토랑은 '구학' 코스와 같이 정교하게 만들어진 테이스팅 메뉴를 선보이며, 맛과 질감의 교향곡을 선사합니다. 바삭하면서도 부드러운 대게 부각 말이, 송로버섯 향이 가미된 담백한 돼지감자죽, 그리고 문어와 소고기와 함께 독특한 '삼합'으로 제공되는 놀랍도록 부드러운 전복이 하이라이트입니다. 모든 요리는 세심한 서비스와 함께 예술 작품이며, 요리의 여정을 상세히 설명해 줍니다."
blueribbon,Piaf Artisan Chocolatier,서울특별시 강남구 논현로175길 109,Seoul,South Korea,RIBBON_TWO,,,02-545-0317,,2026,,37.5223173108567,127.020612195958,2026-02-17T22:29:33.775718+00:00,,,,삐아프,서울특별시 강남구 논현로175길 109,"Piaf Artisan Chocolatier is a perpetually popular spot in Apgujeong, renowned for its exquisite handcrafted chocolates. The interior is charmingly intimate, filled with an impressive array of chocolate creations, from bar chocolates and spreads to mousses and macarons. Their signature 'Chocolat Chaud' (쇼콜라쇼) is made to order and offers a rich yet smooth drinking chocolate experience, perfect for a takeaway treat. While the prices and sizes might be considered 'wicked,' the unparalleled luxury and unique flavors, like the raspberry ganache or the sea salt praline, make it a worthwhile indulgence or a special gift.","삐아프 아티잔 쇼콜라티에는 압구정에 위치한 꾸준히 인기 있는 곳으로, 섬세하게 수제작된 초콜릿으로 유명합니다. 아기자기한 실내에는 바 초콜릿, 스프레드, 무스, 마카롱 등 인상적인 초콜릿 컬렉션이 가득합니다. 주문 즉시 만들어지는 시그니처 메뉴인 '쇼콜라쇼'는 진하지만 부드러운 음용 초콜릿으로, 테이크아웃하여 즐기기에 완벽합니다. 가격과 크기는 다소 사악하게 느껴질 수 있지만, 비교할 수 없는 고급스러움과 라즈베리 가나슈, 천일염 프랄리네와 같은 독특한 맛은 특별한 선물이나 자신을 위한 작은 사치로 충분한 가치를 선사합니다."
blueribbon,봉피양(방이점),서울특별시 송파구 양재대로71길 1-4,Seoul,South Korea,RIBBON_TWO,"한식(육류), 돼지갈비, 소고기구이, 한식(면류), 평양냉면",,02-415-5527,,2026,,37.51017,127.126,2026-02-17T22:29:33.775718+00:00,,,,봉피양(방이점),서울특별시 송파구 양재대로71길 1-4,"A Michelin Guide Bib Gourmand recipient, Bongpiyang (봉피양) in Bangi is renowned for its exceptional Pyeongyang naengmyeon (평양냉면). This dish features a rich broth made from beef, pork, and chicken, served with 100% buckwheat noodles that offer a satisfyingly chewy and slightly coarse texture. The toppings, including thinly sliced beef (pyeonyuk, 편육), boiled beef (suyuk, 수육), and pickled napa cabbage (eolgal-i jeolim, 얼갈이 절임), add layers of flavor and texture, making it a delightful experience even for those new to this classic Korean noodle soup.","미쉐린 가이드 빕 구르망에 선정된 봉피양 방이점은 평양냉면으로 유명합니다. 소고기, 돼지고기, 닭고기를 함께 우려낸 깊고 진한 육수에 100% 메밀면의 매력적인 식감이 더해져, 평양냉면 입문자도 부담 없이 즐길 수 있습니다. 특히 편육, 수육, 얼갈이 절임 등 정갈한 고명은 냉면의 풍미를 한층 끌어올립니다."
blueribbon,minu.c,서울특별시 강남구 논현로26길 4,Seoul,South Korea,RIBBON_TWO,이탈리아식,,02-6083-8482,,2026,,37.48170400540631,127.04356958699984,2026-02-17T22:29:33.775718+00:00,,,,미누씨,서울특별시 강남구 논현로26길 4,"Minu.c is a chic and modern dining spot in the Yangjaecheon area, perfect for special occasions like birthday gatherings. The interior boasts a clean, black-themed aesthetic, with large central tables accommodating group dining. While offering a diverse menu that caters to various dietary preferences, including seafood and vegetable options, their small plates are particularly noteworthy, standing out as substantial dishes rather than mere garnishes. The restaurant is also recognized as a prime destination for wine enthusiasts, featuring an extensive wine list and offering corkage services.","미누씨는 양재천 인근에 위치한 세련되고 현대적인 다이닝 공간으로, 생일 모임과 같은 특별한 날에 완벽한 장소입니다. 내부는 깔끔한 블랙 테마의 인테리어와 단체 식사를 수용할 수 있는 중앙의 넓은 테이블이 특징입니다. 해산물과 채소 요리를 포함한 다양한 메뉴를 제공하며, 특히 스몰 플레이트 메뉴는 단순한 가니쉬가 아닌 요리 자체로서 훌륭하다는 평가를 받습니다. 또한, 다양한 와인 리스트와 콜키지 서비스로 와인 애호가들에게도 인기가 높은 곳입니다."
blueribbon,미우야,서울특별시 서초구 강남대로23길 90,Seoul,South Korea,RIBBON_TWO,"일식, 소바, 일식우동",,0507-1335-6348,,2026,,37.47399,127.0354,2026-02-17T22:29:33.775718+00:00,,,,미우야,서울특별시 서초구 강남대로23길 90,"Nestled near Yangjaecheon Stream, Miuya is a popular spot that draws crowds even before opening. While the menu features many Japanese dishes, the lack of photos can make ordering a bit of a puzzle. However, the wait is often rewarded with delicious food, like the creamy mentaiko cream udon (명란 크림 우동) and the unique soba sushi (소바 스시) with its soft texture. The tempura is also a highlight, with perfectly crispy shrimp (새우튀김) and chewy udon noodles.","양재천 근처에 자리한 미우야는 오픈 전부터 손님들이 몰리는 인기 맛집입니다. 메뉴판에 사진이 없어 주문이 다소 어려울 수 있지만, 기다림은 충분히 보상받을 만합니다. 특히 고소하고 부드러운 명란 크림 우동(멘다이코 크림 우동)과 독특한 식감의 소바 스시(소바 스시)가 인상적입니다. 바삭한 새우튀김(새우튀김)과 쫄깃한 우동면이 어우러진 덴모리 우동(텐모리 우동)도 놓칠 수 없는 메뉴입니다."
blueribbon,mille gâteaux,서울특별시 서초구 서초대로58길 37,Seoul,South Korea,RIBBON_TWO,"디저트/스위트, 마카롱, 디저트전문점",,02-585-9997,,2026,,37.493104,127.018143,2026-02-17T22:29:33.775718+00:00,,,,밀갸또,서울특별시 서초구 서초대로58길 37,"Mille Gateaux offers a delightful experience, especially for Earl Grey enthusiasts. Their signature Earl Grey mousse cake (얼그레이 무스 케이크) is a multi-layered masterpiece, featuring a rich milk cream, a lighter mousse, and a deeper Earl Grey flavor at the base. A subtle spread between layers ensures moisture and cohesion, creating a cake that's both decadent and refreshing. It's recommended to pair this exquisite mini cake with an Americano to cut through the richness.","밀갸또는 얼그레이 애호가들에게 특히나 즐거운 경험을 선사합니다. 시그니처 메뉴인 얼그레이 무스 케이크(얼그레이 무스 케이크)는 풍부한 우유 크림, 가볍고 상큼한 무스, 그리고 깊은 얼그레이 풍미가 층층이 쌓인 걸작입니다. 은은하게 발린 스프레드는 촉촉함과 조화를 더해주며, 풍성하면서도 산뜻한 케이크를 완성합니다. 이 섬세한 미니 케이크는 아메리카노와 함께 즐기면 그 풍미를 더욱 살릴 수 있습니다."
blueribbon,봉우리(역삼본점),서울특별시 강남구 논현로94길 25-3,Seoul,South Korea,RIBBON_TWO,"한식(일반한식), 한정식",,02-564-8551,,2026,,37.503003,127.038134,2026-02-17T22:29:33.775718+00:00,,,,봉우리(역삼본점),서울특별시 강남구 논현로94길 25-3,"Nestled in a quiet alley near Yeoksam Station, Bong Uri (봉우리) is a distinguished Hanjeongsik (한정식) restaurant recognized in the 'Seoul Food 100' list. The restaurant boasts a spacious, traditional Korean architectural style with private rooms, making it an ideal setting for special occasions and family gatherings. Their signature 'Sikgaek Jeong Sik' (식객정식) is a meticulously curated menu inspired by the renowned comic 'Sikgaek', featuring a harmonious blend of meat, seafood, fish, and vegetables from across Korea, offering a delightful and accessible experience for all ages. They also offer special birthday services, including miyeokguk (미역국), perfect for celebrating milestones.","역삼역 인근 조용한 골목에 자리한 봉우리는 '서울미식 100선'에 선정된 품격 있는 한정식 맛집입니다. 전통적인 한국 건축 양식의 넓은 공간과 개별 룸은 특별한 날이나 가족 모임에 이상적인 분위기를 선사합니다. 허영만 화백의 만화 '식객'에서 영감을 받은 시그니처 메뉴 '식객정식'은 전국 팔도의 진미를 봉우리만의 스타일로 재해석하여 고기, 해산물, 생선, 채소를 조화롭게 구성했습니다. 남녀노소 누구나 즐길 수 있는 풍성하고 만족스러운 경험을 선사하며, 생일 상차림 서비스도 제공하여 특별한 날을 더욱 빛내줍니다."
blueribbon,벽제갈비,서울특별시 송파구 양재대로71길 1-4,Seoul,South Korea,RIBBON_TWO,"한식(육류), 소갈비, 소고기구이",,02-415-5522,,2026,,37.50997,127.1262,2026-02-17T22:29:33.775718+00:00,,,,벽제갈비,서울특별시 송파구 양재대로71길 1-4,"Step into a realm of unparalleled Korean beef at Byeokje Galbi (벽제갈비), a Michelin-recognized establishment that stands out even in the bustling Shinchon area. This isn't your typical all-you-can-eat joint; expect a refined dining experience with impeccable service and a sophisticated ambiance, perfect for discerning palates. The star of the show is undoubtedly their Hanwoo (한우) beef, particularly the 'Hanwoo Teuksang Saengdeungsim' (한우특상생등심), praised for its exquisite marbling, melt-in-your-mouth texture, and a satisfying chew that elevates the premium cut. Don't miss the unique 'Chilmi Sogeum' (칠미소금), a special seven-ingredient salt blend that perfectly complements the rich flavors of the beef.","신촌의 번화가 속에서도 남다른 품격을 자랑하는 미쉐린 선정 맛집, 벽제갈비(벽제갈비)에서 비교할 수 없는 한우의 세계를 경험해 보세요. 이곳은 평범한 무한리필 식당이 아니며, 섬세한 미식 경험과 완벽한 서비스, 세련된 분위기를 선사합니다. 단연 돋보이는 메뉴는 '한우 특상 생등심'으로, 뛰어난 마블링과 입안에서 녹는 듯한 부드러움, 그리고 프리미엄 부위를 더욱 돋보이게 하는 만족스러운 식감이 일품입니다. 또한, 소고기의 풍미를 완벽하게 보완하는 특별한 칠미소금(칠미소금)도 꼭 맛보시길 바랍니다."
blueribbon,백리향,서울특별시 영등포구 63로 50,Seoul,South Korea,RIBBON_TWO,"중식, 일반중식",,02-789-5741 ,,2026,,37.51982,126.9399,2026-02-17T22:29:33.775718+00:00,,,,백리향,서울특별시 영등포구 63로 50,"Perched on the 57th floor of the 63 Building, Baekrihyang (백리향) offers a sophisticated setting with stunning Han River views, perfect for intimate gatherings. This Chinese restaurant was chosen for its delicious cuisine, making it an ideal spot to treat family. The staff are noted for their exceptional kindness and helpfulness, ensuring a comfortable and memorable experience, especially for special events like a baby's first birthday (doljanchi, 돌잔치).","63빌딩 57층에 위치한 백리향(백리향)은 멋진 한강 전망과 함께 세련된 분위기를 자랑하며, 소규모 모임에 완벽한 장소입니다. 맛있는 중식 요리로 가족들에게 대접하기 좋은 곳으로 선택되었습니다. 특히 아기 돌잔치와 같은 특별한 행사를 위해 직원들의 친절함과 세심한 배려가 돋보이며, 편안하고 기억에 남는 경험을 선사합니다."
blueribbon,명보당 ,서울특별시 강남구 선릉로158길 13-12,Seoul,South Korea,RIBBON_ONE,"일식, 일식장어, 가이세키",,02-511-5046,,2026,,37.5261419852792,127.041483638144,2026-02-17T22:29:33.775718+00:00,,,,명보당 ,서울특별시 강남구 선릉로158길 13-12,"명보당 (Myeongbodang) offers an intimate fine-dining experience, with its name honoring the owner-chef's parents' former jewelry shop. This Michelin-recognized gem is known for its exclusive dinner-only tasting menu, making reservations a challenge, especially with its growing popularity among celebrities. The chef, initially perceived as reserved, reveals a commanding presence in the kitchen, orchestrating a symphony of flavors.","명보당(Myeongbodang)은 셰프 부모님의 보석 가게에서 이름을 따온, 아늑한 파인 다이닝 경험을 선사합니다. 미쉐린 가이드에 등재된 이 곳은 저녁 단일 코스 메뉴만 제공하며, 유명 인사들의 방문으로 예약이 더욱 어려워졌습니다. 처음에는 조용하고 내성적으로 보였던 셰프는 주방에서는 카리스마 넘치는 모습으로 맛의 교향곡을 만들어냅니다."
blueribbon,MOTT 32 SEOUL,서울특별시 서초구 신반포로 176,Seoul,South Korea,RIBBON_TWO,,,02-6282-0320,,2026,,37.5039351769908,127.002413006799,2026-02-17T22:29:33.775718+00:00,,,,모트32서울,서울특별시 서초구 신반포로 176,"Mott 32 Seoul offers a sophisticated take on modern Chinese cuisine, blending classic Cantonese flavors with Western influences. Located conveniently via an elevator from Famille Station, this upscale restaurant is perfect for special occasions and group gatherings. Be sure to pre-order their signature Peking Duck (북경오리), a must-try for its crispy skin and tender meat, often carved tableside. Other highlights include the succulent Honey-Glazed Iberico Pork Belly (꿀소스 이베리코 차슈) that melts in your mouth and the innovative Mango Cream Prawns (망고크림새우) with a delightful sweet and savory profile.","모트 32 서울은 클래식 광동 요리에 서양의 감각을 더한 모던 차이니즈 레스토랑으로, 특별한 날이나 모임에 완벽한 장소입니다. 파미에 스테이션에서 바로 연결되는 편리한 접근성을 자랑합니다. 이곳의 시그니처 메뉴인 북경오리(Peking Duck)는 바삭한 껍질과 부드러운 속살이 일품이며, 테이블 앞에서 직접 카빙해주는 퍼포먼스도 즐길 수 있습니다. 입안에서 사르르 녹는 꿀소스 이베리코 차슈(Honey-Glazed Iberico Pork Belly)와 달콤하면서도 고소한 맛이 매력적인 망고 크림 새우(Mango Cream Prawns)도 꼭 맛봐야 할 메뉴입니다."
blueribbon,MAISON M'O,서울특별시 서초구 방배로26길 22,Seoul,South Korea,RIBBON_TWO,"디저트/스위트, 구움과자, 디저트전문점",,070-4239-3335,,2026,,37.489277,126.994082,2026-02-17T22:29:33.775718+00:00,,,,메종엠오,서울특별시 서초구 방배로26길 22,"Step into MAISON M'O and be greeted by a dazzling display of exquisite pastries, from delicate madeleines to vibrant petit gateaux. The atmosphere is bright and welcoming, with friendly staff eager to guide you through their tempting selection. While the millefeuille is a crowd favorite, don't miss the chance to try their renowned madeleines, especially the salted milk chocolate variety, which are a testament to the bakery's dedication to quality ingredients and masterful technique. 

For a truly unique experience, the Pain Perdu is a must-try. This elevated take on French toast features a brioche base soaked in a rich custard, pan-fried to perfection, and topped with a delightful combination of brûléed lemon mousse and a savory sesame paste. The interplay of sweet and salty, creamy and crisp, makes this a dessert that lingers in memory long after the last bite. MAISON M'O is a delightful destination for anyone seeking artisanal sweets crafted with passion and precision.","MAISON M'O에 들어서면 섬세한 마들렌부터 화려한 프티갸또까지, 눈부신 페이스트리 향연이 펼쳐집니다. 밝고 환영하는 분위기 속에서 친절한 직원들이 여러분을 군침 도는 선택지로 안내할 것입니다. 밀푀유가 인기 메뉴이지만, 특히 소금 밀크 초콜릿 마들렌은 품질 좋은 재료와 숙련된 기술에 대한 베이커리의 헌신을 증명하는 맛이니 꼭 맛보세요.

정말 특별한 경험을 원한다면, 팡페르듀를 놓치지 마세요. 이 팡페르듀는 풍부한 커스터드에 적신 브리오슈를 완벽하게 구워낸 뒤, 브륄레 레몬 무스와 고소한 참깨 페이스트의 조화로운 토핑을 얹은 프랑스 토스트의 고급 버전입니다. 달콤함과 짭짤함, 부드러움과 바삭함의 조화는 마지막 한 입까지 기억에 남는 디저트입니다. MAISON M'O는 열정과 정밀함으로 만들어진 장인의 단 것을 찾는 모든 이들에게 즐거운 목적지입니다."
blueribbon,만발,서울특별시 서초구 서초대로29길 32,Seoul,South Korea,RIBBON_TWO,"한식(육류), 소고기구이",,02-535-7456,,2026,,37.489557,126.995052,2026-02-17T22:29:33.775718+00:00,,,,만발,서울특별시 서초구 서초대로29길 32,"Nestled near the Gangseo-gu Office, Sonkkeut-eseo Manbalhada (손끝에서 만발하다) is a charming floral shop with a warm, wooden exterior. This 24-hour establishment stands out with its unique fresh flower vending machine, perfect for those last-minute floral needs. Inside, you'll find a vibrant display, especially during peak seasons like Parents' Day, with a focus on beautiful carnations (카네이션) alongside a diverse selection of other fresh blooms kept in a refrigerated display. Customers can easily choose designs from a QR code catalog and have custom arrangements, like a stunning pink flower basket, created on the spot in about 20 minutes.","강서구청 근처에 자리한 손끝에서 만발하다는 따뜻한 우드톤 외관의 매력적인 꽃집입니다. 이 24시간 운영 매장은 신선한 꽃 자판기가 있어 급하게 꽃이 필요할 때 유용합니다. 매장 안에는 특히 어버이날과 같은 시즌에 아름다운 카네이션(카네이션)을 비롯해 다양한 신선한 꽃들이 준비되어 있으며, 냉장 쇼케이스에 보관되어 신선함을 유지합니다. 고객들은 QR코드를 통해 디자인을 쉽게 선택하고, 약 20분 내에 맞춤 꽃바구니와 같은 아름다운 꽃다발을 즉석에서 제작할 수 있습니다."
blueribbon,Malta Tuna,서울특별시 강남구 삼성로85길 26,Seoul,South Korea,RIBBON_TWO,"일식, 일식참치",,02-508-7861,,2026,,37.50503,127.055,2026-02-17T22:29:33.775718+00:00,,,,몰타참치,서울특별시 강남구 삼성로85길 26,"Nestled in Daechi-dong, Malta Tuna is renowned as one of Seoul's top three tuna destinations. The restaurant offers a serene dining experience with private rooms, making it ideal for quiet meals and special occasions. Reviewers rave about the impeccable quality and freshness of the tuna, with expert staff guiding diners on the best ways to enjoy each cut. Beyond the star attraction, expect delightful surprises like a standout 간장게장 (ganjang gejang - soy-marinated raw crab) that could be a meal in itself, and a satisfying conclusion with bibimbap and maeuntang (spicy fish stew).","대치동에 자리한 몰타참치는 서울 3대 참치 맛집으로 명성이 자자합니다. 모든 테이블이 룸으로 구성되어 있어 조용하고 프라이빗한 식사를 즐기기에 최적의 장소이며, 특별한 날을 기념하기에도 손색이 없습니다. 참치 애호가들은 최상급 품질과 신선도에 감탄하며, 직원들이 각 부위별 최적의 맛을 즐기는 방법을 친절하게 안내해 준다고 합니다. 메인 메뉴인 참치회 외에도, 그 자체로 훌륭한 식사가 될 만한 맛깔스러운 간장게장(ganjang gejang)과 든든한 마무리인 비빔밥, 매운탕(maeuntang)까지 다채로운 미식 경험을 선사합니다."
blueribbon,무등산,서울특별시 강남구 선릉로146길 3,Seoul,South Korea,RIBBON_TWO,"한식(육류), 소고기구이",,02-518-4001,,2026,,37.52189,127.04,2026-02-17T22:29:33.775718+00:00,,,,무등산,서울특별시 강남구 선릉로146길 3,"Escape the city and embark on an adventure to Mudeungsan National Park, easily accessible via public transport from Seoul. The trail from Jeungsimsa Temple entrance offers a moderate hike, shaded by lush trees, making it a refreshing escape even on hot summer days. Along the way, you'll encounter the ancient 'Mind Guardian Tree' (당산나무) and reach viewpoints like Jungmeorijae (중머리재) and Jangbuljae (장불재), offering breathtaking panoramic views. Don't miss the unique columnar jointing formations at Ipseokdae (입석대), a testament to ancient volcanic activity.","서울을 떠나 국립공원 무등산으로 떠나는 모험을 시작해보세요. 대중교통으로 쉽게 접근 가능하며, 증심사 입구에서 시작하는 코스는 울창한 나무 그늘 덕분에 더운 여름날에도 시원하게 등산할 수 있습니다. 길을 따라 500년 된 '마음 지킴이 나무'(당산나무)를 만나고, 탁 트인 전망을 자랑하는 중머리재(중머리재)와 장불재(장불재)에 도착할 수 있습니다. 또한, 고대 화산 활동의 흔적인 독특한 주상절리대, 입석대(입석대)를 놓치지 마세요."
blueribbon,만두집,서울특별시 강남구 압구정로 338,Seoul,South Korea,RIBBON_TWO,"한식(면류), 만둣국",,02-544-3710 ,,2026,,37.52789,127.0389,2026-02-17T22:29:33.775718+00:00,,,,만두집,서울특별시 강남구 압구정로 338,"This popular spot, originally famous in China, offers an authentic dumpling experience right before your eyes. The handmade dumplings (손만두) are a must-try, with the plump 'Tongsaeu Samsun Mandu' (통새우삼선만두) featuring a delightful mix of savory flavors and shrimp. The clean and spacious interior makes it a great choice for a date, and with a variety of side dishes and drinks, it's also a perfect place to unwind with a drink.","중국에서도 유명했던 정통 만두집이 눈앞에서 직접 만들어주는 손만두(손만두)로 서울 건대에서 인기를 끌고 있습니다. 탱글탱글한 통새우삼선만두(통새우삼선만두)는 고소한 맛과 새우의 식감이 어우러져 꼭 맛봐야 할 메뉴입니다. 깔끔하고 넓은 공간은 데이트 장소로도 좋으며, 다양한 안주와 주류 덕분에 술 한잔 기울이기에도 완벽한 곳입니다."
blueribbon,Trattoria Rialto,서울특별시 강남구 삼성로149길 13,Seoul,South Korea,RIBBON_TWO,,,02-544-4761,,2026,,37.5231984225484,127.046530194424,2026-02-17T22:29:33.775718+00:00,,,,리알토,서울특별시 강남구 삼성로149길 13,"Nestled in the heart of Cheongdam, Trattoria Rialto offers an unexpectedly delightful Italian dining experience with incredible value. The ambiance is chic yet cozy, making it a perfect spot for special occasions or a relaxed meal. Their signature pasta course, especially at the attractive price point, is a must-try, featuring a delightful antipasti with burrata cheese, arugula, and prosciutto, followed by a choice of five distinct pasta dishes. Don't miss the chance to try their Tiramisu or the gelato for a sweet finish.","청담동 중심부에 자리한 트라토리아 리알토는 놀랍도록 훌륭한 가성비와 함께 즐거운 이탈리안 다이닝 경험을 선사합니다. 세련되면서도 아늑한 분위기는 특별한 날이나 편안한 식사에 완벽한 장소입니다. 특히 매력적인 가격대의 시그니처 파스타 코스는 꼭 맛봐야 할 메뉴로, 부라타 치즈, 루꼴라, 프로슈토를 곁들인 맛있는 안티파스티와 다섯 가지의 독특한 파스타 요리 중 선택할 수 있습니다. 달콤한 마무리를 위해 티라미수나 젤라또도 놓치지 마세요."
blueribbon,MAMALEE DINING,서울특별시 영등포구 국제금융로 10,Seoul,South Korea,RIBBON_TWO,"한식(일반한식), 모던한식, 퓨전한식",,02-6137-9665,,2026,,37.5251775245928,126.924876706923,2026-02-17T22:29:33.775718+00:00,,,,마마리다이닝,서울특별시 영등포구 국제금융로 10,"MAMALEE DINING offers a sophisticated Korean dining experience, blending the renowned expertise of Mingles and Mamalee Market. This upscale establishment in IFC Mall provides a spacious and comfortable setting, perfect for business lunches or special gatherings. They elevate familiar Korean dishes like bulgogi (불고기) and yukhoe bibimbap (육회비빔밥) by incorporating premium ingredients, such as high-grade Hanwoo beef and artisanal sausages from Sesk Mensel. Don't miss their unique take on pasta, featuring ingredients like low-sodium pollack roe from Sokcho or the flavorful Mamapolitan pasta with Sesk Mensel sausage.","마마리 다이닝은 밍글스와 마마리 마켓의 명성을 결합한 세련된 한식 다이닝 경험을 선사합니다. IFC몰에 위치한 이곳은 비즈니스 런치나 특별한 모임에 완벽한 넓고 편안한 공간을 제공합니다. 최고 등급의 한우와 세스크멘슬의 수제 소시지 같은 고급 재료를 사용하여 불고기, 육회비빔밥 등 익숙한 한식을 한 차원 높였습니다. 속초 저염 백명란이나 세스크멘슬 소시지를 활용한 풍미 가득한 마마폴리탄 파스타 등 독창적인 파스타 메뉴도 놓치지 마세요."
blueribbon,MAILLET,서울특별시 서초구 사평대로22길 14,Seoul,South Korea,RIBBON_TWO,"디저트/스위트, 디저트전문점",,02-749-1411 ,,2026,,37.4989604535524,126.99760965781,2026-02-17T22:29:33.775718+00:00,,,,마얘,서울특별시 서초구 사평대로22길 14,"MAILLET is a renowned French patisserie in the chic Seocho-gu district, famous for its exquisite macarons and traditional French pastries. Even on a rainy weekend, expect a short wait for a table, a testament to its popularity. The interior boasts a charming, salon-like ambiance with comfortable seating and a lovely garden terrace, perfect for enjoying a sweet escape. Their signature Millefeuille Vanille (밀풰이바니) offers a delightful contrast of crispy layers and a refreshing vanilla cream, while the Paris-Brest (파리브레스트) impresses with its rich hazelnut cream and soft choux pastry.","MAILLET은 세련된 서초구에 위치한 유명 프렌치 디저트 카페로, 섬세한 마카롱과 정통 프랑스 페이스트리로 명성이 높습니다. 비 오는 주말에도 잠시 웨이팅이 있을 정도로 인기가 많으며, 아늑한 살롱 분위기와 아름다운 정원 테라스가 있어 달콤한 휴식을 즐기기에 완벽한 공간입니다. 시그니처 메뉴인 밀풰이바니(Millefeuille Vanille)는 바삭한 페이스트리와 산뜻한 바닐라 크림의 조화가 인상적이며, 파리브레스트(Paris-Brest)는 진한 헤이즐넛 크림과 부드러운 슈 페이스트리가 돋보입니다."
blueribbon,Lawry's the prime rib,서울특별시 서초구 서초대로 411,Seoul,South Korea,RIBBON_TWO,"기타, 스테이크",,0507-1402-2800,,2026,,37.49778,127.0262,2026-02-17T22:29:33.775718+00:00,,,,로리스더프라임립,서울특별시 서초구 서초대로 411,"Step into a grand, antique-filled dining room at Lawry's The Prime Rib, a renowned Beverly Hills steakhouse. The unique ""L"" shaped seating arrangement adds to the classic ambiance. Reservations are highly recommended due to its popularity. The signature Lawry's Classic Prime Rib Dinner offers a set experience, including a tableside-prepared salad with a chilled fork, followed by a prime rib cut fresh from a gleaming cart. The prime rib itself is incredibly tender, served with classic sides like mashed potatoes and Yorkshire pudding.","비벌리힐스의 유명 스테이크 맛집, 로리스 더 프라임 립은 웅장하고 고풍스러운 분위기를 자랑합니다. 독특한 'ㄱ'자형 좌석 배치로 클래식한 분위기를 더하며, 인기가 많아 예약은 필수입니다. 시그니처인 로리스 클래식 프라임 립 디너는 신선한 야채 샐러드를 차가운 포크와 함께 눈앞에서 직접 비벼주는 퍼포먼스로 시작하며, 이후 반짝이는 카트에서 바로 썰어주는 프라임 립 스테이크가 제공됩니다. 부드러운 식감의 프라임 립과 매쉬드 포테이토, 요크셔 푸딩은 클래식한 조합을 선사합니다."
blueribbon,SE CHAMBER,서울특별시 강남구 도산대로55길 42,Seoul,South Korea,RIBBON_TWO,"바, 칵테일바, 위스키바",,010-9903-3790,,2026,,37.52622,127.0411,2026-02-17T22:29:33.775718+00:00,,,,르챔버,서울특별시 강남구 도산대로55길 42,,
blueribbon,마루심,서울특별시 서초구 고무래로10길 10,Seoul,South Korea,RIBBON_TWO,"일식, 일식장어",,02-592-8998 ,,2026,,37.50186,127.0105,2026-02-17T22:29:33.775718+00:00,,,,마루심,서울특별시 서초구 고무래로10길 10,"Marushim is a refined establishment specializing in Nagoya-style unagi donburi (eel rice bowl), known as hitsumabushi (ひつまぶし). The restaurant boasts a clean and comfortable ambiance, making it an excellent choice for family gatherings or a pleasant meal out. While they offer private rooms, the main dining area is also spacious and well-lit, providing a welcoming atmosphere for all guests. Their signature hitsumabushi (ひつまぶし) is a must-try, offering a delightful culinary experience that honors traditional Japanese flavors.","마루심은 나고야식 장어덮밥인 히츠마부시(ひつまぶし) 전문점으로, 깔끔하고 쾌적한 분위기에서 식사를 즐길 수 있는 곳입니다. 가족 모임이나 편안한 식사를 위해 방문하기 좋으며, 프라이빗한 룸도 마련되어 있지만 넓고 밝은 홀 좌석도 매력적입니다. 이곳의 시그니처 메뉴인 히츠마부시(ひつまぶし)는 전통적인 일본의 맛을 제대로 느낄 수 있는 특별한 경험을 선사합니다."
blueribbon,Ryunique,서울특별시 강남구 도산대로45길 8-1,Seoul,South Korea,RIBBON_TWO,"컨템포러리, 분자요리",,02-546-9279,,2026,,37.522953871348,127.036013446545,2026-02-17T22:29:33.775718+00:00,,,,류니끄,서울특별시 강남구 도산대로45길 8-1,,
blueribbon,Ristorante EO,서울특별시 영등포구 여의대로 108,Seoul,South Korea,RIBBON_TWO,이탈리아식,,02-3277-0651,,2026,,37.5251913154781,126.929112756574,2026-02-17T22:29:33.775718+00:00,,,,리스토란테에오,서울특별시 영등포구 여의대로 108,"Experience refined Italian dining with a view at Ristorante EO, located in The Hyundai Seoul. This fine-dining establishment offers a sophisticated ambiance perfect for special occasions, with window seats providing stunning vistas of Yeouido. The menu features meticulously prepared courses, with highlights including the delicate croaker carpaccio (민어카르파치오), a rich ragu lasagna (라구 라자냐) made with premium Korean beef, and a succulent grilled prime beef tenderloin (한우 안심구이) served with Osetra caviar.","더현대 서울의 멋진 전망과 함께 세련된 이탈리안 다이닝을 경험해 보세요. 리스토란테 에오(Ristorante EO)는 특별한 날에 완벽한 고급스러운 분위기를 선사하며, 창가 좌석에서는 여의도의 아름다운 풍경을 감상할 수 있습니다. 섬세하게 준비된 코스 메뉴 중에서는 부드러운 민어 카르파치오, 최상급 한우로 만든 풍미 깊은 라구 라자냐, 그리고 오세트라 캐비어와 함께 제공되는 촉촉한 특등급 한우 안심구이가 특히 인상적입니다."
blueribbon,SAN,서울특별시 강남구 언주로168길 6,Seoul,South Korea,RIBBON_ONE,"기타, 브런치카페",,02-540-1729,,2026,,37.5263562252256,127.033920491416,2026-02-17T22:29:33.775718+00:00,,,,레스토랑산,서울특별시 강남구 언주로168길 6,"This spot offers a surprisingly authentic Korean dining experience, making you feel like you've stepped back into Seoul. The star of the show is the galbijjim (갈비찜), a hearty braised short rib dish that's perfect for sharing. While the prices might be a bit steep, the generous portions and comforting flavors make it a worthwhile indulgence.","이곳은 놀랍도록 정통 한국식 경험을 선사하며, 마치 서울로 돌아온 듯한 느낌을 줍니다. 메인 메뉴인 갈비찜은 푸짐하고 맛있는 찜 요리로, 함께 나누기에 완벽합니다. 가격이 다소 비쌀 수 있지만, 넉넉한 양과 편안한 맛은 충분히 즐길 만한 가치가 있습니다."
blueribbon,LÉGUME,서울특별시 강남구 강남대로 652,Seoul,South Korea,RIBBON_TWO,"일식, 덴푸라, 텐동",,0507-1365-1567,,2026,,37.5195101291255,127.019106035326,2026-02-17T22:29:33.775718+00:00,,,,레귬,서울특별시 강남구 강남대로 652,"Chef Sung Si-woo's vegan restaurant, LÉGUME, has earned a Michelin star for its innovative approach to plant-based cuisine. The tasting menu is a symphony of textures and flavors, featuring dishes like a vibrant green pea (완두콩) espuma with surprising accompaniments and a zero-waste vegetable cookie (채소 쿠키) that offers a delightful contrast. Each course showcases a masterful balance of sweet, savory, and tart notes, creating a truly memorable dining experience.","성시우 셰프의 비건 레스토랑 레귬은 혁신적인 채식 요리로 미슐랭 스타를 획득했습니다. 테이스팅 메뉴는 예상치 못한 재료들이 곁들여진 생기 넘치는 완두콩(완두콩) 에스푸마와 즐거운 대비를 이루는 제로 웨이스트 채소 쿠키(채소 쿠키)와 같은 요리들로 텍스처와 풍미의 교향곡을 선사합니다. 각 코스는 달콤함, 감칠맛, 새콤함의 완벽한 균형을 보여주며 진정으로 기억에 남는 식사 경험을 선사합니다."
blueribbon,따뚱,서울특별시 서초구 강남대로107길 6,Seoul,South Korea,RIBBON_TWO,"중식, 북경식중식, 일반중식, 북경오리",,02-6710-1888 ,,2026,,37.51853,127.0181,2026-02-17T22:29:33.775718+00:00,,,,따뚱,서울특별시 서초구 강남대로107길 6,"Nestled within the Riverside Hotel near Sinsa Station, Ttudung is a renowned Chinese restaurant celebrated for its exquisite Peking duck (북경오리). This establishment offers a sophisticated dining experience, with all seating in private rooms, making it an ideal choice for intimate gatherings, business meetings, or special occasions. The Peking duck is a must-try, meticulously prepared using traditional methods and aged for over four days before being slow-roasted for two hours to achieve a tender, flavorful result without any gamey taste. Beyond the signature duck, Ttudung also boasts a diverse menu of high-quality Chinese dishes, including a highly-rated chili shrimp (칠리새우), and offers various course menus that provide excellent value, especially when booked through platforms like Naver or Catch Table.","신사역 근처 리버사이드 호텔에 위치한 따뚱은 북경오리(베이징덕)로 유명한 고급 중식당입니다. 모든 좌석이 프라이빗 룸으로 구성되어 있어 조용하고 격조 높은 식사를 즐길 수 있으며, 소규모 모임이나 비즈니스 미팅 장소로도 손색이 없습니다. 특히 이곳의 시그니처 메뉴인 북경오리는 4일 이상 숙성한 오리를 전통 방식 그대로 화덕에서 2시간 동안 로스팅하여 잡내 없이 부드럽고 풍미 가득한 맛을 자랑합니다. 북경오리 외에도 수준급의 칠리새우(칠리새우)를 비롯한 다양한 중식 요리와 코스 메뉴를 선보이며, 네이버나 캐치테이블 등 예약 플랫폼을 이용하면 더욱 합리적인 가격으로 호텔 중식을 경험할 수 있습니다."
blueribbon,뜨락,서울특별시 강남구 영동대로142길 13-3,Seoul,South Korea,RIBBON_TWO,"한식(육류), 소고기구이",,02-543-2987,,2026,,37.5244,127.0555,2026-02-17T22:29:33.775718+00:00,,,,뜨락,서울특별시 강남구 영동대로142길 13-3,"Nestled in a quiet Cheongdam-dong alley, Tteurak (뜨락) offers a refined Hanwoo (한우) experience, a stark contrast to its unassuming exterior. Since the 1990s, this esteemed establishment has been a recipient of Blue Ribbon awards, and was famously highlighted on the TV show ""Sui Misikhoe"" (수요미식회) by comedian Shin Dong-yeop as the place for ""life-changing Hanwoo tenderloin."" Upon entering, you're greeted by an elegant ambiance, with softly lit tables and the subtle aroma of charcoal, setting the stage for an exceptional meal.","청담동의 조용한 골목길에 자리한 뜨락(Tteurak)은 소박한 외관과는 대조적으로 세련된 한우(Hanwoo) 경험을 선사합니다. 1990년대부터 자리를 지켜온 이 명망 높은 식당은 블루리본 수상 경력을 자랑하며, 개그맨 신동엽이 TV 프로그램 ""수요미식회""에서 ""인생 한우 안심"" 맛집으로 극찬한 곳입니다. 내부에 들어서면 은은한 조명과 숯불 향이 어우러진 우아한 분위기가 당신을 맞이하며, 특별한 식사를 위한 무대를 마련해 줍니다."
blueribbon,La Saveur,서울특별시 서초구 서래로 24,Seoul,South Korea,RIBBON_TWO,프랑스식,,02-591-6713 ,,2026,,37.49705,126.9985,2026-02-17T22:29:33.775718+00:00,,,,라싸브어,서울특별시 서초구 서래로 24,"La Saveur offers an exquisite French fine dining experience, perfect for special occasions like birthdays. The owner-chef, with 22 years of experience, personally prepares each course, ensuring a meal filled with heartfelt effort and exceptional taste. While the price point might initially seem high, the meticulous preparation, delicious flavors, and beautiful plating of each dish reveal the true charm of French cuisine, offering a distinct experience far beyond a buffet.

The signature dishes, though not explicitly named as single items, are presented as part of a curated course menu. Highlights mentioned include salmon carpaccio, grilled mullet, and choices for the main course such as lamb or Korean beef tenderloin. The experience is elevated by thoughtful touches like complimentary salads for those who opt-in for notifications and a personalized handwritten note, making it a memorable culinary journey.","라싸브어는 생일과 같은 특별한 날을 위한 정통 프랑스 파인 다이닝 경험을 선사합니다. 22년 경력의 오너 셰프가 코스 요리 하나하나에 정성을 담아 직접 준비하며, 깊은 맛과 감동을 선사합니다. 가격대가 다소 높게 느껴질 수 있지만, 뷔페와는 차원이 다른 섬세한 요리 과정, 훌륭한 맛, 그리고 아름다운 플레이팅에서 프랑스 요리의 진수를 제대로 느낄 수 있습니다.

시그니처 메뉴는 코스 요리의 일부로 제공되며, 연어 카르파치오, 숭어구이, 그리고 양갈비 또는 한우 안심과 같은 메인 요리 선택이 포함됩니다. 네이버 알림 설정을 통한 무료 샐러드 제공이나 손편지와 같은 세심한 배려가 더해져 잊지 못할 미식 여행을 완성합니다."
blueribbon,THE GREAT HONG YUAN,서울특별시 강남구 테헤란로 231,Seoul,South Korea,RIBBON_TWO,,,02-727-7620,,2026,,37.5028813541774,127.041356540268,2026-02-17T22:29:33.775718+00:00,,,,더그레이트홍연,서울특별시 강남구 테헤란로 231,"Nestled within the luxurious Joseon Palace, The Great Hong Yuan offers an elevated Chinese dining experience. The meal begins with a comforting welcome dish of sweet corn congee (초당옥수수 콘지), followed by a trio of exquisite dim sum (딤섬) featuring truffle mushroom, chili crab, and lobster with parmesan. The croaker, olive, and delicacy of the sea soup (올리브 진금사 민어 수프) is a complex and harmonious broth, showcasing tender croaker, shark fin, and abalone.","조선 팰리스에 자리한 더 그레이트 홍연은 격조 높은 중식 다이닝 경험을 선사합니다. 달콤한 초당옥수수 콘지(chodo-oksusu congee)로 시작되는 식사는 트러플 버섯, 칠리 크랩, 파마산 랍스터를 곁들인 딤섬(dim sum) 삼총사로 이어집니다. 민어, 올리브, 바다의 진미를 담은 수프(min-eo, olive, bada-ui jinmi-reul dam-eun soup)는 부드러운 민어, 상어 지느러미, 전복을 선보이는 복합적이면서도 조화로운 국물 요리입니다."
blueribbon,dexter,서울특별시 강남구 삼성로149길 13,Seoul,South Korea,RIBBON_TWO,,,02-540-4761,,2026,,37.52319959376904,127.04653042140112,2026-02-17T22:29:33.775718+00:00,,,,덱스터,서울특별시 강남구 삼성로149길 13,"KOTRA deXter, also known as the Cyber Trade Consultation Center, offers reservable meeting rooms perfect for group projects and business needs. The space is clean, professional, and equipped with computers and large screens, facilitating smooth collaboration and information sharing. While Wi-Fi is unavailable due to security reasons, the dedicated computers and ample space make it an ideal venue for teams needing to conduct in-person meetings, especially for tasks like ad registration.","사이버 무역 상담장으로도 불리는 KOTRA deXter는 그룹 프로젝트 및 비즈니스 요구에 완벽한 예약제 회의실을 제공합니다. 공간은 깔끔하고 전문적이며 컴퓨터와 대형 화면이 갖추어져 있어 원활한 협업과 정보 공유를 촉진합니다. 보안상의 이유로 Wi-Fi는 사용할 수 없지만, 전용 컴퓨터와 넓은 공간은 광고 등록과 같은 작업을 위해 대면 회의가 필요한 팀에게 이상적인 장소입니다."
blueribbon,The Round,서울특별시 강남구 선릉로148길 37,Seoul,South Korea,RIBBON_TWO,"중식, 일반중식, 딤섬, 북경오리",,02-545-4448,,2026,,37.522977,127.042515,2026-02-17T22:29:33.775718+00:00,,,,더라운드,서울특별시 강남구 선릉로148길 37,"The Round offers a sophisticated and elegant dining experience, perfect for special occasions and year-end gatherings. The interior is impeccably clean and luxurious, creating an atmosphere that feels more like a fine dining Western restaurant than a traditional Chinese establishment, complete with a visible wine cellar. While the presentation is top-notch, with dishes like Peking duck (북경오리) being a visual highlight, the flavors may not appeal to everyone, with some finding the dishes too salty or not quite hitting the mark for the price point.

The standout dishes for many were the more familiar options like the beef tangsuyuk (소고기 탕수육), which was praised for its taste, and the jjajangmyeon (짜장면) and jjamppong (짬뽕) which were surprisingly delicious. While the restaurant excels in ambiance and service, making it a great option for business entertainment or when someone else is treating, diners should be prepared for a premium price for the overall experience.","더 라운드(The Round)는 특별한 날이나 연말 모임에 완벽한 세련되고 우아한 다이닝 경험을 선사합니다. 내부는 흠잡을 데 없이 깨끗하고 고급스러우며, 와인 셀러가 보이는 등 전통적인 중식당보다는 고급 서양식 레스토랑 같은 분위기를 자아냅니다. 북경 오리(Peking duck)와 같은 요리는 시각적으로 훌륭한 하이라이트이지만, 일부 손님들은 요리가 너무 짜거나 가격 대비 만족스럽지 않다고 느낄 수 있어 모든 사람의 입맛에 맞지는 않을 수 있습니다.

많은 이들에게는 소고기 탕수육(beef tangsuyuk)과 같이 익숙한 메뉴가 맛으로 칭찬받았으며, 의외로 짜장면(jjajangmyeon)과 짬뽕(jjamppong)도 맛있었다는 평입니다. 레스토랑은 분위기와 서비스 면에서 뛰어나 비즈니스 접대나 누군가가 대접할 때 좋은 선택이 될 수 있지만, 전반적인 경험에 대해 프리미엄 가격을 지불할 준비를 해야 합니다."
blueribbon,대치정육식당,서울특별시 강남구 역삼로 450,Seoul,South Korea,RIBBON_TWO,"한식(육류), 소고기구이, 돼지고기구이",,02-557-0883,,2026,,37.502187,127.056394,2026-02-17T22:29:33.775718+00:00,,,,대치정육식당,서울특별시 강남구 역삼로 450,"This upscale Korean beef (hanwoo, 한우) restaurant offers a premium dining experience, blending a butcher shop with a restaurant. The establishment boasts a clean, luxurious interior, reminiscent of a high-end department store's meat counter, and has been recognized on popular food shows like 'Wednesday Food Talk' and 'Good Food Saturdays'. With a focus on top-tier 1++ grade beef, it's a go-to spot for quality meat in the Gangnam area, offering both intimate private rooms and a more communal basement dining space.","이 고급 한우 전문점은 정육점과 식당을 결합한 프리미엄 다이닝 경험을 제공합니다. 고급 백화점 정육 코너를 연상시키는 깔끔하고 고급스러운 인테리어를 자랑하며, '수요미식회', '토요일은 밥이 좋아' 등 인기 푸드 쇼에 소개된 바 있습니다. 최상급 1++ 등급 한우에 집중하는 이곳은 강남 지역에서 양질의 고기를 맛볼 수 있는 명소로, 아늑한 개별 룸과 좀 더 편안한 지하 식사 공간을 모두 갖추고 있습니다."
blueribbon,대려도,서울특별시 강남구 역삼로 118,Seoul,South Korea,RIBBON_TWO,"중식, 일반중식",,02-555-0550 ,,2026,,37.493389,127.032278,2026-02-17T22:29:33.775718+00:00,,,,대려도,서울특별시 강남구 역삼로 118,"Nestled near Seoul's wedding district, Daeryeodo offers a sophisticated dining experience perfect for special family gatherings. The restaurant boasts a private, room-only setting, ensuring an intimate atmosphere for celebrations. With convenient underground parking and an elegant exterior, it sets the stage for a memorable meal. The multi-course menu, featuring dishes like the flavorful 'O-pum Naengchae' (오품 냉채) with its variety of tastes and the highly praised 'Eohyang Tong Hae-sam' (어향 통 해삼) with its addictive texture, is designed to impress.",서울 웨딩 거리 근처에 자리한 대려도는 특별한 가족 모임에 완벽한 고급스러운 식사 경험을 선사합니다. 모든 좌석이 룸으로 구성되어 있어 아늑하고 프라이빗한 분위기에서 축하를 즐길 수 있습니다. 편리한 지하 주차장과 우아한 외관은 기억에 남을 식사를 위한 무대를 마련합니다. 다양한 맛을 자랑하는 '오품 냉채'와 중독성 있는 식감으로 극찬받는 '어향 통 해삼' 등 코스 메뉴는 감동을 선사하도록 구성되어 있습니다.
blueribbon,collage,서울특별시 강남구 논현로136길 11,Seoul,South Korea,RIBBON_TWO,,,0507-1491-4115,,2026,,37.5162242501301,127.031037264311,2026-02-17T22:29:33.775718+00:00,,,,꼴라쥬,서울특별시 강남구 논현로136길 11,"Collage, helmed by Chef No Jin-seong, offers a refined French dining experience within the stylish Salon de Ananti. The interior, a blend of warm wood tones and calming blue, creates an inviting atmosphere, complemented by a dynamic open kitchen. Diners can expect creative and approachable dishes, with standouts including an intensely flavored onion amuse-bouche and a tender, flavorful beef tenderloin (ansim, 안심) paired with caviar. The tasting menu showcases a thoughtful progression of flavors and textures, making it an accessible yet sophisticated culinary journey.","노진성 셰프가 이끄는 꼴라쥬는 살롱 드 아난티 내에 위치한 세련된 프렌치 다이닝 경험을 선사합니다. 따뜻한 우드톤과 차분한 블루 컬러가 조화를 이루는 인테리어는 역동적인 오픈 키친과 함께 아늑한 분위기를 자아냅니다. 이곳에서는 창의적이면서도 친근한 요리를 맛볼 수 있으며, 특히 깊은 풍미의 양파 아뮤즈 부쉬와 캐비어를 곁들인 부드럽고 맛있는 한우 안심이 인상적입니다. 테이스팅 메뉴는 세심하게 구성된 맛과 식감의 흐름을 보여주며, 접근 가능하면서도 세련된 미식 여행을 선사합니다."
blueribbon,COMME MOA,서울특별시 강남구 선릉로135길 29,Seoul,South Korea,RIBBON_TWO,"프랑스식, 프렌치비스트로",,02-6958-5330,,2026,,37.5181990350542,127.038222826352,2026-02-17T22:29:33.775718+00:00,,,,꼼모아,서울특별시 강남구 선릉로135길 29,"Nestled in the charming alleys of Haebangchon, COMME MOA offers a delightful escape to France with its inviting ambiance and Michelin-recognized excellence. The exterior, with its warm lighting and red awning, hints at the European charm within. Inside, expect a culinary journey featuring standout dishes like the unique Sea Urchin Crème Brûlée (성게알 크렘 브륄레), a surprising blend of oceanic flavors and sweet caramel, and the show-stopping Beef Wellington (비프 웰링턴), praised for its rich beefy aroma and perfectly crisp pastry. The restaurant's attention to detail extends to its impeccable service and thoughtful presentation, making for a truly memorable dining experience.","해방촌의 매력적인 골목에 자리한 꼼모아는 아늑한 분위기와 미쉐린 선정의 명성을 자랑하며 프랑스로 떠나는 즐거운 미식 여행을 선사합니다. 따뜻한 조명과 붉은 어닝이 돋보이는 외관은 내부에 들어서기 전부터 유럽의 정취를 느끼게 합니다. 이곳에서는 독특한 성게알 크렘 브륄레(성게알 크렘 브륄레)와 같이 바다의 풍미와 달콤한 캐러멜의 놀라운 조화를 이루는 요리와, 풍부한 육향과 완벽하게 바삭한 페이스트리가 돋보이는 비프 웰링턴(비프 웰링턴) 등 특별한 요리들을 맛볼 수 있습니다. 세심한 서비스와 정성스러운 플레이팅은 잊을 수 없는 식사 경험을 선사합니다."
blueribbon,CUISSON82,서울특별시 강남구 양재천로 167,Seoul,South Korea,RIBBON_TWO,,,02-529-3582,,2026,,37.48158,127.0447,2026-02-17T22:29:33.775718+00:00,,,,뀌쏭82,서울특별시 강남구 양재천로 167,"Nestled along the picturesque Yangjaecheon Cafe Street, CUISSON82 is a French bistro with a decade-long streak of Blue Ribbon recognition. The restaurant offers two distinct vibes: the classic CUISSON82, featuring a charming terrace (pet-friendly!) and a slightly more traditional ambiance, and Le82, its modern sister brand, boasting a sleek interior with bar seating and large windows overlooking the greenery. Whether you choose the cozy private room or a seat by the window, the atmosphere is sophisticated yet relaxed, perfect for a leisurely meal.","아름다운 양재천 카페거리에 자리한 CUISSON82는 10년 연속 블루리본에 선정된 프렌치 비스트로입니다. 클래식한 분위기의 테라스석(반려동물 동반 가능!)이 있는 CUISSON82와 모던한 인테리어와 창밖 풍경을 즐길 수 있는 바 좌석을 갖춘 세컨드 브랜드 Le82, 두 가지 공간을 제공합니다. 아늑한 프라이빗 룸이나 창가 자리를 선택하든, 세련되면서도 편안한 분위기에서 여유로운 식사를 즐길 수 있습니다."
blueribbon,Guillaume,서울특별시 강남구 선릉로152길 17,Seoul,South Korea,RIBBON_TWO,"베이커리, 디저트/스위트, 디저트전문점",,02-512-6701,,2026,,37.52405,127.0411,2026-02-17T22:29:33.775718+00:00,,,,기욤,서울특별시 강남구 선릉로152길 17,"Step into Guillaume (기욤) and be transported to a charming French patisserie right in the heart of Cheongdam. This beloved pink-hued cafe, run by its French owner since 2008, offers an authentic taste of France with its daily baked breads and exquisite pastries. The ambiance is sophisticated yet welcoming, making it a perfect spot for dates, casual meetups, or simply enjoying a moment of indulgence.","기욤 (GUILLAUME)은 청담동에 위치한 매력적인 프랑스식 디저트 카페입니다. 2008년부터 프랑스인 오너가 직접 운영하는 이 핑크빛 공간은 매일 아침 갓 구운 빵과 정통 프랑스식 페이스트리로 현지에서 프랑스의 맛을 선사합니다. 고급스러우면서도 아늑한 분위기는 데이트, 캐주얼한 모임, 혹은 특별한 디저트 타임을 즐기기에 완벽한 장소입니다."
blueribbon,Casa del Vino,서울특별시 강남구 선릉로162길 43,Seoul,South Korea,RIBBON_TWO,"바, 와인바",,02-542-8003 ,,2026,,37.526291,127.044077,2026-02-17T22:29:33.775718+00:00,,,,까사델비노,서울특별시 강남구 선릉로162길 43,"Step into La Casa del Vino and be transported by its bold Latin music and warm, inviting ambiance. The interior, adorned in rich reds and golds, offers a cozy yet sophisticated setting perfect for savoring a diverse selection of wines from around the globe. Expert sommeliers are on hand to guide you through their extensive list, ensuring a personalized experience, and their curated food pairings are designed to complement every sip.","라 카사 델 비노는 강렬한 라틴 음악과 따뜻하고 매력적인 분위기로 당신을 다른 세계로 안내합니다. 붉은색과 금색으로 장식된 내부는 아늑하면서도 세련된 분위기를 자아내며, 전 세계의 다양한 와인을 음미하기에 완벽한 장소입니다. 전문 소믈리에가 여러분의 취향에 맞는 와인을 추천해 드릴 것이며, 엄선된 음식 페어링은 모든 와인의 풍미를 더욱 돋보이게 할 것입니다."
blueribbon, ,서울특별시 강남구 논현로79길 62,Seoul,South Korea,RIBBON_TWO,"한식(어패류), 생선회, 고래",,02-556-3677,,2026, ,37.49624,127.0339,2026-02-17T22:29:33.775718+00:00,,,,고래불,서울특별시 강남구 논현로79길 62,,
blueribbon,Gombawie,서울특별시 강남구 영동대로115길 10,Seoul,South Korea,RIBBON_TWO,"한식(육류), 소고기구이, 소곱창",,02-511-0068 ,,2026,,37.51488,127.0588,2026-02-17T22:29:33.775718+00:00,,,,곰바위,서울특별시 강남구 영동대로115길 10,"Nestled near Bongeunsa Station, Gombawie is a Michelin-recognized gem that draws crowds, especially after work. While the highly praised beef tripe hot pot (한우곱창전골) can be pricey, the quality is undeniable. The star of the show, however, is the grilled beef entrails, with the grilled large intestine (대창구이) and grilled abomasum (특양구이) receiving rave reviews for their exceptional texture and flavor, expertly grilled by the staff. Don't miss the rich and savory tripe soup (곱창국밥) to round off your meal.","봉은사역 근처에 위치한 곰바위는 퇴근 후 인파가 몰리는 미쉐린 선정 맛집입니다. 극찬받는 한우곱창전골은 가격대가 있지만 품질은 의심할 여지가 없습니다. 하지만 이곳의 진정한 스타는 직원들이 능숙하게 구워주는 구이류로, 특히 대창구이와 특양구이는 뛰어난 식감과 풍미로 찬사를 받고 있습니다. 식사의 마무리는 진하고 고소한 곱창국밥을 놓치지 마세요."
blueribbon,가담,서울특별시 강남구 언주로167길 35,Seoul,South Korea,RIBBON_TWO,"중식, 일반중식",,02-545-5163 ,,2026,,37.5263661402159,127.030258157623,2026-02-17T22:29:33.775718+00:00,,,,가담,서울특별시 강남구 언주로167길 35,"Nestled in the heart of Apgujeong, Gadame is a renowned Chinese restaurant that has gained significant fame through appearances on popular Korean TV shows and YouTube channels, solidifying its status as a celebrity hotspot. While originally a beloved local eatery, its media exposure has made reservations essential to secure a table. The restaurant offers a refined take on classic Chinese dishes, with a focus on balanced flavors and high-quality ingredients, making it a perfect spot for gatherings with friends and loved ones.","압구정의 중심부에 자리한 가담은 인기 한국 TV 프로그램과 유튜브 채널에 소개되면서 유명세를 떨치고 있는 중식당으로, 연예인들의 단골집으로 자리매김했습니다. 원래도 동네에서 사랑받는 로컬 맛집이었지만, 방송 노출 이후로는 예약을 하지 않으면 방문하기 어려울 정도로 인기가 많아졌습니다. 이 식당은 클래식한 중식 요리에 대한 세련된 접근 방식을 선보이며, 균형 잡힌 맛과 고품질 재료에 중점을 두어 친구나 소중한 사람들과 함께 모이기에 완벽한 장소입니다."
blueribbon,강남진해장,서울특별시 강남구 테헤란로5길 11,Seoul,South Korea,RIBBON_TWO,"한식(탕/국/찌개/전골), 선지해장국",,02-557-2662 ,,2026,,37.49949430360649,127.02926287275582,2026-02-17T22:29:33.775718+00:00,,,,강남진해장,서울특별시 강남구 테헤란로5길 11,"This bustling spot near Gangnam Station is a popular late-night destination, often packed even in the early hours. It's known for its hearty Yangseonji Haejangguk (양선지해장국), a rich beef tripe and blood sausage soup. The accompanying kimchi, especially the garlicky geotjeori (겉절이), is a standout, perfect for pairing with the soup or enjoying as a side dish.","강남역 인근의 이 활기찬 식당은 늦은 밤에도 인기가 많으며 이른 시간에도 손님들로 붐비는 곳입니다. 이곳은 푸짐한 양선지해장국(Yangseonji Haejangguk)으로 유명합니다. 곁들여 나오는 김치, 특히 마늘 향이 강한 겉절이(geotjeori)는 국물과 함께 먹거나 반찬으로 즐기기에도 훌륭합니다."
blueribbon,갯바위,서울특별시 관악구 남부순환로216길 13,Seoul,South Korea,RIBBON_TWO,"한식(어패류), 대구탕",,02-878-7728,,2026,,37.48083,126.9491,2026-02-17T22:29:33.775718+00:00,,,,갯바위,서울특별시 관악구 남부순환로216길 13,"Nestled in a quiet alley near Seoul National University Station, Gaetbawi offers a serene dining experience focused on high-quality ingredients. The restaurant is known for its premium fresh cod soup (daegu-tang, 대구탕), which commands a higher price point due to the use of domestic fresh cod. Reservations are recommended, especially for their signature dish, as they prepare the ingredients meticulously. The side dishes are simple yet flavorful, complementing the main course with a home-style touch.","서울대입구역 근처 한적한 골목에 자리한 갯바위는 신선한 재료에 집중하는 고즈넉한 식당입니다. 국내산 생대구를 사용하는 프리미엄 대구탕(daegu-tang, 대구탕)으로 유명하며, 최상급 재료 덕분에 가격대가 다소 높습니다. 신선한 재료 준비를 위해 예약이 권장되며, 정갈하고 가정식 느낌의 밑반찬은 메인 요리와 조화롭게 어우러집니다."
blueribbon,아야진생태찌개,서울특별시 강남구 삼성로108길 8,Seoul,South Korea,RIBBON_ONE,"한식(어패류), 생태탕",,02-555-2680 ,,2026,,37.51175,127.0547,2026-02-17T22:29:33.775718+00:00,,,,아야진생태찌개,서울특별시 강남구 삼성로108길 8,"This bustling spot is a must-visit for serious fans of pollack stew, specifically the premium 'saengtae jjigae' (생태찌개). Reviewers rave about the incredibly tender fish and the superior texture and flavor of the internal organs, especially the roe and milt, which are considered a must-add. For those looking to start their meal, the fresh seafood platter (해물모듬) is highly recommended, offering a delicious selection of sea bounty like sea urchin and abalone, perfect for pairing with a drink before diving into the main event.

The atmosphere here is lively, with plenty of cars parked outside indicating its popularity. While the saengtae jjigae (생태찌개) is pricier than its pollock counterpart, the quality justifies the cost. The side dishes are simple yet satisfying, with a particular highlight being the dried seaweed (gim, 김) perfect for wrapping rice. Don't miss the chance to try the fermented flatfish (gajami sikhae, 가자미식혜) – a delightful appetizer that perfectly complements a drink, setting the stage for the flavorful stew to come.","이 활기찬 맛집은 특히 고급 생태찌개(saengtae jjigae)를 좋아하는 미식가들에게 필수 방문 코스입니다. 리뷰어들은 믿을 수 없을 정도로 부드러운 생선 살과 특히 추가를 강력 추천하는 알과 이리의 뛰어난 식감과 풍미에 극찬을 아끼지 않습니다. 식사를 시작하려는 분들에게는 성게와 전복 등 신선한 해산물 모듬(haemul modeum)을 강력 추천하며, 메인 요리를 맛보기 전에 술과 함께 즐기기에 완벽합니다.

이곳의 분위기는 활기차며, 주차장에 늘어선 차들은 이곳의 인기를 증명합니다. 생태찌개(saengtae jjigae)는 동태찌개보다 가격이 비싸지만, 품질은 그만한 가치가 있습니다. 곁들임 반찬은 소박하지만 만족스러우며, 특히 밥을 싸 먹기 좋은 마른 김(gim)이 일품입니다. 술과 완벽하게 어울리는 맛있는 애피타이저인 가자미식혜(gajami sikhae)를 맛보는 것을 놓치지 마세요. 이는 곧 나올 풍미 가득한 찌개를 위한 완벽한 준비가 될 것입니다."
blueribbon,La Main de Chef,서울특별시 강남구 강남대로62길 18,Seoul,South Korea,RIBBON_ONE,"이탈리아식, 파스타",,02-6338-6984 ,,2026,,37.490398,127.033044,2026-02-17T22:29:33.775718+00:00,,,,라망드셰프,서울특별시 강남구 강남대로62길 18,"La Main de Chef offers a sophisticated take on contemporary Italian cuisine, masterfully weaving in the essence of seasonal Korean ingredients. Chef ByungYong Lee, with his unique culinary perspective shaped by studies in Japan and a fusion of Asian and European techniques, crafts dishes that are both fresh and innovative. Since 2017, this restaurant has been a consistent highlight on the Blue Ribbon Survey, a testament to its enduring quality and creative approach.",라망드쉐프는 제철 한국 식재료의 정수를 능숙하게 녹여낸 현대 이탈리안 요리의 세련된 변주를 선보입니다. 일본에서의 수학 경험과 아시아 및 유럽 요리의 융합으로 다져진 독창적인 미식 철학을 가진 이병용 셰프는 신선함과 혁신을 모두 갖춘 요리를 창조합니다. 2017년부터 꾸준히 블루리본 서베이에 이름을 올린 이 레스토랑은 지속적인 품질과 창의적인 접근 방식을 증명합니다.
blueribbon,Lisian,서울특별시 서초구 서초대로74길 11,Seoul,South Korea,RIBBON_ONE,"중식, 미국식중식",,02-587-6700 ,,2026,,37.49661,127.0269,2026-02-17T22:29:33.775718+00:00,,,,리샨,서울특별시 서초구 서초대로74길 11,"Lisian is a go-to spot, especially when the weather heats up, drawing crowds for its famed Chinese cold noodles (중국냉면). This upscale Chinese restaurant offers a refined take on classic dishes. The wasabi cream shrimp (와사비크림새우) is a must-try, with its generous coating of creamy, spicy sauce and crunchy walnuts. The sweet and sour pork (탕수육) is also a standout, with a perfectly crispy batter and a balanced sauce that doesn't overpower the tender pork.",날씨가 더워지면 많은 사람들이 찾는 여의도의 리샨은 시원한 중국냉면(중국냉면)으로 유명한 곳입니다. 이 고급 중식당은 클래식한 요리에 세련된 맛을 더합니다. 특히 와사비 크림 새우(와사비크림새우)는 매콤하고 크리미한 소스와 바삭한 호두가 곁들여져 꼭 맛봐야 할 메뉴입니다. 탕수육(탕수육) 역시 겉은 바삭하고 속은 부드러운 돼지고기와 새콤달콤한 소스의 조화가 훌륭한 인기 메뉴입니다.
blueribbon,우동명가기리야마본진,서울특별시 강남구 강남대로84길 23,Seoul,South Korea,RIBBON_ONE,"일식, 일식우동",,0507-1401-0068,,2026,,37.49716,127.0304,2026-02-17T22:29:33.775718+00:00,,,,우동명가기리야마본진,서울특별시 강남구 강남대로84길 23,"Nestled in the heart of Gangnam, this udon specialist offers a sophisticated Japanese dining experience with a unique, multi-level underground ambiance. It's an ideal spot for both solo diners and groups, with private rooms available for those seeking a more intimate meal. The menu boasts a wide variety of udon dishes, and the freshly made noodles are a highlight, with options like the Zaru Udon (자루 우동) being a popular choice. Don't miss out on their crispy Korokke (고로케) as a delightful side.","강남 중심부에 자리한 이 우동 전문점은 독특한 지하 공간에서 세련된 일본식 다이닝 경험을 선사합니다. 혼밥족부터 단체 손님까지 모두에게 이상적인 장소이며, 좀 더 아늑한 식사를 원하는 분들을 위한 룸도 마련되어 있습니다. 메뉴에는 다양한 우동 요리가 준비되어 있으며, 특히 신선하게 뽑아낸 면발이 일품입니다. 인기 메뉴인 자루 우동(Zaru Udon)을 비롯해 바삭한 고로케(Korokke)도 놓치지 마세요."
blueribbon,떡함지,서울특별시 송파구 올림픽로 212,Seoul,South Korea,RIBBON_ONE,"디저트/스위트, 떡",,0507-1372-6323,,2026,,37.511007,127.094003,2026-02-17T22:29:33.775718+00:00,,,,떡함지,서울특별시 송파구 올림픽로 212,"Tteokhamji is a highly-regarded tteok (떡) shop, recognized with Blue Ribbon awards for its quality and variety. Located conveniently within the Banpo Hanaro Mart, it offers a wide selection of traditional Korean rice cakes, perfect for gifts, gatherings, or a personal treat. Beyond tteok, they also operate a cafe serving drinks like royal milk tea and chocolate milk, ideal for pairing with your chosen sweets. With 24-hour operation and even an unmanned system after 7 PM, Tteokhamji makes delicious, freshly made tteok accessible anytime.","떡함지는 블루리본 수상 경력으로 인정받은 고품질 떡집으로, 다양한 종류의 떡을 제공합니다. 반포 하나로마트 내에 위치하여 선물, 모임 또는 개인적인 간식으로 완벽한 전통 떡을 다양하게 만나볼 수 있습니다. 떡 외에도 로열 밀크티, 초코우유 등 음료를 판매하는 카페를 함께 운영하여 떡과 함께 즐기기 좋습니다. 오후 7시 이후 무인 시스템 운영을 포함한 24시간 영업으로 언제든 맛있는 떡을 즐길 수 있습니다."
blueribbon,백년화편,서울특별시 강동구 양재대로81길 32,Seoul,South Korea,RIBBON_ONE,"디저트/스위트, 떡",,1588-5678,,2026,,37.5233052345274,127.132528261747,2026-02-17T22:29:33.775718+00:00,,,,백년화편,서울특별시 강동구 양재대로81길 32,"Baeknyeon Hwapyeon (백년화편) is a renowned Seoul rice cake shop specializing in fresh, same-day production and delivery. They offer a sophisticated solution for gift-giving, particularly for wedding favors (gyeor-hon dap-rye-pum, 결혼 답례품). Their ""Baengnyeon Daprye 6-1"" set, featuring rice ball glutinous rice cakes (bab-al chapssal-tteok, 밥알찹쌀떡), black sesame cloud glutinous rice cakes (heuk-im-ja gu-reum chal-tteok, 흑임자구름찰떡), and walnut pumpkin glutinous rice cakes (gyeon-gwa-ryu ho-bak chal-tteok, 견과류호박찰떡), is praised for its universal appeal, elegant individual packaging, and satisfyingly substantial size. The thoughtful presentation, complete with optional custom stickers and a convenient box with handles, ensures a memorable and appreciated gift for any recipient.","백년화편은 당일 생산 및 신선한 배송을 전문으로 하는 유명한 서울 떡집입니다. 특히 결혼 답례품으로 훌륭한 선택지를 제공하며, '백년답례 6-1호' 세트는 밥알찹쌀떡, 흑임자구름찰떡, 견과류호박찰떡으로 구성되어 있습니다. 이 세트는 모든 연령대가 좋아할 만한 보편적인 매력, 고급스러운 개별 포장, 그리고 든든한 크기로 호평을 받고 있습니다. 맞춤 스티커 옵션과 편리한 손잡이가 달린 박스 포장은 받는 사람에게 기억에 남고 감사한 선물이 될 것입니다."
blueribbon,호원당,서울특별시 강남구 압구정로34길 26,Seoul,South Korea,RIBBON_ONE,"디저트/스위트, 떡",,02-511-0855,,2026,,37.526336,127.030513,2026-02-17T22:29:33.775718+00:00,,,,호원당,서울특별시 강남구 압구정로34길 26,"Established in 1953, Ho Won Dang (호원당) is a venerable institution specializing in traditional Korean confectioneries, particularly their renowned yakgwa (약과). This spot is a go-to for those seeking authentic, beautifully packaged gifts, especially during holidays. While their yakgwa comes in various forms like mandugwa (만두과), jungmogwa (중모과), and maeyeopgwa (매엽과), they also offer other delights such as dutteok (두텁떡), a sticky rice cake filled with nuts and dates. Many customers praise the traditional flavors that evoke nostalgia, making it a perfect choice for impressing parents and elders.","1953년부터 시작된 호원당(Ho Won Dang)은 전통 한과, 특히 유명한 약과(yakgwa)를 전문으로 하는 유서 깊은 곳입니다. 이곳은 특히 명절 시즌에 진정성 있고 아름답게 포장된 선물을 찾는 사람들에게 인기 있는 장소입니다. 약과(yakgwa)는 만두과(mandugwa), 중모과(jungmogwa), 매엽과(maeyeopgwa) 등 다양한 형태로 제공되며, 밤, 대추, 잣 등이 들어간 두텁떡(dutteok)과 같은 다른 맛있는 간식도 제공합니다. 많은 고객들이 향수를 불러일으키는 전통적인 맛을 칭찬하며, 부모님과 어른들에게 깊은 인상을 남기기에 완벽한 선택입니다."
blueribbon,조광201,서울특별시 송파구 새말로8길 13,Seoul,South Korea,RIBBON_ONE,"중식, 사천식중식",,0507-1392-0503,,2026,,37.4815263519172,127.126776704558,2026-02-17T22:29:33.775718+00:00,,,,조광201,서울특별시 송파구 새말로8길 13,"Step into a hidden gem in Munjeong-dong, where the ambiance transports you straight to a vintage Chinese alley. The dim lighting, subtle incense, and walls adorned with Chinese posters and comic books create an immersive, local vibe. This popular spot, helmed by Chef Jo Gwang-hyo, known as the 'Manhwa-ripped Man' (만찢남), offers an authentic Chinese experience that draws crowds even on weekday evenings. It's the perfect place to unwind with a diverse selection of Chinese liquors and beers.","문정동 숨겨진 보석 같은 곳, 조광201은 빈티지 중국 골목으로 당신을 안내하는 듯한 분위기를 선사합니다. 은은한 조명과 향, 그리고 중국 포스터와 만화책으로 장식된 벽은 몰입감 넘치는 현지 분위기를 자아냅니다. '만찢남'으로 알려진 조광효 셰프가 이끄는 이 인기 명소는 평일 저녁에도 손님들로 붐비는 진정한 중식 경험을 제공합니다. 다양한 중국 술과 맥주를 즐기며 편안하게 휴식을 취하기에 완벽한 장소입니다."
blueribbon,Le Boeuf,서울특별시 영등포구 여의나루로 42,Seoul,South Korea,RIBBON_ONE,,,02-782-0616,,2026,,37.521470230225,126.924971147893,2026-02-17T22:29:33.775718+00:00,,,,르뵈프,서울특별시 영등포구 여의나루로 42,"Nestled in Yeouido, Le Boeuf offers a refined dining experience with distinct lunch and dinner services. Lunch features a delightful one-plate platter, perfect for a quick yet satisfying meal, while dinner transitions into an elegant course menu. The star of the show is undoubtedly the steak, expertly prepared and served with complementary spinach cream sauce and unique pasta. Don't miss the house-made fig jam, especially when paired with an added brioche – a true signature touch.","여의도에 자리한 르뵈프는 점심과 저녁에 각기 다른 매력을 선사하는 섬세한 다이닝 경험을 제공합니다. 점심에는 만족스러운 원플레이트 플래터가 준비되어 있으며, 저녁에는 우아한 코스 메뉴로 전환됩니다. 이곳의 하이라이트는 단연 스테이크로, 완벽하게 조리되어 시금치 크림 소스와 독특한 파스타와 함께 제공됩니다. 추가한 브리오슈와 함께 즐기는 하우스 메이드 무화과 잼은 이곳만의 시그니처이니 꼭 맛보세요."
blueribbon,RANJUKU,서울특별시 강남구 봉은사로82길 31,Seoul,South Korea,RIBBON_ONE,"일식주점, 이자카야",,0507-1357-3844,,2026,,37.5112123940707,127.055649770696,2026-02-17T22:29:33.775718+00:00,,,,란주쿠,서울특별시 강남구 봉은사로82길 31,"Step into Ranjuku (란주쿠) for a refined izakaya experience, where the ambiance is as carefully crafted as the cuisine. This spot, often found by searching for 'sukiyaki' (스키야키), offers a tranquil, wooden interior perfect for intimate conversations. It's a place that truly shines when you want to savor each dish and enjoy a leisurely meal.",란주쿠(란주쿠)는 세심하게 만들어진 요리만큼이나 분위기도 정성스럽게 꾸며진 이자카야 경험을 선사합니다. 스키야키(스키야키)로 검색하면 자주 찾을 수 있는 이곳은 아늑한 나무 인테리어가 있어 친밀한 대화에 완벽합니다. 이곳은 각 요리를 음미하고 여유로운 식사를 즐기고 싶을 때 진가를 발휘하는 곳입니다.
blueribbon,Dessertist ,서울특별시 송파구 송파대로48길 37,Seoul,South Korea,RIBBON_ONE,"디저트/스위트, 디저트전문점",,0507-1363-3724,,2026,,37.5106818395712,127.107604482119,2026-02-17T22:29:33.775718+00:00,,,,디저티스트,서울특별시 송파구 송파대로48길 37,"Nestled near Seokchon Lake, Dessertist is a highly-regarded patisserie recognized by Blue Ribbon and MangoPlate. The ambiance is warm and cozy, perfect for a relaxed afternoon. They are known for their siphon coffee (사이폰 커피), but the real stars are the exquisite, professionally crafted desserts. Don't miss the seasonal strawberry parfait (딸기 파르페), a delightful symphony of ice creams, fruit, and textures, or the Pistache (피스타슈), a perfect balance of pistachio cream and tart strawberry confiture.","석촌호수 근처에 자리한 디저티스트는 블루리본과 망고플레이트에서 인정한 실력파 디저트 맛집입니다. 따뜻하고 아늑한 분위기는 여유로운 오후를 즐기기에 완벽합니다. 사이폰 커피(사이폰 커피)도 유명하지만, 이곳의 진정한 주인공은 전문적으로 만들어진 고급스러운 디저트입니다. 아이스크림, 과일, 다양한 식감이 조화로운 계절 딸기 파르페(딸기 파르페)와 피스타치오 크림과 상큼한 딸기 콩피튀르의 완벽한 균형을 자랑하는 피스타슈(피스타슈)를 놓치지 마세요."
blueribbon,shoto,서울특별시 강남구 압구정로18길 14-6,Seoul,South Korea,RIBBON_ONE,"디저트/스위트, 케이크, 디저트전문점",,02-512-3625,,2026,,37.52384777173811,127.02430843056398,2026-02-17T22:29:33.775718+00:00,,,,쇼토,서울특별시 강남구 압구정로18길 14-6,"Shoto is a renowned patisserie specializing in shortcakes, with a history of excellence recognized by Blue Ribbon awards. Founded by a husband-and-wife team with extensive pastry experience, including at Hotel Shilla, Shoto offers a delightful array of seasonal fruit cakes. Their signature Strawberry Shortcake (딸기 쇼토) is a standout, praised for its incredibly soft, animal-fat cream and moist sponge cake. The balance of sweetness is perfect, allowing the fresh fruit to shine, making it a sophisticated treat for any occasion.",쇼토는 블루리본 어워드 수상 경력에 빛나는 유명 쇼트케이크 전문점입니다. 호텔신라 등에서 경력을 쌓은 부부 파티시에가 운영하는 쇼토는 제철 과일을 활용한 다채로운 케이크를 선보입니다. 특히 시그니처 메뉴인 딸기 쇼토(딸기 쇼토)는 놀랍도록 부드러운 동물성 생크림과 촉촉한 시트가 특징입니다. 과일의 신선함을 살린 섬세한 단맛의 조화는 어떤 날에도 고급스러운 즐거움을 선사합니다.
blueribbon,ALADDIN'S LAMB,서울특별시 송파구 백제고분로7길 42-16,Seoul,South Korea,RIBBON_ONE,"한식(육류), 양고기",,02-421-5534 ,,2026,,37.51008,127.0837,2026-02-17T22:29:33.775718+00:00,,,,알라딘의양고기,서울특별시 송파구 백제고분로7길 42-16,"A true Jamsil Saenae institution, ALADDIN'S LAMB has been serving up delicious halal lamb for over a decade, a testament to its enduring quality in a competitive neighborhood. The restaurant offers a unique, exotic ambiance, often filled with international patrons, making it a distinctive dining experience. With spacious seating and private booth options, it's an ideal spot for gatherings and celebrations, even attracting baseball fans after games.","경쟁이 치열한 동네에서 10년 이상 꾸준히 맛있는 할랄 양고기를 제공하며 명성을 이어온 잠실새내 터줏대감, 알라딘의 양고기입니다. 이국적인 분위기와 함께 외국인 손님들이 자주 찾아 더욱 특별한 경험을 선사합니다. 넓은 좌석 간격과 독립적인 부스 좌석은 모임과 축하 자리에 이상적이며, 야구 경기 후 방문하는 팬들에게도 사랑받는 곳입니다."
blueribbon,서궁,서울특별시 영등포구 국제금융로 86,Seoul,South Korea,RIBBON_ONE,"중식, 중국만두, 일반중식",,02-780-7548 ,,2026,,37.52020494927552,126.93180215312694,2026-02-17T22:29:33.775718+00:00,,,,서궁,서울특별시 영등포구 국제금융로 86,"A true Yeouido institution, Seogung is a beloved Chinese restaurant that forgoes traditional staples like jajangmyeon (짜장면) and jjamppong (짬뽕) to focus on its legendary trio: ohyangjangyuk (오향장육), tangsuyuk (탕수육), and gunmandu (군만두). While all are exceptional, the tangsuyuk (탕수육) is a must-try, especially when ordered 'bokk-meok' (볶먹) style – stir-fried with the sauce – for an unparalleled crispy-chewy texture. Their fried dishes, including the spicy kanpung saeu (깐풍새우), are consistently excellent, making it a perfect spot for sharing a variety of plates with friends.","여의도 토박이들이라면 누구나 아는 중국집 서궁은 짜장면(짜장면)과 짬뽕(짬뽕) 대신 오향장육(오향장육), 탕수육(탕수육), 군만두(군만두) 삼대장 메뉴에 집중하는 곳입니다. 모든 메뉴가 훌륭하지만, 특히 탕수육(탕수육)은 '볶먹' 스타일로 주문하면 겉은 바삭하고 속은 쫄깃한 특별한 식감을 즐길 수 있어 꼭 맛봐야 합니다. 매콤한 깐풍새우(깐풍새우)를 포함한 튀김 요리들은 언제나 훌륭하며, 여러 명이 함께 다양한 요리를 맛보기에 완벽한 장소입니다."
blueribbon,강남면옥,서울특별시 강남구 논현로152길 34,Seoul,South Korea,RIBBON_ONE,"한식(면류), 비빔냉면, 한식(육류), 소갈비찜, 만둣국",,02-3446-5539 ,,2026,,37.52141,127.0309,2026-02-17T22:29:33.775718+00:00,,,,강남면옥,서울특별시 강남구 논현로152길 34,"Nestled in the bustling heart of Myeongdong, Gangnam Myeonok is a vibrant hotspot drawing both locals and international travelers. This eatery is renowned for its signature dishes: the traditional Hamheung-style naengmyeon (냉면), featuring perfectly chewy noodles, and the incredibly tender galbijjim (갈비찜), a braised short rib dish made with natural honey. The rich, savory broth served with the naengmyeon is a must-try, and the galbijjim's melt-in-your-mouth texture makes it a crowd-pleaser, even for children.

The atmosphere buzzes with energy, reflecting its popularity as a go-to destination for authentic Korean flavors. Diners rave about the harmonious pairing of the spicy, flavorful bibim naengmyeon (비빔냉면) with the sweet and savory galbijjim. The restaurant also offers other delights like suyuk (수육) and steamed dumplings (찐만두), all prepared with transparently sourced ingredients. It's an ideal spot to experience the essence of Korean cuisine in a lively setting.","활기찬 명동의 중심부에 자리한 강남면옥은 현지인과 외국인 관광객 모두에게 사랑받는 명소입니다. 이 식당은 전통 함흥식 냉면과 천연 꿀로 만든 부드러운 갈비찜으로 유명합니다. 냉면과 함께 제공되는 진하고 감칠맛 나는 육수는 꼭 맛봐야 하며, 갈비찜의 입안에서 녹는 듯한 부드러움은 아이들까지 사로잡는 인기 메뉴입니다.

식당 분위기는 활기가 넘치며, 정통 한국의 맛을 경험할 수 있는 곳으로서의 인기를 반영합니다. 매콤하고 풍미 가득한 비빔냉면과 달콤짭짤한 갈비찜의 조화는 많은 이들에게 극찬을 받고 있습니다. 또한, 투명하게 공개된 원산지의 수육과 찐만두 등 다양한 메뉴도 즐길 수 있습니다. 활기찬 분위기 속에서 한국 음식의 정수를 경험하기에 완벽한 장소입니다."
blueribbon,서글렁탕,서울특별시 영등포구 여의대방로 394,Seoul,South Korea,RIBBON_ONE,"한식(육류), 삼겹살, 한식(탕/국/찌개/전골), 선지해장국",,02-780-8858 ,,2026,,37.51942,126.933,2026-02-17T22:29:33.775718+00:00,,,,서글렁탕,서울특별시 영등포구 여의대방로 394,"Nestled near Saetgang Station, Seogeulleongtang is a popular spot for its signature chilled pork belly, or naengsam (냉삼). Despite its name suggesting a soup restaurant, this establishment is renowned for its unique take on grilled pork. The meat is marinated in a special sauce before hitting the charcoal grill, offering a flavorful and tender bite. Free soft drinks add to the value, making it a bustling destination with a consistent wait, especially during peak hours. The restaurant's clever seating with built-in coat storage is a thoughtful touch for diners enjoying the smoky aroma of grilled meats.","샛강역 근처에 자리한 서글렁탕은 시그니처 메뉴인 냉삼(냉동 삼겹살)으로 유명한 인기 맛집입니다. 이름과는 달리 국물 요리가 아닌 독특한 방식의 삼겹살 구이로 명성을 얻고 있습니다. 이곳의 삼겹살은 숯불에 굽기 전 특별한 양념장에 재워 나오는데, 덕분에 부드럽고 풍미 가득한 맛을 즐길 수 있습니다. 무료로 제공되는 음료는 덤이며, 특히 피크 타임에는 꾸준히 대기 줄이 늘어설 정도로 붐비는 곳입니다. 의자에 옷을 보관할 수 있는 센스 있는 좌석 배치 또한 고기 냄새를 신경 쓰지 않고 식사를 즐기려는 손님들에게 좋은 인상을 줍니다."
blueribbon,영동설렁탕,서울특별시 서초구 강남대로101안길 24,Seoul,South Korea,RIBBON_ONE,"한식(탕/국/찌개/전골), 설렁탕, 한식(육류), 수육",,02-543-4716,,2026,,37.51616,127.0174,2026-02-17T22:29:33.775718+00:00,,,,영동설렁탕,서울특별시 서초구 강남대로101안길 24,"A true 신사동 (Sinsa-dong) institution, 영동설렁탕 (Yeongdong Seolleongtang) has been serving its signature dish since 1976. This beloved spot, made even more famous by the TV show 'Meok-eul Ttaen-de', is a 24-hour operation, making it a perfect late-night or early-morning destination. The atmosphere buzzes with a diverse crowd, testament to its enduring popularity. 

The menu is refreshingly simple, focusing on two stars: seolleongtang (설렁탕) and suyuk (수육). The seolleongtang is known for its distinct, slightly pungent yet deeply savory broth, a flavor profile that has garnered a loyal following. Each table comes equipped with generous portions of kimchi and kkakdugi (깍두기), and a unique pitcher of 'kkakguk' (깍국) – a sweet radish water – adding another layer to the authentic dining experience.","1976년부터 이어져 온 신사동의 터줏대감, 영동설렁탕은 이곳의 시그니처 메뉴인 설렁탕으로 수많은 단골을 확보하고 있습니다. '먹을텐데' 방송을 통해 더욱 유명해진 이곳은 24시간 운영되어 늦은 밤이나 이른 새벽에도 방문할 수 있는 매력적인 장소입니다. 다양한 연령대의 손님들로 언제나 활기찬 분위기를 자랑합니다.

메뉴는 설렁탕과 수육, 단 두 가지로 간결합니다. 영동설렁탕의 설렁탕은 맑고 개운한 스타일보다는 약간의 꼬릿함이 느껴지면서도 잡내 없이 깊은 맛을 자랑하며, 이는 이곳만의 독특한 매력으로 많은 사랑을 받고 있습니다. 테이블마다 넉넉하게 준비된 김치와 깍두기, 그리고 독특한 깍두기 국물인 '깍국'은 이곳의 정통적인 식사 경험을 더욱 풍성하게 만들어 줍니다."
blueribbon,BEunusual,서울특별시 강남구 선릉로108길 5,Seoul,South Korea,RIBBON_ONE,컨템포러리,,0507-1428-7828,,2026,,37.5095752689071,127.0446101651,2026-02-17T22:29:33.775718+00:00,,,,비언유주얼,서울특별시 강남구 선릉로108길 5,"Step into a world where culinary art meets digital wonder at Beunusual. This unique dining experience transforms with every course, as the ambient media art shifts to complement the dishes. From the tender abalone (jeonbok, 전복) to the rich truffle ravioli and the choice between Iberico presa and premium Korean beef (hanu, 한우), each plate is a masterpiece. The meal concludes with a subtly sweet banana dessert and a selection of fine teas, leaving you eager to return and explore their seasonal offerings.","미디어 아트와 미식의 경계를 넘나드는 특별한 경험, 비언유주얼에 오신 것을 환영합니다. 코스가 진행될 때마다 변화하는 감각적인 미디어 아트는 각 요리의 매력을 더합니다. 부드러운 전복 요리부터 풍미 가득한 트러플 라비올리, 그리고 이베리코 프레사 또는 프리미엄 한우(hanu, 한우) 중 선택하는 메인 요리까지, 모든 접시는 예술 작품과 같습니다. 은은하게 달콤한 바나나 디저트와 엄선된 차로 마무리되는 식사는 다음 시즌 코스를 기대하게 만들 것입니다."
blueribbon,아선재,서울특별시 강남구 영동대로 333,Seoul,South Korea,RIBBON_ONE,"한식(일반한식), 한정식",,02-6339-1112,,2026,,37.50415092963824,127.06487179442593,2026-02-17T22:29:33.775718+00:00,,,,아선재,서울특별시 강남구 영동대로 333,"Nestled near Samseong Station, Aseonjae (아선재) is a highly recommended hanjeongsik (한정식) restaurant, perfect for significant family gatherings like 'sanggyeonrye' (상견례), the formal meeting of prospective in-laws. The restaurant's quiet ambiance, with private rooms, ensures a comfortable and undisturbed dining experience, allowing families to focus on conversation and connection. Its convenient location makes it accessible for guests arriving from different parts of the country.",삼성역 근처에 위치한 아선재(Aseonjae)는 상견례와 같은 특별한 가족 모임에 이상적인 한정식 맛집입니다. 프라이빗 룸이 마련된 조용한 분위기 덕분에 방해받지 않고 편안하게 식사를 즐기며 대화에 집중할 수 있습니다. 전국 각지에서 오는 하객들도 편리하게 방문할 수 있는 위치에 있습니다.
blueribbon,성민양꼬치,서울특별시 관악구 관악로16길 38,Seoul,South Korea,RIBBON_ONE,"중식, 양꼬치, 동북식중식",,02-888-8665 ,,2026,,37.47968,126.9547,2026-02-17T22:29:33.775718+00:00,,,,성민양꼬치,서울특별시 관악구 관악로16길 38,"Nestled in the vibrant Sharosu-gil area, Seongmin Yangkkochi is a popular spot for those craving perfectly grilled lamb skewers. The restaurant boasts a spacious, multi-level interior, buzzing with patrons enjoying their meals, especially late into the evening. It's the ideal place to unwind with friends over a classic pairing of flavorful yangkkochi (lamb skewers) and a refreshing beer, creating a lively and satisfying dining atmosphere.","활기찬 샤로수길에 자리한 성민양꼬치는 완벽하게 구워진 양꼬치를 맛볼 수 있는 인기 명소입니다. 넓은 다층 공간을 자랑하는 이 식당은 특히 늦은 시간까지 손님들로 붐비며 활기찬 분위기를 자아냅니다. 맛있는 양꼬치와 시원한 맥주를 곁들이며 친구들과 함께 편안하게 휴식을 취하기에 이상적인 장소로, 즐겁고 만족스러운 식사 경험을 선사합니다."
blueribbon,청와옥,서울특별시 송파구 위례성대로 48,Seoul,South Korea,RIBBON_ONE,"한식(탕/국/찌개/전골), 순대국밥, 한식(육류), 순대",,02-416-3456 ,,2026,,37.515315163777615,127.11752862698826,2026-02-17T22:29:33.775718+00:00,,,,청와옥,서울특별시 송파구 위례성대로 48,"Cheongwaok is a popular spot for friends looking for a hearty meal and a good time, especially for those seeking out Seoul's top-tier sundae-guk (순대국). The spacious interior and ample parking make it an ideal meeting place, even for larger groups. Enjoy a variety of dishes alongside your meal, with a convenient self-serve bar for banchan (반찬) and condiments, allowing you to customize your experience. It's the perfect place to unwind with friends over some makgeolli (막걸리) and delicious Korean fare.",청와옥은 서울 최고의 순대국(순대국)을 찾는 친구들이 푸짐한 식사와 즐거운 시간을 보내기에 인기 있는 장소입니다. 넓은 실내와 넉넉한 주차 공간은 단체 모임에도 이상적인 장소입니다. 편리한 셀프 반찬 코너를 통해 반찬(반찬)과 양념을 취향에 맞게 조절하며 다양한 요리를 즐길 수 있습니다. 막걸리(막걸리)와 맛있는 한식을 곁들이며 친구들과 함께 휴식을 취하기에 완벽한 곳입니다.
blueribbon,TAOYUEN STYLE,서울특별시 강남구 압구정로 165,Seoul,South Korea,RIBBON_ONE,"중식, 광동식중식",,0507-1329-5890,,2026,,37.5273661232786,127.027468526838,2026-02-17T22:29:33.775718+00:00,,,,도원스타일(압구정점),서울특별시 강남구 압구정로 165,"Taoyuen (도원) is the go-to spot for delicious Chinese cuisine at Hotel The Plaza. Known for its authentic flavors, it's a popular choice for both hotel guests and locals, even boasting a branch called 'Taoyuen Style' at Hyundai Department Store. Whether you're enjoying a meal during a special event or as part of a hotel package, Taoyuen promises a satisfying culinary experience.","호텔 더 플라자의 맛있는 중식당 도원(Taoyuen)은 호텔 투숙객과 현지인 모두에게 인기 있는 곳입니다. 현대백화점 본점에 '도원 스타일'이라는 이름으로 분점을 운영할 정도로 정통 중식으로 유명하며, 특별한 행사나 호텔 패키지의 일부로 식사를 즐기든, 도원은 만족스러운 미식 경험을 선사합니다."
blueribbon,Imperato,서울특별시 송파구 올림픽로37길 130,Seoul,South Korea,RIBBON_ONE,"이탈리아식, 피자, 파스타",,02-420-2131 ,,2026,,37.521061,127.104461,2026-02-17T22:29:33.775718+00:00,,,,임뻬라또,서울특별시 송파구 올림픽로37길 130,"Breaking away from the typical image of a restaurant with a view or in a bustling food alley, Imperato offers a surprisingly elegant dining experience. While the reviewer admits to usually preferring more casual eateries, they found Imperato to be a delightful occasional treat. The atmosphere is clean and inviting, with a visible wood-fired oven hinting at the authentic pizzas to come. Sharing a variety of dishes with friends, the table enjoyed a spread that included grilled octopus (문어구이), a rich seven-cheese pizza (치즈몬스터7), and tender Korean beef tenderloin (한우A+ 안심).","경치 좋은 야외나 소문난 먹자골목에 위치한 식당이라는 편견을 깨는 임뻬라토는 의외로 우아한 식사 경험을 선사합니다. 리뷰어는 평소 캐주얼한 식당을 더 선호한다고 인정하지만, 임뻬라토가 가끔 즐기기에 아주 좋은 곳이라는 것을 발견했습니다. 깔끔하고 매력적인 분위기와 함께 보이는 화덕은 정통 피자를 기대하게 합니다. 친구들과 다양한 요리를 나눠 먹으며, 문어구이, 풍성한 세븐 치즈 피자(치즈몬스터7), 그리고 부드러운 한우 안심(텐더로인) 등을 즐겼습니다."
blueribbon,Le Jiu,서울특별시 서초구 사평대로26길 40,Seoul,South Korea,RIBBON_ONE,"이탈리아식, 파스타",,02-3476-7036,,2026,,37.498314991796,126.998912893897,2026-02-17T22:29:33.775718+00:00,,,,르지우,서울특별시 서초구 사평대로26길 40,"Nestled in the charming Seocho-gu district, Le Jiu is a decade-old establishment renowned for its exquisite fresh pasta and romantic ambiance. With its soft lighting and wine-friendly dishes, it's the perfect spot for a date night or a leisurely brunch. The restaurant boasts Blue Ribbon Survey stickers for 2023, 2024, and 2025, a testament to its enduring quality. During the holiday season, the interior is adorned with festive decorations, creating a truly magical atmosphere that fills up quickly with patrons.","매력적인 서초구에 자리한 르지우는 신선한 파스타와 로맨틱한 분위기로 유명한 10년 된 레스토랑입니다. 은은한 조명과 와인과 잘 어울리는 요리로 데이트나 여유로운 브런치에 완벽한 장소입니다. 2023, 2024, 2025 블루리본 서베이 스티커는 이곳의 변함없는 품질을 증명합니다. 연말 시즌에는 아늑한 인테리어에 축제 장식이 더해져 마법 같은 분위기를 자아내며, 곧 손님들로 가득 찹니다."
blueribbon,Tombola,서울특별시 서초구 서래로7길 16,Seoul,South Korea,RIBBON_ONE,"이탈리아식, 피자, 파스타",,02-593-4660,,2026,,37.49882,126.9975,2026-02-17T22:29:33.775718+00:00,,,,톰볼라,서울특별시 서초구 서래로7길 16,"Tombola is a beloved neighborhood institution in Seorae Village, offering a comfortable and cozy atmosphere perfect for a relaxed meal. While not overly flashy, the dishes consistently deliver above-average, honest flavors. The star of the show is undoubtedly the gnocchi (뇨끼), praised for its tender and chewy texture, with a particularly rich and flavorful sauce that's a hit for those who enjoy creamy, decadent dishes. The steak course is also noted for its good value, making it a solid choice for a satisfying lunch.","서래마을의 오랜 터줏대감인 톰볼라는 편안하고 아늑한 분위기에서 부담 없이 식사를 즐길 수 있는 곳입니다. 화려하진 않지만, 음식 하나하나 정직하고 평균 이상의 맛을 자랑합니다. 특히 부드럽고 쫀득한 식감의 뇨끼(Gnocchi)는 깊고 풍미 있는 소스로 많은 사랑을 받고 있으며, 느끼한 음식을 좋아하는 분들에게는 최고의 만족감을 선사할 것입니다. 스테이크 코스 역시 가성비가 좋아 든든한 점심 식사로 손색이 없습니다."
blueribbon,진주집,서울특별시 영등포구 국제금융로6길 33,Seoul,South Korea,RIBBON_ONE,"한식(면류), 콩국수, 칼국수, 비빔국수",,02-780-6108 ,,2026,,37.52134,126.9274,2026-02-17T22:29:33.775718+00:00,,,,진주집,서울특별시 영등포구 국제금융로6길 33,"A legendary spot in Yeouido, Jinjujip is renowned for its rich and creamy kongguksu (콩국수), a cold soybean noodle soup. The broth is thick and flavorful, made with domestic soybeans, and seasoned just right, eliminating the need for extra salt or sugar. While the price might seem steep, the quality and unique, nutty taste of the meju beans (메주콩) make it a must-try for noodle enthusiasts. The restaurant is spacious, with multiple sections, and the service is efficient, with dishes arriving remarkably fast.","여의도의 전설적인 맛집 진주집은 진하고 크리미한 콩국수(콩국수)로 유명합니다. 국내산 콩으로 만든 국물은 진하고 풍미가 좋으며, 간이 적절하게 되어 있어 소금이나 설탕을 추가할 필요가 없습니다. 가격이 다소 비싸게 느껴질 수 있지만, 메주콩(메주콩)의 품질과 독특하고 고소한 맛은 국수 애호가들에게 꼭 맛봐야 할 경험을 선사합니다. 식당은 여러 공간으로 나뉘어 넓고, 서비스는 효율적이어서 음식이 놀랍도록 빠르게 나옵니다."
blueribbon,원주추어탕,서울특별시 강남구 봉은사로2길 3,Seoul,South Korea,RIBBON_ONE,"한식(민물어패류), 추어탕",,02-557-8647 ,,2026,,37.5043812274429,127.025558842904,2026-02-17T22:29:33.775718+00:00,,,,원주추어탕,서울특별시 강남구 봉은사로2길 3,"This long-standing restaurant in Banghwa-dong is a highly recommended spot for its authentic Chueotang (추어탕). They pride themselves on using 100% domestic ingredients, including specially sourced radish greens (siraegi, 시래기) from Yanggu and domestic loaches (m بعد). The spacious and clean interior, complete with an open kitchen, offers a welcoming atmosphere for diners, and they even provide amenities like aprons and high chairs for families.","방화동에 자리한 이 오랜 맛집은 정통 추어탕(Chueotang)으로 강력 추천되는 곳입니다. 양구산 시래기와 국내산 미꾸라지를 포함한 100% 국내산 재료만을 고집하는 점이 특징입니다. 오픈 키친을 갖춘 넓고 깔끔한 내부는 편안한 분위기를 선사하며, 앞치마와 아기 의자 등 편의 시설도 잘 갖춰져 있어 가족 단위 방문객에게도 좋습니다."
blueribbon,덕원,서울특별시 영등포구 버드나루로6길 6,Seoul,South Korea,RIBBON_ONE,"한식(탕/국/찌개/전골), 꼬리곰탕, 설렁탕, 한식(육류), 수육",,02-2634-8663 ,,2026,,37.52225,126.912,2026-02-17T22:29:33.775718+00:00,,,,덕원,서울특별시 영등포구 버드나루로6길 6,"This is a premier ballet academy focused on preparing students for prestigious arts high school (예고) admissions. The academy emphasizes a rigorous, personalized approach, with the director acting as a dedicated mentor. They offer a structured four-step curriculum, from foundational physical analysis to advanced technique refinement based on the Vaganova method, culminating in performance preparation. The academy boasts unique facilities, including Gyrotonic equipment, to enhance student stability and prevent injuries, creating an optimal environment for growth.","이곳은 명문 예술고등학교(예고) 입시를 전문적으로 준비하는 최고의 발레 아카데미입니다. 원장님이 헌신적인 멘토로서 학생들에게 개인화된 맞춤 지도를 제공하며, 체계적인 4단계 커리큘럼을 자랑합니다. 기초 신체 분석부터 바가노바 메소드를 기반으로 한 고급 기술 연마, 그리고 실전 무대 준비까지 아우릅니다. 또한, 자이로토닉 기구와 같은 독보적인 시설을 갖추고 있어 학생들의 신체 안정성을 높이고 부상을 예방하며 최적의 성장 환경을 조성합니다."
blueribbon,길풍식당,서울특별시 영등포구 양평로 118,Seoul,South Korea,RIBBON_ONE,"한식(탕/국/찌개/전골), 꼬리곰탕",,02-2634-1359 ,,2026,,37.5378376344984,126.894643881557,2026-02-17T22:29:33.775718+00:00,,,,길풍식당,서울특별시 영등포구 양평로 118,"Step into Gilpung Sikdang (길풍식당), a 40-year-old institution near Seonyudo Station, and feel the warmth of tradition. This unpretentious eatery, bustling with locals during lunch, offers a simple yet trustworthy menu focused on hearty soups and premium meats. Their signature Seolleongtang (설렁탕) boasts a rich, unseasoned broth that allows you to perfectly customize your flavor with salt, pepper, and a hint of their exceptional kimchi. The Suyuk (수육), or boiled beef, is a must-try, praised for its tender, clean-tasting meat that pairs wonderfully with their special soy sauce and fresh chives.","선유도역 근처에 위치한 40년 전통의 길풍식당은 들어서는 순간 따뜻한 온기가 느껴지는 곳입니다. 점심시간에는 현지인들로 붐비는 이곳은 정직한 재료와 기본에 충실한 메뉴를 선보입니다. 시그니처 메뉴인 설렁탕(Seolleongtang)은 뽀얀 국물 자체로 깊은 맛을 내며, 소금, 후추, 그리고 이곳의 자랑인 김치로 취향껏 간을 맞춰 먹는 재미가 있습니다. 잡내 없이 부드럽게 삶아진 수육(Suyuk)은 특제 간장 소스와 부추와 함께 곁들여 먹으면 육향과 감칠맛의 완벽한 조화를 이룹니다."
blueribbon,등나무집,서울특별시 동작구 대림로 52,Seoul,South Korea,RIBBON_ONE,"한식(육류), 소꼬리찜, 한식(탕/국/찌개/전골), 꼬리곰탕, 수육",,02-843-8989 ,,2026,,37.48816,126.9079,2026-02-17T22:29:33.775718+00:00,,,,등나무집,서울특별시 동작구 대림로 52,"Stepping into Deungnamujip (등나무집) feels like a journey back in time, a true Seoul institution since 1975. This spacious, Blue Ribbon-winning establishment is renowned for its hearty soups, but the real stars are the succulent braised ox tail (소꼬리찜) and tender boiled beef slices (수육). The meticulous attention to detail, from dedicated kimchi aging rooms to separate cooking stations, hints at the passion poured into every dish. It’s a place that exudes authenticity and a deep commitment to quality, making it a must-visit for those seeking a genuine taste of Korean culinary heritage.","1975년부터 자리를 지켜온 서울의 명소, 등나무집은 시간 여행을 하는 듯한 깊은 맛을 선사합니다. 넓고 쾌적한 공간과 블루리본 수상 경력은 이곳의 명성을 말해주며, 진한 국물 요리도 훌륭하지만 특히 부드러운 소꼬리찜과 담백한 수육은 꼭 맛봐야 할 시그니처 메뉴입니다. 김치 숙성실, 별도의 조리 공간 등 세심한 공간 구성은 음식에 대한 진심을 느끼게 하며, 정통성과 품질에 대한 깊은 헌신을 느낄 수 있는 곳입니다. 진정한 한국의 미식 유산을 맛보고 싶다면 등나무집은 필수 방문 코스입니다."
blueribbon,첨벙아구찜,서울특별시 강남구 강남대로150길 12,Seoul,South Korea,RIBBON_ONE,"한식(어패류), 아귀, 게장",,02-543-8873,,2026,,37.51579,127.0209,2026-02-17T22:29:33.775718+00:00,,,,첨벙아구찜,서울특별시 강남구 강남대로150길 12,"Located near Hankti Station, this bustling restaurant is a go-to spot for delicious seafood dishes, especially their signature agwi-jjim (아귀찜). Reviewers rave about the boneless version, praising its tender texture and flavorful sauce. It's a popular choice for both lunch and dinner, with many recommending the generous portions and fresh ingredients. Don't miss out on their crispy minari-jeon (미나리전) as a side, which is a perfect complement to the main dishes.","한티역 근처에 위치한 이 활기찬 식당은 특히 시그니처 메뉴인 아귀찜으로 유명한 맛있는 해산물 요리의 성지입니다. 리뷰어들은 순살 아귀찜의 부드러운 식감과 맛있는 양념을 칭찬합니다. 점심과 저녁 모두 인기 있는 곳이며, 푸짐한 양과 신선한 재료를 추천하는 사람들이 많습니다. 메인 요리와 완벽하게 어울리는 바삭한 미나리전도 놓치지 마세요."
blueribbon,삼거리먼지막순대국,서울특별시 영등포구 시흥대로185길 11,Seoul,South Korea,RIBBON_ONE,"한식(탕/국/찌개/전골), 순댓국, 한식(육류), 순대",,02-848-2469,,2026,,37.491696,126.90722,2026-02-17T22:29:33.775718+00:00,,,,삼거리먼지막순대국,서울특별시 영등포구 시흥대로185길 11,"Step into a piece of Seoul's culinary history at Samgeori Meonjijib Sundaeguk (삼거리먼지막순대국), a beloved ""Baengnyeon Gaje"" (백년가게) or ""100-Year Store."" This establishment, recognized as a Seoul Future Heritage, has been serving its signature sundae-guk (순대국) since the 1950s. The rich, clean broth, generously filled with offal, is the star here, drawing crowds even during peak hours. Despite price increases over the decades, it remains a cherished spot for a hearty and affordable meal, often requiring a wait but always worth it.

This no-frills eatery, tucked away in a narrow alley, boasts a legacy recognized by the government and featured on ""Korean Table"" (한국인의 밥상). While parking is challenging, the authentic flavors and the sheer dedication to preserving traditional tastes make it a must-visit for those seeking a genuine taste of old Seoul. Whether you're dining solo or grabbing a take-out to share with family, the comforting and flavorful sundae-guk is a testament to its enduring popularity.","서울의 오랜 맛집, 삼거리먼지막순대국(삼거리먼지막순대국)은 서울 미래유산으로 지정된 '백년가게'입니다. 1950년대부터 시작된 이곳은 진하고 깔끔한 국물과 푸짐한 내장으로 유명한 순대국(순대국)을 선보입니다. 점심시간에는 늘 손님들로 붐비며, 가격이 인상되었음에도 불구하고 든든하고 저렴한 한 끼 식사를 위해 많은 이들이 찾는 곳입니다.

좁은 골목길에 위치한 이 소박한 식당은 정부 인증과 '한국인의 밥상' 출연으로 그 명성을 이어가고 있습니다. 주차는 어렵지만, 전통의 맛을 지키려는 노력 덕분에 옛 서울의 진정한 맛을 경험할 수 있습니다. 혼밥이든 가족 포장이든, 이곳의 순대국은 오랜 시간 동안 사랑받아온 이유를 증명합니다."
blueribbon,오복꼬리곰탕,서울특별시 서초구 강남대로97길 16,Seoul,South Korea,RIBBON_ONE,"한식(탕/국/찌개/전골), 꼬리곰탕, 곰탕",,02-542-4610,,2026,,37.514777,127.018792,2026-02-17T22:29:33.775718+00:00,,,,오복꼬리곰탕,서울특별시 서초구 강남대로97길 16,"Step into a Seoul institution with over 50 years of history, renowned for its exceptional kkoritgomtang (꼬리곰탕). This spot boasts a rich, milky broth that perfectly complements the tender meat, offering a deeply satisfying experience. The simple yet effective side dishes, including perfectly seasoned kimchi and kkakdugi (깍두기), are designed to enhance the star of the show. It's a beloved haunt for local office workers and loyal patrons seeking authentic, hearty Korean comfort food.","50년이 넘는 역사를 자랑하는 서울의 명소, 오복꼬리곰탕을 소개합니다. 이곳은 진하고 뽀얀 국물이 부드러운 고기와 완벽하게 어우러져 깊은 만족감을 선사하는 꼬리곰탕으로 유명합니다. 정갈한 김치와 깍두기 등 심플하면서도 맛깔스러운 반찬들은 메인 메뉴의 풍미를 더해줍니다. 이곳은 지역 직장인과 오랜 단골들이 찾는 정통적이고 든든한 한국의 맛을 선사하는 곳입니다."
blueribbon,대문점,서울특별시 영등포구 영중로10길 30,Seoul,South Korea,RIBBON_ONE,"중식, 일반중식",,02-2678-3256,,2026,,37.518566,126.908564,2026-02-17T22:29:33.775718+00:00,,,,대문점,서울특별시 영등포구 영중로10길 30,"Daemunjeom has expanded significantly over the years, now occupying a much larger space than before. While the restaurant's atmosphere has shifted, it holds nostalgic memories for many, particularly the beloved gunmandu (군만두 - fried dumplings) and jangyuk (장육 - cold, sliced meat) that were once savored with soju. The current iteration offers the Munjeong Jeongshik (문정 정식), a lunch special featuring sliced meat, accompanied by various condiments and steamed buns (꽃빵).","대문점은 오랜 시간이 흘러 규모가 두 배 이상 커졌습니다. 예전의 군만두(군만두)와 장육(장육)을 소주와 함께 즐기던 추억을 간직한 곳이지만, 지금은 점심 특선 메뉴인 문정 정식(문정 정식)을 선보입니다. 문정 정식에는 얇게 썰어낸 장육과 곁들임 찬, 그리고 꽃빵이 함께 제공됩니다."
blueribbon,소나무집,서울특별시 서초구 식유촌길 71,Seoul,South Korea,RIBBON_ONE,"한식(가금류), 닭볶음탕",,02-577-9292 ,,2026,,37.458346,127.011579,2026-02-17T22:29:33.775718+00:00,,,,소나무집,서울특별시 서초구 식유촌길 71,"Step into Sonamujip (소나무집), a beloved institution since 1977, offering a unique twist on a Korean classic. This cozy, home-like eatery is renowned for its signature Cheonggukjang Dakdoritang (청국장 닭도리탕), a savory chicken stew infused with the earthy aroma of fermented soybeans. The rich, flavorful broth is perfectly balanced, complemented by tender chicken and hearty vegetables, making it a deeply satisfying meal.

Beyond the star dish, Sonamujip also impresses with its delightful banchan (밑반찬), especially the crispy, non-greasy potato pancakes (감자전). Conveniently located near popular attractions like the National Museum of Modern and Contemporary Art, Gwacheon, it's a must-visit for those seeking authentic, comforting Korean flavors. Reservations are highly recommended due to its popularity and potential for ingredients to sell out.","1977년부터 운영되어 온 소나무집은 한국의 고전적인 요리에 독특한 변주를 더한 사랑받는 명소입니다. 아늑하고 가정집 같은 이 식당은 구수한 된장 향이 가미된 닭고기 스튜인 시그니처 청국장 닭도리탕으로 유명합니다. 풍부하고 맛있는 국물은 완벽하게 균형 잡혀 있으며, 부드러운 닭고기와 푸짐한 채소가 곁들여져 깊고 만족스러운 식사를 선사합니다.

이곳의 메인 요리 외에도, 소나무집은 특히 바삭하고 느끼하지 않은 감자전과 같은 맛있는 밑반찬으로도 깊은 인상을 남깁니다. 과천 국립현대미술관과 같은 인기 명소 근처에 편리하게 위치해 있어, 정통적이고 편안한 한국의 맛을 찾는 사람들에게 꼭 방문해야 할 곳입니다. 인기가 많고 재료가 조기에 소진될 수 있으므로 예약은 필수입니다."
blueribbon,brandnewhimont,서울특별시 강동구 천호옛14길 11,Seoul,South Korea,RIBBON_ONE,베이커리,,02-478-2402 ,,2026,,37.536433399041,127.126157127477,2026-02-17T22:29:33.775718+00:00,,,,브랜뉴하이몬드,서울특별시 강동구 천호옛14길 11,"Step into Brandnew Himont, a beloved bakery with over 40 years of history near Cheonho Station. While the exterior might hint at its long legacy, the interior boasts a clean, remodeled design. This popular spot is known for its wide variety of breads, with the raspberry baguette (산딸기바게트) and cheese baguette (치즈바게트) being standout favorites. The bakery operates on the first floor, with a cozy cafe space on the second.

Don't miss their signature raspberry baguette, a delightful blend of nutty crunch from embedded nuts and crusts, complemented by a smooth cream filling. Another must-try is the castella tteok (카스테라떡), a soft bread filled with a sweet and creamy castella filling that's been a hit even with those back home. It's the perfect place to grab a delicious treat to enjoy on the go or share with loved ones.","천호역 근처에 위치한 40년 이상의 역사를 자랑하는 브랜뉴하이몬드 베이커리에 방문해보세요. 오랜 역사를 가진 외관과는 달리 내부는 깔끔하게 리모델링되어 있습니다. 이곳은 다양한 종류의 빵으로 유명하며, 특히 산딸기바게트와 치즈바게트가 인기 메뉴입니다. 1층은 베이커리, 2층은 카페로 운영됩니다.

꼭 맛봐야 할 메뉴는 산딸기바게트입니다. 빵 안에 박힌 견과류와 껍질의 고소함이 부드러운 크림 필링과 조화롭게 어우러집니다. 또 다른 인기 메뉴인 카스테라떡은 부드러운 빵 안에 달콤하고 크리미한 카스테라 필링이 가득 들어있어 집으로 가져가 나눠 먹기에도 좋습니다. 이동 중에 즐기거나 사랑하는 사람들과 함께 나눌 맛있는 간식을 구입하기에 완벽한 장소입니다."
blueribbon,CONTE DE TULEAR,서울특별시 강남구 도산대로49길 39,Seoul,South Korea,RIBBON_ONE,"기타, 브런치카페",,070-8846-8490,,2026,,37.5255631741936,127.036889294894,2026-02-17T22:29:33.775718+00:00,,,,꽁티드툴레아,서울특별시 강남구 도산대로49길 39,"Prepare for a wait at CONTE DE TULEAR, a popular spot in Apgujeong Rodeo known for its consistently long lines. The ambiance is cozy and inviting, with options to dine indoors or enjoy the open-air seating, complete with cooling air conditioning. Don't miss their signature dishes, including the surprisingly delightful Kimchi Fried Rice (김치볶음밥), elevated with ingredients like brisket and avocado, and the perfectly ripe Avocado Toast (아보카도 토스트) on hearty rye bread.",압구정 로데오의 인기 명소 CONTE DE TULEAR는 늘 긴 줄로 유명하니 기다릴 준비를 하세요. 아늑하고 매력적인 분위기 속에서 실내 또는 시원한 에어컨이 갖춰진 야외 좌석을 즐길 수 있습니다. 특히 차돌박이와 아보카도를 곁들인 놀랍도록 맛있는 김치볶음밥과 완벽하게 익은 아보카도를 올린 아보카도 토스트는 꼭 맛봐야 할 시그니처 메뉴입니다.
blueribbon,GORDON RAMSAY burger,서울특별시 송파구 올림픽로 300,Seoul,South Korea,RIBBON_ONE,,,02-3213-4797,,2026,,37.5137519612953,127.104446890835,2026-02-17T22:29:33.775718+00:00,,,,고든램지버거,서울특별시 송파구 올림픽로 300,"Step into a world of elevated burgers at Gordon Ramsay Burger, where the ambiance is as sophisticated as the cuisine. With a sleek, modern interior featuring black and gold accents and subtle lighting, it offers a comfortable yet luxurious dining experience. The spacious layout and well-spaced tables ensure a private feel, making it perfect for intimate conversations or a refined meal. The open kitchen adds a touch of transparency and excitement, allowing you to witness the culinary artistry firsthand.","고든램지버거는 세련된 분위기와 수준 높은 요리를 자랑하는 곳입니다. 블랙과 골드 색상을 메인으로 한 고급스러운 인테리어와 은은한 조명이 편안하면서도 럭셔리한 식사 경험을 선사합니다. 넉넉한 테이블 간격과 넓은 공간은 프라이빗한 느낌을 주어 오붓한 대화나 격조 높은 식사에 이상적입니다. 오픈 키친은 투명성과 즐거움을 더하며, 요리의 예술을 직접 목격할 수 있습니다."
blueribbon,압구정진주,서울특별시 강남구 압구정로46길 5-10,Seoul,South Korea,RIBBON_ONE,"한식(육류), 삼겹살, 돼지고기구이",,070-4120-8788 ,,2026,,37.5279203642126,127.037497633767,2026-02-17T22:29:33.775718+00:00,,,,압구정진주,서울특별시 강남구 압구정로46길 5-10,"This stylish restaurant, rumored to be a favorite of celebrities like Kanye and Bianca, offers a sophisticated dining experience. The ambiance is modern and clean, with spacious seating and private rooms upstairs, making it ideal for dates or group gatherings. Don't miss their signature pork dishes, featuring high-quality samgyeopsal (삼겹살) and moksal (목살) with excellent marbling and texture.

The meal is elevated by an array of delightful banchan (밑반찬), including flavorful seasoned raw crab (꽃게무침), savory rolled omelets, and perfectly seasoned pickles. The attentive service and overall polished atmosphere contribute to a memorable dining experience, solidifying its reputation as a top-tier Korean BBQ destination.","칸예와 비앙카 같은 유명 인사들도 찾는다는 소문이 있는 이 세련된 레스토랑은 고급스러운 식사 경험을 제공합니다. 현대적이고 깔끔한 분위기에 넓은 좌석과 위층의 개별 룸은 데이트나 모임 장소로도 손색이 없습니다. 육질이 훌륭한 시그니처 돼지고기 요리, 특히 삼겹살과 목살을 꼭 맛보세요.

맛깔스러운 밑반찬, 특히 감칠맛 나는 꽃게무침과 정갈한 계란말이, 잘 양념된 장아찌는 식사를 더욱 풍성하게 만들어 줍니다. 친절한 서비스와 전반적인 고급스러운 분위기는 기억에 남는 식사 경험을 선사하며, 이곳을 최고의 한식 고기집으로 자리매김하게 합니다."
blueribbon,mememi GARDEN,서울특별시 강남구 도산대로 417,Seoul,South Korea,RIBBON_ONE,"이탈리아식, 바, 카페/커피/티, 카페",,02-514-8765 ,,2026,,37.523811310561,127.041117630865,2026-02-17T22:29:33.775718+00:00,,,,미미미가든,서울특별시 강남구 도산대로 417,"Tucked away in the stylish Cheongdam-dong district, mememi GARDEN is a delightful surprise, marked by its elegant exterior and a welcoming ambiance. Despite initial assumptions of a typical cafe, the presence of three Blue Ribbons and attentive service, including a staff member greeting guests at the door, hints at a more refined experience. The interior boasts floor-to-ceiling windows and a clean, comfortable atmosphere perfect for a relaxed afternoon, making the friendly service and pleasant environment the standout features.","세련된 청담동에 자리한 mememi GARDEN은 우아한 외관과 환영하는 분위기로 즐거운 놀라움을 선사합니다. 평범한 카페일 것이라는 예상과는 달리, 3개의 블루리본과 직원이 문 앞에서 맞이하는 등 세심한 서비스는 더욱 특별한 경험을 예고합니다. 내부는 통창 너머로 보이는 풍경과 깔끔하고 편안한 분위기가 특징이며, 친절한 서비스와 쾌적한 환경이 가장 인상적인 부분입니다."
blueribbon,압구정면옥,서울특별시 강남구 압구정로30길 16,Seoul,South Korea,RIBBON_ONE,"한식(면류), 평양냉면, 만두",,02-516-3016 ,,2026,,37.52646320855546,127.02906072050142,2026-02-17T22:29:33.775718+00:00,,,,압구정면옥,서울특별시 강남구 압구정로30길 16,"Nestled in the heart of Apgujeong, this spot is a go-to for those seeking authentic Pyeongyang-style naengmyeon (평양냉면). The broth is described as incredibly rich and savory, clinging to the noodles with every bite. While the prices reflect the upscale neighborhood, the quality and experience are well worth it. Don't miss out on their signature eobok-jangi (어복쟁반), a hearty dish perfect for sharing, and their delicious handmade dumplings (만두) are a must-try, packed with flavorful fillings.","압구정에 위치한 이 곳은 정통 평양냉면(Pyeongyang-style naengmyeon)을 찾는 이들에게 안성맞춤입니다. 육수는 입에 착 달라붙는 진하고 감칠맛 나는 맛으로 묘사됩니다. 가격은 고급 동네를 반영하지만, 품질과 경험은 그만한 가치가 있습니다. 놓치지 말아야 할 시그니처 메뉴는 어복쟁반(eobok-jangi)으로, 함께 나누기 좋은 푸짐한 요리이며, 맛있는 속을 꽉 채운 수제 만두(mandu)도 꼭 맛봐야 할 별미입니다."
blueribbon,STONE+WATER,서울특별시 송파구 가락로 283,Seoul,South Korea,RIBBON_ONE,"디저트/스위트, 카이막, 카페/커피/티, 커피전문점",,02-6013-9593,,2026,,37.5131208985041,127.119821871507,2026-02-17T22:29:33.775718+00:00,,,,스톤앤워터,서울특별시 송파구 가락로 283,"STONE+WATER is a modern cafe in Bangi-dong, Songpa, boasting a sleek black and white interior. It's a perfect spot for a quiet escape, offering a calm atmosphere ideal for enjoying a coffee and some personal time. Notably, this cafe is also pet-friendly, allowing dog owners to relax with their furry companions, even offering a special 'puppuccino' (멍푸치노). Its proximity to Olympic Park makes it a popular stop for those enjoying a stroll.","송파 방이동에 위치한 스톤앤워터는 모던한 블랙 앤 화이트 인테리어가 돋보이는 카페입니다. 조용하고 차분한 분위기 속에서 나만의 시간을 보내며 커피 한 잔을 즐기기에 완벽한 장소입니다. 특히 반려견 동반이 가능하여 견주들이 편안하게 방문할 수 있으며, 멍푸치노 같은 특별 메뉴도 준비되어 있습니다. 올림픽공원 근처에 있어 산책 후 들르기에도 좋은 인기 카페입니다."
blueribbon,GRAY GRISTMILL,서울특별시 강남구 압구정로2길 15,Seoul,South Korea,RIBBON_ONE,"카페/커피/티, 커피전문점",,02-546-8902 ,,2026,,37.5207186841862,127.019955768192,2026-02-17T22:29:33.775718+00:00,,,,그레이그리스트밀,서울특별시 강남구 압구정로2길 15,"Step into Gray Gristmill (그레이그리스트밀), a specialty coffee roastery in Sinsa-dong that elevates the coffee experience. Founded by a national barista champion, this cafe focuses on the 'essence of coffee' with a unique ordering system where you consult with a barista to select your preferred beans from over 10 daily micro-lot and specialty options. The ambiance feels like a sophisticated laboratory, with staff dressed in suits acting as 'coffee concierges,' creating a focused and intimate space perfect for solo enjoyment. They even offer a complimentary plum ade upon arrival, setting a high standard from the start.","신사동의 스페셜티 커피 로스터리, 그레이그리스트밀(Gray Gristmill)은 커피 경험을 한 차원 높여주는 곳입니다. 국가대표 바리스타가 설립한 이 카페는 독특한 주문 방식으로 '커피의 본질'에 집중합니다. 이곳에서는 바리스타와 상담하여 매일 준비되는 10가지 이상의 마이크로랏 및 스페셜티 원두 중에서 취향에 맞는 것을 직접 선택할 수 있습니다. 세련된 실험실 같은 분위기와 정장을 갖춘 직원들은 '커피 컨시어지' 역할을 하며, 혼자서도 집중하기 좋은 아늑한 공간을 선사합니다. 도착 시 제공되는 무료 자두 에이드는 첫 순간부터 높은 만족감을 선사합니다."
blueribbon,devastate,서울특별시 강남구 선릉로162길 51,Seoul,South Korea,RIBBON_ONE,"카페/커피/티, 커피전문점",,070-7717-6100,,2026,,37.526127,127.044787,2026-02-17T22:29:33.775718+00:00,,,,데바스테이트,서울특별시 강남구 선릉로162길 51,"Nestled in a Cheongdam-dong alley, DEVASTATE is a chic, black-and-white haven perfect for intimate conversations or a stylish date. This roastery cafe boasts an impressive coffee menu, with patrons raving about the smooth, flavorful lattes made with premium beans. Don't miss their signature chewy nut cookies (넛쿠키) – a perfect pairing for your coffee.","청담동 골목에 숨겨진 세련된 공간, 데바스테이트는 아늑한 대화나 스타일리시한 데이트에 완벽한 블랙 앤 화이트 인테리어의 안식처입니다. 프리미엄 원두로 만든 부드럽고 풍미 깊은 라떼는 방문객들에게 극찬을 받고 있으며, 시그니처 쫀득한 넛 쿠키(넛쿠키)는 커피와 환상의 궁합을 자랑합니다."
blueribbon,FIBEVREWING,서울특별시 서초구 서초대로27길 15,Seoul,South Korea,RIBBON_ONE,"카페/커피/티, 커피전문점",,02-593-3578,,2026,,37.488809874587,126.994502515981,2026-02-17T22:29:33.775718+00:00,,,,파이브브루잉,서울특별시 서초구 서초대로27길 15,"Nestled near Naebang Station, Five Brewing is a local gem known for its expertly brewed drip coffee, though it also shines with its unique take on traditional Korean sweets. The interior offers a chic, slightly dim ambiance, perfect for a quiet escape, with a second floor featuring long tables ideal for working or studying. Don't miss their signature yanggaeng (양갱), a delightful jelly confection available in creative flavors like Udo peanut and Yuzu-Hallabong, alongside other tempting treats like madeleines.","내방역 근처에 자리한 파이브브루잉은 전문가의 손길로 내린 드립 커피로 유명하지만, 전통적인 한국 디저트에 대한 독창적인 해석으로도 빛나는 곳입니다. 내부는 조용히 쉬어가기 좋은 세련되고 약간 어두운 분위기를 자랑하며, 2층에는 작업이나 공부에 이상적인 긴 테이블이 마련되어 있습니다. 시그니처 메뉴인 우도 땅콩, 유자-한라봉 등 창의적인 맛으로 즐길 수 있는 양갱(yanggaeng)과 마들렌 같은 다른 맛있는 간식들도 놓치지 마세요."
blueribbon,COFFEE FIEL,서울특별시 강남구 논현로149길 62,Seoul,South Korea,RIBBON_ONE,"카페/커피/티, 커피전문점",,0507-1407-8138,,2026,,37.51697,127.0236,2026-02-17T22:29:33.775718+00:00,,,,커피휘엘,서울특별시 강남구 논현로149길 62,"Nestled near Sinsa Station, COFFEE FIEL is a spacious and stylish specialty roastery that has maintained its reputation as a top Seoul cafe for 12 consecutive years. The ambiance is sophisticated with a black and gray palette, featuring a large in-house roasting room visible through glass and rotating art installations from collaborations with contemporary artists, giving it a gallery-like feel. With ample seating, including a large communal table and smaller setups, it's perfect for solo visits, meetings, or focused work, complemented by a charming outdoor terrace ideal for enjoying a coffee amidst the city buzz.","신사역 근처에 자리한 COFFEE FIEL은 12년 연속 서울 대표 카페의 명성을 유지해 온 넓고 세련된 스페셜티 로스터리 카페입니다. 내부에 자리한 통유리 로스팅룸과 현대 미술 작가들과의 협업으로 꾸며진 갤러리 같은 공간은 블랙 & 그레이 톤의 세련된 인테리어와 어우러져 특별한 분위기를 자아냅니다. 넓은 테이블부터 소규모 좌석까지 다양하게 마련되어 있어 혼자 방문하거나 미팅, 작업 등 어떤 목적에도 적합하며, 매력적인 야외 테라스는 도심 속에서 커피를 즐기기에 안성맞춤입니다."
blueribbon,Within Coffee,서울특별시 송파구 가락로17길 4-9,Seoul,South Korea,RIBBON_ONE,"카페/커피/티, 커피전문점",,0507-1374-3075,,2026,,37.5027670147241,127.110766419496,2026-02-17T22:29:33.775718+00:00,,,,위딘커피,서울특별시 송파구 가락로17길 4-9,"Escape the city's hustle and bustle at Within Coffee, a serene haven inspired by Nordic design. This minimalist space offers a tranquil retreat, perfect for moments of quiet reflection. Their meticulous approach to coffee shines through, with the Aeropress filter coffee (에어로프레스 필터커피) delivering a remarkably clear and vibrant flavor, while the cappuccino (카푸치노) boasts a velvety smooth foam that feels like a warm embrace. It's a place where the craft of coffee meets a calming atmosphere, offering a true pause in your day.

Within Coffee is more than just a cafe; it's an experience designed to bring comfort and a sense of calm, especially on a dreary day. The dedication to quality in every cup, from the precise Aeropress extraction to the perfectly frothed milk, builds a deep sense of trust and relaxation. It's the ideal spot to focus on the pure essence of coffee and the understated beauty of the space, making it a valuable choice for a peaceful interlude.","북유럽 디자인에서 영감을 받은 고요한 안식처, 위딘커피에서 도시의 번잡함에서 벗어나 보세요. 이곳은 미니멀한 공간으로 조용한 성찰의 순간을 위한 평온한 휴식처를 제공합니다. 커피에 대한 세심한 접근 방식은 에어로프레스 필터커피(에어로프레스 필터커피)에서 놀랍도록 맑고 생생한 풍미를 선사하며, 카푸치노(카푸치노)는 따뜻한 포옹처럼 느껴지는 벨벳처럼 부드러운 거품을 자랑합니다. 커피의 기술과 차분한 분위기가 조화를 이루는 이곳은 당신의 하루에 진정한 쉼표를 선사합니다.

위딘커피는 단순한 카페 그 이상입니다. 특히 흐린 날에 편안함과 평온함을 선사하도록 설계된 경험입니다. 에어로프레스 추출의 정밀함부터 완벽하게 거품을 낸 우유까지, 모든 잔에 담긴 품질에 대한 헌신은 깊은 신뢰와 휴식을 선사합니다. 커피의 순수한 본질과 공간의 절제된 아름다움에 집중하기에 이상적인 장소이며, 평화로운 휴식을 위한 가치 있는 선택이 될 것입니다."
blueribbon,February Roasters,서울특별시 송파구 백제고분로45길 14,Seoul,South Korea,RIBBON_ONE,"카페/커피/티, 커피전문점",,070-8839-1004,,2026,,37.5096796932223,127.11000582851,2026-02-17T22:29:33.775718+00:00,,,,이월로스터스 ,서울특별시 송파구 백제고분로45길 14,"February Roasters, a multi-year Blue Ribbon recipient, offers a comfortable, medium-sized space perfect for a midday break. While known for its sweet signature coffee drinks, the ""4월 크림라떼"" (April Cream Latte) offers a pleasant, milky sweetness with a subtle coffee undertone, though the cheese cream flavor is mild. It's a reliable spot for a straightforward coffee experience in the Songridan-gil area.","February Roasters는 여러 해 연속 블루리본을 받은 곳으로, 편안하고 중간 규모의 공간은 한낮의 휴식에 완벽합니다. 달콤한 시그니처 커피 음료로 유명하지만, ""4월 크림라떼""는 은은한 커피 풍미와 함께 기분 좋은 우유의 달콤함을 선사합니다. 다만 치즈 크림의 맛은 강하지 않습니다. 송리단길 지역에서 무난한 커피 경험을 즐길 수 있는 믿음직한 장소입니다."
blueribbon,VAULT82,서울특별시 강남구 압구정로72길 22,Seoul,South Korea,RIBBON_ONE,"바, 기타, 스테이크",,02-544-9235,,2026,,37.52497,127.045,2026-02-17T22:29:33.775718+00:00,,,,볼트스테이크하우스,서울특별시 강남구 압구정로72길 22,"VAULT82 in Cheongdam offers a cinematic and romantic ambiance, making it a perfect spot for year-end celebrations and dates. The restaurant boasts a visually stunning exterior, especially during the holiday season, and an interior filled with festive decorations and comfortable seating. Guests can enjoy a diverse menu featuring starters like abalone risotto (전복 리조또) and main courses such as beef steak (비프 스테이크), complemented by an extensive selection of wines and signature cocktails.

The true magic of VAULT82 unfolds in its B1 cocktail bar, a classic and intimate space that has even been featured on the reality show 'Transit Love 3'. This hidden gem offers a unique experience with creative cocktails, including the intriguing Crispy Bacon (크리스피 베이컨) cocktail, prepared with impressive ice carving and a touch of flair. The plush seating and sophisticated atmosphere make it an ideal destination for those seeking a memorable night out with expertly crafted drinks and a chic vibe.","청담의 VAULT82는 영화 같은 로맨틱한 분위기를 선사하며 연말 모임과 데이트 장소로 완벽합니다. 특히 연말 시즌에는 시선을 사로잡는 외관과 축제 분위기로 가득한 실내 장식, 편안한 좌석이 특징입니다. 전복 리조또(전복 리조또)와 같은 애피타이저부터 비프 스테이크(비프 스테이크)와 같은 메인 요리까지 다양한 메뉴를 맛볼 수 있으며, 엄선된 와인과 시그니처 칵테일도 즐길 수 있습니다.

VAULT82의 진정한 매력은 '환승연애 3'에도 소개된 클래식하고 아늑한 공간인 B1 칵테일 바에서 빛을 발합니다. 이 숨겨진 보석은 인상적인 아이스 카빙과 섬세한 손길로 준비되는 흥미로운 크리스피 베이컨(크리스피 베이컨) 칵테일을 포함한 창의적인 칵테일로 특별한 경험을 선사합니다. 푹신한 좌석과 세련된 분위기는 훌륭한 칵테일과 시크한 분위기 속에서 잊지 못할 밤을 보내고 싶은 분들에게 이상적인 장소입니다."
blueribbon,가네끼스시,서울특별시 동작구 보라매로5가길 16,Seoul,South Korea,RIBBON_ONE,"일식, 스시",,02-831-3472 ,,2026,,37.491243,126.924082,2026-02-17T22:29:33.775718+00:00,,,,가네끼스시,서울특별시 동작구 보라매로5가길 16,"This long-standing sushi institution, now under the helm of Chef Park Jun-ho, is a must-visit, even filling up on the eve of a major holiday. The omakase experience here is truly exceptional, with generous portions and surprising ingredients like a remarkably large abalone (무시아와비) that sets a high bar from the start. The natural flatfish (광어) sashimi, lightly aged to perfection, and the crispy fried oxtail (옥돔 가라아게) are standout dishes that showcase the kitchen's skill. The inclusion of seasonal hairy crab (세이코가니) with two types of dipping sauces, and the perfectly grilled black cod (은대구 구이), further elevate the value and quality of the meal.","명절 전날임에도 만석을 기록하는 가네끼스시는 박준호 셰프의 지휘 아래 특별한 경험을 선사하는 곳입니다. 시작부터 남다른 사이즈의 전복(무시아와비)을 비롯해, 최적의 숙성 상태를 자랑하는 자연산 광어(광어) 사시미와 바삭한 옥돔 가라아게(옥돔 가라아게)는 주방의 실력을 유감없이 보여줍니다. 제철 맞은 세이코가니(세이코가니)와 두 가지 소스, 그리고 완벽하게 구워낸 은대구(은대구 구이)는 이 가격대에서 기대 이상의 퀄리티와 가치를 더합니다."
blueribbon,진지아,서울특별시 송파구 백제고분로41길 12-9,Seoul,South Korea,RIBBON_ONE,"중식, 마라탕, 사천식중식",,02-418-5354,,2026,,37.50757900481695,127.1082467397109,2026-02-17T22:29:33.775718+00:00,,,,진지아,서울특별시 송파구 백제고분로41길 12-9,"Step into Jinjia (진지아), an elegant Chinese restaurant helmed by the acclaimed Chef Choi Hyunjin. The ambiance is sophisticated and antique, creating a memorable dining experience that draws patrons from afar. It's a place where culinary artistry is on full display, evident from the numerous accolades adorning the establishment. 

The star of the show is undoubtedly the Mala Gopchang Jeongol (마라 곱창 전골), a rich and deeply flavorful stew that masterfully blends the spicy kick of mala with the savory depth of traditional 곱창 전골. Other highlights include refreshing shrimp dishes with cucumber and crispy fried items, making Jinjia a must-visit for those seeking an elevated Chinese home-style meal.","유명 셰프 최형진이 이끄는 우아한 중식당 진지아에 들어서면, 고풍스럽고 세련된 분위기가 멀리서도 손님을 끌어들이는 특별한 식사 경험을 선사합니다. 이곳은 수많은 수상 경력이 증명하듯, 요리 예술의 정수가 곳곳에 녹아 있는 곳입니다.

단연 돋보이는 메뉴는 마라 곱창 전골로, 매콤한 마라의 맛과 전통 곱창 전골의 깊은 풍미가 절묘하게 조화를 이룬 풍부하고 진한 스튜입니다. 상큼한 오이 새우 요리와 바삭한 튀김 요리 또한 인상적이어서, 진지아는 격조 높은 중식 가정식을 맛보고 싶은 분들에게 꼭 방문해야 할 곳입니다."
blueribbon,Jean Boulangerie,서울특별시 관악구 낙성대역길 8,Seoul,South Korea,RIBBON_ONE,베이커리,,02-889-5170 ,,2026,,37.47720087747186,126.9619863012828,2026-02-17T22:29:33.775718+00:00,,,,쟝블랑제리,서울특별시 관악구 낙성대역길 8,"Jean Boulangerie is a charming bakery offering a delightful array of French pastries and local specialties. From the classic baguette tradition to innovative 'MZ' breads like cruffins, there's something for every palate. Don't miss their signature Niçoise specialties, including the round bread 'banya' (빵바냐) and the onion and olive flatbread 'pissaladière' (피살라디에르). For those with a sweet tooth, the Paris-Brest éclair (파리 브레스트 에클레어) is a must-try, featuring a light hazelnut cream and a surprising chocolate crunch.

This bakery is a treasure trove of baked goods, perfect for a quick breakfast, a satisfying lunch with their quiches and sandwiches, or a sweet afternoon treat. They also offer regional delights like the Tropezienne (트로페지엠), a cream-filled brioche, and the Tourte aux blettes (근대 파이), a traditional Niçoise tart. With its wide selection and delicious offerings, Jean Boulangerie promises a truly authentic French baking experience.","장 블랑제리는 프랑스 페이스트리와 현지 특선 요리를 다양하게 선보이는 매력적인 빵집입니다. 클래식한 바게트 트라디시옹부터 크러핀과 같은 혁신적인 'MZ' 빵까지, 모든 입맛을 만족시킬 수 있는 메뉴가 준비되어 있습니다. 특히 니스 명물인 둥근 빵 '빵바냐'와 양파, 올리브를 얹은 플랫브레드 '피살라디에르'는 꼭 맛보셔야 합니다. 달콤한 것을 좋아하신다면, 가벼운 헤이즐넛 크림과 놀라운 초콜릿 크런치가 들어간 시그니처 메뉴인 파리-브레스트 에클레어(파리 브레스트 에클레어)를 놓치지 마세요.

이 빵집은 퀵 브렉퍼스트, 키슈와 샌드위치로 든든한 점심, 또는 달콤한 오후 간식으로 완벽한 베이커리 천국입니다. 또한 크림을 채운 브리오슈인 트로페지엠(트로페지엠)과 전통적인 니스 타르트인 근대 파이(근대 파이)와 같은 지역 특선 요리도 제공합니다. 다양한 선택과 맛있는 메뉴로 장 블랑제리는 진정한 프랑스 베이킹 경험을 약속합니다."
blueribbon,Charmandre,서울특별시 송파구 오금로16길 4-15,Seoul,South Korea,RIBBON_ONE,"유럽식, 영국식",,02-422-0812,,2026,,37.5112193646564,127.108309794125,2026-02-17T22:29:33.775718+00:00,,,,차만다,서울특별시 송파구 오금로16길 4-15,"Charmandre in Songridan-gil offers a delightful escape into British cuisine, challenging any preconceived notions about its flavors. The star of the show is the Beef Wellington (비프웰링턴), a beautifully presented traditional British steak featuring tender beef tenderloin wrapped in mushroom duxelles and prosciutto, encased in flaky pastry. It's a dish that impresses with its visual appeal and harmonious blend of textures and tastes, especially when paired with the accompanying vegetables. For those seeking a lighter yet equally satisfying option, the Mediterranean Vongole Pasta (지중해식 봉골레 파스타) provides a perfectly balanced, slightly spicy counterpoint to the richness of the Wellington, boasting fresh seafood.","송리단길에 위치한 차만다는 영국 요리에 대한 편견을 깨는 즐거운 경험을 선사합니다. 이곳의 하이라이트는 단연 비프웰링턴(Beef Wellington)으로, 부드러운 소안심을 버섯 듀셀과 하몽으로 감싸 페이스트리로 구워낸 영국 전통 스테이크입니다. 아름다운 비주얼과 함께 훌륭한 식감과 풍미의 조화를 자랑하며, 곁들여 나오는 채소와 함께 즐기면 더욱 풍성한 맛을 느낄 수 있습니다. 좀 더 가볍지만 만족스러운 메뉴를 찾는다면, 지중해식 봉골레 파스타(Mediterranean Vongole Pasta)가 훌륭한 선택이 될 것입니다. 신선한 해산물이 듬뿍 들어간 이 파스타는 비프웰링턴의 풍부함과 균형을 이루는 매콤한 맛으로 느끼함 없이 완벽한 조화를 이룹니다."
blueribbon,chick peace,서울특별시 강남구 강남대로152길 69,Seoul,South Korea,RIBBON_ONE,"베이커리, 샌드위치, 미국식, 유럽식, 지중해식",,02-6956-6780,,2026,,37.51912282497437,127.02473222317606,2026-02-17T22:29:33.775718+00:00,,,,칙피스 ,서울특별시 강남구 강남대로152길 69,"Chick Peace in Seongsu offers a delightful Mediterranean and Middle Eastern-inspired dining experience, focusing on healthy and delicious options. This popular salad spot features an extensive self-serve 'mezze' (메제) bar, allowing you to customize your meal with a wide variety of toppings like falafel (팔라펠), hummus (허무스), and red cabbage slaw (레드 캐비지 슬로우). The spacious and clean interior provides a comfortable atmosphere for enjoying your personalized creations, with options ranging from hot dishes to vibrant salads and pita bowls.","칙피스 성수는 건강하고 맛있는 지중해 및 중동식 메뉴를 선보이는 매력적인 다이닝 공간입니다. 이 인기 샐러드 맛집은 팔라펠(falafel), 허무스(hummus), 레드 캐비지 슬로우(red cabbage slaw) 등 다양한 토핑을 취향에 맞게 즐길 수 있는 푸짐한 셀프바 '메제'(mezze)를 자랑합니다. 넓고 깔끔한 내부는 핫디쉬부터 신선한 샐러드, 피타볼까지 다양한 메뉴를 편안한 분위기에서 즐길 수 있도록 합니다."
blueribbon,El Tapeo,서울특별시 관악구 봉천로 580,Seoul,South Korea,RIBBON_ONE,스페인식,,02-882-8835 ,,2026,,37.476844,126.961775,2026-02-17T22:29:33.775718+00:00,,,,엘따뻬오,서울특별시 관악구 봉천로 580,"Step into El Tapeo and be transported to Spain with its vibrant decor and Spanish tunes. Located near Seoul National University, this spot offers an authentic taste of Spain, perfect for a casual lunch or a night out. Dive into classic Spanish dishes like paella (빠에야), jamón (하몬), and a variety of tapas (따빠스).

The signature dish, 'Casuela Patatas al Lo Pobre' (까수엘라 빠따따스 알 로 뽀브레), is a must-try. This hearty tapa features tender jamón, potatoes, and a fried egg, creating a delightful harmony of savory and rich flavors. It's the perfect introduction to Spanish cuisine for newcomers and a delightful reminder of Spain for those who have visited.","엘 따뻬오에 들어서면 활기찬 장식과 스페인 음악이 여러분을 스페인으로 안내할 것입니다. 서울대학교 근처에 위치한 이곳은 캐주얼한 점심 식사나 저녁 외출에 완벽한 정통 스페인 요리를 제공합니다. 빠에야(paella), 하몬(jamón), 그리고 다양한 따빠스(tapas)와 같은 클래식 스페인 요리를 맛보세요.

시그니처 메뉴인 '까수엘라 빠따따스 알 로 뽀브레(Casuela Patatas al Lo Pobre)'는 꼭 맛봐야 할 요리입니다. 이 푸짐한 따빠스는 부드러운 하몬, 감자, 그리고 계란 프라이가 어우러져 풍미 가득한 맛의 조화를 이룹니다. 스페인 요리를 처음 접하는 분들에게는 완벽한 입문이며, 스페인을 방문했던 분들에게는 즐거운 추억을 떠올리게 할 것입니다."
blueribbon,bistro MOHING,서울특별시 관악구 남부순환로226길 36,Seoul,South Korea,RIBBON_ONE,이탈리아식,,02-873-5164,,2026,,37.479028,126.953504,2026-02-17T22:29:33.775718+00:00,,,,모힝,서울특별시 관악구 남부순환로226길 36,"Bistro MOHING, conveniently located a short walk from Nakseongdae Station, offers a sophisticated ambiance perfect for dates or special occasions. With its elegant chandeliers, soft lighting, and spacious seating, including private rooms, it’s an ideal spot for year-end parties and gatherings. The restaurant also provides thoughtful amenities like a coat check and clean restrooms, making for a comfortable dining experience for families and groups alike.","낙성대역에서 도보로 가까운 거리에 위치한 비스트로 모힝은 데이트나 특별한 날을 위한 세련된 분위기를 선사합니다. 화려한 샹들리에와 은은한 조명, 그리고 단체석을 포함한 넓은 좌석은 연말 파티나 모임 장소로 안성맞춤입니다. 외투 보관 공간과 깔끔한 화장실 등 세심한 편의 시설은 가족 단위 방문객이나 단체 모임에도 편안한 식사 경험을 제공합니다."
blueribbon,스시욘즈,서울특별시 강남구 삼성로96길 11,Seoul,South Korea,RIBBON_ONE,"일식, 스시",,010-5225-6210,,2026,,37.5089551867803,127.056808306719,2026-02-17T22:29:33.775718+00:00,,,,스시욘즈,서울특별시 강남구 삼성로96길 11,"Sushi Yonzu offers an intimate and upscale dining experience, reminiscent of traditional Japanese kaiseki. The lunch omakase, priced at a reasonable 69,000 KRW, provides a generous 18 pieces of sushi. Guests praise the chef's attentive service and the pleasant pacing of the meal, making it an enjoyable culinary journey. The menu features a variety of fresh seafood, with the squid sushi (한치스시) infused with yuzu being a particular standout, celebrated for its unique texture and aroma.","스시욘즈는 아담하면서도 고급스러운 분위기에서 정통 가이세키를 연상케 하는 식사를 즐길 수 있는 곳입니다. 합리적인 가격(69,000원)의 런치 오마카세는 무려 18가지의 스시를 제공합니다. 셰프님의 세심한 서비스와 적절한 식사 템포는 즐거운 미식 경험을 선사하며, 특히 유자향이 나는 한치 스시(한치스시)는 독특한 식감과 향으로 많은 이들에게 깊은 인상을 남깁니다."
blueribbon,Sushi Ai,서울특별시 영등포구 국회대로76길 18,Seoul,South Korea,RIBBON_ONE,"일식, 스시",,0507-1417-0136,,2026,,37.52994,126.922215,2026-02-17T22:29:33.775718+00:00,,,,스시아이,서울특별시 영등포구 국회대로76길 18,,
blueribbon,김수사,서울특별시 강남구 도산대로12길 7,Seoul,South Korea,RIBBON_ONE,"일식, 스시",,02-542-5235,,2026,,37.5172302884873,127.023751904221,2026-02-17T22:29:33.775718+00:00,,,,김수사,서울특별시 강남구 도산대로12길 7,"Step into Kim Susa (김수사), a beloved sushi institution in Gangnam that has been serving up traditional Japanese cuisine for generations since 1986. The vibe here is classic and cozy, with a lively counter seating area where you can watch the chefs at work. Don't miss their signature welcome snack: crispy, savory house-made potato chips that perfectly whet your appetite before diving into their omakase (오마카세) courses.

Kim Susa offers a fantastic value, with lunch and dinner omakase sets featuring a variety of fresh, high-quality sushi and sashimi. From delicate white fish to rich tuna, each piece is expertly prepared. The menu also includes tempting options like sea urchin porridge (전복내장죽) and various maki rolls, ensuring a satisfying and authentic Japanese dining experience that honors tradition while remaining accessible.","강남에서 1986년부터 대를 이어온 전통 일식 스시 맛집, 김수사를 만나보세요. 클래식하고 아늑한 분위기 속에서 셰프들의 활기찬 손놀림을 직접 볼 수 있는 다찌석이 매력적입니다. 식사 전 입맛을 돋우는 시그니처 수제 감자칩은 꼭 맛봐야 할 별미입니다.

김수사는 합리적인 가격으로 신선하고 질 좋은 스시와 사시미를 맛볼 수 있는 오마카세 코스를 제공합니다. 담백한 흰살 생선부터 풍부한 맛의 참치까지, 모든 요리는 정성껏 준비됩니다. 전복내장죽과 다양한 마끼 등도 준비되어 있어, 전통을 존중하면서도 부담 없이 즐길 수 있는 정통 일식 경험을 선사합니다."
blueribbon,Sushi Go,서울특별시 서초구 사평대로22길 15,Seoul,South Korea,RIBBON_ONE,"일식, 스시",,02-595-4700 ,,2026,,37.49889,126.9979,2026-02-17T22:29:33.775718+00:00,,,,스시고,서울특별시 서초구 사평대로22길 15,"Located conveniently within Tokyo Station, Sushi-Go-Round Kantaro offers a lively and bustling atmosphere, perfect for refueling after a day of exploring. While it's known as a conveyor belt sushi spot, the reality is a modern system where fresh sushi is made to order right in front of you. Expect a diverse menu featuring various tuna cuts, seafood like herring (nishin, ニシン), and even fried options like chicken karaage (唐揚げ). It's a popular choice, so be prepared for a potential wait, especially during peak hours.","도쿄역 내부에 편리하게 위치한 스시 고 라운드 칸타로는 탐험으로 하루를 보낸 후 재충전하기에 완벽한 활기차고 분주한 분위기를 제공합니다. 회전초밥집으로 알려져 있지만, 실제로는 신선한 초밥이 바로 앞에서 주문 즉시 만들어지는 현대적인 시스템입니다. 다양한 참치 부위, 청어(nishin, ニシン)와 같은 해산물, 닭고기 가라아게(唐揚げ)와 같은 튀김 요리 등 다양한 메뉴를 기대할 수 있습니다. 인기 있는 곳이므로 특히 피크 시간에는 대기 시간이 있을 수 있습니다."
blueribbon,BORNYON,서울특별시 강남구 논현로 742,Seoul,South Korea,RIBBON_ONE,"한식(일반한식), 모던한식",,0507-1434-0923,,2026,,37.5182839563241,127.029223038718,2026-02-17T22:29:33.775718+00:00,,,,본연,서울특별시 강남구 논현로 742,"Step into BORNYON, a stunning Korean wood-fired restaurant that offers a feast for the eyes as much as the palate. Housed in a former wedding hall, the expansive space boasts elegant decor, luxurious furnishings, and an incredible, panoramic terrace with breathtaking city views. The ambiance is sophisticated and chic, making it an ideal spot for special gatherings. While the terrace offers a minimum spend, the spacious interior and private rooms provide equally impressive settings for an elevated dining experience.

BORNYON's menu features creative Korean cuisine with a focus on wood-fired flavors. Guests can opt for exquisite tasting courses or à la carte dishes. Standout items include the unique fermented pear dressing with sea snail and the flavorful black barley risotto with bamboo shoots and shiitake mushrooms, a dish lauded as the most delicious by many. The restaurant's commitment to quality ingredients and artistic presentation ensures a memorable culinary journey.","눈과 입이 모두 즐거운 한국식 우드파이어 레스토랑, 본연에 오신 것을 환영합니다. 이전 웨딩홀을 개조한 이곳은 고급스러운 가구와 예술 작품으로 꾸며져 있으며, 숨 막힐 듯 아름다운 도시 전망을 자랑하는 환상적인 테라스가 있습니다. 세련되고 우아한 분위기는 특별한 모임을 위한 완벽한 장소입니다. 테라스는 최소 주문 금액이 있지만, 넓은 실내 공간과 프라이빗 룸 역시 멋진 식사 경험을 선사합니다.

본연은 우드파이어의 풍미를 살린 창의적인 한식 요리를 선보입니다. 섬세한 테이스팅 코스나 단품 요리를 선택할 수 있습니다. 제철 참소라와 막걸리에 발효한 참외 드레싱, 그리고 흑보리 리조또와 죽순 튀김 요리는 많은 이들에게 최고의 메뉴로 꼽힙니다. 최상급 재료와 예술적인 플레이팅에 대한 본연의 노력은 잊을 수 없는 미식 경험을 선사할 것입니다."
blueribbon,면서울by윤,서울특별시 강남구 선릉로 805,Seoul,South Korea,RIBBON_ONE,"한식(면류), 국수",,0507-1449-8878,,2026,,37.5241263043193,127.038982210697,2026-02-17T22:29:33.775718+00:00,,,,면서울by윤,서울특별시 강남구 선릉로 805,"면서울 (Myeonsseoul) offers a refined yet casual Korean dining experience, perfect for both solo diners and small groups. The interior blends modern aesthetics with warm wood tones, creating an inviting atmosphere. This establishment, an offshoot of the Michelin-starred Yoonseoul, prides itself on its house-made noodles, crafted from organic Turkish whole wheat and roasted beans, and premium ingredients like locally sourced perilla oil and aged traditional doenjang (된장).

The signature dishes showcase meticulous attention to detail. The Hanwoo Onsu-yuk (한우 온수육), thinly sliced boiled Korean beef, is exceptionally tender and flavorful, served warm on a mini brazier. The Hanwoo Chanmyeon (한우 찬면) is a standout noodle dish with a broth that is subtly savory and rich with beef essence, reminiscent of a high-quality Pyeongyang-style naengmyeon (평양냉면).","면서울은 혼밥족부터 소규모 모임까지 모두에게 적합한 세련되면서도 캐주얼한 한식 다이닝 경험을 선사합니다. 모던한 인테리어와 따뜻한 우드 톤이 조화를 이루며 아늑한 분위기를 자아냅니다. 미쉐린 스타 윤서울의 분점으로, 유기농 터키산 통밀과 볶은 콩으로 직접 만든 면과 지역 특산 들기름, 숙성된 전통 된장 등 최고급 재료를 사용합니다.

시그니처 메뉴는 세심한 정성을 보여줍니다. 얇게 썬 삶은 한우를 미니 화로에 제공하는 한우 온수육은 매우 부드럽고 풍미가 뛰어나며, 한우 찬면은 슴슴하면서도 깊은 육향이 느껴지는 육수가 특징으로, 평양냉면을 좋아하는 분들에게 특히 추천할 만한 만한 면 요리입니다."
blueribbon,달리아다이닝,서울특별시 강남구 도산대로45길 14,Seoul,South Korea,RIBBON_ONE,"기타, 비건",,070-4482-0102,,2026,,37.5232258722082,127.035755766179,2026-02-17T22:29:33.775718+00:00,,,,달리아다이닝,서울특별시 강남구 도산대로45길 14,"Nestled in the trendy Cheongdam area, Dalia Dining offers a sophisticated vegan dining experience curated by Chef Choi Hyun-seok. The restaurant boasts a chic, modern interior, making it a popular spot for both intimate gatherings and romantic dates. Even non-vegans rave about the delicious, plant-based creations, highlighting the restaurant's ability to impress a wide range of palates.","트렌디한 청담 지역에 자리한 달리아다이닝은 최현석 셰프가 선보이는 세련된 비건 다이닝 경험을 선사합니다. 감각적이고 모던한 인테리어는 친밀한 모임과 로맨틱한 데이트 모두에 인기가 많습니다. 비건이 아닌 손님들도 맛있는 식물성 요리에 감탄하며, 이곳이 다양한 미식가들을 만족시키는 비결임을 보여줍니다."
blueribbon,우주옥,서울특별시 강남구 도산대로70길 9,Seoul,South Korea,RIBBON_ONE,"한식(면류), 평양냉면",,070-4168-4812 ,,2026,,37.5230539498747,127.045246821503,2026-02-17T22:29:33.775718+00:00,,,,우주옥,서울특별시 강남구 도산대로70길 9,"Emerging as a top contender in the Pyongyang naengmyeon (평양냉면) scene, WOOJUOK has expanded from its popular Mapo location to the upscale district of Cheongdam in Gangnam. The restaurant spans three floors, offering a modern dining experience with a focus on its signature cold noodle dishes. While the space isn't vast, it's efficiently utilized, featuring counter seating perfect for solo diners and a sleek ordering system via kiosks.","평양냉면의 새로운 강자로 떠오른 우주옥은 마포의 인기 명성을 이어받아 강남 청담동에 진출했습니다. 3개 층에 걸쳐 현대적인 다이닝 경험을 제공하며, 시그니처 냉면 메뉴에 집중하고 있습니다. 공간은 넓지 않지만 효율적으로 활용되며, 혼밥족에게 완벽한 카운터 좌석과 키오스크를 통한 세련된 주문 시스템을 갖추고 있습니다."
blueribbon,송하정스시,서울특별시 강동구 상일로 39-8,Seoul,South Korea,RIBBON_ONE,"일식, 스시",,0507-1407-9482,,2026,,37.550696993229145,127.17224337890242,2026-02-17T22:29:33.775718+00:00,,,,송하정스시,서울특별시 강동구 상일로 39-8,"Songhajung Sushi offers a high-quality sushi omakase experience at an accessible price point. This intimate, eight-seat counter is run by a solo chef and operates strictly by reservation. Diners can expect a thoughtful progression of dishes, starting with a delicate chawanmushi (차완무시) and a refreshing tomato salad, followed by seasonal delights like yellowtail (방어) and smoky grilled mackerel (삼치). The highlight is the expertly prepared sushi, featuring firm sea bream (참돔) and a flavorful tuna akami zuke (아카미 즈케) with a pleasant acidity, all complemented by perfectly seasoned rice.",송하정 스시는 합리적인 가격으로 높은 완성도의 스시 오마카세를 경험할 수 있는 곳입니다. 1인 셰프가 운영하는 8석 규모의 아담한 카운터석은 100% 예약제로 운영됩니다. 부드러운 차완무시(차완무시)와 상큼한 토마토 샐러드로 시작하여 제철 방어(방어)와 훈연 향이 살아있는 삼치(삼치) 등 다채로운 츠마미를 맛볼 수 있습니다. 특히 숙성된 참돔(참돔)과 산미가 좋은 참치 아카미 즈케(아카미 즈케)는 훌륭한 초밥과 조화를 이루며 깊은 인상을 남깁니다.
blueribbon,려,서울특별시 관악구 봉천로 456,Seoul,South Korea,RIBBON_ONE,"일식, 스시",,0507-1416-1436,,2026,,37.4821054065899,126.950487720839,2026-02-17T22:29:33.775718+00:00,,,,려,서울특별시 관악구 봉천로 456,"Nestled in a cozy, wood-toned interior, Sushi Ryeo Premium offers a serene dining experience perfect for special occasions. The omakase journey begins with delightful surprises like the chawanmushi (차완무시) with pumpkin and a rich abalone barley risotto, setting a high bar for the exquisite sushi to follow. Each piece is meticulously prepared, showcasing premium ingredients and thoughtful flavor combinations, making it a memorable culinary adventure.","아늑하고 우드톤 인테리어가 돋보이는 스시 려 프리미엄은 특별한 날에 어울리는 차분한 다이닝 경험을 선사합니다. 단호박이 들어간 차완무시(차완무시)와 진한 전복 보리 리조또 같은 즐거운 놀라움으로 시작되는 오마카세 여정은 이어지는 훌륭한 스시를 위한 높은 기준을 설정합니다. 모든 스시는 세심하게 준비되어 고급 재료와 사려 깊은 맛의 조합을 선보이며, 기억에 남는 미식 모험을 선사합니다."
blueribbon,MUTAN,서울특별시 강남구 논현로176길 22,Seoul,South Korea,RIBBON_ONE,"중식, 일반중식",,02-549-9339 ,,2026,,37.5272989341349,127.030310574565,2026-02-17T22:29:33.775718+00:00,,,,무탄,서울특별시 강남구 논현로176길 22,"MUTAN is a stylish Chinese dining spot near Apgujeong Station, perfect for year-end gatherings and company dinners. Its sleek interior, featuring a bright and sophisticated atmosphere, can accommodate various group sizes with private rooms available. The menu is impressively diverse, offering creative takes on classic Chinese dishes and seasonal specials, making it a popular choice among celebrities and food enthusiasts alike.","압구정역 근처에 위치한 세련된 중식 다이닝 MUTAN은 연말 모임과 회식 장소로 제격입니다. 밝고 고급스러운 분위기의 인테리어는 다양한 규모의 모임을 수용할 수 있으며, 프라이빗 룸도 마련되어 있습니다. 메뉴는 클래식 중식 요리에 창의적인 변주를 더한 요리와 계절 특선 메뉴까지 다양하게 준비되어 있어, 유명인과 미식가들 사이에서 인기가 많습니다."
blueribbon,TRATTORIA SAM KIM,서울특별시 강남구 도산대로49길 10-3,Seoul,South Korea,RIBBON_ONE,이탈리아식,,02-511-3334,,2026,,37.5238090344097,127.037677142475,2026-02-17T22:29:33.775718+00:00,,,,뜨라또리아샘킴,서울특별시 강남구 도산대로49길 10-3,"Step into Trattoria Samkim, a culinary haven inspired by the renowned Chef Sam Kim. The ambiance buzzes with an intimate energy, especially if you snag a seat at the bar, offering a captivating view of the chefs at work. From delicate amuse-bouches like the standout cod (대구) to the surprisingly delightful beet dish, each plate is a work of art. Don't miss the tender octopus (문어) or the fragrant shrimp risotto (딱새우 리조또), showcasing a masterful blend of textures and flavors.","유명한 샘 킴 셰프의 영감을 받은 요리의 안식처, 뜨라또리아 샘킴에 오신 것을 환영합니다. 특히 바 좌석을 잡으면 셰프들의 움직임을 가까이에서 볼 수 있어 더욱 매력적인 분위기를 느낄 수 있습니다. 눈길을 사로잡는 코다리(대구)와 같은 섬세한 아뮤즈 부쉬부터 놀랍도록 맛있는 비트 요리까지, 모든 접시는 예술 작품입니다. 부드러운 문어(문어)나 향긋한 새우 리조또(딱새우 리조또)도 놓치지 마세요. 질감과 풍미의 완벽한 조화를 보여줍니다."
blueribbon,CROWN PIG,서울특별시 강남구 강남대로156길 17-1,Seoul,South Korea,RIBBON_ONE,"한식(육류), 돼지고기구이",,02-512-5700,,2026,,37.51852177044802,127.0204697549354,2026-02-17T22:29:33.775718+00:00,,,,크라운돼지,서울특별시 강남구 강남대로156길 17-1,"Crown Pig, helmed by Chef Song Hoon, offers a premium pork experience with their signature 'Nan-chuk-mat-don' (난축맛돈), a crossbreed of Jeju black pork and Landrace. The star of the show is the 'Don-ma-ho-keu' (돈마호크), a unique cut of sirloin that's smoked in a dramatic tableside presentation. This trendy performance adds a layer of smoky aroma to the already impeccably clean-tasting pork, showcasing the chef's philosophy of delivering the best possible meat.","송훈 셰프가 운영하는 크라운돼지는 제주 흑돼지와 랜드레이스를 교배한 시그니처 품종 '난축맛돈'을 선보입니다. 특히 토마호크가 아닌 '돈마호크'라 불리는 등심 부위는 테이블에서 펼쳐지는 스모크 박스 퍼포먼스로 특별함을 더합니다. 이 트렌디한 퍼포먼스는 잡내 없이 깔끔한 맛의 돼지고기에 훈연 향을 입혀, 최고의 고기를 제공하려는 셰프의 철학을 보여줍니다."
blueribbon,멘야미코,서울특별시 강남구 삼성로 642,Seoul,South Korea,RIBBON_ONE,"일식, 일식우동, 일식덮밥",,02-511-1227,,2026,,37.517356,127.051313,2026-02-17T22:29:33.775718+00:00,,,,멘야미코,서울특별시 강남구 삼성로 642,"This popular spot, featured on ""Black & White Chef 2,"" is a must-visit before its TV appearance causes even longer waits. Located just a three-minute walk from Cheongdam Station, it's advisable to arrive early, especially on weekends, as tables fill up quickly. While the space is cozy, with around ten 2-person tables, the lively atmosphere means diners are happy to share tables. Be sure to pre-order your dishes as popular items like the Rosé Donkatsu (로제돈카츠) and cold soba sell out fast, even by opening time.","인기 예능 ""흑백요리사2""에 소개된 멘야미코는 방송 전에 방문해야 긴 웨이팅을 피할 수 있는 핫플레이스입니다. 청담역에서 도보 3분 거리에 위치하며, 특히 주말에는 테이블이 금방 차기 때문에 일찍 도착하는 것이 좋습니다. 약 10개의 2인석으로 아담한 공간이지만, 활기찬 분위기 덕분에 합석도 흔하게 이루어집니다. 로제 돈카츠(로제돈카츠)와 냉소바 같은 인기 메뉴는 오픈 시간에도 품절될 수 있으니 미리 주문하는 것을 추천합니다."
blueribbon,JOWU,서울특별시 강남구 논현로 831,Seoul,South Korea,RIBBON_ONE,"한식(육류), 소고기구이, 한우오마카세",,02-547-5800,,2026,,37.5225808095194,127.027855578503,2026-02-17T22:29:33.775718+00:00,,,,조우,서울특별시 강남구 논현로 831,,
blueribbon,CHUNGDAM NINE,서울특별시 강남구 삼성로 634,Seoul,South Korea,RIBBON_ONE,"프랑스식, 프렌치비스트로, 바, 재즈바",,02-2002-9800,,2026,,37.5166377998582,127.051864456444,2026-02-17T22:29:33.775718+00:00,,,,청담나인,서울특별시 강남구 삼성로 634,"Chungdam Nine offers a sophisticated ambiance perfect for special occasions, with high ceilings creating an open and airy feel. The venue is renowned for its live jazz performances, providing a captivating soundtrack to your evening. Guests can enjoy a unique photo review event, where tagging the restaurant on social media earns a complimentary mini-dish, adding a fun, interactive element to the dining experience.","청담나인은 높은 천장고 덕분에 탁 트이고 시원한 개방감을 선사하며, 특별한 날을 기념하기에 완벽한 세련된 분위기를 자랑합니다. 라이브 재즈 공연은 저녁 식사에 매력적인 배경음악을 더해주며, 이곳의 명성을 더욱 높여줍니다. 소셜 미디어에 식당을 태그하는 사진 후기 이벤트를 통해 무료 미니 메뉴를 받을 수 있어, 즐겁고 상호작용적인 식사 경험을 선사합니다."
blueribbon,청담백송,서울특별시 강남구 도산대로100길 13,Seoul,South Korea,RIBBON_ONE,"한식(육류), 소고기구이",,0507-1357-9303 ,,2026,,37.5238228613413,127.052038439495,2026-02-17T22:29:33.775718+00:00,,,,청담백송,서울특별시 강남구 도산대로100길 13,"Step into Cheongdam Baeksong, a renowned beef restaurant steeped in tradition since the 1920s, recognized by Blue Ribbon and ""Sikgaek"" Huh Young-man's ""Baengban Haengheng."" This establishment boasts premium, dry-aged Hanwoo (한우) beef, with the signature 'Seodae-sal' (서대살) and the '240 Set' featuring prime cuts like tenderloin, sirloin, skirt steak, and short rib. The private rooms make it an ideal spot for celebrity gatherings and exclusive events, offering a sophisticated dining experience.","1920년대부터 이어져 온 전통을 재현한 청담백송은 블루리본과 식객 허영만의 백반기행에 소개된 명망 있는 소고기 전문점입니다. 이곳에서는 시그니처 메뉴인 서대살과 안심, 등심, 새우, 안창살 등 최상급 부위를 맛볼 수 있는 240 세트 메뉴를 포함하여 프리미엄 숙성 한우를 선보입니다. 프라이빗 룸은 연예인들의 모임 장소로도 유명하며, 격조 높은 식사 경험을 선사합니다."
blueribbon,한우면개나리(압구정본점),서울특별시 강남구 압구정로30길 17,Seoul,South Korea,RIBBON_ONE,"한식(육류), 소고기구이",,02-547-0325,,2026,,37.5263301884169,127.029553686621,2026-02-17T22:29:33.775718+00:00,,,,한우면개나리(압구정본점),서울특별시 강남구 압구정로30길 17,"Celebrate special occasions at Gaenari Hoegwan (개나리회관), a refined establishment in Apgujeong known for its exquisite Hanwoo (한우) beef and premium seafood. The 'Room Course' offers a generous spread, starting with sirloin (등심) and grilled cheese, followed by an impressive seafood platter featuring large scallops, geoduck, sea urchin (우니), abalone (전복), and more. The experience is elevated with attentive charcoal grilling service and the option to bring your own wine with a reasonable corkage fee.","특별한 날을 기념하기 좋은 개나리회관 압구정본점은 고급스러운 한우와 신선한 해산물로 유명합니다. '룸코스'는 등심과 구운 치즈로 시작하여, 커다란 가리비, 돌멍게, 우니, 전복 등 푸짐한 해산물 플래터로 이어지는 풍성한 코스를 제공합니다. 숯불 위에서 직접 구워주는 서비스와 합리적인 콜키지 비용으로 와인 반입이 가능한 점도 특별한 경험을 더해줍니다."
blueribbon,IRORIYAKI SAI,서울특별시 강남구 언주로151길 17,Seoul,South Korea,RIBBON_ONE,"일식주점, 이자카야",,0507-1331-4242,,2026,,37.5218357995893,127.032006786603,2026-02-17T22:29:33.775718+00:00,,,,사이,서울특별시 강남구 언주로151길 17,,
blueribbon,UUUM Eatery & Bakery,서울특별시 강남구 논현로28길 47,Seoul,South Korea,RIBBON_ONE,"기타, 비건, 채소요리",,02-572-2023,,2026,,37.4846790484395,127.045475354701,2026-02-17T22:29:33.775718+00:00,,,,음이터리,서울특별시 강남구 논현로28길 47,"Nestled in the charming cafe street near Maebong Station, UUUM Eatery & Bakery offers a serene escape with its beautiful plant-filled interior and inviting terrace ambiance. This spot is a haven for health-conscious diners, recognized by 'Taste of Seoul' for its commitment to delicious, wholesome food. They specialize in vegan and gluten-free options, making it a perfect recommendation for those seeking nutritious meals without compromising on flavor. The menu, which changes seasonally, clearly labels vegan, gluten-free, vegetarian, and organic choices, ensuring a delightful and transparent dining experience.","매봉역 인근의 매력적인 카페 거리에 자리한 UUUM Eatery & Bakery는 아름다운 플랜테리어와 아늑한 테라스 분위기로 평온한 휴식을 선사합니다. '테이스트 오브 서울'에 선정된 이 곳은 맛있는 건강식을 추구하는 미식가들에게 안성맞춤인 곳입니다. 특히 비건 및 글루텐 프리 메뉴에 특화되어 있어, 맛과 건강을 동시에 잡은 영양 가득한 식사를 찾는 분들께 완벽한 추천 장소입니다. 계절마다 바뀌는 메뉴판에는 비건, 글루텐 프리, 채식, 유기농 옵션이 명확하게 표기되어 있어 투명하고 만족스러운 식사를 즐길 수 있습니다."
blueribbon,대삼식당,서울특별시 강남구 학동로41길 23,Seoul,South Korea,RIBBON_ONE,"한식(육류), 삼겹살",,02-545-2255,,2026,,37.5174902364919,127.036153686218,2026-02-17T22:29:33.775718+00:00,,,,대삼식당,서울특별시 강남구 학동로41길 23,"Step into Daesamsikdang (대삼식당) for a retro vibe and top-tier frozen pork belly (냉동삼겹살). The star of the show is the incredibly flavorful frozen pork belly, perfectly complemented by a variety of classic banchan (반찬) like seasoned green onions (파무침) and stir-fried kimchi. Don't miss the unique 'seokkko jjigae' (섞어찌개), a hearty stew that expertly balances the richness of the pork, and the satisfying fried rice (볶음밥) to finish your meal.","레트로한 분위기와 최상급 냉동 삼겹살을 맛볼 수 있는 대삼식당에 오신 것을 환영합니다. 이곳의 하이라이트는 바로 놀랍도록 풍미 가득한 냉동 삼겹살이며, 파무침과 볶음김치 같은 클래식한 반찬과 완벽한 조화를 이룹니다. 돼지고기의 풍부한 맛과 절묘한 균형을 이루는 독특한 섞어찌개와 식사의 마무리를 장식할 만족스러운 볶음밥도 놓치지 마세요."
blueribbon,더형제,서울특별시 강남구 학동로 110,Seoul,South Korea,RIBBON_ONE,"한식(어패류), 생선회, 방어",,0507-1408-7003,,2026,,37.511362188877,127.02305070551,2026-02-17T22:29:33.775718+00:00,,,,더형제,서울특별시 강남구 학동로 110,"Step into The Hyungje (더형제), a premium seafood restaurant born from the renowned Hyungje Sanghoe (형제상회) of Noryangjin Fish Market. This establishment offers a luxurious dining experience, perfect for special occasions and group gatherings, with its elegant private rooms (룸식당). The star of the show is the stunning 12-dish assorted sashimi platter (모듬 회), a vibrant and visually impressive spread that promises a feast for both the eyes and the palate. With its convenient location near Gongdeok Station and ample parking, The Hyungje is an ideal choice for those seeking a sophisticated and memorable meal.","노량진 수산시장의 유명한 형제상회(형제상회)에서 탄생한 프리미엄 횟집 더형제(더형제)에 들어서 보세요. 이 곳은 고급스러운 프라이빗 룸(룸식당)을 갖추고 있어 특별한 날이나 단체 모임에 완벽한 고급 식사 경험을 선사합니다. 눈길을 사로잡는 12가지 모듬 회(모듬 회)는 시각적으로도 인상적인 향연으로, 눈과 입 모두를 즐겁게 할 것을 약속합니다. 공덕역 근처의 편리한 위치와 넉넉한 주차 공간을 갖춘 더형제는 세련되고 기억에 남는 식사를 찾는 분들에게 이상적인 선택입니다."
blueribbon,ANSEOLI BAKING LAB,서울특별시 강남구 삼성로 755,Seoul,South Korea,RIBBON_ONE,"디저트/스위트, 케이크",,0507-1489-5955,,2026,,37.5222713073295,127.048064135117,2026-02-17T22:29:33.775718+00:00,,,,안서리베이킹랩,서울특별시 강남구 삼성로 755,"Nestled in Cheongdam-dong, Anseoli Baking Lab is a highly sought-after bakery famous for its unique Pavlova cake. Due to its immense popularity, securing a purchase can be challenging, often requiring prior purchase history or a lucky reservation slot. The star of the show is the Pavlova, a dessert featuring a meringue base layered with cream and an abundance of fresh fruits. The meringue's crisp yet melt-in-your-mouth texture, combined with the slightly tangy yogurt-like cream and vibrant fruits, creates a refreshing and distinct dessert experience, setting it apart from traditional cakes.","청담동에 위치한 안서리 베이킹 랩은 독특한 파블로바 케이크로 유명한 인기 베이커리입니다. 엄청난 인기로 인해 구매 자체가 어려울 수 있으며, 종종 이전 구매 이력이 있거나 운 좋게 예약 기회를 잡아야 합니다. 이곳의 대표 메뉴는 머랭 베이스에 크림과 풍성한 생과일을 듬뿍 올린 파블로바입니다. 머랭의 바삭하면서도 입안에서 사르르 녹는 식감과 요거트 맛이 나는 듯한 상큼한 크림, 그리고 다채로운 과일이 어우러져 일반 케이크와는 차별화된 신선하고 독특한 디저트 경험을 선사합니다."
blueribbon,Royal Cake,서울특별시 강남구 선릉로161길 25,Seoul,South Korea,RIBBON_ONE,"디저트/스위트, 케이크",,02-541-8914,,2026,,37.5274075022415,127.038375612826,2026-02-17T22:29:33.775718+00:00,,,,로얄케익,서울특별시 강남구 선릉로161길 25,"Step into a charming white house that feels like a fairytale, perfect for a cozy afternoon, especially on a rainy day. The interior is elegantly decorated with delicate tableware collections, creating a sophisticated yet welcoming ambiance. It's a delightful spot for enjoying a selection of exquisite cupcakes, with the Lemon Earl Grey being a standout favorite that might have you ordering a second helping.","동화 같은 매력적인 하얀 집으로 들어서면, 특히 비 오는 날에 완벽한 아늑한 오후를 즐길 수 있습니다. 내부는 섬세한 식기 컬렉션으로 우아하게 장식되어 있어 세련되면서도 편안한 분위기를 자아냅니다. 이곳은 절묘한 컵케이크를 맛보기에 완벽한 장소이며, 특히 레몬 얼그레이는 두 번째 주문을 하게 만들 정도로 특별한 즐거움을 선사합니다."
blueribbon,영천영화(청담점),서울특별시 강남구 도산대로90길 3,Seoul,South Korea,RIBBON_ONE,"한식(육류), 소불고기, 소고기구이",,02-3442-0381 ,,2026,,37.52394,127.0496,2026-02-17T22:29:33.775718+00:00,,,,영천영화(청담점),서울특별시 강남구 도산대로90길 3,"This Cheongdam-dong spot is a popular destination, especially for international tourists seeking authentic Korean cuisine. The star of the show is the yukhoe bibimbap (육회비빔밥), a dish that many visitors from countries where raw beef is restricted make a point to try. While the reviewer's children raved about it, the reviewer themselves didn't try it, leaving the deliciousness to the imagination.

The restaurant offers a welcoming atmosphere and is known for its high-quality Korean beef dishes. It's a great place to experience a beloved Korean delicacy, making it a must-visit for food lovers exploring Seoul.","청담동에 위치한 이곳은 특히 정통 한식을 찾는 외국인 관광객들에게 인기 있는 명소입니다. 이곳의 하이라이트는 육회비빔밥으로, 날고기 섭취가 제한된 국가에서 온 방문객들이 꼭 맛봐야 할 메뉴로 꼽습니다. 리뷰어의 자녀들은 극찬했지만, 리뷰어 본인은 맛보지 않아 그 맛은 상상에 맡겨야 할 것 같습니다.

이 식당은 매력적인 분위기를 자랑하며 고품질의 한우 요리로 유명합니다. 서울을 탐험하는 미식가들에게 꼭 방문해야 할 곳으로, 사랑받는 한국의 별미를 경험하기에 좋습니다."
blueribbon,monert,서울특별시 강남구 선릉로68길 7,Seoul,South Korea,RIBBON_ONE,"디저트/스위트, 케이크, 카페/커피/티, 카페",,070-4798-1213,,2026,,37.4990662136131,127.052295606682,2026-02-17T22:29:33.775718+00:00,,,,모너트,서울특별시 강남구 선릉로68길 7,"Monert is a highly-regarded patisserie, recognized by the Blue Ribbon Survey for four consecutive years. This establishment prides itself on its premium, handcrafted cakes made daily by a pastry chef trained at the prestigious Nakamura Academy. The attention to detail is evident in every creation, from the perfect cream texture to the artful fruit arrangements, making each cake a masterpiece of both flavor and aesthetics. Popular items like the 'Ddujjonkku' (두쫀쿠) sell out quickly, so early visits are recommended.","모너트는 4년 연속 블루리본 서베이에 선정된 명망 높은 파티세리입니다. 이 곳은 명문 나카무라 아카데미 출신 파티셰가 매일 정성껏 만드는 프리미엄 수제 케이크를 자랑합니다. 완벽한 크림 질감부터 예술적인 과일 배치까지 모든 디테일에 세심한 주의를 기울여, 모든 케이크는 맛과 미학 모두에서 걸작입니다. '두쫀쿠'와 같은 인기 메뉴는 빠르게 매진되므로 이른 방문을 추천합니다."
blueribbon,츠키요와,서울특별시 강남구 선릉로158길 13-12,Seoul,South Korea,RIBBON_ONE,"일식, 일식장어, 가이세키",,02-548-0824,,2026,,37.5261419852792,127.041483638144,2026-02-17T22:29:33.775718+00:00,,,,츠키요와,서울특별시 강남구 선릉로158길 13-12,"Step into Tsukiyowa for an exquisite kaiseki (가이세키) experience, helmed by a former head chef from Tokyo's Michelin-starred Nadaman. The intimate, open-kitchen setting at the counter allows for a focused appreciation of the chef's artistry. Seasonal ingredients, like the prized matsutake (송이) mushrooms, are transformed into delicate dishes that delight the senses. With an optional sake and whiskey free-flow, it's a perfect spot for a sophisticated evening or to impress esteemed guests.","츠키요와는 도쿄 미슐랭 3스타 출신 셰프가 이끄는 정통 가이세키(가이세키) 경험을 선사합니다. 오픈 키친의 아늑한 카운터 좌석은 셰프의 예술성을 오롯이 감상하기에 이상적인 공간입니다. 제철 식재료, 특히 귀한 송이(송이) 버섯은 감각을 만족시키는 섬세한 요리로 재탄생합니다. 사케와 위스키 무제한 옵션과 함께, 세련된 저녁 식사나 귀한 손님 접대에 완벽한 장소입니다."
blueribbon,UZINGA,서울특별시 서초구 법원로4길 32,Seoul,South Korea,RIBBON_ONE,"한식(육류), 소고기구이",,02-537-4234,,2026,,37.49464987148431,127.0123077962813,2026-02-17T22:29:33.775718+00:00,,,,우진가,서울특별시 서초구 법원로4길 32,,
blueribbon,툇마루밥상,서울특별시 송파구 송파대로 111,Seoul,South Korea,RIBBON_ONE,"한식(일반한식), 한정식",,02-409-6979 ,,2026,,37.4796683841344,127.124913859704,2026-02-17T22:29:33.775718+00:00,,,,툇마루밥상,서울특별시 송파구 송파대로 111,"This long-standing hanjeongsik (한정식) restaurant, Ttoenmaru Bapsang, has relocated and continues to impress with its generous spread. Upon ordering by person, you'll be presented with a table laden with around 21 side dishes, including classics like japchae (잡채) and savory buchu-jeon (부추전), all served with a steaming pot of rice. The variety ensures there's something for everyone, making it an ideal spot for family gatherings or business meals, especially with their private room options.","오랜 역사를 자랑하는 한정식 맛집 툇마루밥상이 이전 후에도 변함없이 푸짐한 상차림으로 감동을 선사합니다. 인원수대로 주문하면 솥밥과 함께 약 21가지의 다채로운 반찬이 차려지는데, 잡채(잡채)와 부추전(부추전) 같은 한식의 정수를 맛볼 수 있습니다. 다양한 메뉴 덕분에 누구의 입맛도 사로잡으며, 프라이빗한 룸 공간까지 갖추고 있어 가족 모임이나 비즈니스 식사 장소로 안성맞춤입니다."
blueribbon,small talk,서울특별시 영등포구 당산로 161-7,Seoul,South Korea,RIBBON_ONE,"프랑스식, 프렌치비스트로",,0507-1323-305,,2026,,37.529029935862,126.89734126539,2026-02-17T22:29:33.775718+00:00,,,,스몰톡,서울특별시 영등포구 당산로 161-7,"Small talk is deeply ingrained in Australian culture, acting as the social lubricant that keeps society running smoothly. It's characterized by friendly, informal conversations about everyday topics like the weather, sports, food, and hobbies. Australians are known for their openness, readily striking up conversations with strangers, offering help, and sharing details about their lives, sometimes to the point of TMI (Too Much Information).

While it might feel overwhelming at first, this culture of 'chatter' or 'suda' (수다) is an open invitation to connect. Unlike in some other cultures where such deep conversations might be reserved for close acquaintances, in Australia, it's a widespread practice across all ages and genders. Understanding that these interactions are generally lighthearted and non-controversial can help ease the pressure, allowing anyone to join in and participate in the friendly exchange.","스몰 토크는 호주 문화에 깊숙이 뿌리내리고 있으며, 사회를 원활하게 돌아가게 하는 윤활유 역할을 합니다. 날씨, 스포츠, 음식, 취미 등 일상적인 주제에 대한 친근하고 격식 없는 대화가 특징입니다. 호주 사람들은 낯선 사람들과도 쉽게 대화를 시작하고, 도움을 주고받으며, 때로는 TMI(Too Much Information) 수준까지 자신의 삶에 대한 세부 사항을 공유하는 것으로 알려져 있습니다.

처음에는 부담스러울 수 있지만, 이러한 '수다' 문화는 연결될 수 있는 열린 초대장입니다. 다른 문화권에서는 가까운 지인에게만 국한될 수 있는 깊은 대화가 호주에서는 모든 연령과 성별에 걸쳐 널리 퍼져 있는 관행입니다. 이러한 상호작용이 일반적으로 가볍고 논쟁의 여지가 없다는 것을 이해하면 부담을 덜고 누구나 친근한 교류에 참여할 수 있습니다."
blueribbon,Texas de Brazil,서울특별시 서초구 사평대로 205,Seoul,South Korea,RIBBON_ONE,"중남미식, 브라질식",,0507-1367-5031,,2026,,37.504425,127.00776,2026-02-17T22:29:33.775718+00:00,,,,텍사스데브라질,서울특별시 서초구 사평대로 205,"Texas de Brazil offers a sophisticated dining experience near the Gangnam Express Bus Terminal, perfect for special occasions. The ambiance is dimly lit and luxurious, with festive holiday decorations adding to the charm. This churrasco (슈하스코) specialist is known for its all-you-can-eat grilled meats, expertly carved tableside by servers circulating with various cuts. The extensive salad bar complements the main event, featuring fresh vegetables, cured meats, and seafood.

Prepare for a feast as servers continuously offer a wide array of delicious, high-quality grilled meats. While the prices are on the higher side, the sheer variety and quality make it a memorable culinary adventure. It's an ideal spot for celebrations or impressive business dinners, with private rooms available for a more intimate gathering.","강남 고속터미널 근처에 위치한 텍사스 데 브라질은 특별한 날을 기념하기에 완벽한 고급스러운 다이닝 경험을 선사합니다. 은은한 조명과 고급스러운 인테리어는 연말 시즌의 축제 분위기를 더하며, 이곳은 테이블에서 직접 썰어주는 슈하스코(churrasco, 슈하스코)로 유명합니다. 샐러드 바 역시 신선한 채소, 햄, 해산물 등 다채로운 메뉴를 갖추고 있어 메인 요리와 훌륭한 조화를 이룹니다.

다양한 종류의 육즙 가득한 고기들을 끊임없이 맛볼 수 있는 풍성한 식사가 준비되어 있습니다. 가격대는 다소 높지만, 그만큼 다채로운 메뉴와 훌륭한 품질은 잊지 못할 미식 경험을 선사합니다. 프라이빗 룸도 마련되어 있어 소규모 모임에도 적합하며, 축하 행사나 인상적인 비즈니스 식사를 위한 최고의 장소입니다."
blueribbon,Carols,서울특별시 송파구 올림픽로 300,Seoul,South Korea,RIBBON_ONE,,,02-3213-4370,,2026,,37.5137519612953,127.104446890835,2026-02-17T22:29:33.775718+00:00,,,,캐롤스,서울특별시 송파구 올림픽로 300,"Step into Carols, a retro-themed family restaurant that evokes nostalgic memories of childhood birthday celebrations. The space is beautifully designed with warm brick, wooden tables, and vibrant stained glass, creating a cozy yet lively atmosphere reminiscent of classic American diners. It's an ideal spot for family gatherings or friendly meetups, offering a unique ambiance that feels like a movie set.","어린 시절 생일의 추억을 떠올리게 하는 레트로 감성의 캐롤스 패밀리 레스토랑에 오신 것을 환영합니다. 따뜻한 벽돌, 나무 테이블, 생동감 넘치는 스테인드글라스로 꾸며진 공간은 고전적인 미국 다이너를 연상시키는 아늑하면서도 활기찬 분위기를 자아냅니다. 가족 모임이나 친구들과의 만남에 이상적인 장소로, 마치 영화 세트장에 온 듯한 독특한 분위기를 선사합니다."
blueribbon,곱(문래점),서울특별시 영등포구 당산로 34,Seoul,South Korea,RIBBON_ONE,"한식(육류), 소곱창",,02-2633-5201,,2026,,37.5174631210953,126.896493699106,2026-02-17T22:29:33.775718+00:00,,,,곱(문래점),서울특별시 영등포구 당산로 34,"Nestled in the vibrant Mullae Cultural Food Alley, 'Gop' (곱) is a highly recommended spot for those craving perfectly grilled intestines. This popular eatery, featured on TV, offers a lively atmosphere with a bustling crowd even before dinner hours. Their signature 'Modum Gui' (모듬구이), a platter of assorted grilled beef intestines like 'Gopchang' (곱창), 'Makchang' (막창), and 'Yeomtong' (염통), is cooked to order and served piping hot. The intestines are praised for their tender texture and rich flavor, especially when paired with the accompanying scallion kimchi (파김치) towards the end of the meal.","활기찬 문래 문화 먹자골목에 자리한 '곱'은 완벽하게 구워진 곱창을 맛보고 싶은 분들에게 강력 추천하는 곳입니다. TV에도 소개된 이 인기 맛집은 저녁 시간 전부터 이미 손님들로 북적이는 활기찬 분위기를 자랑합니다. 대표 메뉴인 '모듬구이'는 곱창, 막창, 염통 등 다양한 소 내장 구이를 주문 즉시 조리하여 뜨겁게 제공합니다. 특히 식사 막바지에 곁들이는 파김치와 함께 먹으면 더욱 풍부한 풍미를 느낄 수 있는 부드러운 식감의 곱창이 일품입니다."
blueribbon,해월,서울특별시 강남구 언주로150길 24,Seoul,South Korea,RIBBON_ONE,"일식, 일식오마카세",,0507-1377-3751,,2026,,37.5213133462612,127.036240598407,2026-02-17T22:29:33.775718+00:00,,,,해월,서울특별시 강남구 언주로150길 24,"Nestled in Jungnang-gu, Haewol Shindang (해월신당) offers a deeply insightful and almost uncanny spiritual reading experience. Visitors often leave feeling a sense of calm and clarity, with many remarking on the uncanny accuracy of the predictions, particularly regarding personal finances and family matters. The atmosphere is conducive to serious reflection, making it a popular spot for those seeking guidance.","중랑구에 위치한 해월신당은 깊이 있는 통찰력과 놀라울 정도로 정확한 영적 상담 경험을 제공합니다. 방문객들은 종종 마음의 평온과 명료함을 느끼며, 특히 개인적인 재정 문제와 가족사에 대한 예측의 놀라운 정확성에 감탄합니다. 진지한 성찰에 적합한 분위기는 조언을 구하는 사람들에게 인기 있는 장소입니다."
blueribbon,월화갈비,서울특별시 영등포구 경인로79길 17,Seoul,South Korea,RIBBON_ONE,"한식(육류), 돼지갈비, 돼지등갈비",,02-2678-7592,,2026,,37.5133146983831,126.893528263865,2026-02-17T22:29:33.775718+00:00,,,,월화갈비,서울특별시 영등포구 경인로79길 17,"Nestled in the heart of Mullae, Wolhwa Galbi is a must-visit for date nights and gatherings, recognized by the Blue Ribbon Survey for its outstanding pork ribs. The industrial-chic interior, inspired by Mullae's blacksmith workshops, creates a unique dining atmosphere. Don't miss their signature Parkpo Galbi (박포갈비), a limited-offering dish prepared with a special triple-grilling process that infuses it with a deep charcoal flavor. Complement your meal with their signature garlic sauce and the complimentary spicy sundubu jjigae (순두부찌개).","문래동의 심장부에 자리한 월화갈비는 데이트나 모임 장소로 꼭 방문해야 할 곳이며, 뛰어난 돼지갈비로 블루리본 서베이에 선정되었습니다. 문래의 철공소에서 영감을 받은 산업적인 시크함의 인테리어는 독특한 식사 분위기를 연출합니다. 깊은 숯불 향을 입힌 특별한 삼중 초벌구이 요리인 한정 메뉴 박포갈비(Parkpo Galbi)를 놓치지 마세요. 시그니처 마늘 소스와 무료로 제공되는 얼큰한 순두부찌개(sundubu jjigae)와 함께 식사를 즐겨보세요."
blueribbon,히키니쿠토코메도산,서울특별시 강남구 선릉로155길 21,Seoul,South Korea,RIBBON_ONE,"기타, 함박스테이크",,02-545-1129,,2026,,37.5254955370963,127.037938072114,2026-02-17T22:29:33.775718+00:00,,,,히키니쿠토코메도산,서울특별시 강남구 선릉로155길 21,"Step into a world of culinary delight at Hikinnikutokome Dosan, a hidden gem specializing in Japanese hamburg steak. The intimate counter seating offers a front-row view of chefs meticulously shaping and grilling the patties, filling the air with an irresistible aroma. Each order comes with up to three hamburg patties, unlimited rice, and a single egg, allowing for a personalized dining experience. Don't miss the chance to savor the rich, juicy patties, expertly grilled over charcoal for a smoky finish, and explore the array of accompanying sauces and condiments to find your perfect bite.","일본식 함박 스테이크 전문점 히키니쿠토코메 도산에서 특별한 미식 경험을 즐겨보세요. 아늑한 카운터 좌석에서는 셰프들이 함박 스테이크 패티를 정성스럽게 만들고 굽는 모습을 바로 앞에서 볼 수 있으며, 군침 도는 향기가 공간을 가득 채웁니다. 1인당 최대 3개의 함박 패티, 무제한 밥, 그리고 계란 1개가 제공되어 자신만의 식사를 완성할 수 있습니다. 숯불에 구워내 불향 가득한 육즙 풍부한 패티의 맛을 음미하고, 다양한 소스와 곁들임으로 완벽한 한 입을 찾아보세요."
blueribbon,HWACHOONOK CHEONGDAM,서울특별시 강남구 도산대로50길 15,Seoul,South Korea,RIBBON_ONE,"한식(육류), 소갈비",,02-511-1945,,2026,,37.5214834460024,127.037710249005,2026-02-17T22:29:33.775718+00:00,,,,화춘옥청담,서울특별시 강남구 도산대로50길 15,"Step into Hwachoonok Cheongdam, a legendary establishment that has been serving as the origin of Suwon galbi (수원 갈비) since 1945. This third-generation restaurant prides itself on a unique, soy-sauce-free marinade, a secret recipe passed down through decades, offering a taste of history with every bite. It's a place where tradition meets exquisite flavor, having been a favorite of dignitaries and locals alike for generations.",1945년부터 수원 왕갈비의 명맥을 이어온 화춘옥 청담점은 3대째 전통을 지켜온 소갈비 전문점입니다. 간장 베이스가 아닌 특별한 소금 베이스 양념은 참기름과 참깨를 사용하여 깊고 독특한 풍미를 선사합니다. 오랜 역사와 함께 귀한 분들이 즐겨 찾던 이곳에서 특별한 갈비의 맛을 경험해 보세요.
blueribbon,늘복집,서울특별시 강남구 밤고개로14길 13-48,Seoul,South Korea,RIBBON_ONE,"한식(어패류), 복",,02-459-3347,,2026,,37.479473537579,127.102804582731,2026-02-17T22:29:33.775718+00:00,,,,늘복집,서울특별시 강남구 밤고개로14길 13-48,"Nestled in a serene environment, Neulbokjip is a distinguished pufferfish (복어) specialty restaurant, recognized by a ""Grand Master"" for its deep and rich flavors. Its elegant exterior and spacious parking make it an ideal choice for formal occasions like family gatherings (상견례) or company dinners. The restaurant offers a sophisticated atmosphere with private rooms on the third floor, perfect for intimate celebrations and important meetings.","깊고 진한 복어(복어)의 맛으로 '대한명인'으로 인정받은 늘복집은 고즈넉한 분위기 속에서 격조 높은 식사를 즐길 수 있는 곳입니다. 고급스러운 외관과 넓은 주차 공간은 상견례나 회식과 같은 중요한 모임에 안성맞춤이며, 3층의 프라이빗 룸은 소중한 사람들과의 특별한 시간을 더욱 오붓하게 만들어 줍니다."
blueribbon,혜장국,서울특별시 서초구 사평대로56길 4,Seoul,South Korea,RIBBON_ONE,"한식(탕/국/찌개/전골), 육개장, 한식(육류), 소불고기, 수육",,02-595-3339 ,,2026,,37.5034603568189,127.022680491549,2026-02-17T22:29:33.775718+00:00,,,,혜장국,서울특별시 서초구 사평대로56길 4,"This Yeosu restaurant offers a warm and welcoming atmosphere, perfect for families. With spacious seating and a convenient table ordering system, it's easy to enjoy a hearty meal. The menu features a variety of comforting gukbap (국밥) and kimchi jjigae (김치찌개), with generous portions and a selection of delicious banchan (반찬) like the vibrant Dolsan gat-kimchi (돌산갓김치). Don't miss the complimentary fried eggs, a thoughtful touch that adds to the overall satisfying experience.","따뜻하고 정겨운 분위기의 여수 맛집으로, 가족 단위 방문객에게 안성맞춤입니다. 넓은 좌석과 편리한 테이블 오더 시스템으로 든든한 식사를 즐기기 좋습니다. 다양한 국밥과 김치찌개 메뉴를 맛볼 수 있으며, 푸짐한 양과 윤기 나는 돌산갓김치 등 맛있는 반찬이 준비되어 있습니다. 기본으로 제공되는 계란 프라이는 세심한 배려가 돋보이며, 만족스러운 식사를 완성합니다."
blueribbon,황푸차이나,서울특별시 강동구 양재대로 1590,Seoul,South Korea,RIBBON_ONE,"중식, 일반중식",,02-442-1211 ,,2026,,37.5474482522073,127.143698245033,2026-02-17T22:29:33.775718+00:00,,,,황푸차이나,서울특별시 강동구 양재대로 1590,"Conveniently located near the Gubeundari Station and Cheonho CGV, Hwangpu China offers a refined dining experience reminiscent of upscale establishments. The menu boasts elevated takes on classic Chinese dishes, with signature items like the Hwangpu Jajangmyeon (황푸짜장면) and Hwangpu Jjamppong (황푸짬뽕) showcasing the chef's confidence and skill. Don't miss the seasonal Hwangpu Naengyi Tangmyeon (황푸냉이탕면), a delicate noodle soup featuring fresh spring vegetables, or the perfectly crispy and chewy Heukcho Tangsuyuk (흑초탕수육), made with premium pork and a tangy black vinegar sauce.","굽은다리역과 천호 CGV 근처에 위치한 황푸차이나는 고급스러운 분위기를 자랑합니다. 메뉴는 클래식 중식 요리를 한층 끌어올린 시그니처 메뉴인 황푸짜장면과 황푸짬뽕을 중심으로 셰프의 자신감과 실력을 엿볼 수 있습니다. 제철 메뉴인 신선한 봄나물이 들어간 황푸냉이탕면과, 최상급 돼지고기와 새콤달콤한 흑초 소스로 만든 바삭하고 쫄깃한 흑초탕수육도 놓치지 마세요."
blueribbon,히까리,서울특별시 강남구 강남대로 506,Seoul,South Korea,RIBBON_ONE,"일식주점, 이자카야, 일식, 스시",,0507-1392-8793,,2026,,37.50742,127.0235,2026-02-17T22:29:33.775718+00:00,,,,히까리,서울특별시 강남구 강남대로 506,"Step into Hikari, a long-standing sushi omakase institution that has proudly held its Blue Ribbon status for 11 consecutive years. Despite the slightly unpolished ambiance in some seating areas, the true magic unfolds at the counter. Chef's dedication shines through, offering a unique omakase experience that seamlessly blends sushi and sashimi, all while maintaining incredibly fair pricing that hasn't budged since opening. Prepare for a journey where traditional techniques meet thoughtful presentation, starting with a delicate crab meat soup and moving through expertly prepared sashimi like sea bream and amberjack, often best enjoyed with a touch of salt to truly appreciate their natural flavors.","11년 연속 블루리본을 받은 히까리는 스시 오마카세의 오랜 명가입니다. 일부 좌석 공간의 다소 정돈되지 않은 분위기에도 불구하고, 진정한 마법은 카운터에서 펼쳐집니다. 셰프의 헌신은 스시와 사시미를 완벽하게 조화시킨 독특한 오마카세 경험을 제공하며, 오픈 이후 변함없는 놀랍도록 합리적인 가격을 유지하고 있습니다. 섬세한 게살 스프를 시작으로, 자연의 풍미를 제대로 느끼기 위해 소금과 함께 즐기는 것이 종종 추천되는 도미와 방어와 같은 전문가 수준의 사시미를 맛보며 여정을 준비하세요."
blueribbon,히노야마,서울특별시 양천구 목동서로 349,Seoul,South Korea,RIBBON_ONE,"일식, 일식우동",,0507-1305-8667,,2026,,37.517373,126.865309,2026-02-17T22:29:33.775718+00:00,,,,히노야마,서울특별시 양천구 목동서로 349,"Step into Hinoyama (히노야마) and discover a classic Japanese eatery with a warm, traditional interior. This spot prides itself on its handmade udon noodles, meticulously crafted with dough aged for 11 hours and served after a 15-minute boil. The rich broth, made with soy sauce aged for 360 hours, offers a deep, satisfying flavor. Don't miss their signature Napyak Udon (납작우동), a limited-quantity dish featuring thick, chewy noodles that are a true testament to the care and time invested in their preparation.",따뜻하고 전통적인 인테리어가 돋보이는 히노야마(Hinoyama)는 클래식한 일식 맛집입니다. 이곳은 11시간 숙성된 반죽으로 만든 수타 우동 면을 15분간 삶아 제공하는 것에 자부심을 가지고 있습니다. 360시간 숙성 간장으로 만든 깊고 만족스러운 육수는 깊은 풍미를 선사합니다. 특히 정성을 들여 만든 두툼하고 쫄깃한 면발이 특징인 한정 메뉴 납작우동(Napyak Udon)을 꼭 맛보세요.
blueribbon,해남천일관,서울특별시 서초구 반포대로39길 36-1,Seoul,South Korea,RIBBON_ONE,"한식(일반한식), 한정식",,02-568-7775,,2026,,37.4986606964681,127.001972587035,2026-02-17T22:29:33.775718+00:00,,,,해남천일관,서울특별시 서초구 반포대로39길 36-1,"For those seeking a refined dining experience in Jamsil, Hainam Cheonilgwan offers a tranquil atmosphere perfect for family gatherings or formal occasions. This esteemed restaurant, with a history spanning a century and recognized in the Michelin Guide, specializes in traditional Korean set meals (Hanjeongsik). Signature dishes include the savory Hanu Tteokgalbi (한우 떡갈비) and the flavorful Borigulbi (보리굴비), both presented with an array of meticulously prepared side dishes that highlight the essence of Korean cuisine.","잠실에서 격식 있는 식사를 찾는 분들에게 해남천일관은 가족 모임이나 특별한 자리에 완벽한 고요한 분위기를 선사합니다. 100년의 역사와 미슐랭 가이드에 등재된 이 명망 있는 식당은 전통 한정식을 전문으로 합니다. 시그니처 메뉴로는 맛깔스러운 한우 떡갈비와 풍미 가득한 보리굴비가 있으며, 한국 음식의 정수를 보여주는 정갈하게 준비된 다양한 반찬과 함께 제공됩니다."
blueribbon,해동복국(동여의도점),서울특별시 영등포구 여의대방로67길 22,Seoul,South Korea,RIBBON_ONE,"한식(어패류), 복",,02-783-6011,,2026,,37.5207013372117,126.929997650238,2026-02-17T22:29:33.775718+00:00,,,,해동복국(동여의도점),서울특별시 영등포구 여의대방로67길 22,"Step into a refined atmosphere at Haedong Bokguk, a 40-year veteran in the art of pufferfish cuisine. The spacious and elegantly decorated interior makes it an ideal spot for group gatherings. Start your meal with refreshing side dishes like the spicy pufferfish skin salad (bok kkeopjil muchim) and delicious kimchi, before diving into their signature dish. The Bokjiri (복지리) is a clear, refreshing soup brimming with generous portions of tender pufferfish, perfect for a satisfying meal or a potent hangover cure.","40년 전통의 복 요리 명가, 해동복국은 고급스럽고 쾌적한 인테리어로 단체 모임에도 적합한 공간입니다. 입맛을 돋우는 복껍질무침과 맛있는 김치 등 정갈한 밑반찬으로 시작해 보세요. 메인 메뉴인 복지리(복지리)는 시원하고 깔끔한 국물과 푸짐한 복어 살이 일품입니다. 해장이나 든든한 식사로 완벽한 선택이 될 것입니다."
blueribbon,FAIT MAISON,서울특별시 송파구 잠실로 209,Seoul,South Korea,RIBBON_ONE,,,02-2092-6100,,2026,,37.5138710747422,127.106364392884,2026-02-17T22:29:33.775718+00:00,,,,페메종,서울특별시 송파구 잠실로 209,"FAIT MAISON, located on the 4th floor of the Sofitel Ambassador Seoul, offers an elegant dining experience. While the buffet is only available on weekends, weekdays feature a refined 5-course tasting menu. Guests can expect beautifully presented dishes, starting with an amuse-bouche that has a texture similar to bossam (편육). The meal progresses through delicate courses like snow crab with cauliflower royal (콜리플라워 로얄) and pan-seared sea bream with bouillabaisse sauce (부야베스 소스), all complemented by delicious bread and attentive service. The restaurant boasts a lovely view, which on this occasion, was enhanced by a surprise fireworks display.","소피텔 앰버서더 서울 4층에 위치한 FAIT MAISON은 우아한 다이닝 경험을 선사합니다. 뷔페는 주말에만 이용 가능하며, 평일에는 정교한 5코스 테이스팅 메뉴를 즐길 수 있습니다. 보쌈(편육)과 비슷한 식감의 아뮤즈 부쉬로 시작하여, 콜리플라워 로얄을 곁들인 대게와 부야베스 소스를 곁들인 참돔 등 섬세하게 조리된 요리들이 제공됩니다. 맛있는 빵과 세심한 서비스가 식사를 더욱 풍성하게 합니다. 아름다운 석촌호수 뷰를 자랑하며, 특별한 날에는 예상치 못한 불꽃놀이로 로맨틱한 분위기를 더하기도 합니다."
blueribbon,PUN JU,서울특별시 송파구 새말로 114,Seoul,South Korea,RIBBON_ONE,"한식(일반한식), 모던한식",,02-408-6444,,2026,,37.4826273644389,127.126626946849,2026-02-17T22:29:33.775718+00:00,,,,푼주,서울특별시 송파구 새말로 114,"PUNJU offers a contemporary Korean dining experience, blending traditional aesthetics with modern culinary techniques. The restaurant's name, meaning 'large, fine vessel,' is reflected in its beautifully crafted tableware and traditional Korean-inspired decor. Guests can enjoy a unique tasting menu, 'Matgim Charim' (맡김차림), which features a series of meticulously prepared dishes. The chefs' open kitchen allows for an engaging dining experience, with detailed explanations of each course and its ingredients.",푼주는 전통적인 미학과 현대적인 요리 기술을 결합한 컨템포러리 한식 다이닝 경험을 제공합니다. '큰 대접처럼 생긴 좋은 그릇'을 의미하는 식당 이름은 아름답게 제작된 식기와 한국 전통에서 영감을 받은 장식에 반영되어 있습니다. 손님들은 세심하게 준비된 일련의 요리를 선보이는 독특한 코스 메뉴인 '맡김차림'을 즐길 수 있습니다. 셰프들의 오픈 키친은 각 코스와 재료에 대한 자세한 설명을 곁들여 몰입감 있는 식사 경험을 선사합니다.
blueribbon,한우리,서울특별시 강남구 도산대로 304,Seoul,South Korea,RIBBON_ONE,"기타, 샤브샤브, 한식(육류), 소고기구이",,02-545-3334,,2026,,37.5211495474917,127.034729328677,2026-02-17T22:29:33.775718+00:00,,,,한우리,서울특별시 강남구 도산대로 304,"Hanuri, a venerable establishment in Apgujeong Rodeo, offers a refined dining experience with a focus on premium Korean beef. The restaurant is renowned for its Hanu Shabushabu (한우 샤브샤브), where the staff meticulously prepares and serves each portion, allowing guests to relax and enjoy. The set menu includes a delightful progression of dishes, starting with pumpkin porridge and a delicate Hanu Rosu Pyeonchae (한우 로스편채), before culminating in the star shabushabu, noodles, and dessert. The ambiance is sophisticated, making it an ideal spot for special occasions or entertaining guests.","압구정 로데오의 오랜 명가 한우리는 최고급 한우에 집중한 세련된 식사 경험을 선사합니다. 특히 직원들이 모든 과정을 세심하게 준비하고 서빙해주는 한우 샤브샤브(한우 샤브샤브)가 유명하며, 손님들은 편안하게 식사를 즐길 수 있습니다. 코스 메뉴는 호박죽과 섬세한 한우 로스편채(한우 로스편채)로 시작하여 메인 샤브샤브, 면, 디저트로 이어지는 즐거운 흐름을 제공합니다. 고급스러운 분위기는 특별한 날이나 귀한 손님을 대접하기에 이상적인 장소입니다."
blueribbon,Francaise,서울특별시 동작구 현충로 96,Seoul,South Korea,RIBBON_ONE,베이커리,,0507-1349-5265,,2026,,37.507901,126.964262,2026-02-17T22:29:33.775718+00:00,,,,프랑세즈,서울특별시 동작구 현충로 96,"This is a vibrant hub for French language and culture, occupying a multi-story building that reflects its significant presence. It's a place where you can find French language classes, a media library (médiathèque) with resources ranging from children's levels to advanced studies, and a collection of French books and magazines, including timeless classics like 'The Little Prince' (Le Petit Prince). The atmosphere is one of shared learning and cultural appreciation, with a focus on both modern and historical aspects of French literature and language.","프랑스 언어와 문화를 위한 활기찬 중심지로, 여러 층에 걸쳐 상당한 규모를 자랑하는 건물에 자리 잡고 있습니다. 이곳에서는 프랑스어 수업, 어린이 수준부터 고급 학습 자료까지 갖춘 미디어 라이브러리(médiathèque), 그리고 '어린 왕자'(Le Petit Prince)와 같은 시대를 초월하는 고전을 포함한 다양한 프랑스어 서적과 잡지를 찾아볼 수 있습니다. 현대와 역사적인 프랑스 문학 및 언어의 측면 모두에 중점을 두며, 함께 배우고 문화를 감상하는 분위기가 느껴집니다."
blueribbon,하모,서울특별시 강남구 언주로 819,Seoul,South Korea,RIBBON_ONE,"한식(일반한식), 한정식, 경상도음식",,02-515-4266,,2026,,37.523315,127.032782,2026-02-17T22:29:33.775718+00:00,,,,하모,서울특별시 강남구 언주로 819,"Nestled in Jangandong, Daemyeong Susan offers a charming dining experience, especially on pleasant days when you can enjoy fresh seafood outdoors. The restaurant boasts a clean and welcoming interior, with tanks full of seasonal catches, including the star of the show, ha mo (하모). Their menu features a variety of premium seafood options, but the highlight is undoubtedly the seasonal ha mo shabu-shabu (하모 샤브샤브), prepared with meticulous care. The restaurant also thoughtfully provides hot water to sanitize utensils and offers a selection of delicious side dishes like aged kimchi (묵은지) and mustard greens kimchi (갓김치) to complement your meal. They even allow corkage, so feel free to bring your favorite wine to pair with the exquisite seafood.","장안동에 위치한 대명수산은 날씨 좋은 날 야외에서 신선한 해산물을 즐길 수 있는 매력적인 식당입니다. 깔끔하고 정겨운 내부에는 제철 해산물이 가득하며, 특히 이곳의 하이라이트인 하모(하모)를 맛볼 수 있습니다. 메뉴에는 다양한 고급 해산물 요리가 있지만, 무엇보다 정성스럽게 준비되는 제철 하모 샤브샤브(하모 샤브샤브)가 단연 으뜸입니다. 식기구를 소독하는 뜨거운 물과 묵은지(묵은지), 갓김치(갓김치) 등 맛깔스러운 곁들임 찬은 식사를 더욱 풍성하게 만들어 줍니다. 콜키지 또한 가능하여 좋아하는 와인과 함께 특별한 해산물 요리를 즐길 수 있습니다."
blueribbon,한성돈까스,서울특별시 서초구 강남대로97길 10,Seoul,South Korea,RIBBON_ONE,"기타, 돈가스",,02-540-7054 ,,2026,,37.5147588693048,127.019094304612,2026-02-17T22:29:33.775718+00:00,,,,한성돈까스,서울특별시 서초구 강남대로97길 10,"This popular spot, formerly a long-standing establishment, has relocated and now boasts a modern vibe with ample parking. It's a go-to for classic Korean comfort food, with the star being their signature donkatsu (돈까스). The pork cutlet is praised for its incredibly crispy batter and tender, juicy meat, making it a must-try. Don't miss the refreshing draft beer (생맥주) or the option to pair your meal with soju (소주) for the ultimate Korean dining experience.","이곳은 예전의 노포 감성을 벗고 현대적인 분위기와 넉넉한 주차 공간을 갖춘 인기 명소로 이전했습니다. 대표 메뉴인 돈까스는 바삭한 튀김옷과 부드럽고 육즙 가득한 고기가 일품이며, 꼭 맛봐야 할 시그니처 메뉴입니다. 시원한 생맥주와 함께 즐기거나 소주(소주)를 곁들여 최고의 한국식 식사를 경험해 보세요."
blueribbon,평미가,서울특별시 양천구 목동동로10길 16,Seoul,South Korea,RIBBON_ONE,"한식(면류), 평양냉면, 만두",,02-2644-0721 ,,2026,,37.51892,126.8715,2026-02-17T22:29:33.775718+00:00,,,,평미가,서울특별시 양천구 목동동로10길 16,"Pyeongmiga is a venerable Pyeongyang-style naengmyeon (평양냉면) restaurant, proudly carrying on a culinary legacy for three generations. The interior, though established in 2010, exudes a timeless, traditional ambiance, hinting at its deep roots tracing back to Pyeongyang. Beyond their signature cold noodles, the menu boasts a rich array of North Korean specialties like onban (온반), hand-made dumplings (손만둣국), and eobok-jang (어복쟁반), making it a destination for authentic Pyeongan cuisine.","평미가는 3대째 이어져 내려오는 평양냉면 전문점으로, 오랜 역사와 전통을 자랑하는 곳입니다. 2010년에 문을 열었지만, 평양 제일면옥 시절부터 이어져 온 깊은 뿌리 덕분에 세월의 흔적이 느껴지는 전통적인 분위기를 자아냅니다. 이곳의 시그니처인 평양냉면 외에도 온반, 손만둣국, 어복쟁반 등 다채로운 북한 향토 음식을 맛볼 수 있어 진정한 평안도 요리를 경험하고 싶은 미식가들에게 안성맞춤입니다."
blueribbon,피양콩할마니,서울특별시 강남구 삼성로81길 30,Seoul,South Korea,RIBBON_ONE,"한식(일반한식), 비지, 한식(면류), 콩국수, 만두",,02-508-0476 ,,2026,,37.5041098746658,127.055240972615,2026-02-17T22:29:33.775718+00:00,,,,피양콩할마니,서울특별시 강남구 삼성로81길 30,"A long-standing favorite, Pyeongkong Halmeoni has earned a spot in the Michelin Guide Bib Gourmand for seven consecutive years, a testament to its dedication to quality. This bustling eatery, often packed even at lunchtime, specializes in traditional Korean bean dishes. The star of the show is their signature kongguksu (콩국수), a pure soybean noodle soup. Unlike other versions that might add nuts or seeds, their kongguksu is a celebration of 100% soybean flavor, offering a rich, smooth, and subtly sweet broth that feels like a comforting bowl of chilled soybean soup. It's a pure, unadulterated taste that truly highlights the essence of the soybean.","7년 연속 미쉐린 가이드 빕 구르망에 선정된 피양콩할머니는 전통적인 한국 콩 요리를 전문으로 하는 인기 맛집입니다. 점심시간에도 늘 손님으로 붐비는 이곳의 대표 메뉴는 바로 순수한 콩 100%로 만든 콩국수(콩국수)입니다. 견과류나 깨를 첨가한 다른 콩국수와 달리, 이곳의 콩국수는 콩 본연의 맛을 살린 진하고 부드러운 국물 맛이 특징입니다. 시원한 콩 스프를 마시는 듯한 깊고 은은한 단맛은 콩의 순수한 매력을 제대로 느낄 수 있게 해줍니다."
blueribbon,Trouver,서울특별시 강남구 도산대로11길 31-10,Seoul,South Korea,RIBBON_ONE,프랑스식,,010-5849-0931,,2026,,37.5193147149293,127.021640185144,2026-02-17T22:29:33.775718+00:00,,,,토우베,서울특별시 강남구 도산대로11길 31-10,"Nestled in the stylish Sinsa-dong Garosu-gil, Trouver offers a refined Japanese-French fine dining experience. The intimate, bar-style seating with an open kitchen allows guests to witness the culinary artistry firsthand, all within a dimly lit, sophisticated ambiance perfect for quiet, elegant meals. Standout dishes include the exquisite uni (sea urchin) pasta, a perfectly cooked Korean beef tenderloin steak (hanu ansim steak), and the crispy yet tender grilled golden threadfin bream (geumtae gui), each showcasing a delicate balance of flavors and artful presentation.","신사동 가로수길에 위치한 토우베(Trouver)는 세련된 일식 프렌치 파인 다이닝 경험을 선사합니다. 바 스타일 좌석과 오픈 키친은 셰프의 요리 예술을 바로 앞에서 감상할 수 있게 하며, 어둡지만 고급스러운 분위기는 조용하고 우아한 식사에 안성맞춤입니다. 특히 성게알 파스타(uni pasta), 완벽하게 조리된 한우 안심 스테이크(hanu ansim steak), 겉은 바삭하고 속은 촉촉한 금태 구이(geumtae gui)는 섬세한 맛의 균형과 예술적인 플레이팅을 자랑하며 기억에 남는 요리입니다."
blueribbon,키고,서울특별시 강남구 삼성로149길 13,Seoul,South Korea,RIBBON_ONE,"일식, 일식오마카세",,0507-1421-5929,,2026,,37.5231984225484,127.046530194424,2026-02-17T22:29:33.775718+00:00,,,,키고,서울특별시 강남구 삼성로149길 13,"Nestled a short walk from Cheongdam Station, Kigo offers an intimate Japanese dining experience with a set course menu for both lunch and dinner. The ambiance is refined, featuring a sleek bar counter and curated ceramic art. The culinary journey is helmed by a husband-and-wife chef team, whose synergy shines through in each meticulously prepared dish. Expect a delightful progression of flavors, from refreshing starters like the chilled soy milk with fig and tonburi to expertly cooked seafood and unique preparations like the steamed eel with glutinous rice, all served with an appreciation for beautiful tableware.","청담역에서 도보로 가까운 거리에 자리한 키고는 런치와 디너 모두 단일 코스로 운영되는 일본 요리 전문점입니다. 세련된 바 테이블과 엄선된 도예 작품이 돋보이는 아늑한 분위기에서 식사를 즐길 수 있습니다. 부부 셰프 팀이 이끄는 키고의 요리는 섬세한 준비 과정을 거쳐 탄생하며, 그들의 호흡은 각 접시에서 빛을 발합니다. 무화과와 톤부리가 들어간 시원한 콩물 스타터부터 훌륭하게 조리된 해산물, 찹쌀을 곁들인 붕장어찜과 같은 독창적인 요리까지, 아름다운 식기를 곁들여 맛의 즐거운 여정을 선사합니다."
blueribbon,키라메키,서울특별시 강남구 도산대로28길 18,Seoul,South Korea,RIBBON_ONE,"일식, 가이세키",,010-3894-2356,,2026,,37.5180657989333,127.028212028125,2026-02-17T22:29:33.775718+00:00,,,,키라메키,서울특별시 강남구 도산대로28길 18,"Nestled between Sinsa and Hakdong stations, Kirameki offers a refined kaiseki (가이세키) experience helmed by Chef Choi Jae-nyung, who trained in Japan. The lunch course, a ""washoku"" (와쇼쿠) full-course meal, is praised for its reasonable price point, making it an accessible splurge. Diners rave about the meticulously prepared 12-dish spread, highlighting the sesame-dressed eggplant (가지) as a surprisingly delightful standout, with its perfect balance and rich, nutty flavor.","신사역과 학동역 사이에 위치한 키라메키는 일본에서 수련한 최재녕 셰프가 이끄는 정통 가이세키(가이세키) 전문점입니다. 합리적인 가격으로 즐길 수 있는 점심 코스는 '와쇼쿠'(와쇼쿠) 정찬으로, 방문객들에게 호평을 받고 있습니다. 특히 정성스럽게 준비된 12첩 반상은 감탄을 자아내며, 참깨 소스를 곁들인 가지(가지)는 예상치 못한 최고의 메뉴로 꼽힙니다. 완벽한 균형감과 고소한 풍미가 일품입니다."
blueribbon,kushikawa,서울특별시 강남구 논현로24길 37,Seoul,South Korea,RIBBON_ONE,"일식주점, 쿠시아게",,02-579-0538,,2026,,37.4827269349012,127.045678929685,2026-02-17T22:29:33.775718+00:00,,,,쿠시카와,서울특별시 강남구 논현로24길 37,"Kushikawa is a Michelin-recognized gem, consistently earning its place in the guide for its exceptional kushiage (꼬치 튀김) omakase. The intimate, 12-seat bar counter sets the stage for a culinary journey where chefs prepare around 14 varieties of skewers, featuring a diverse array of fresh seafood, meats, and vegetables. Each bite is a testament to the art of deep-frying, served piping hot directly from the kitchen, allowing diners to savor the pure, unadulterated flavors and textures of the ingredients.","쿠시카와는 미쉐린 가이드에 꾸준히 선정되는 튀김 오마카세 맛집입니다. 12석 규모의 아늑한 바 테이블에서 셰프가 신선한 해산물, 육류, 채소 등 다양한 재료로 만든 약 14종의 꼬치 튀김을 맛볼 수 있습니다. 주방에서 바로 제공되는 튀김은 재료 본연의 따뜻함과 바삭함을 그대로 느낄 수 있어 특별한 미식 경험을 선사합니다."
blueribbon,KIHEI Coffee,서울특별시 강남구 봉은사로78길 15,Seoul,South Korea,RIBBON_ONE,"카페/커피/티, 커피전문점",,0507-1469-1252,,2026,,37.5118320645968,127.053194780969,2026-02-17T22:29:33.775718+00:00,,,,키헤이커피,서울특별시 강남구 봉은사로78길 15,"KIHEI Coffee, a beloved cafe in Seonjeongneung, has transitioned from curating top overseas roasters to roasting its own beans. The interior evokes a Hawaiian sunset, reflecting the owner's calm demeanor. They specialize in light-roast coffees bursting with fruit and floral notes, perfectly complemented by a selection of homemade cookies. Their commitment to quality is evident in their investment in a high-end Loring S7 roaster, ensuring a premium coffee experience.","선정릉의 사랑받는 카페 키헤이는 해외 유명 로스터리 원두를 소개하는 편집숍에서 이제는 직접 로스팅하는 로스터리 카페로 변모했습니다. 하와이의 붉은 노을을 닮은 차분하고 깔끔한 인테리어가 특징입니다. 과일과 꽃 향이 가득한 라이트 로스팅 커피와 맛있는 수제 쿠키를 선보이며, 고가의 로링 S7 로스터기를 도입하여 최상의 커피 경험을 제공합니다."
blueribbon,팔화당,서울특별시 송파구 송파대로 201,Seoul,South Korea,RIBBON_ONE,"한식(육류), 소고기구이, 돼지고기구이",,02-526-8566,,2026,,37.4877387829749,127.120685887596,2026-02-17T22:29:33.775718+00:00,,,,팔화당,서울특별시 송파구 송파대로 201,"Palhwadang (팔화당) is a popular spot near Seolleung Station, known for its spacious and comfortable atmosphere, making it ideal for solo diners. While famous for its high-quality Korean beef (hanwoo, 한우) and pork (handon, 한돈), the restaurant also shines with its hearty lunch menu. They recently launched new dishes like Galbitang (갈비탕), Hanwoo Yukgaejang (한우육개장), and Tueple Miyeokguk (투쁠미역국), with special Friday discounts and ongoing price reductions making these delicious meals incredibly accessible.","선릉역 근처의 팔화당은 넓고 쾌적한 공간으로 혼밥족에게도 인기가 많은 곳입니다. 질 좋은 한우와 한돈으로 유명하지만, 점심 메뉴 또한 든든하게 즐길 수 있습니다. 최근 갈비탕, 한우육개장, 투쁠미역국 등 신메뉴를 출시했으며, 금요일 특별 할인과 상시 할인 혜택으로 맛있는 식사를 더욱 합리적인 가격에 즐길 수 있습니다."
blueribbon,팔식당,서울특별시 강남구 도산대로90길 7,Seoul,South Korea,RIBBON_ONE,"한식(육류), 돼지고기구이",,02-3444-8877,,2026,,37.5237373375472,127.049353121756,2026-02-17T22:29:33.775718+00:00,,,,팔식당,서울특별시 강남구 도산대로90길 7,"Step into Palsikdang (팔식당), a stylish Cheongdam-dong eatery that has quickly garnered a following, evident from the celebrity signatures adorning its clean, modern interior. This premium pork barbecue joint specializes in high-quality, grade-1 female pork, grilled to perfection over charcoal on a cast-iron plate. Don't miss their limited-quantity daily specials like galmaegisal (갈매기살 - pork skirt meat) and saenggalbi (생갈비 - raw pork ribs), which are expertly grilled tableside. Complement your meal with their popular yangnyeom gejang (양념게장 - marinated raw crab) for a spicy kick that perfectly cuts through the rich pork.","청담동의 세련된 맛집 팔식당은 깔끔하고 현대적인 인테리어와 유명인들의 사인으로 빠르게 인기를 얻고 있는 곳입니다. 이곳은 최상급 1등급 암퇘지를 전문으로 하며, 숯불 위 주물판에서 완벽하게 구워냅니다. 특히 하루 한정 수량으로 판매되는 갈매기살과 생갈비는 테이블에서 직접 구워주므로 꼭 맛보세요. 돼지고기의 풍미를 더해줄 인기 메뉴인 양념게장도 놓치지 마세요."
blueribbon,patisserie sona,서울특별시 양천구 목동중앙북로5길 34,Seoul,South Korea,RIBBON_ONE,"베이커리, 페이스트리",,02-2606-4454 ,,2026,,37.5497060138632,126.866308526225,2026-02-17T22:29:33.775718+00:00,,,,파티세리소나,서울특별시 양천구 목동중앙북로5길 34,"Patisserie Sona is a European-inspired bakery in Magok, Seoul, helmed by a master patissier with national accolades. The bakery boasts a clean, modern exterior and an inviting interior with an open kitchen where you can see bakers at work. Each pastry is crafted with unique fermentation methods, resulting in distinct textures – from perfectly crisp to delightfully moist. The menu features a rotating selection of cakes and other baked goods, with samples available to help you choose.","서울 마곡에 위치한 파티세리 소나는 국내 제과 기능장이 운영하는 유럽풍 베이커리입니다. 깔끔하고 현대적인 외관과 오픈 키친이 있는 매력적인 내부 공간을 자랑하며, 숙련된 제빵사들의 솜씨를 직접 확인할 수 있습니다. 각 페이스트리는 독특한 발효 방식을 거쳐 완벽하게 바삭하거나 촉촉한 식감을 선사합니다. 시즌마다 바뀌는 케이크와 다양한 베이커리 메뉴를 선보이며, 시식을 통해 취향에 맞는 선택을 도와줍니다."
blueribbon,태천옥,서울특별시 구로구 개봉로 9,Seoul,South Korea,RIBBON_ONE,"한식(면류), 함흥냉면",,02-2613-6317 ,,2026,,37.48654040068214,126.85617585284692,2026-02-17T22:29:33.775718+00:00,,,,태천옥,서울특별시 구로구 개봉로 9,"This Blue Ribbon-certified spot in Gaebong-dong is a beloved local gem, perfect for a satisfying meal with family. While renowned for its signature Hamheung-style naengmyeon (함흥냉면), the restaurant also shines with hearty dishes like the spicy beef soup, eolkeun hanu gukbap (얼큰 한우 국밥), packed with generous chunks of tender beef and savory 우거지 (aged kimchi greens). For those seeking a milder option, the mushroom and beef bulgogi (버섯듬뿍불고기) offers a delightful mix of tender beef and chewy mushrooms in a sweet and savory broth.","개봉동의 블루리본 맛집 태천옥은 가족과 함께 든든한 식사를 즐기기에 완벽한 동네의 사랑받는 보석 같은 곳입니다. 함흥냉면으로 유명하지만, 푸짐한 소고기 덩어리와 구수한 우거지가 가득한 얼큰한 한우 국밥과 부드러운 소고기와 쫄깃한 버섯의 조화가 일품인 버섯듬뿍불고기 같은 메뉴도 인기가 많습니다. 특히 갓 담근 듯한 아삭한 배추김치와 큼직한 깍두기는 어떤 메뉴와도 잘 어울립니다."
blueribbon,KUNSOMCHAI,서울특별시 서초구 서초대로53길 23,Seoul,South Korea,RIBBON_ONE,"아시아식, 태국식",,02-596-6411,,2026,,37.4961957717521,127.0143254664647,2026-02-17T22:29:33.775718+00:00,,,,쿤쏨차이,서울특별시 서초구 서초대로53길 23,"KUNSOMCHAI in Gyodae is a celebrated Thai restaurant, recognized by both Blue Ribbon and Michelin guides. The ambiance is cozy and intimate, with charming decor. A unique aspect is the availability of certain dishes only after 1 PM, and the option for Thai food courses, making it a distinctive dining experience. While the signature beef rib noodle soup (소갈비 쌀국수) offers a generous portion of tender meat and a surprisingly refreshing, slightly spicy broth with a hint of chili, the soft-shell crab curry (뿌빳풍 커리) presents a sweet and savory coconut-infused sauce that pairs well with rice, though the crab itself can be a bit oily.","교대에 위치한 쿤쏨차이는 블루리본과 미쉐린 가이드에 등재된 유명 태국 음식점입니다. 아늑하고 친근한 분위기에 아기자기한 소품들로 꾸며져 있습니다. 오후 1시 이후에만 주문 가능한 메뉴가 있고, 태국 음식 코스를 즐길 수 있다는 점이 특별한 경험을 선사합니다. 시그니처 메뉴인 소갈비 쌀국수는 푸짐한 갈빗대와 부드러운 고기, 그리고 페페론치노로 맛을 낸 시원하고 매콤한 국물이 인상적입니다. 뿌빳퐁 커리는 달콤하고 고소한 코코넛 풍미의 커리 소스가 밥과 잘 어울리지만, 튀긴 게는 다소 느끼할 수 있습니다."
blueribbon,타쿠미곤,서울특별시 강남구 도산대로58길 14,Seoul,South Korea,RIBBON_ONE,"일식, 스시",,02-595-1935 ,,2026,,37.5224125341187,127.041289942082,2026-02-17T22:29:33.775718+00:00,,,,타쿠미곤,서울특별시 강남구 도산대로58길 14,"Experience the refined artistry of seasoned sushi at Takumi Gon (타쿠미곤), helmed by Master Kwon Oh-jun. While Chef Kwon may be in a private counter, Chef Kim Ki-nam delivers an omakase (오마카세) experience characterized by a calm and elegant composure. Delight in the exquisite textures and flavors of aged seafood, from the chewy octopus (문어) and firm sea bass (우럭) to the melt-in-your-mouth fatty tuna (쥬토로) and rich blackthroat seaperch (아카무츠). Each dish is a testament to meticulous preparation and a deep understanding of ingredients.","숙성 스시의 정수를 경험할 수 있는 타쿠미곤(Takumi곤)은 권오준 셰프 명장의 손길을 거칩니다. 권 셰프님께서 프라이빗 카운터에 계시더라도, 김기남 셰프님께서 차분하고 정돈된 기품이 느껴지는 오마카세(omakase) 경험을 선사합니다. 쫀득한 문어(문어)와 단단한 우럭(우럭), 입안에서 녹는 듯한 풍부한 풍미의 참다랑어 중 뱃살(쥬토로), 그리고 기름진 맛이 일품인 금태(아카무츠)까지, 숙성된 해산물의 섬세한 맛과 식감을 즐겨보세요. 모든 요리는 세심한 준비와 재료에 대한 깊은 이해를 보여줍니다."
blueribbon,KuMa,서울특별시 영등포구 여의대방로69길 7,Seoul,South Korea,RIBBON_ONE,"일식주점, 이자카야",,02-2645-7222 ,,2026,,37.519724,126.931242,2026-02-17T22:29:33.775718+00:00,,,,쿠마,서울특별시 영등포구 여의대방로69길 7,"KuMa offers a cozy and dimly lit ambiance, perfect for intimate conversations or a date night. The thoughtful inclusion of a coat rack adds to the comfort, especially during colder months. The menu is extensive, featuring a wide selection of sake and other spirits, with helpful pairing recommendations. Don't miss their top-tier dishes like the fresh 3-kind sashimi (삼종사시미), featuring thick-cut fish that's incredibly fresh, or the unique eggplant and beef stew (가지부채살구이) with a rich, slow-cooked sauce.","쿠마는 아늑하고 은은한 조명의 분위기로, 오붓한 대화나 데이트 밤에 완벽한 장소입니다. 특히 겨울철에는 센스있게 옷걸이가 마련되어 있어 더욱 편안하게 즐길 수 있습니다. 사케 등 다양한 주류와 함께 페어링 추천 메뉴까지 갖춘 알찬 메뉴판이 준비되어 있습니다. 신선한 3종 사시미(삼종사시미)의 두툼한 회와 2시간 동안 졸여낸 깊은 소스의 가지 부채살 구이(가지부채살구이)는 꼭 맛봐야 할 대표 메뉴입니다."
blueribbon,Treeanon,서울특별시 강남구 학동로59길 43,Seoul,South Korea,RIBBON_ONE,"카페/커피/티, 홍차전문점",,070-8129-5955,,2026,,37.520284,127.044556,2026-02-17T22:29:33.775718+00:00,,,,트리아농,서울특별시 강남구 학동로59길 43,"Treeanon is an antique-filled tea house that offers a tranquil escape, especially on a sunny morning. With a vast selection of teas, including Darjeeling Castleton (다즐링 캐슬틴) and Uva Mlesna (우바 뮬레즈나), the experience is about savoring the ritual of brewing and customizing your cup. Pair your tea with their delightful desserts like honey butter toast or chocolate banana for a unique afternoon treat.",트리아농은 고풍스러운 분위기 속에서 평온한 휴식을 즐길 수 있는 찻집입니다. 다즐링 캐슬틴(Darjeeling Castleton)과 우바 뮬레즈나(Uva Mlesna)를 포함한 다양한 차 중에서 취향에 맞게 직접 우려내고 즐기는 특별한 경험을 선사합니다. 허니버터 토스트나 초코 바나나 같은 달콤한 디저트와 함께라면 더욱 풍성한 오후를 보낼 수 있습니다.
blueribbon,파크루안,서울특별시 강남구 논현로 430,Seoul,South Korea,RIBBON_ONE,"중식, 일반중식",,02-562-5565 ,,2026,,37.498963,127.038343,2026-02-17T22:29:33.775718+00:00,,,,파크루안,서울특별시 강남구 논현로 430,"This review describes a teacher networking event held in Seoul, not a restaurant. The event featured performances, lectures, and opportunities for educators to connect. Attendees shared their experiences and insights, with a focus on collaborative learning and professional development. The event aimed to foster a sense of community among teachers, encouraging them to share their knowledge and experiences through various platforms.","이 후기는 서울에서 열린 교사 네트워킹 행사에 대한 내용으로, 식당에 대한 정보는 포함하고 있지 않습니다. 행사는 공연, 강연, 그리고 교사들이 서로 교류할 수 있는 기회를 제공했습니다. 참석자들은 협력 학습과 전문성 개발에 중점을 두고 경험과 통찰을 공유했습니다. 이 행사는 교사들 간의 공동체 의식을 함양하고 다양한 플랫폼을 통해 지식과 경험을 공유하도록 장려하는 것을 목표로 했습니다."
blueribbon,PaPaho,서울특별시 강남구 영동대로137길 3,Seoul,South Korea,RIBBON_ONE,"아시아식, 베트남식",,02-543-6885,,2026,,37.5217938336297,127.055341903929,2026-02-17T22:29:33.775718+00:00,,,,파파호,서울특별시 강남구 영동대로137길 3,"PaPaho is a long-standing Vietnamese restaurant that's a must-visit for those craving a comforting bowl of pho (쌀국수). The atmosphere is relaxed, making it a perfect spot for a leisurely meal. Don't miss their signature dishes like the generously portioned Goi Cuon (꼬이꾸온) with fresh rice paper rolls, the flavorful fried rice (볶음밥) packed with plump shrimp, and the perfectly stir-fried Pad Thai (팟타이) offering a delightful mix of crunchy bean sprouts and soft noodles.","파파호는 담백한 쌀국수(pho)가 생각날 때 꼭 들르게 되는 오랜 역사의 베트남 음식점입니다. 편안한 분위기에서 여유로운 식사를 즐기기에 완벽한 장소입니다. 신선한 라이스페이퍼에 채소와 쌀국수를 말아낸 푸짐한 사이즈의 꼬이꾸온(Goi Cuon), 통통한 새우가 듬뿍 들어간 맛있는 볶음밥(fried rice), 그리고 아삭한 숙주와 부드러운 면의 조화가 일품인 팟타이(Pad Thai)는 꼭 맛봐야 할 시그니처 메뉴입니다."
blueribbon,CHIBO,서울특별시 강남구 강남대로154길 21,Seoul,South Korea,RIBBON_ONE,"일식, 오코노미야키",,02-511-1973,,2026,,37.5180141725087,127.020828762118,2026-02-17T22:29:33.775718+00:00,,,,치보,서울특별시 강남구 강남대로154길 21,"Step into CHIBO (치보), a vibrant Osaka-style teppanyaki specialist that brings 50 years of tradition to Seoul's Garosu-gil. The atmosphere buzzes with the energetic greetings of Japanese restaurants, making it a perfect spot to feel like you've hopped over to Japan. Enjoy a wide array of expertly prepared dishes, served on your personal teppan grill, and pair them with a refreshing draft beer for the ultimate experience.",50년 전통의 오사카식 철판 요리 전문점 치보(CHIBO)가 서울 가로수길에 상륙했습니다. 일본 식당 특유의 활기찬 인사와 함께 입장하면 마치 일본에 온 듯한 기분을 느낄 수 있는 곳입니다. 개인 철판 위에서 바로 제공되는 다양한 요리와 시원한 생맥주를 곁들이며 특별한 경험을 즐겨보세요.
blueribbon,코끼리베이글,서울특별시 영등포구 선유로 176,Seoul,South Korea,RIBBON_ONE,"베이커리, 베이글, 카페/커피/티, 카페",,070-4184-0082,,2026,,37.5286104254461,126.893270984521,2026-02-17T22:29:33.775718+00:00,,,,코끼리베이글,서울특별시 영등포구 선유로 176,"This popular bakery is a must-visit for its unique, chewy bagels, baked in a brick oven for a distinct texture. Beyond the wide variety of flavorful bagels, like garlic and cream cheese options, they also offer delicious sandwiches and hearty stew sets. The Hannam branch boasts a spacious, multi-level interior with comfortable seating and even offers Han River (한강) views from the upper floors, making it a great spot to relax and enjoy a treat.","이 인기 베이글 맛집은 화덕에서 구워 쫄깃한 식감이 일품인 특별한 베이글로 꼭 방문해야 할 곳입니다. 마늘, 크림치즈 등 다양한 맛의 베이글은 물론, 맛있는 샌드위치와 든든한 스튜 세트도 제공합니다. 한남점은 넓고 쾌적한 다층 공간에 편안한 좌석을 갖추고 있으며, 위층에서는 한강(Han River) 전망까지 즐길 수 있어 여유롭게 휴식을 취하며 맛있는 음식을 즐기기에 좋습니다."
blueribbon,BLUE ROOF TOWN,서울특별시 영등포구 영중로10길 32-4,Seoul,South Korea,RIBBON_ONE,"한식(육류), 소갈비, 소고기구이",,02-2068-9203,,2026,,37.5184094093552,126.908454213015,2026-02-17T22:29:33.775718+00:00,,,,청기와타운,서울특별시 영등포구 영중로10길 32-4,"Step into Blue Roof Town (청기와타운) and experience a unique vibe inspired by the nostalgic Korean enclaves of Los Angeles and New York. This eatery captures the essence of a bygone era, offering a distinct retro atmosphere that transports you back in time. It's a popular franchise, so you can find this distinctive ambiance at various locations across the city, perfect for a casual meal or a gathering in their private rooms.","미국 LA와 뉴욕의 코리아타운에서 영감을 받은 청기와타운(Blue Roof Town)에서 독특한 분위기를 경험해 보세요. 이 식당은 과거의 향수를 불러일으키는 레트로한 분위기로 시대를 거슬러 올라가는 듯한 특별한 경험을 선사합니다. 인기 있는 프랜차이즈로 시내 곳곳에서 이 독특한 분위기를 즐길 수 있으며, 캐주얼한 식사나 룸에서의 모임 장소로도 완벽합니다."
blueribbon,채윤희,서울특별시 영등포구 도림로128길 21,Seoul,South Korea,RIBBON_ONE,한식주점,,070-7799-8292,,2026,,37.515397466383,126.894642746351,2026-02-17T22:29:33.775718+00:00,,,,채윤희,서울특별시 영등포구 도림로128길 21,"Nestled in the artistic alleys of Mullae, Chae Yoon Hee offers a vibrant, atmospheric escape perfect for a night out with friends. The real magic happens on the third-floor rooftop, which transforms into a lively urban pocha (포차) with twinkling lights and a buzzing ambiance. While it can get a bit noisy, the energetic vibe is infectious and ideal for laughter and conversation. Be sure to use the Tabeling app to snag a coveted rooftop spot, especially on a pleasant evening.","예술적인 문래동 골목에 자리한 채윤희는 친구들과 함께하기 좋은 활기차고 분위기 있는 공간입니다. 특히 3층 루프탑은 반짝이는 조명과 활기찬 분위기로 꾸며져 활기찬 도심 속 포차(포차)로 변신합니다. 다소 시끄러울 수 있지만, 전염성 있는 에너지는 웃음과 대화에 이상적입니다. 특히 날씨 좋은 날에는 테이블링 앱을 사용하여 탐나는 루프탑 좌석을 확보하는 것이 좋습니다."
blueribbon,chai lyn,서울특별시 강남구 삼성로112길 10,Seoul,South Korea,RIBBON_ONE,"중식, 일반중식, 사천식중식",,02-543-2847 ,,2026,,37.5146,127.0533,2026-02-17T22:29:33.775718+00:00,,,,차이린,서울특별시 강남구 삼성로112길 10,"Chai Lyn offers a sophisticated dining experience with its high ceilings and elegant ambiance, perfect for special occasions. The menu boasts a variety of expertly prepared Chinese dishes, with standouts including the tender and flavorful Dongpo Pork (동파육), which falls apart at the touch of chopsticks, and the refreshing seafood dishes like the Sea Cucumber with Shrimp Paste (오룡해삼). The fried rice is also a must-try, perfectly cooked and seasoned.","차이린은 높은 천장과 세련된 분위기로 특별한 날에 완벽한 고급스러운 식사 경험을 선사합니다. 메뉴에는 전문가의 손길로 정성껏 준비된 다양한 중식 요리가 준비되어 있으며, 특히 젓가락만 대도 부서질 듯 부드럽고 풍미 가득한 동파육(Dongpo Pork)과 오룡해삼(Sea Cucumber with Shrimp Paste) 같은 신선한 해산물 요리가 돋보입니다. 완벽하게 조리되고 양념된 볶음밥도 꼭 맛봐야 할 메뉴입니다."
blueribbon,춘천옥,서울특별시 금천구 디지털로12길 19,Seoul,South Korea,RIBBON_ONE,"한식(육류), 보쌈, 한식(면류), 막국수",,02-868-9937,,2026,,37.47789,126.8897,2026-02-17T22:29:33.775718+00:00,,,,춘천옥,서울특별시 금천구 디지털로12길 19,"Escape the summer heat at Chuncheonok (춘천옥), a clean and accessible jjimjilbang (찜질방) in the heart of Jungnang-gu. This 24-hour oasis offers a refreshing retreat with well-regulated temperatures, featuring both hot jjimjil rooms and a cooling ice room for the ultimate relaxation. Its convenient location and affordable entrance fee make it an ideal spot to unwind and recharge, especially during sweltering nights when other cafes close.","무더운 여름, 중랑구 중심부에 위치한 깨끗하고 접근성 좋은 찜질방 춘천옥에서 시원한 휴식을 취해보세요. 24시간 운영되는 이곳은 쾌적하게 조절되는 실내 온도와 뜨거운 찜질 공간, 시원한 얼음방을 갖추고 있어 완벽한 휴식을 선사합니다. 편리한 위치와 부담 없는 입장료는 특히 다른 카페들이 문을 닫는 더운 밤에 몸과 마음을 재충전하기에 이상적인 장소입니다."
blueribbon,초롱이고모부대찌개,서울특별시 강동구 상암로11길 4,Seoul,South Korea,RIBBON_ONE,"한식(탕/국/찌개/전골), 부대찌개",,02-442-3546 ,,2026,,37.54987,127.1288,2026-02-17T22:29:33.775718+00:00,,,,초롱이고모부대찌개,서울특별시 강동구 상암로11길 4,"Nestled within the bustling Amsa Market, Chorongi Gomobu Dae Jjigae is a beloved local institution, recognized with Blue Ribbon accolades. The vibe here is classic 'no-po' (old-school eatery) charm, offering a cozy and authentic market atmosphere. It's a place where families flock for a comforting meal, and the clean, well-maintained space complements the delicious food.

The star of the show is their Budae-jjigae (부대찌개), a hearty stew brimming with an generous amount of ham and sausage. For those seeking an even richer experience, the Budae-jeongol (부대전골) offers an elevated version with a wider variety of meats. The broth is surprisingly clean and refreshing, not overly spicy, making it a hit even with younger diners. Don't forget to save room for the 'Korean dessert' – the savory fried rice (bokkeumbap) made from the leftover broth of the Budae-jeongol is a must-try.","활기찬 암사시장에 자리한 초롱이고모부대찌개는 블루리본으로 인정받은 사랑받는 현지 맛집입니다. 이곳의 분위기는 고전적인 '노포'의 매력을 풍기며, 아늑하고 정통적인 시장 분위기를 선사합니다. 가족들이 편안한 식사를 위해 모이는 곳이며, 깔끔하고 잘 관리된 공간이 맛있는 음식과 조화를 이룹니다.

이곳의 하이라이트는 햄과 소시지가 푸짐하게 들어간 부대찌개(Budae-jjigae)입니다. 더욱 풍성한 경험을 원한다면, 다양한 종류의 햄이 들어간 부대전골(Budae-jeongol)을 추천합니다. 국물은 놀랍도록 깔끔하고 시원하며, 너무 맵지 않아 어린 손님들도 즐길 수 있습니다. 부대전골을 먹고 남은 국물로 만드는 볶음밥은 '한국인의 디저트'로 꼭 맛봐야 할 별미입니다."
blueribbon,청담골,서울특별시 강남구 선릉로148길 48,Seoul,South Korea,RIBBON_ONE,"한식(일반한식), 백반, 한식(어패류), 생선조림, 생선구이",,02-543-1252,,2026,,37.5227,127.0434,2026-02-17T22:29:33.775718+00:00,,,,청담골,서울특별시 강남구 선릉로148길 48,"Nestled in the heart of Gangnam, Cheongdamgol offers a traditional Korean dining experience that feels like a warm embrace. This spot is renowned for its 'baekban' (백반), a set meal featuring a generous spread of side dishes, often exceeding ten varieties, served with your choice of rice or 'nurungji' (누룽지 - scorched rice). It's a fantastic value, especially considering its prime location, making it a go-to for those seeking authentic Korean home cooking without breaking the bank. The atmosphere is bustling yet comforting, perfect for family meals or a satisfying solo dining experience, though be aware of potential lunch hour restrictions for single diners.","강남의 중심부에 자리한 청담골은 따뜻한 포옹과 같은 전통적인 한식 경험을 선사합니다. 이곳은 10가지가 넘는 다양한 반찬과 함께 밥 또는 누룽지를 선택할 수 있는 백반으로 유명합니다. 특히 강남이라는 위치를 고려할 때 훌륭한 가성비를 자랑하며, 부담 없이 정통 한식을 맛보고 싶은 분들에게 인기가 많습니다. 식당 내부는 활기차면서도 편안한 분위기로, 가족 식사나 만족스러운 혼밥 경험에 완벽하지만, 점심 시간에는 1인 식사가 제한될 수 있으니 유의해야 합니다."
blueribbon,참나무숯불에닭이만나는순간,서울특별시 서초구 동산로6길 37,Seoul,South Korea,RIBBON_ONE,"한식(가금류), 닭갈비",,02-572-6616,,2026,,37.4697,127.0447,2026-02-17T22:29:33.775718+00:00,,,,참나무숯불에닭이만나는순간,서울특별시 서초구 동산로6길 37,"Step into a 30-year-old institution near Yangjae Citizen's Forest, a true testament to dedication since 1995. This cozy spot, run by the same family for decades, specializes in a single, star dish: charcoal-grilled dakgalbi (닭갈비). The chicken is marinated for three days and then expertly grilled over oak charcoal, resulting in incredibly tender, juicy, and slightly chewy morsels infused with a subtle smoky aroma. The mild, sweet-and-spicy sauce is a perfect complement, and the owners' passion for their craft is evident in every detail.","1995년부터 30년간 한결같이 자리를 지켜온 양재시민의숲 근처의 명소입니다. 수십 년간 한 가족이 운영해 온 이곳은 단 하나의 대표 메뉴, 참나무 숯불닭갈비에 집중합니다. 3일간 정성껏 재운 닭고기는 참나무 숯불에 구워져 놀랍도록 부드럽고 촉촉하며, 은은한 숯 향이 배어 있습니다. 맵지 않고 적당히 달콤한 양념은 닭갈비의 풍미를 한층 끌어올리며, 사장님의 요리에 대한 열정과 자부심은 모든 면에서 느껴집니다."
blueribbon,Cakehouse Wien,서울특별시 강남구 삼성로 719,Seoul,South Korea,RIBBON_ONE,베이커리,,02-546-1585,,2026,,37.519933,127.049232,2026-02-17T22:29:33.775718+00:00,,,,케익하우스윈,서울특별시 강남구 삼성로 719,"Step into Cake House Wien, a beloved institution in Cheongdam-dong with a rich 40-year history. This pioneering bakery is credited with introducing Korea's first fresh cream cake, a testament to its legacy as a first-generation patisserie. The atmosphere buzzes with locals from early morning, offering a cozy spot to enjoy their wide array of baked goods. While some might find the cake designs classic, they evoke a sense of nostalgia, much like their signature marble castella, which is praised for its simple, clean sweetness. Don't miss out on their highly recommended danpat-ppang (단팥빵) and soboro-ppang (소보로빵) for a true taste of tradition.","케익하우스 윈은 40년의 깊은 역사를 자랑하는 청담동의 사랑받는 명소입니다. 한국 최초의 생크림 케이크를 선보인 선구적인 빵집으로, 1세대 파티시에의 유산을 증명합니다. 이른 아침부터 동네 주민들로 활기찬 이곳은 다양한 베이커리를 즐길 수 있는 아늑한 공간을 제공합니다. 케이크 디자인은 클래식하지만, 심플하고 깔끔한 단맛으로 칭찬받는 시그니처 마블 카스테라처럼 향수를 불러일으킵니다. 전통의 맛을 제대로 느끼고 싶다면 강력 추천하는 단팥빵과 소보로빵을 꼭 맛보세요."
blueribbon,진진만두,서울특별시 영등포구 국제금융로8길 34,Seoul,South Korea,RIBBON_ONE,"한식(면류), 만둣국, 한식(탕/국/찌개/전골), 어복쟁반, 한식(육류), 수육",,02-780-7867 ,,2026,,37.52018,126.9273,2026-02-17T22:29:33.775718+00:00,,,,진진만두,서울특별시 영등포구 국제금융로8길 34,"A beloved institution for Yeouido office workers, Jinjin Mandu (진진만두) has opened a new branch near City Hall Station, offering a welcome respite with its comforting, hearty fare. The interior blends traditional Korean aesthetics with modern touches, creating a clean and sophisticated dining space perfect for both casual lunches and business meetings. Its prime location near Seoul Plaza makes it an ideal spot to warm up after ice skating.

The star of the show is the signature Son Mandu Sulguk (손만두 술국), a spicy, flavorful broth made with a rich Hanwoo (한우) beef bone base, first introduced by the restaurant in 1998. The handmade dumplings are delicate yet chewy, bursting with savory meat and vegetable filling. For a milder option, the Suyuk Gomtang (수육곰탕) boasts a clear, deeply savory broth infused with the aroma of premium beef, showcasing the restaurant's commitment to quality ingredients and traditional flavors.","여의도 직장인들의 오랜 사랑을 받아온 진진만두(진진만두)가 시청역 근처에 문을 열어, 푸짐하고 따뜻한 음식으로 편안한 휴식을 선사합니다. 인테리어는 한국 전통 미학과 현대적인 감각이 조화롭게 어우러져 깔끔하고 세련된 공간을 연출하며, 캐주얼한 점심 식사부터 비즈니스 미팅까지 모두 적합합니다. 서울광장 근처에 위치하여 스케이트를 탄 후 몸을 녹이기에 완벽한 장소입니다.

이곳의 대표 메뉴는 1998년 처음 선보인 진진만두의 시그니처인 손만두 술국(손만두 술국)으로, 깊고 풍부한 한우(한우) 사골 육수에 칼칼한 맛이 더해진 것이 특징입니다. 직접 빚은 만두는 얇고 쫄깃한 피 속에 육즙 가득한 고기와 채소 소가 어우러져 있습니다. 좀 더 담백한 맛을 원한다면, 맑고 깊은 육향이 일품인 수육곰탕(수육곰탕)을 추천하며, 이는 최고급 소고기와 전통적인 맛에 대한 식당의 노력을 보여줍니다."
blueribbon,조리인,서울특별시 강남구 도산대로53길 16,Seoul,South Korea,RIBBON_ONE,"일식, 스시",,02-517-3355,,2026,,37.5242210324382,127.038608151757,2026-02-17T22:29:33.775718+00:00,,,,조리인,서울특별시 강남구 도산대로53길 16,"Nestled on the third floor in Apgujeong, Jorrin offers an intimate sushi omakase experience with its all-counter seating and private rooms. Regulars return for the chef's warm welcome and the generous 'Sushi Course' (99,000 KRW per person). The meal begins with refreshing starters like sea cucumber salad and a rich, savory flounder liver, leading into a meticulously prepared sushi selection. Standouts include the fatty tuna (otoro) with spicy salt and the sweet-and-salty monkfish liver (ankimo), each expertly seasoned and ready to be savored.","압구정 3층에 자리한 조리인은 전석 다찌석과 룸을 갖춘 아늑한 스시 오마카세 전문점입니다. 셰프님의 따뜻한 환대와 푸짐한 '스시 코스'(1인 99,000원)를 맛보기 위해 단골들이 꾸준히 찾습니다. 해삼초회와 녹진한 쥐치 간 요리로 시작되는 코스는 정성껏 준비된 다양한 스시로 이어집니다. 특히 매콤한 소금을 곁들인 오도로와 단짠한 안키모는 재료 본연의 맛을 살린 섬세한 양념으로 깊은 인상을 남깁니다."
blueribbon,진가와(한국본점),서울특별시 강남구 논현로94길 25-3,Seoul,South Korea,RIBBON_ONE,일식,,02-564-8553,,2026,,37.5030410113859,127.03814644944,2026-02-17T22:29:33.775718+00:00,,,,진가와(한국본점),서울특별시 강남구 논현로94길 25-3,"Step into Jinagawa (진가와), a renowned Japanese noodle specialist that has earned a spot on the Korean Michelin Guide's 'Bib Gourmand' list for five consecutive years. With a legacy spanning 12 generations and over 360 years, Jinagawa prides itself on its meticulously crafted udon and somen noodles, imported directly from Kagawa Prefecture, Japan. The result is an unparalleled chewy and smooth texture that forms the heart of their exquisite dishes. It's the perfect spot for a solo lunch, offering a moment of peaceful indulgence.",미쉐린 가이드 '빕 구르망'에 5년 연속 선정된 일식 면 전문점 진가와(진가와)는 360년 넘는 역사를 자랑합니다. 12대에 걸쳐 이어져 온 전통 방식으로 일본 가가와현에서 직접 공수해 온 우동면과 소면은 쫄깃하고 부드러운 식감으로 유명합니다. 혼자서도 여유롭게 식사를 즐기며 특별한 힐링을 경험할 수 있는 곳입니다.
blueribbon,지인고기,서울특별시 송파구 송파대로 167,Seoul,South Korea,RIBBON_ONE,"한식(육류), 소고기구이, 돼지고기구이",,0507-1408-2958,,2026,,37.4846614982049,127.120933640924,2026-02-17T22:29:33.775718+00:00,,,,지인고기,서울특별시 송파구 송파대로 167,"This Yeonnam-dong gem is a perfect spot for gatherings, conveniently located near Hongik University Station. The restaurant offers a modern dining experience with T-order kiosks supporting multiple languages, catering to a diverse clientele. It's even been featured on Japanese TV, with K-pop group NCT WISH having visited. The highlight is their 'Hanpan Set' (한판세트), featuring both thinly sliced beef brisket (usambgyeop, 우삼겹) and pork belly (samgyeopsal, 삼겹살). The staff expertly grill everything for you, allowing you to relax and enjoy the company and delicious food.","홍대입구역 근처 연남동에 위치한 이 맛집은 모임 장소로 안성맞춤입니다. 한국어 외 여러 언어를 지원하는 T오더 키오스크를 갖춘 현대적인 다이닝 경험을 제공하며, 일본 방송에도 소개된 NCT WISH가 방문한 곳이기도 합니다. 이곳의 하이라이트는 얇게 썬 우삼겹과 삼겹살을 모두 맛볼 수 있는 '한판세트'입니다. 직원분들이 모든 것을 능숙하게 구워주시기 때문에 편안하게 대화하며 맛있는 음식을 즐길 수 있습니다."
blueribbon,일일향,서울특별시 강남구 언주로 123,Seoul,South Korea,RIBBON_ONE,"중식, 일반중식",,02-545-6154,,2026,,37.4876033476735,127.049755052514,2026-02-17T22:29:33.775718+00:00,,,,일일향,서울특별시 강남구 언주로 123,"Ililhyang in Songpa is a spacious Chinese restaurant perfect for group gatherings and company dinners, capable of hosting up to 70 people. The ambiance is clean and well-suited for special occasions. While the menu is extensive, standout dishes include the unique Lemon Shrimp (레몬중새우) and the slightly spicy, tender La-Jo-Gi (라조기). Both the Jjajangmyeon (짜장면) and Jjamppong (짬뽕) are highly recommended for those seeking a satisfying meal.","송파에 위치한 일일향은 최대 70명까지 수용 가능한 넓은 공간을 갖춘 중식당으로, 단체 모임이나 회식 장소로 안성맞춤입니다. 깔끔한 분위기는 특별한 날 식사를 하기에 좋습니다. 다양한 메뉴 중에서도 독특한 레몬중새우와 약간 매콤하면서도 부드러운 식감의 라조기가 인상적입니다. 식사 메뉴로는 짜장면과 짬뽕 모두 추천할 만합니다."
blueribbon,ildossi dakgalbi,서울특별시 서초구 방배로8길 4,Seoul,South Korea,RIBBON_ONE,"한식(가금류), 닭갈비",,02-581-0709,,2026,,37.479727563019,126.999133741459,2026-02-17T22:29:33.775718+00:00,,,,일도씨닭갈비(방배점),서울특별시 서초구 방배로8길 4,"Step into Ildossi Dakgalbi (일도씨닭갈비) in Mokdong for a refined take on the beloved Korean stir-fried chicken dish. The restaurant boasts a sophisticated, calming ambiance with warm wooden interiors, making it a surprisingly tranquil spot for a meal. Their signature 'Chi-Chi-Cheese Dakgalbi' (치-치-치즈 닭갈비) is a must-try, featuring double the meat and triple the cheese, perfect for those who crave a rich, indulgent experience. Complement your meal with their house-made coleslaw and enjoy the unique, addictive flavor profile derived from their special sauce made with domestic ingredients.","목동의 일도씨닭갈비는 사랑받는 한국의 닭갈비를 세련되게 재해석한 곳입니다. 따뜻한 나무 인테리어와 함께 고급스럽고 차분한 분위기를 자랑하며, 놀랍도록 평온한 식사 공간을 제공합니다. 이곳의 시그니처 메뉴인 '치-치-치즈 닭갈비'는 두 배의 고기와 세 배의 치즈가 들어있어 풍부하고 만족스러운 경험을 원하는 분들에게 꼭 추천합니다. 직접 만든 코울슬로와 함께 식사를 즐기시고, 국내산 재료로 만든 특제 소스의 중독성 있는 독특한 풍미를 느껴보세요."
blueribbon,자맛풍,서울특별시 서초구 남부순환로356길 18-5,Seoul,South Korea,RIBBON_ONE,"한식주점, 한식(어패류), 해물",,02-579-7284,,2026,,37.484029950182,127.037560260553,2026-02-17T22:29:33.775718+00:00,,,,자맛풍,서울특별시 서초구 남부순환로356길 18-5,"Nestled near Yangjae Station, Jamatpung2 offers a unique Korean omakase (오마카세) experience where the menu changes daily based on the chef's whim and seasonal ingredients. Reservations are highly recommended, often needing to be made weeks in advance. The vibe is lively, with patrons enjoying a wide selection of traditional liquors, wine, and whiskey. Expect a multi-course meal that starts with appetizers like ricotta cheese salad and jeon (전), followed by a seafood platter featuring seasonal catches. A standout is their signature self-made gimbap (김밥), made with pickled melon, offering a delightful sweet and savory bite.","양재역 근처에 위치한 자맛풍2는 매일 셰프의 마음과 제철 식재료에 따라 메뉴가 바뀌는 독특한 한식 오마카세 경험을 선사합니다. 예약은 필수이며, 종종 몇 주 전에 미리 해야 할 정도로 인기가 많습니다. 분위기는 활기차며, 손님들은 다양한 전통주, 와인, 위스키를 즐기고 있습니다. 리코타 치즈 샐러드와 전 같은 애피타이저로 시작하여 제철 해산물 플래터로 이어지는 다코스 요리를 기대할 수 있습니다. 특히, 절인 멜론으로 만든 시그니처 셀프 김밥은 달콤하고 짭짤한 맛의 즐거움을 선사합니다."
blueribbon,gentil,서울특별시 송파구 삼전로13길 36,Seoul,South Korea,RIBBON_ONE,"기타, 다이닝바, 바, 와인바",,010-7327-7005,,2026,,37.5081533736736,127.086278321079,2026-02-17T22:29:33.775718+00:00,,,,정띠,서울특별시 송파구 삼전로13길 36,"Gentil is a cozy bistro and wine bar that requires reservations for dinner and a drink order. While the signage is subtle, the interior offers a charming atmosphere with around 8 seats and a diverse selection of glassware. The menu features French-inspired dishes, with the pan-seared sea bream (옥돔스테이크) standing out as a highlight for its flaky skin and tender flesh, complemented by a bright lemon beurre blanc sauce. Complimentary brioche and a rich duck liver pâté (오리간 빠떼) with pistachios are also delightful touches.","젠띠는 저녁 식사 시 예약과 주류 주문이 필수인 아늑한 비스트로 와인바입니다. 간판은 눈에 잘 띄지 않지만, 내부는 약 8석 규모의 아늑한 분위기와 다양한 종류의 와인잔을 갖추고 있습니다. 메뉴는 프랑스 요리에서 영감을 받은 요리들을 선보이며, 특히 바삭한 껍질과 부드러운 속살이 돋보이는 옥돔 스테이크는 상큼한 레몬 뵈흐블랑 소스와 함께 훌륭한 조화를 이룹니다. 서비스로 제공되는 바삭한 브리오슈와 피스타치오가 곁들여진 풍미 깊은 오리 간 빠떼도 즐거운 경험을 선사합니다."
blueribbon,일미락,서울특별시 양천구 목동동로 226-16,Seoul,South Korea,RIBBON_ONE,"한식(육류), 돼지고기구이",,02-2642-9292 ,,2026,,37.5254169018151,126.872955497947,2026-02-17T22:29:33.775718+00:00,,,,일미락,서울특별시 양천구 목동동로 226-16,"Ilmiyak is a premier destination in Mok-dong for an elevated Korean BBQ experience, specializing in pork. Their unique ""nuruk-fermented"" (누룩 발효) pork, particularly the neck (moksal - 목살) and skirt meat (gabrisal - 가브리살), boasts a deep, rich flavor profile that redefines the pork experience. Complement your meal with their popular grilled deodeok (더덕구이) and hearty sulbap (술밥) for a truly authentic taste of Mok-dong's culinary scene.","일미락은 목동에서 특별한 돼지고기 경험을 선사하는 최고의 장소입니다. 이곳의 시그니처 메뉴인 '누룩 발효' 돼지고기, 특히 목살과 가브리살은 깊고 풍부한 풍미로 돼지고기 경험을 재정의합니다. 인기 메뉴인 직화 더덕구이와 푸짐한 술밥을 곁들이면 목동의 진정한 맛을 제대로 느낄 수 있습니다."
blueribbon,진사향,서울특별시 구로구 새말로 20,Seoul,South Korea,RIBBON_ONE,"중식, 일반중식",,02-2229-5507 ,,2026,,37.50199919273351,126.88335175195856,2026-02-17T22:29:33.775718+00:00,,,,진사향,서울특별시 구로구 새말로 20,"Located just a 3-minute walk from Guro Station, Jinsahyang is a Chinese restaurant that offers excellent value. They boast affordable prices, with a special event price for Jajangmyeon (짜장면) at 5,000 won and mini Tangsuyuk (탕수육) at 12,000 won. Their lunch course menus start at a very reasonable 15,900 won, making it a great option for a satisfying Chinese meal without breaking the bank. The restaurant provides a spacious dining area and private rooms, ideal for gatherings and company dinners.","구로역에서 도보 3분 거리에 위치한 진사향은 가성비 좋은 중식당입니다. 짜장면은 5,000원, 미니 탕수육은 12,000원이라는 특별 이벤트 가격으로 즐길 수 있으며, 런치 코스 메뉴는 15,900원부터 시작하여 합리적인 가격으로 푸짐한 중식을 맛볼 수 있습니다. 넓은 좌석과 룸이 마련되어 있어 외식이나 회식 장소로도 안성맞춤입니다."
blueribbon,J'ANTIQUE,서울특별시 서초구 서초대로64길 50,Seoul,South Korea,RIBBON_ONE,베이커리,,02-598-7600,,2026,,37.49345568764088,127.02114139054106,2026-02-17T22:29:33.775718+00:00,,,,장티크베이커리,서울특별시 서초구 서초대로64길 50,"J'ANTIQUE is a beloved neighborhood bakery in Seocho-gu, so popular that its signature breads sell out within hours of opening. It's recommended to visit early or utilize their convenient Naver reservation system to secure your favorites. This bakery is recognized by Blue Ribbon Survey and featured on ""The Master of Living,"" emphasizing their commitment to using naturally leavened sourdough and healthy ingredients, with a philosophy of same-day production and sales.","J'ANTIQUE는 서초구의 사랑받는 동네 빵집으로, 오픈 몇 시간 만에 시그니처 빵이 매진될 정도로 인기가 많습니다. 원하는 빵을 구매하려면 일찍 방문하거나 편리한 네이버 예약 시스템을 이용하는 것이 좋습니다. 이 빵집은 블루리본 서베이에 선정되었고 '생활의 달인'에도 소개되었으며, 천연 발효종과 건강한 재료를 사용하고 당일 생산, 당일 판매를 원칙으로 합니다."
blueribbon,조양관,서울특별시 서초구 서초대로74길 29,Seoul,South Korea,RIBBON_ONE,"한식(일반한식), 한정식",,02-3473-8181 ,,2026,,37.4949,127.0274,2026-02-17T22:29:33.775718+00:00,,,,조양관,서울특별시 서초구 서초대로74길 29,"Steeped in over 70 years of history, Joyanggwan offers a refined Hanjeongsik (한정식) experience in Gangnam. Each course is a work of art, showcasing fresh, seasonal ingredients prepared with a focus on their natural flavors. The subtle seasoning allows the quality of the premium ingredients to shine, resulting in dishes that are both delicious and comforting. With its private rooms and attentive service, Joyanggwan is an ideal choice for important gatherings like business dinners, family celebrations, or formal meetings with elders.","70년 이상의 역사를 자랑하는 조양관은 강남에서 정갈한 한정식 경험을 선사합니다. 코스 요리 하나하나가 신선한 제철 식재료를 활용한 예술 작품과 같으며, 재료 본연의 맛을 살린 섬세한 양념으로 맛과 멋을 모두 잡았습니다. 고급 식자재 본연의 풍미를 살린 담백하고 편안한 음식은 어른들의 입맛에도 잘 맞습니다. 모든 좌석이 프라이빗 룸으로 구성되어 있고 친절한 서비스 덕분에 비즈니스 미팅, 가족 모임, 상견례 등 중요한 식사 자리에 안성맞춤입니다."
blueribbon,Juilette,서울특별시 서초구 동광로 178,Seoul,South Korea,RIBBON_ONE,"디저트/스위트, 타르트",,02-535-4002 ,,2026,,37.493937,127.00103,2026-02-17T22:29:33.775718+00:00,,,,줄리에뜨,서울특별시 서초구 동광로 178,"Juilette offers a vibrant and lively atmosphere, perfect for a night out with friends. The space is known for its energetic vibe, making it a popular spot for those looking to unwind and enjoy good company. It's a place where the buzz of conversation and the clinking of glasses create a memorable experience.",줄리엣은 친구들과 함께 밤을 보내기에 완벽한 활기차고 생동감 넘치는 분위기를 선사합니다. 활기찬 분위기로 유명한 이곳은 긴장을 풀고 좋은 사람들과 함께 즐거운 시간을 보내고 싶은 사람들에게 인기 있는 장소입니다. 대화 소리와 잔 부딪히는 소리가 어우러져 잊을 수 없는 경험을 선사하는 곳입니다.
blueribbon,Giani's Napoli,서울특별시 강남구 논현로94길 15,Seoul,South Korea,RIBBON_ONE,"이탈리아식, 피자, 파스타",,02-566-0501,,2026,,37.502626,127.03754,2026-02-17T22:29:33.775718+00:00,,,,지아니스나폴리,서울특별시 강남구 논현로94길 15,"Step into Giani's Napoli in Cheongdam and be greeted by a warm, inviting ambiance, enhanced by soft yellow lighting and charming wall art that hints at the authentic Neapolitan pizza experience. The open kitchen, complete with a visible wood-fired oven, adds to the vibrant atmosphere. Don't miss their signature Gambari Crema (감베리크레마), a creamy, spicy pasta dish loaded with plump shrimp and mozzarella, which many patrons find themselves ordering repeatedly. The chewy, delightful pizza dough, a hallmark of their traditional Neapolitan style, is also a must-try, whether as a starter or on their pizzas like the fresh and flavorful Rucola Pesto (루꼴라패스토).","청담 지아니스 나폴리는 따뜻한 조명과 아기자기한 벽화로 아늑한 분위기를 선사하며, 활기찬 오픈 키친과 화덕이 시선을 사로잡습니다. 이곳의 시그니처 메뉴인 감베리 크레마(Gambari Crema)는 통통한 새우와 모짜렐라 치즈가 듬뿍 들어간 크리미하고 매콤한 파스타로, 많은 방문객들이 재주문할 만큼 인기가 높습니다. 쫄깃하고 맛있는 나폴리 피자 도우는 애피타이저로도, 신선하고 풍미 가득한 루꼴라 페스토(Rucola Pesto) 피자와 함께 즐기기에도 좋습니다."
blueribbon,장사랑,서울특별시 강남구 언주로165길 7-4,Seoul,South Korea,RIBBON_ONE,"한식(육류), 소불고기, 한식(일반한식), 일반한식, 곤드레밥",,02-546-9994 ,,2026,,37.52554,127.0323,2026-02-17T22:29:33.775718+00:00,,,,장사랑,서울특별시 강남구 언주로165길 7-4,"Nestled within I'm Park Mall, Jang Sarang is a spacious Korean restaurant perfect for family gatherings or a healthy meal. While the price point might be a bit higher, the quality and thoughtful preparation of dishes like the signature Dolsot Jeongseon Gondeure Bibimbap (돌솥 정선 곤드레 비빔밥) make it a worthwhile experience. The bibimbap, served piping hot in a stone pot, is flavorful without being overly spicy, and the accompanying banchan (side dishes) are perfectly balanced.","아이파크몰에 위치한 장사랑은 넓은 공간을 자랑하며 가족 모임이나 건강한 식사를 즐기기에 완벽한 한식당입니다. 가격대가 다소 높을 수 있지만, 시그니처 메뉴인 돌솥 정선 곤드레 비빔밥(Dolsot Jeongseon Gondeure Bibimbap)의 훌륭한 품질과 정성스러운 조리는 방문할 가치가 있습니다. 돌솥에 담겨 나오는 비빔밥은 너무 맵지 않으면서도 풍미가 좋으며, 함께 제공되는 밑반찬들도 완벽한 조화를 이룹니다."
blueribbon,주,서울특별시 서초구 동광로19길 16,Seoul,South Korea,RIBBON_ONE,"중식, 일반중식",,010-5836-3374,,2026,,37.49322,126.9893,2026-02-17T22:29:33.775718+00:00,,,,주,서울특별시 서초구 동광로19길 16,"Spectrum at the Fairmont Ambassador Seoul offers a luxurious buffet experience with a wide array of meticulously prepared dishes. The carving station is a highlight, featuring succulent Peking duck (북경오리), crispy samgyeopsal (삼겹살), and tender chashu (차슈), all expertly sliced and served with a variety of condiments. Fresh sashimi (회), grilled lobster, and eel (장어구이) are also standout options, alongside a well-rounded Korean section with namul (나물) and various banchan (반찬).

The ambiance is sophisticated and ideal for special occasions or a lavish meal. Diners can expect attentive service, with staff readily available to assist with carving and serving. The sheer variety ensures something for every palate, from rich grilled meats like lamb ribs (양갈비구이) and beef sirloin (채끝등심구이) to comforting Korean staples and international favorites. It's a feast for the senses, promising a memorable culinary journey.","페어몬트 앰배서더 서울의 스펙트럼은 정성스럽게 준비된 다채로운 요리를 선보이는 고급 뷔페 경험을 선사합니다. 특히 북경오리, 크리스피 삼겹살, 차슈 등은 전문 직원이 직접 먹기 좋게 썰어주며 다양한 소스와 곁들여 먹을 수 있어 인기가 많습니다. 신선한 회와 랍스터, 장어구이도 빼놓을 수 없는 메뉴이며, 나물과 여러 반찬을 갖춘 한식 코너도 충실하게 준비되어 있습니다.

고급스러운 분위기는 특별한 날이나 푸짐한 식사를 즐기기에 완벽합니다. 직원들의 세심한 서비스와 함께 요리를 즐길 수 있으며, 양갈비구이, 채끝등심구이와 같은 육류 요리부터 든든한 한식과 세계 각국의 요리까지 모든 입맛을 만족시킬 수 있는 다양한 선택지가 있습니다. 감각적인 미식 여행을 약속하는 곳입니다."
blueribbon,임진강민물장어,서울특별시 강서구 양천로 723,Seoul,South Korea,RIBBON_ONE,"한식(민물어패류), 장어",,02-3663-7900 ,,2026,,37.54946,126.8763,2026-02-17T22:29:33.775718+00:00,,,,임진강민물장어,서울특별시 강서구 양천로 723,"A long-standing institution since 2012, Imjingang Minmul Jang-eo (임진강민물장어) is a beloved spot for grilled freshwater eel (minmul jang-eo, 민물장어). The restaurant boasts a 40-year tradition, offering a focused menu where the salt-grilled eel shines. The atmosphere is welcoming and spacious, with many families and elders frequenting the establishment, signaling its status as a true local gem. Expect attentive service, with staff expertly grilling the eel to perfection right at your table.","2012년부터 블루리본으로 선정된 임진강민물장어는 40년 전통의 민물장어 구이 전문점입니다. 이곳은 단일 메뉴에 집중하여 소금구이로 장어 본연의 맛을 살리는 것에 중점을 둡니다. 넓고 쾌적한 매장 내부는 가족 단위 손님과 어르신들이 많이 찾아 맛집임을 증명하며, 테이블마다 능숙하게 장어를 구워주는 서비스는 식사의 즐거움을 더합니다."
blueribbon,yido cheongdam,서울특별시 강남구 도산대로 445,Seoul,South Korea,RIBBON_ONE,이탈리아식,,0507-1382-2143,,2026,,37.5243352600843,127.044788076146,2026-02-17T22:29:33.775718+00:00,,,,이도청담,서울특별시 강남구 도산대로 445,"Yido Cheongdam is a hidden gem in Seoul's upscale Cheongdam district, offering a dining experience that blends culinary art with exquisite ceramics. The restaurant's ambiance is sophisticated and romantic, enhanced by beautiful pottery displays and soft lighting, making it an ideal spot for special occasions and memorable dates. Guests can explore a curated collection of pottery before their meal, setting the stage for a visually and gastronomically delightful experience.","서울의 고급스러운 청담 지역에 숨겨진 보석 같은 곳, 이도청담은 훌륭한 도자기와 요리의 예술을 결합한 다이닝 경험을 선사합니다. 레스토랑의 분위기는 세련되고 로맨틱하며, 아름다운 도자기 전시와 은은한 조명이 특별한 날과 기억에 남을 데이트를 위한 이상적인 장소로 만들어 줍니다. 식사 전에 엄선된 도자기 컬렉션을 감상하며 시각적으로나 미식적으로나 즐거운 경험을 준비할 수 있습니다."
blueribbon,이봉,서울특별시 강남구 테헤란로98길 28,Seoul,South Korea,RIBBON_ONE,"한식(육류), 소고기구이",,02-561-0132,,2026,,37.5065396188048,127.06280753409,2026-02-17T22:29:33.775718+00:00,,,,이봉,서울특별시 강남구 테헤란로98길 28,"Step back in time at this historically significant site, once the resting place of Crown Prince Sado (사도세자) under the name Yeong-u-won (영우원). While the original location is now occupied by Samyuk Seoul Hospital, a marker on Baebongsan Mountain (배봉산) hints at its former presence. This spot offers a unique glimpse into the evolving nomenclature of royal tombs, a fascinating aspect of Korean history.","영우원(영우원)이라는 이름으로 사도세자(사도세자)의 안식처였던 역사적으로 의미 있는 장소를 만나보세요. 원래 위치는 현재 삼육서울병원 부지에 자리하고 있지만, 배봉산(배봉산)에 세워진 표석이 그 옛터를 알려줍니다. 이곳은 한국 역사에서 왕릉 명칭의 변화를 엿볼 수 있는 독특한 기회를 제공합니다."
blueribbon,IKIKI,서울특별시 양천구 목동동로14길 10,Seoul,South Korea,RIBBON_ONE,"일식, 일식우동",,070-4759-0736,,2026,,37.5241845160433,126.87245802316,2026-02-17T22:29:33.775718+00:00,,,,이키이키,서울특별시 양천구 목동동로14길 10,"IKIKI is a vibrant pop-up event space that draws crowds eager for unique camping gear and design collaborations. While the main draw for many was the limited Natal Design collection, the event also featured a curated selection of other brands, including Helinox and In Out. The atmosphere buzzed with excitement, despite the summer heat, as attendees navigated the popular items and sought out exclusive finds like the stylish flag, bags, and shades that IKIKI is known for.","IKIKI는 독특한 캠핑 장비와 디자인 협업을 원하는 인파를 끌어들이는 활기찬 팝업 이벤트 공간입니다. 많은 사람들에게 주요 볼거리는 한정판 Natal Design 컬렉션이었지만, 이벤트에는 Helinox와 In Out을 포함한 엄선된 다른 브랜드들도 선보였습니다. 참석자들이 인기 상품을 둘러보고 IKIKI가 자랑하는 스타일리시한 플래그, 가방, 쉐이드와 같은 특별한 상품을 찾는 동안, 여름 더위에도 불구하고 분위기는 흥분으로 가득 찼습니다."
blueribbon,wootender,서울특별시 강남구 압구정로42길 25-10,Seoul,South Korea,RIBBON_ONE,"한식(육류), 소고기구이",,0507-1419-8588,,2026,,37.526957,127.03578,2026-02-17T22:29:33.775718+00:00,,,,우텐더,서울특별시 강남구 압구정로42길 25-10,"Wootender is a high-end Hanwoo (한우) destination in Apgujeong, perfect for special occasions. While the service can be a bit hands-off, the star of the show is undoubtedly the premium beef. The special tenderloin (특안심) is a must-try, cooked to perfection by the staff for an additional fee. Don't miss the incredible katsusando (카츠산도), a dish so delicious it warrants a return visit on its own.","압구정의 고급 한우 맛집 우텐더는 특별한 날을 기념하기에 완벽한 장소입니다. 서비스는 다소 직접적이지 않을 수 있지만, 이곳의 진정한 주인공은 단연 최고급 한우입니다. 추가 비용을 지불하면 직원들이 완벽하게 구워주는 특안심은 꼭 맛봐야 할 메뉴입니다. 특히, 재방문 의사를 100% 불러일으킬 만큼 맛있는 카츠산도(카츠산도)는 놓치지 마세요."
blueribbon,Bakery YUL,서울특별시 강동구 양재대로103길 43,Seoul,South Korea,RIBBON_ONE,베이커리,,0507-1351-1867,,2026,,37.5333584448635,127.135449331754,2026-02-17T22:29:33.775718+00:00,,,,율베이커리,서울특별시 강동구 양재대로103길 43,"Nestled in the heart of Gangdong-gu, YUL Bakery (율베이커리) is a charming neighborhood gem recognized by the Blue Ribbon Survey. Its unique exterior, featuring an interior design inspired by the bakery's initial 'Y', draws you in. Inside, you'll find a delightful array of breads, from the hearty Fig Rye (무화과 호밀) packed with figs, cranberries, and walnuts, to the popular Cranberry Tiger (크랜베리 타이거), a Dutch-style bread made with rice flour and loaded with cranberries and walnuts. Don't miss their signature Baguette Sandwich (바게트 샌드위치), a flavorful creation with salami and a hint of spice, or the perfectly textured Ciabatta (치아바타), ideal for dipping or as a sandwich base.","강동구 중심부에 자리한 율베이커리(YUL Bakery)는 블루리본 서베이가 인정한 매력적인 동네 빵집입니다. 베이커리의 첫 글자 'Y'에서 영감을 받은 독특한 외관과 인테리어가 시선을 사로잡습니다. 안으로 들어서면 무화과, 크랜베리, 호두가 듬뿍 들어간 푸짐한 무화과 호밀빵부터 쌀가루로 만든 인기 메뉴 크랜베리 타이거(크랜베리 타이거)까지, 다채로운 빵들을 만나볼 수 있습니다. 짭짤한 살라미와 약간의 매콤함이 조화로운 시그니처 바게트 샌드위치(바게트 샌드위치)나, 딥핑 또는 샌드위치 베이스로 완벽한 식감의 치아바타(치아바타)도 놓치지 마세요."
blueribbon,이도곰탕,서울특별시 강남구 논현로94길 29-5,Seoul,South Korea,RIBBON_ONE,"한식(탕/국/찌개/전골), 곰탕",,02-569-0524 ,,2026,,37.50335158488171,127.03843409410236,2026-02-17T22:29:33.775718+00:00,,,,이도곰탕,서울특별시 강남구 논현로94길 29-5,"Nestled near the GS Art Center, this restaurant offers a comforting and traditional dining experience, perfect for a warm meal before or after a show. The ambiance is serene, with a touch of analog charm from its wooden staircase, making it a welcoming spot even for solo diners. The establishment prides itself on a legacy of culinary tradition, passed down through three generations from a recipe by a Korean medicine doctor ancestor.",GS 아트센터 근처에 자리한 이도곰탕은 공연 전후 따뜻한 식사를 즐기기에 완벽한 전통적인 맛집입니다. 나무 계단이 주는 아날로그 감성과 차분한 분위기는 혼밥족도 편안하게 식사할 수 있는 아늑한 공간을 선사합니다. 이곳은 한의사였던 조상의 비법을 3대째 이어온다는 자부심으로 깊은 맛의 전통을 지켜나가고 있습니다.
blueribbon,이조보쌈,서울특별시 영등포구 당산로 244,Seoul,South Korea,RIBBON_ONE,"한식(육류), 보쌈",,02-2671-3257 ,,2026,,37.53493,126.9031,2026-02-17T22:29:33.775718+00:00,,,,이조보쌈,서울특별시 영등포구 당산로 244,"This beloved spot in Dangsan is a must-visit for anyone craving perfectly tender and moist bossam (보쌈). The star of the show is the succulent pork, complemented by a spicy and crunchy radish kimchi (무말랭이) that strikes a delightful balance. Served with a flavorful doenjang jjigae (된장찌개) or cheonggukjang (청국장), it's a comforting and satisfying meal that appeals to all palates, even those who prefer lean meat.",당산의 이조보쌈은 촉촉하고 부드러운 보쌈(bossam)을 맛볼 수 있는 최고의 장소입니다. 이곳의 시그니처 메뉴인 야들야들한 돼지고기는 매콤하고 아삭한 무말랭이(radish kimchi)와 환상적인 조화를 이룹니다. 구수한 된장찌개(doenjang jjigae) 또는 청국장(cheonggukjang)과 함께 제공되는 이 음식은 살코기를 선호하는 사람들에게도 만족감을 선사하는 편안하고 든든한 식사입니다.
blueribbon,운봉산장,서울특별시 동작구 장승배기로 118-1,Seoul,South Korea,RIBBON_ONE,"한식(육류), 양고기",,02-815-2850 ,,2026,,37.50805,126.9404,2026-02-17T22:29:33.775718+00:00,,,,운봉산장,서울특별시 동작구 장승배기로 118-1,"Step into Yangdaesanmaek, a hip spot with a warm, inviting ambiance reminiscent of a stylish cafe. This restaurant is making waves for its exceptional lamb rib suyuk (양갈비 수육), a dish praised for its incredibly tender and melt-in-your-mouth texture. The accompanying side dishes, like the Yeosu-style gat-kimchi (갓김치) and house-made pickled garlic scapes, perfectly complement the rich flavors of the suyuk, creating a truly memorable dining experience. Don't miss out on their unique dipping sauce, a savory blend that elevates every bite.",힙한 감성의 카페 같은 따뜻한 분위기의 양대산맥은 부드러운 식감의 양갈비 수육(양갈비 수육)으로 큰 인기를 얻고 있습니다. 특히 여수 갓김치(갓김치)와 직접 담근 마늘쫑 장아찌 같은 곁들임 찬들은 수육의 풍미를 한층 더 끌어올리며 잊을 수 없는 미식 경험을 선사합니다. 이곳만의 특별한 소스는 풍성한 맛의 조화를 완성하는 비결입니다.
blueribbon,원조호수삼계탕,서울특별시 영등포구 도림로 276,Seoul,South Korea,RIBBON_ONE,"한식(가금류), 삼계탕",,02-848-2440 ,,2026,,37.502647972871,126.904373139824,2026-02-17T22:29:33.775718+00:00,,,,원조호수삼계탕,서울특별시 영등포구 도림로 276,"Step into a unique dining space that feels like a collection of interconnected rooms, offering ample seating. A standout feature is the self-serve bar stocked with whole cucumbers, spicy green peppers (cheongyang-gochu, 청양고추), and their signature gochujang (고추장). This special gochujang is a must-try, boasting a perfectly balanced sweet and spicy flavor with a delightful texture, ideal for dipping the fresh vegetables. The restaurant's specialty, Samgyetang (삼계탕), is a rich, thick soup made with perilla seeds (deulkkae, 들깨) and glutinous rice flour, creating a uniquely hearty and creamy broth. The chicken itself is incredibly tender, falling apart with the slightest touch, and is filled with savory glutinous rice.","여러 채의 집이 이어진 듯한 독특한 공간에서 넉넉한 좌석을 갖추고 있습니다. 이곳의 하이라이트는 통오이, 청양고추, 그리고 시그니처 고추장(Gochujang, 고추장)이 준비된 셀프바입니다. 이 특별한 고추장은 신선한 채소를 찍어 먹기에 완벽한, 달콤하고 매콤한 맛의 조화와 기분 좋은 질감을 자랑합니다. 이곳의 메인 메뉴인 삼계탕(Samgyetang, 삼계탕)은 들깨(Deulkkae, 들깨)와 찹쌀가루로 만든 걸쭉하고 진한 국물이 특징으로, 독특하게 푸짐하고 크리미한 육수를 선사합니다. 닭고기는 놀랍도록 부드러워 젓가락만 대도 쉽게 분리되며, 고소한 찹쌀밥이 속을 채우고 있습니다."
blueribbon,원강,서울특별시 강남구 학동로6길 16,Seoul,South Korea,RIBBON_ONE,"한식(육류), 소고기구이, 소불고기, 육사시미",,02-3445-1518 ,,2026,,37.51076,127.0239,2026-02-17T22:29:33.775718+00:00,,,,원강,서울특별시 강남구 학동로6길 16,"This cozy spot near Nonhyeon Station is a local favorite, especially for lunch. While known for its grilled meats, the real stars are the hearty rice dishes. The signature mu-bap (무밥), a radish rice bowl, is a must-try, featuring tender radish and savory bits of meat, served with delicious side dishes like tofu and radish greens. It's a comforting and satisfying meal that leaves you feeling full but not heavy.","논현역 근처에 위치한 이 아늑한 곳은 현지인들이 즐겨 찾는 맛집으로, 특히 점심 식사로 인기가 많습니다. 고기 메뉴로도 유명하지만, 이곳의 진정한 별미는 푸짐한 밥 요리입니다. 시그니처 메뉴인 무밥은 부드러운 무와 맛있는 고기 조각이 어우러져 있으며, 두부 조림과 시래기 조림 같은 맛있는 반찬과 함께 제공됩니다. 든든하면서도 속이 편안한 식사를 즐길 수 있습니다."
blueribbon,Washoku Yein,서울특별시 강남구 도산대로49길 30,Seoul,South Korea,RIBBON_ONE,"일식, 가이세키",,02-517-6900,,2026,,37.5248993947056,127.037212059306,2026-02-17T22:29:33.775718+00:00,,,,와쇼쿠예인,서울특별시 강남구 도산대로49길 30,,
blueribbon,온유월식당,서울특별시 서초구 신반포로 177,Seoul,South Korea,RIBBON_ONE,"한식(육류), 돼지고기구이",,02-534-3608,,2026,,37.5060995475667,127.003407328203,2026-02-17T22:29:33.775718+00:00,,,,온유월식당,서울특별시 서초구 신반포로 177,"Located conveniently near Express Bus Terminal Station, On-yu-wol Sikdang is a must-visit for pork aficionados. This eatery proudly serves pork that has received the prestigious Presidential Award, a testament to its exceptional quality. The Duroc pork, aged using a special low-temperature technique and HACCP certified, boasts a rich, savory flavor that sets it apart from ordinary samgyeopsal (삼겹살). The thick-cut pork belly, or ogyeopsal (오겹살), is a visual and culinary delight, with distinct layers of fat and meat that grill to perfection, offering a deeply satisfying, non-greasy taste.

Beyond the star pork, the restaurant offers unique side dishes. Don't miss the Muk-eunji Yukhoe Guksu (묵은지 육회 국수), a refreshing cold noodle dish with aged kimchi and beef tartare. While the self-serve seasonal greens like spring cabbage (bomdong, 봄동) are a nice touch, be sure to check the self-bar as instructions aren't always explicit. The clean, straightforward interior provides a comfortable setting to savor these high-quality dishes, making it a standout dining experience.","고속터미널역 근처에 위치한 온유월식당은 돼지고기 애호가라면 꼭 방문해야 할 곳입니다. 이 식당은 국내 최초 대통령상 수상이라는 명성에 걸맞은 최상급 돼지고기를 자랑합니다. 저온 특허 숙성 방식으로 관리되고 HACCP 인증까지 받은 듀록 돼지고기는 일반 삼겹살과는 차별화되는 깊고 고소한 풍미를 선사합니다. 두툼하게 썰어낸 오겹살은 지방과 살코기의 선명한 층으로 시각적인 즐거움을 더하며, 직접 구워 먹는 재미와 함께 완벽하게 익혀져 느끼함 없이 깊은 맛을 음미할 수 있습니다.

대표 메뉴인 돼지고기 외에도 묵은지와 육회가 어우러진 별미, 묵은지 육회 국수를 맛볼 수 있습니다. 봄동과 같은 제철 나물은 셀프바에서 이용 가능하지만, 안내가 명확하지 않을 수 있으니 직접 확인하는 것이 좋습니다. 깔끔하고 정돈된 내부는 이러한 고품질의 요리를 편안하게 즐길 수 있는 환경을 제공하며, 특별한 미식 경험을 선사합니다."
blueribbon,Onyva,서울특별시 강남구 도산대로75길 15,Seoul,South Korea,RIBBON_ONE,"프랑스식, 바, 와인바",,02-516-3352,,2026,,37.5251927478858,127.045718384766,2026-02-17T22:29:33.775718+00:00,,,,오니바,서울특별시 강남구 도산대로75길 15,"Nestled in the alleys of Apgujeong Rodeo, Onyva offers a refined dining experience helmed by Chef Park Jin-yong, known for his collaborations with Chef Lee Ha-seong of ""Black & White Chefs 2."" The tasting menu is a journey of delicate flavors and textures, starting with a standout Tofu Puree with Yam, Sweet Shrimp, Lotus Root, and Kelp Powder, praised for its exquisite balance and contrasting textures. Another highlight is the perfectly cooked Tilefish (Okdom, 옥돔) served with a unique Seaweed (Maesaengi, 매생이) oil sauce, offering a fresh take on seafood dishes.","압구정 로데오 골목에 자리한 오니바는 '흑백요리사2'의 이하성 셰프와 협업으로 알려진 박진용 셰프가 이끄는 섬세한 미식 경험을 선사합니다. 테이스팅 메뉴는 부드러운 식감과 섬세한 맛의 여정으로, 특히 마, 단새우, 연근, 다시마 가루를 곁들인 순두부 퓨레는 뛰어난 균형감과 대비되는 식감으로 극찬을 받았습니다. 또 다른 하이라이트는 완벽하게 조리된 옥돔으로, 독특한 매생이 오일 소스와 함께 제공되어 해산물 요리에 신선한 감각을 더합니다."
blueribbon,Oak Restaurant & Bar,서울특별시 강남구 테헤란로87길 46,Seoul,South Korea,RIBBON_ONE,"기타, 양식",,02-3466-7277,,2026,,37.5109823973192,127.058205573267,2026-02-17T22:29:33.775718+00:00,,,,오크레스토랑,서울특별시 강남구 테헤란로87길 46,"Oak Room at the Millennium Hilton Seoul offers a sophisticated buffet experience, perfect for year-end gatherings. The ambiance is elevated, setting it apart from typical buffet restaurants, with a central bar ideal for evening drinks. Guests can enjoy a wide array of dishes, from comforting pumpkin porridge (호박죽) and fresh salads with smoked salmon to made-to-order pasta and a selection of grilled meats like roast beef (로스트 비프) and lamb.","밀레니엄 서울 힐튼 호텔의 오크룸은 연말 모임에 완벽한 고급 뷔페 경험을 제공합니다. 일반적인 뷔페 식당과는 차별화된 세련된 분위기를 자랑하며, 중앙의 바는 저녁 음료를 즐기기에 이상적입니다. 따뜻한 호박죽(호박죽)과 훈제 연어가 곁들여진 신선한 샐러드부터 즉석에서 만들어주는 파스타, 그리고 로스트 비프(로스트 비프)와 양고기 구이 등 다양한 육류 요리까지 폭넓은 메뉴를 즐길 수 있습니다."
blueribbon,우정양곱창,서울특별시 강남구 도산대로30길 23,Seoul,South Korea,RIBBON_ONE,"한식(육류), 소곱창, 소양대창",,02-6083-5830,,2026,,37.51843321067631,127.03010733587352,2026-02-17T22:29:33.775718+00:00,,,,우정양곱창,서울특별시 강남구 도산대로30길 23,"Nestled near Hakdong Station, Woojung Yang Gopchang offers a refined take on Korean barbecue, standing out with its clean and upscale ambiance unlike typical eateries. It's a popular spot, often bustling with patrons, so arriving early or during off-peak hours is recommended to snag a table. The restaurant is recognized for its quality, consistently earning a Blue Ribbon award since 2023, and features a comfortable, well-maintained interior with square tables perfect for dining.","학동역 근처에 자리한 우정양곱창은 일반적인 식당과는 다른 깔끔하고 고급스러운 분위기를 자랑하며 한국식 바비큐를 세련되게 제공합니다. 이곳은 늘 손님들로 붐비는 인기 있는 장소이므로, 자리를 잡으려면 일찍 도착하거나 한가한 시간에 방문하는 것이 좋습니다. 2023년부터 꾸준히 블루리본 어워드를 수상하며 품질을 인정받았으며, 쾌적하게 관리된 내부와 식사하기 편안한 사각형 테이블이 마련되어 있습니다."
blueribbon,우가,서울특별시 강남구 도산대로49길 22,Seoul,South Korea,RIBBON_ONE,"한식(육류), 소고기구이",,02-6272-2223 ,,2026,,37.524327,127.037348,2026-02-17T22:29:33.775718+00:00,,,,우가,서울특별시 강남구 도산대로49길 22,"Step into W.GaNa, a premier Hanwoo Omakase experience often lauded as one of Seoul's top three. This intimate, reservation-only establishment offers a sophisticated ambiance with soft music, perfect for a refined evening. While the menu features a delicate dance of premium Korean beef (Hanwoo) and seasonal seafood, the star of the show is undoubtedly the exquisite Hanwoo, particularly the tenderloin (Ansim, 안심) and ribeye (Kkotdeungsim, 꽃등심), often elevated with luxurious toppings like caviar and paired with aromatic wild pine mushrooms (Jayeonsan Songi, 자연산 송이).","서울 3대 한우 오마카세로 손꼽히는 W.가나에서 특별한 미식 경험을 즐겨보세요. 은은한 음악이 흐르는 세련된 공간은 예약제로 운영되며, 고급스러운 분위기 속에서 최상급 한우와 제철 해산물의 조화를 맛볼 수 있습니다. 특히, 캐비어와 곁들여지는 안심(Ansim, 안심)과 꽃등심(Kkotdeungsim, 꽃등심)은 풍부한 육즙과 깊은 풍미를 자랑하며, 향긋한 자연산 송이(Jayeonsan Songi, 자연산 송이)와 함께 제공되어 최고의 만족감을 선사합니다."
blueribbon,The Original Pancake House,서울특별시 강남구 강남대로162길 41,Seoul,South Korea,RIBBON_ONE,"베이커리, 팬케이크, 미국식",,02-511-7481 ,,2026,,37.52098,127.0216,2026-02-17T22:29:33.775718+00:00,,,,오리지널팬케이크하우스,서울특별시 강남구 강남대로162길 41,"Step into The Original Pancake House, a beloved American diner that has been serving classic breakfast and dinner since 1953. Located near Seoul's vibrant Gwanghwamun and Cheonggyecheon areas, it's a perfect spot for a leisurely brunch with friends. The ambiance is cozy, filled with charming decor, and the menu boasts a wide array of options beyond their famous pancakes, including crepes, omelets, and waffles.

Don't miss their signature Apple Pancakes (애플 팬케이크), generously topped with caramelized apples and a hint of cinnamon, or the rich Egg Benedict with Gouda Cheese Pancakes (에그 베네딕트 고다 치즈 팬케이크). The Taco Salad (타코 샐러드) is also a popular choice, though be mindful of the cilantro in the dressing. With free coffee refills, it's an ideal place to linger and catch up.","1953년부터 클래식한 아침 식사와 저녁 식사를 제공해 온 사랑받는 미국식 다이너, 오리지널 팬케이크 하우스에 오신 것을 환영합니다. 서울의 활기찬 광화문 및 청계천 지역 근처에 위치한 이곳은 친구들과 여유로운 브런치를 즐기기에 완벽한 장소입니다. 아늑한 분위기와 매력적인 장식으로 가득하며, 메뉴는 유명한 팬케이크 외에도 크레페, 오믈렛, 와플 등 다양한 옵션을 자랑합니다.

캐러멜라이즈된 사과와 시나몬 향이 풍부하게 올라간 시그니처 애플 팬케이크(Apple Pancakes)나 고다 치즈 팬케이크와 함께 나오는 풍부한 에그 베네딕트(Egg Benedict with Gouda Cheese Pancakes)를 놓치지 마세요. 타코 샐러드(Taco Salad)도 인기 있는 메뉴이지만, 드레싱에 들어가는 고수를 주의하세요. 무료 커피 리필과 함께라면 담소를 나누며 오래 머물기에 이상적인 장소입니다."
blueribbon,Oasis,서울특별시 강남구 도산대로55길 20,Seoul,South Korea,RIBBON_ONE,"호주식, 호주식브런치, 기타, 브런치카페",,02-548-8859,,2026,,37.52475,127.0406,2026-02-17T22:29:33.775718+00:00,,,,오아시스,서울특별시 강남구 도산대로55길 20,"Nestled within the Seoul Botanic Park, Oasis is a tranquil haven perfect for a refreshing break after exploring the grounds. The cafe's interior seamlessly blends with the natural surroundings, featuring lush greenery that creates a calm and organized atmosphere. With ample seating, including long communal tables ideal for families or groups, and a convenient kiosk ordering system, Oasis offers a comfortable and efficient experience. Don't miss their signature Strawberry Latte (딸기라떼), a smooth and pleasantly sweet drink, or their delicious cookies, perfect for pairing with a balanced Americano (아메리카노) to reset your palate.","서울식물원 안에 자리한 오아시스는 산책 후 잠시 쉬어가기 좋은 고요한 안식처입니다. 카페 내부는 주변 자연과 완벽하게 조화를 이루며, 싱그러운 녹음이 차분하고 정돈된 분위기를 자아냅니다. 넉넉한 좌석 공간, 특히 가족이나 단체 방문객에게 이상적인 긴 테이블과 편리한 키오스크 주문 시스템을 갖춘 오아시스는 편안하고 효율적인 경험을 선사합니다. 부드럽고 기분 좋게 달콤한 시그니처 메뉴인 딸기라떼와 입안을 깔끔하게 정리해 줄 밸런스 좋은 아메리카노(Americano)와 곁들이기 좋은 맛있는 쿠키를 놓치지 마세요."
blueribbon,영의정,서울특별시 영등포구 국제금융로 72,Seoul,South Korea,RIBBON_ONE,"한식(일반한식), 한정식",,02-761-0236,,2026,,37.52106,126.9309,2026-02-17T22:29:33.775718+00:00,,,,영의정,서울특별시 영등포구 국제금융로 72,"Nestled in Yeouido, Yeonguijeong is a hidden gem offering a refined Hanjeongsik (한정식) experience. This restaurant is perfectly suited for business meetings or company dinners, thanks to its private room (룸) seating. The ambiance is clean and spacious, with comfortable floor seating that allows for extended stays without discomfort. The service is prompt and efficient, ensuring a smooth dining experience from start to finish.","여의도에 숨겨진 보석 같은 영의정은 정갈한 한정식 경험을 선사합니다. 룸(private room) 좌석 덕분에 비즈니스 미팅이나 회식 장소로 완벽하며, 깔끔하고 넓은 공간과 편안한 좌식 좌석은 오랜 시간 편안하게 머물 수 있도록 합니다. 신속하고 효율적인 서비스는 처음부터 끝까지 원활한 식사 경험을 보장합니다."
blueribbon,와라쿠,서울특별시 강남구 압구정로4길 13-7,Seoul,South Korea,RIBBON_ONE,"일식주점, 쿠시야키",,02-517-2292 ,,2026,,37.5221,127.0207,2026-02-17T22:29:33.775718+00:00,,,,와라쿠,서울특별시 강남구 압구정로4길 13-7,"Waraku is a distinguished kushiyaki (꼬치구이) specialist, recognized for its authentic Japanese skewers crafted with high-quality ingredients. This spacious establishment offers a refined yet comfortable atmosphere, perfect for enjoying a variety of grilled delights alongside drinks. The menu features expertly prepared yakitori (야키토리) and tsukune (츠쿠네), showcasing a delightful balance of seasoning and tender textures that make for a memorable dining experience.","와라쿠는 최고급 재료로 만든 정통 일본식 꼬치구이(쿠시야키) 전문점으로, 세련되면서도 편안한 분위기에서 다양한 구이 요리를 즐길 수 있는 곳입니다. 전문적으로 준비된 야키토리(닭꼬치)와 츠쿠네(닭고기 완자 꼬치)는 양념과 부드러운 식감의 완벽한 조화를 선보이며 기억에 남는 미식 경험을 선사합니다."
blueribbon,Obaltan,서울특별시 송파구 위례성대로 206,Seoul,South Korea,RIBBON_ONE,"한식(육류), 소양대창",,02-404-0090 ,,2026,,37.50907,127.1334,2026-02-17T22:29:33.775718+00:00,,,,오발탄,서울특별시 송파구 위례성대로 206,"Obaltan offers a clean and satisfying grilled beef tripe (yang-gopchang, 양곱창) experience. The star of the show is the signature grilled beef intestines (daechang, 대창), praised for its chewy exterior and tender, melt-in-your-mouth interior. While the portions might seem a bit small for the price, the exceptional texture and flavor of the grilled tripe and intestines, often served with grilled diaphragm (yeomtong, 염통), make it a memorable meal. The restaurant also serves refreshing cold buckwheat noodles (hoenaengmyeon, 회냉면) and a savory soybean paste stew (doenjang jjigae, 된장찌개) to round off your meal.","오발탄은 깔끔하고 만족스러운 양곱창 구이 경험을 선사합니다. 이곳의 시그니처 메뉴인 한우 대창 구이는 쫄깃한 겉과 부드럽고 입안에서 녹는 듯한 속살로 찬사를 받습니다. 가격 대비 양이 조금 적어 보일 수 있지만, 구운 양과 대창의 뛰어난 식감과 풍미는 염통 구이와 함께 제공되어 잊을 수 없는 식사를 선사합니다. 식사 후에는 시원한 회냉면과 구수한 된장찌개로 입가심을 할 수 있습니다."
blueribbon,ENTIQUE PATISSERIE,서울특별시 서초구 서초중앙로20길 14,Seoul,South Korea,RIBBON_ONE,"디저트/스위트, 디저트전문점",,02-587-2253,,2026,,37.4921769463951,127.014842256086,2026-02-17T22:29:33.775718+00:00,,,,앙띠크파티세리,서울특별시 서초구 서초중앙로20길 14,"Stumble upon Entique Pâtisserie, a charming cafe born from the concept of a small shop selling luxurious gifts. This spot is a delightful discovery, offering a curated selection of meticulously crafted baked goods and desserts. From classic madeleines and financiers to more elaborate creations like the pistachio tart, each item is presented with an elegant simplicity that matches the cafe's clean and inviting interior.","고급스러운 선물을 파는 작은 가게라는 콘셉트에서 탄생한 매력적인 카페, 앙띠끄 파티세리를 우연히 발견해 보세요. 이곳은 정갈하게 만들어진 구움과자와 디저트들을 선보이는 즐거운 발견입니다. 클래식한 마들렌과 휘낭시에부터 피스타치오 타르트와 같은 좀 더 정교한 디저트까지, 모든 메뉴는 카페의 깔끔하고 매력적인 인테리어와 어울리는 우아한 단순함으로 제공됩니다."
blueribbon,A.N.OTHER,서울특별시 강남구 학동로 313,Seoul,South Korea,RIBBON_ONE,"카페/커피/티, 커피전문점",,02-515-1935,,2026,,37.5162618583468,127.037439201501,2026-02-17T22:29:33.775718+00:00,,,,에이엔아더,서울특별시 강남구 학동로 313,"Nestled near Gangnam-gu Office Station, A.N.OTHER is a stylish cafe with an open, airy feel, thanks to its large windows that connect the interior with the bustling street. It's a great spot to enjoy a coffee while people-watching. The cafe offers a modern ordering experience via a kiosk and features a chic bar seating area alongside a few indoor tables.","강남구청역 근처에 자리한 A.N.OTHER는 통창 덕분에 내부와 거리가 자연스럽게 연결되는 세련된 카페입니다. 길거리 풍경을 감상하며 커피를 즐기기 좋은 곳이죠. 키오스크를 통한 현대적인 주문 방식과 함께, 안쪽의 테이블 좌석 외에도 바 좌석이 마련되어 있습니다."
blueribbon,안남,서울특별시 강남구 언주로 118,Seoul,South Korea,RIBBON_ONE,아시아식,,02-571-9412,,2026,,37.4869159664401,127.051855548139,2026-02-17T22:29:33.775718+00:00,,,,안남,서울특별시 강남구 언주로 118,"Nestled near Seoul Samsung Hospital, Annnam offers a bustling Vietnamese dining experience, popular with local office workers during lunch. While the entrance might be a bit tricky to find, the well-organized system with a dedicated host ensures a smooth seating process, even during peak hours. The menu features clear photos, making it easy to choose from a variety of pho, fried rice, and noodle dishes, with set menus also available.","서울삼성병원 근처에 위치한 안남은 점심시간에 직장인들로 붐비는 활기찬 베트남 음식점입니다. 입구를 찾기 어려울 수 있지만, 전담 직원이 있어 피크 타임에도 원활한 좌석 안내를 받을 수 있습니다. 메뉴판에는 사진이 잘 나와 있어 쌀국수, 볶음밥, 볶음면 등 다양한 요리를 쉽게 고를 수 있으며, 세트 메뉴도 준비되어 있습니다."
blueribbon,Epanoui,서울특별시 강남구 선릉로146길 33,Seoul,South Korea,RIBBON_ONE,프랑스식,,02-548-2020 ,,2026,,37.5218581526673,127.042543826804,2026-02-17T22:29:33.775718+00:00,,,,에빠뉘,서울특별시 강남구 선릉로146길 33,"Epanoui offers a bright and airy French dining experience, perfect for special occasions. The space is bathed in natural light, with art adorning the walls, creating a cheerful ambiance. While the menu is set, guests can choose to add a signature main. The wine list is extensive, featuring a wide selection of French wines, with options for glasses or carafes of house wine. Standout dishes include the scallop quenelle, a flavorful gambas crustacéen, and the crispy-crusted salmon. The highly recommended lobster main, though noted as potentially salty, pairs wonderfully with wine, and the 72-hour slow-cooked beef bourguignon is a rich, satisfying choice.","에빠뉘는 특별한 날에 어울리는 밝고 화사한 프렌치 다이닝 경험을 선사합니다. 자연광이 가득 들어오는 공간에는 예술 작품이 걸려 있어 즐거운 분위기를 자아냅니다. 단품 메뉴는 정해져 있지만, 시그니처 메인 요리를 추가할 수 있습니다. 와인 리스트는 프랑스 와인을 중심으로 다양하게 준비되어 있으며, 글라스 또는 카라페로 하우스 와인을 즐길 수 있습니다. 가리비 관자 끄넬, 풍미 가득한 감바스 크루스티앙, 바삭한 크러스트의 연어 요리가 인상적입니다. 많은 추천을 받은 랍스터 메인 요리는 다소 짤 수 있다는 평이 있지만, 와인과 훌륭한 궁합을 자랑하며, 72시간 저온 조리한 비프 부르기뇽은 풍부하고 만족스러운 선택입니다."
blueribbon,ENSEMBLE,서울특별시 강동구 양재대로147길 5,Seoul,South Korea,RIBBON_ONE,프랑스식,,02-441-9451,,2026,,37.552187608984575,127.14368312591536,2026-02-17T22:29:33.775718+00:00,,,,앙상블,서울특별시 강동구 양재대로147길 5,"ENSEMBLE is a captivating exhibition that explores the coexistence of diverse selves through the works of four artists with distinct artistic languages and cultural backgrounds. The show delves into the intricate processes of self-creation and deconstruction, weaving together sensations, memories, spaces, images, relationships, and imagination. The intentional arrangement of artworks creates a harmonious yet subtly tense dialogue, inviting viewers to contemplate the dynamic interplay between different entities.

The exhibition features Antoine Carbonne's innovative approach to painting, where his frescoes and site-specific works transcend traditional mediums by occupying entire spaces and telling stories. He experiments with imbuing traditional still lifes, inspired by Joseon Dynasty paintings, with a sense of movement, creating a disorienting yet engaging experience. Sophie Varin's intimate canvases meticulously build narratives that capture the complex emotions and potential tensions within social relationships, leaving viewers in a state of thoughtful ambiguity.","ENSEMBLE은 네 명의 작가가 각기 다른 예술적 언어와 문화적 배경을 바탕으로 다채로운 자아들의 공존을 탐구하는 매혹적인 전시입니다. 감각, 기억, 공간, 이미지, 관계, 상상력의 흐름 속에서 자아가 생성되고 해체되는 복잡한 과정을 섬세하게 그려냅니다. 작품들의 의도된 배치는 조화로우면서도 미묘한 긴장감을 자아내며, 서로 다른 존재들의 역동적인 상호작용을 통해 관객들에게 깊은 성찰을 유도합니다.

전시에서는 앙투안 카르본(Antoine Carbonne) 작가가 회화의 영역을 넘어 공간 전체를 아우르며 스토리를 풀어내는 혁신적인 방식을 선보입니다. 그는 조선 시대 회화에서 영감을 받은 정물에 움직임을 부여하는 실험을 통해, 관객에게 혼란스러우면서도 몰입감 있는 경험을 선사합니다. 소피 바랭(Sophie Varin) 작가는 친밀한 캔버스에 사회적 관계 속 복합적인 감정과 잠재적 긴장감을 섬세하게 포착한 서사를 담아내며, 관객을 사유의 여백 속에 머물게 합니다."
blueribbon,어성일식,서울특별시 강남구 언주로 843,Seoul,South Korea,RIBBON_ONE,"일식, 스시",,02-3442-6686,,2026,,37.52573778252187,127.03294753291888,2026-02-17T22:29:33.775718+00:00,,,,어성일식,서울특별시 강남구 언주로 843,"Securing a reservation at Eoseong Ilsik (어성일식) is a challenge, but the experience is well worth the effort. This popular omakase spot buzzes with activity, operating on a timed reservation system, so arriving early is recommended. While the counter seats offer a dynamic dining experience, the private rooms provide a more intimate and undisturbed meal, perfect for family gatherings. The sashimi omakase, served as a beautifully plated course, showcases incredibly fresh and high-quality fish, with even those who don't typically favor tuna impressed by its vibrant color and taste. Each dish is a delightful surprise, consistently exceeding expectations and leaving diners thoroughly satisfied.","어성일식(Eoseong Ilsik)의 예약은 어렵지만, 그 경험은 충분히 노력할 가치가 있습니다. 이 인기 오마카세 전문점은 예약제로 운영되며 늘 활기가 넘치므로 일찍 도착하는 것이 좋습니다. 카운터 좌석은 역동적인 식사 경험을 제공하지만, 개별 룸은 가족 모임에 완벽한 더욱 친밀하고 방해받지 않는 식사를 제공합니다. 아름답게 플레이팅된 코스로 제공되는 사시미 오마카세는 놀랍도록 신선하고 품질 좋은 생선을 선보이며, 평소 참치를 즐겨 먹지 않는 사람조차도 그 선명한 색감과 맛에 감탄하게 만듭니다. 모든 요리는 즐거운 놀라움이며, 꾸준히 기대를 뛰어넘어 손님들에게 깊은 만족감을 선사합니다."
blueribbon,OUR bakery,서울특별시 강남구 도산대로45길 10-11,Seoul,South Korea,RIBBON_ONE,베이커리,,02-545-5556,,2026,,37.52354898537393,127.03688332564025,2026-02-17T22:29:33.775718+00:00,,,,아우어베이커리,서울특별시 강남구 도산대로45길 10-11,"This cozy bakery near Bangbae Station is a delightful spot for a sweet treat. The interior is intimate, offering a warm atmosphere perfect for enjoying a pastry. Don't miss their signature ""Dirty Choco"" (더티초코), a rich chocolate pastry with a moist and soft interior, and the popular ""Double Cheese"" (더블치즈). They also offer a variety of other tempting baked goods and cakes, making it a great place to grab a bite or a takeaway treat.","방배역 근처의 이 아늑한 베이커리는 달콤한 간식을 즐기기에 완벽한 장소입니다. 아담한 내부는 따뜻한 분위기를 선사하며, 이곳에서 빵을 즐기기에 좋습니다. 이곳의 시그니처 메뉴인 진한 초콜릿 맛의 ""더티초코""와 인기 메뉴인 ""더블치즈""를 놓치지 마세요. 다양한 종류의 맛있는 빵과 케이크도 준비되어 있어, 간단히 식사를 하거나 포장해 가기에도 좋은 곳입니다."
blueribbon,암사민물장어,서울특별시 강동구 고덕로 33,Seoul,South Korea,RIBBON_ONE,"한식(민물어패류), 장어",,0507-1492-2256,,2026,,37.55496,127.129,2026-02-17T22:29:33.775718+00:00,,,,암사민물장어,서울특별시 강동구 고덕로 33,"This long-standing eel restaurant, operating since 1990, offers a taste of tradition and quality. Conveniently located near Amsa Station and easily accessible by car with complimentary valet parking, it's a perfect spot for family outings. The atmosphere is lively yet comfortable, especially by the windows offering a sense of openness. They pride themselves on using only fresh, domestic freshwater eels, offering three flavors: salt-grilled, soy-glazed, and spicy gochujang.","1990년부터 영업해 온 이 오랜 장어 전문점은 전통과 품질의 맛을 선사합니다. 암사역 근처에 편리하게 위치해 있으며, 무료 발렛파킹 서비스까지 제공되어 자가용으로도 쉽게 방문할 수 있어 가족 외식에 완벽한 장소입니다. 창가 좌석은 탁 트인 개방감을 선사하며, 활기차면서도 편안한 분위기를 자랑합니다. 이곳은 신선한 국내산 민물장어만을 고집하며, 소금구이, 간장, 고추장 세 가지 맛으로 즐길 수 있습니다."
blueribbon,Unknown diner,서울특별시 강남구 논현로28길 42,Seoul,South Korea,RIBBON_ONE,이탈리아식,,02-573-6672 ,,2026,,37.48414,127.0455,2026-02-17T22:29:33.775718+00:00,,,,언노운다이너,서울특별시 강남구 논현로28길 42,"Tucked away in a quiet residential area near Maebong Station in Dogok-dong, Unknown Diner is a hidden gem that lives up to its name. Don't let its unassuming exterior fool you; this Italian restaurant surprises with its exceptional food, ambiance, and wine list. The owner-chef's dedication to fundamental flavors shines through, with dishes that prioritize quality ingredients and well-executed recipes over flashy presentations. The basil pesto pasta with macadamia nuts is a standout, perfectly cooked and harmoniously balanced.","도곡동 매봉역 인근 주택가에 조용히 숨겨진 언노운 다이너는 이름처럼 숨겨진 보석 같은 이탈리안 레스토랑입니다. 소박한 외관에 속지 마세요. 이곳은 음식, 분위기, 와인 리스트 모두에서 놀라움을 선사합니다. 오너 셰프의 기본에 충실한 맛에 대한 열정은 화려한 기교보다는 신선한 재료와 훌륭한 레시피를 통해 빛을 발합니다. 특히 마카다미아를 곁들인 바질 페스토 파스타는 완벽하게 삶아진 면과 바질 향, 올리브 오일의 조화가 일품입니다."
blueribbon,여의도따로국밥,서울특별시 영등포구 여의대방로69길 28,Seoul,South Korea,RIBBON_ONE,"한식(탕/국/찌개/전골), 소고기국밥, 한식(육류), 수육",,02-782-0047 ,,2026,,37.52143,126.9302,2026-02-17T22:29:33.775718+00:00,,,,여의도따로국밥,서울특별시 영등포구 여의대방로69길 28,"This Yeouido institution offers a nostalgic dining experience, with its interior showing decades of history. It's a no-frills spot, often frequented by taxi drivers, serving up a signature 'ttaro gukbap' (따로국밥) that arrives piping hot and fast. The broth is clear and refreshing, perfect for a hearty meal, though the beef can be a bit on the tougher side, which some find part of its unique charm. 

While the menu has simplified over the years, focusing on its core offerings like the 'ttaro gukbap' and 'dolpan suyuk' (돌판수육), the restaurant maintains a loyal following. It's a place that evokes childhood memories for some and offers a comforting, familiar taste amidst the bustling Yeouido district.","이 여의도 맛집은 수십 년의 역사를 간직한 인테리어와 함께 향수를 불러일으키는 식사 경험을 선사합니다. 택시 기사님들이 자주 찾는 소박한 곳으로, 시그니처 메뉴인 '따로국밥'은 뜨겁고 빠르게 제공됩니다. 맑고 시원한 국물은 든든한 식사에 완벽하며, 소고기는 다소 질길 수 있지만 이것이 독특한 매력이라고 느끼는 사람들도 있습니다.

메뉴는 시간이 지남에 따라 간소화되어 '따로국밥'과 '돌판수육'과 같은 핵심 메뉴에 집중하고 있지만, 이 식당은 꾸준히 단골을 확보하고 있습니다. 이곳은 어린 시절의 추억을 떠올리게 하는 곳이자, 번화한 여의도 지역 속에서 편안하고 익숙한 맛을 제공하는 곳입니다."
blueribbon,여수오동도,서울특별시 강남구 삼성로71길 7,Seoul,South Korea,RIBBON_ONE,"한식(어패류), 갯장어, 생선회",,02-557-0039,,2026,,37.502091,127.0583,2026-02-17T22:29:33.775718+00:00,,,,여수오동도,서울특별시 강남구 삼성로71길 7,"Oedongdo Island offers a refreshing escape with its scenic walking paths and stunning ocean views. Visitors can choose to stroll along the picturesque breakwater, rent a bicycle for a leisurely ride, or hop on the charming Dongbaek train (동백열차) for a convenient journey. The island is a popular spot for families and couples, providing a relaxing atmosphere perfect for enjoying the natural beauty and even catching a beautiful sunrise (해돋이).","오동도는 아름다운 바다 풍경과 함께 산책하기 좋은 곳입니다. 방문객들은 그림 같은 방파제를 따라 걷거나, 자전거를 대여하거나, 동백열차(동백열차)를 타고 편리하게 섬을 둘러볼 수 있습니다. 가족 및 커플에게 인기 있는 장소로, 자연의 아름다움을 만끽하고 아름다운 해돋이(해돋이)를 감상하기에 완벽한 휴식처를 제공합니다."
blueribbon,양마니,서울특별시 영등포구 국회대로74길 20,Seoul,South Korea,RIBBON_ONE,"한식(육류), 소곱창, 소고기구이",,02-761-9282,,2026,,37.5296057693694,126.921553019468,2026-02-17T22:29:33.775718+00:00,,,,양마니,서울특별시 영등포구 국회대로74길 20,"Yangmani Kalguksu is a cozy, welcoming spot perfect for a warm bowl of noodles, especially on a chilly day. This popular eatery is known for its handmade noodles, with a generous portion of delicious perilla seed kalguksu (들깨 칼국수) that's rich and nutty. Don't miss out on their tender and flavorful suyuk (수육), which is a must-try alongside their hearty noodle dishes. The friendly service and the complimentary boribap (보리밥) add to the comforting, home-style dining experience.","양마니칼국수는 쌀쌀한 날씨에 따끈한 면 요리를 즐기기 좋은 아늑하고 정겨운 곳입니다. 직접 뽑은 면으로 만든 칼국수가 인기이며, 특히 고소하고 진한 들깨 칼국수(들깨 칼국수)는 푸짐한 양으로 제공됩니다. 부드럽고 풍미 가득한 수육(수육)도 놓치지 마세요. 친절한 서비스와 함께 제공되는 보리밥(보리밥)은 집밥 같은 편안한 식사 경험을 더해줍니다."
blueribbon,스시스즈메,서울특별시 강남구 언주로174길 22,Seoul,South Korea,RIBBON_ONE,"일식, 스시",,0507-1417-1274,,2026,,37.5280787785618,127.035694162854,2026-02-17T22:29:33.775718+00:00,,,,스시스즈메,서울특별시 강남구 언주로174길 22,"Sushi Suzume, helmed by Chef Choi Sang-hoon of Sushi Uto fame, offers an exquisite omakase experience in Apgujeong. The intimate, 8-seat counter provides a cozy atmosphere perfect for special occasions. Diners rave about the exceptional quality of ingredients, from pristine akami and fatty tuna to expertly prepared appetizers like sea eel (unagi, 장어) and a rich monkfish liver (ankimo, 아귀간) that melts in your mouth. The generous portions and the chef's skillful, attentive service make for a truly memorable meal.","스시우토 출신 최상훈 셰프가 이끄는 스시스즈메는 압구정에 위치한 훌륭한 오마카세 경험을 선사합니다. 8석의 아늑한 카운터는 특별한 날을 위한 완벽한 분위기를 자아냅니다. 신선한 아카미와 도로부터 입안에서 녹는 장어구이, 풍미 가득한 아귀간까지, 최상급 재료와 셰프의 능숙하고 세심한 서비스는 잊을 수 없는 식사를 보장합니다. 넉넉한 양 또한 만족도를 높이는 요소입니다."
blueribbon,스시사,서울특별시 강남구 도산대로101길 28,Seoul,South Korea,RIBBON_ONE,"일식, 스시",,010-7287-7768,,2026,,37.5265388376347,127.053461008336,2026-02-17T22:29:33.775718+00:00,,,,스시사,서울특별시 강남구 도산대로101길 28,"SUSHISA offers a unique omakase experience, with a surprisingly comfortable atmosphere that deviates from the typical hinoki wood counter. The attentive staff immediately noticed and accommodated a left-handed diner's seating preference, showcasing exceptional service. The meal began with an impressive array of otsumami (appetizers), including abalone, sea bass, and a standout tuna belly cut called sunazuri (스나즈리). The sushi course continued with exquisite pieces like red seabream (붉바리), scallop, and a rich uni (우니) from Hokkaido, culminating in a celebratory sea urchin dish prepared as miyeokguk (미역국) for a birthday.

The dining journey at SUSHISA is described as a continuous flow of deliciousness, leaving guests feeling delighted and deeply satisfied. The presentation is artistic, with even the restroom featuring striking decor. The meal is punctuated by creative dishes like a high-end corn chip and a refreshing seaweed salad. The experience is rounded off with a beautiful, edible cake and a palate-cleansing watermelon sorbet, making for a truly memorable and happy occasion.","스시사는 일반적인 편백나무 카운터와는 다른, 의외로 편안한 분위기의 독특한 오마카세 경험을 선사합니다. 세심한 직원들은 왼손잡이 손님의 좌석 선호도를 즉시 파악하고 맞춰주며 뛰어난 서비스를 보여주었습니다. 식사는 전복, 농어, 그리고 특별한 참다랑어 뱃살 부위인 스나즈리(스나즈리)를 포함한 인상적인 츠마미(애피타이저)로 시작되었습니다. 스시 코스는 붉바리, 가리비, 그리고 홋카이도의 풍부한 우니(우니)와 같은 훌륭한 조각들로 이어졌으며, 생일을 축하하기 위한 미역국(미역국)으로 준비된 성게알 요리로 절정을 이루었습니다.

스시사에서의 다이닝 여정은 맛의 끊임없는 흐름으로 묘사되며, 손님들은 즐겁고 깊은 만족감을 느낍니다. 화장실조차 인상적인 장식으로 꾸며져 있을 정도로 프레젠테이션은 예술적입니다. 식사는 하이엔드 콘칩과 상큼한 해초 샐러드와 같은 창의적인 요리로 punctuated됩니다. 식사는 아름답고 먹을 수 있는 케이크와 입맛을 돋우는 수박 셔벗으로 마무리되어 진정으로 기억에 남고 행복한 경험을 선사합니다."
blueribbon,시라카와,서울특별시 강남구 선릉로161길 7,Seoul,South Korea,RIBBON_ONE,"일식, 덴푸라",,070-4115-4769,,2026,,37.526968302491305,127.03962276267627,2026-02-17T22:29:33.775718+00:00,,,,시라카와,서울특별시 강남구 선릉로161길 7,"Nestled in the heart of Apgujeong Rodeo, Shirakawa Tempura offers a casual izakaya (이자카야) experience with a focus on value-for-money tempura (텐푸라). While not strictly an omakase, their course menu provides a delightful array of dishes, including seven types of tempura, alongside other options like salads, sashimi, and udon (우동). The relaxed atmosphere makes it a great spot to enjoy a variety of Japanese-inspired small plates and expertly fried tempura.","압구정 로데오에 위치한 시라카와 텐푸라는 가성비 좋은 텐푸라(튀김)를 캐주얼한 이자카야(일본식 선술집) 분위기에서 즐길 수 있는 곳입니다. 정식 오마카세는 아니지만, 7가지 튀김을 포함한 코스 메뉴와 샐러드, 사시미, 우동(우동) 등 다양한 단품 요리를 맛볼 수 있습니다. 편안한 분위기 속에서 다채로운 일식 요리와 훌륭한 튀김을 즐기기에 안성맞춤입니다."
blueribbon,스시쇼우,서울특별시 서초구 사평대로22길 17,Seoul,South Korea,RIBBON_ONE,"일식, 스시",,02-595-4510,,2026,,37.49878070777355,126.99786942617622,2026-02-17T22:29:33.775718+00:00,,,,스시쇼우,서울특별시 서초구 사평대로22길 17,"Sushi Shouya offers an omakase-level experience with their 'pan sushi' (판초밥), a welcome addition to the Bangbae-dong dining scene. The intimate bar seating and attentive chef create a personalized atmosphere, reminiscent of a high-end sushi counter. They focus on using quality ingredients, with a special emphasis on aged fish and red vinegar rice (적초샤리), aiming for deep, savory flavors in every piece. The set menu includes a delightful chawanmushi (계란찜) with truffle oil and grated yam, followed by 14 pieces of expertly crafted sushi.","스시쇼우야는 방배동에 새로 생긴 맛집으로, 오마카세 수준의 '판초밥'을 선보입니다. 바 테이블 좌석과 셰프와의 소통은 마치 고급 스시 오마카세를 연상시키는 특별한 분위기를 선사합니다. 숙성된 생선과 적초샤리를 활용하여 깊고 감칠맛 나는 스시를 만드는 데 중점을 두고 있으며, 트러플 오일과 밤이 들어간 부드러운 계란찜(차완무시)으로 시작하여 14점의 정성스러운 스시가 제공됩니다."
blueribbon,SURIN,서울특별시 강남구 언주로164길 24,Seoul,South Korea,RIBBON_ONE,"한식(육류), 한우오마카세",,02-515-9220,,2026,,37.525289,127.035494,2026-02-17T22:29:33.775718+00:00,,,,수린,서울특별시 강남구 언주로164길 24,"SURIN Han Nam offers an elevated Korean beef (hanwoo, 한우) dining experience, perfect for special occasions and private gatherings. The restaurant boasts a sophisticated ambiance with private rooms, dim lighting, and luxurious interiors, making it an ideal spot for meetings, anniversaries, or intimate celebrations. The highlight is their premium 1++ Korean beef, meticulously prepared through a multi-course dinner that showcases the quality and flavor of each cut, from delicate yukhoe (육회) to a rich truffle sirloin rice (트러플 안심 솥밥).","수린 한남은 특별한 날이나 프라이빗한 모임을 위한 격조 높은 한우 다이닝 경험을 선사합니다. 고급스러운 인테리어와 은은한 조명이 돋보이는 프라이빗 룸은 미팅, 기념일, 혹은 소중한 사람들과의 오붓한 시간을 보내기에 완벽한 공간입니다. 최상급 1++ 한우를 엄선하여 육회(육회)부터 트러플 안심 솥밥(트러플 안심 솥밥)까지, 각 부위의 풍미를 극대화한 코스 요리는 감동 그 자체입니다."
blueribbon,Scopa The Chef,서울특별시 강남구 도산대로89길 13,Seoul,South Korea,RIBBON_ONE,이탈리아식,,070-8828-7717,,2026,,37.52552,127.0507,2026-02-17T22:29:33.775718+00:00,,,,스코파더쉐프,서울특별시 강남구 도산대로89길 13,"Nestled on a quiet side street in Cheongdam-dong, Scopa The Chef has been a steadfast Italian dining destination since 2015. The restaurant offers a surprisingly open and airy ambiance despite its modest size, enhanced by elegant white tablecloths and fresh flowers – a touch often reserved for fine dining. It's an ideal spot for enjoying Italian cuisine casually, whether for a wine gathering or a relaxed meal with friends. Their unique corkage policy, offering free corkage for bottles ordered from their own wine list, makes it a favorite for wine enthusiasts.

The menu features a delightful array of Italian dishes, with a particular reputation for their pasta. Diners can expect expertly prepared plates, from a refreshing fig, apple, and green grape salad to a rich octopus and shrimp dish over potato puree. The grilled chicken leg is a standout, and the Italian-style beef tartare offers a unique twist. The experience is rounded out with perfectly cooked steaks, making Scopa The Chef a well-rounded choice for a memorable Italian dining experience.","청담동의 조용한 이면도로에 자리한 스코파 더 쉐프는 2015년부터 꾸준히 사랑받아온 이탈리안 레스토랑입니다. 아담한 규모에도 불구하고 탁 트인 개방감을 선사하며, 고급 레스토랑에서나 볼 법한 하얀 테이블보와 생화 장식이 특별함을 더합니다. 캐주얼하게 이탈리안 음식을 즐기기에 완벽한 장소로, 와인 모임은 물론 편안한 식사를 원하는 이들에게도 안성맞춤입니다. 특히, 업장 와인 주문 시 코르키지 프리 혜택을 제공하는 독특한 정책은 와인 애호가들에게 큰 매력으로 다가옵니다.

이곳의 메뉴는 다채로운 이탈리안 요리로 구성되어 있으며, 특히 파스타로 유명합니다. 신선한 무화과, 사과, 청포도 샐러드부터 감자 퓨레 위에 올라간 문어와 새우 요리까지, 모든 요리가 정성스럽게 준비됩니다. 겉은 바삭하고 속은 촉촉한 닭다리 구이와 독특한 이탈리안 스타일 육회는 꼭 맛봐야 할 메뉴입니다. 완벽하게 조리된 스테이크까지 즐길 수 있어, 스코파 더 쉐프는 기억에 남을 만한 이탈리안 다이닝 경험을 선사합니다."
blueribbon,SWEETS PLANET,서울특별시 강남구 선릉로131길 23,Seoul,South Korea,RIBBON_ONE,"디저트/스위트, 디저트전문점",,02-541-0402 ,,2026,,37.51717,127.0391,2026-02-17T22:29:33.775718+00:00,,,,스위츠플래닛,서울특별시 강남구 선릉로131길 23,"This charming cafe, featured on the popular TV show 'Wednesday Food Talk' (수요미식회), offers a relaxed atmosphere perfect for a leisurely afternoon. While not overly crowded, it's a great spot to unwind. The menu highlights their signature roll cakes and éclairs, with popular items like the Earl Grey roll cake (홍차 롤) available at reasonable prices.","이 매력적인 카페는 인기 TV 프로그램 '수요미식회'에 소개된 곳으로, 여유로운 오후를 보내기에 완벽한 편안한 분위기를 선사합니다. 붐비지 않아 한가롭게 쉬어가기 좋습니다. 메뉴는 롤케이크와 에클레어가 대표적이며, 홍차 롤과 같은 인기 메뉴를 합리적인 가격으로 즐길 수 있습니다."
blueribbon,아나고야,서울특별시 강남구 강남대로124길 3-9,Seoul,South Korea,RIBBON_ONE,"한식(어패류), 해물, 생선회, 붕장어",,02-877-5391,,2026,,37.509286,127.022812,2026-02-17T22:29:33.775718+00:00,,,,아나고야,서울특별시 강남구 강남대로124길 3-9,"Step into a piece of history at Anagoya, the pioneer that sparked the beloved Anago Alley in Bisan-dong. This spot is renowned for its fresh, wild-caught sea eel (anago, 아나고), a delicacy that's never farmed. Whether you opt for the expertly prepared frozen cuts or the whole, live anago, the experience is a true taste of tradition. The grilled anago, perfectly cooked to retain its moisture, offers a tender and savory bite, with the innards providing a delightful chewy texture. Don't miss the chance to pair your meal with a refreshing glass of Dokdo Soju (독도 소주) and soak in the nostalgic atmosphere.","비산동의 명물 아나고 골목을 탄생시킨 원조, 아나고야에서 역사의 한 페이지를 경험해 보세요. 이곳은 양식이 불가능한 신선한 자연산 바다장어(아나고)로 유명합니다. 숙련된 솜씨로 손질된 냉동 아나고나 통째로 제공되는 활아나고 모두 전통의 맛을 제대로 느낄 수 있습니다. 수분을 머금도록 적절하게 구워낸 아나고는 부드럽고 풍미가 뛰어나며, 내장은 쫄깃하고 담백한 식감을 선사합니다. 시원한 독도 소주(독도 소주)와 함께 식사를 즐기며 향수를 불러일으키는 분위기에 흠뻑 빠져보세요."
blueribbon,스시선수,서울특별시 강남구 도산대로45길 6,Seoul,South Korea,RIBBON_ONE,"일식, 스시",,02-514-0812 ,,2026,,37.52283,127.0364,2026-02-17T22:29:33.775718+00:00,,,,스시선수,서울특별시 강남구 도산대로45길 6,"Nestled in the upscale Gangnam district, Sushi Seonsu (스시선수) offers a refined omakase experience helmed by Chef Choi Ji-hoon. Known for its appearance on ""Wednesday Food Relay"" and Michelin Guide recommendations, the restaurant excels at highlighting the natural flavors of premium ingredients. The lunch service, priced around ₩110,000-₩120,000, is particularly praised for its value, featuring expertly crafted sushi like flounder (광어), otoro (오도로), shima-aji (시마아지), and kinmedai (금태) served directly from the counter. The atmosphere is spacious and elegant, with valet parking available, making it a sophisticated choice for sushi aficionados.","강남의 고급스러운 지역에 자리한 스시선수(스시선수)는 최지훈 셰프가 이끄는 섬세한 오마카세 경험을 선사합니다. ""수요미식회"" 출연과 미쉐린 가이드 추천으로 유명한 이곳은 최상급 재료 본연의 맛을 살리는 데 탁월합니다. 특히 11~12만 원대의 런치 코스는 가성비가 뛰어나며, 광어, 오도로, 시마아지, 금태 등 다양한 스시를 카운터석에서 셰프가 직접 쥐어 제공합니다. 넓고 우아한 공간과 발렛파킹 서비스는 스시 애호가들에게 세련된 선택이 될 것입니다."
blueribbon,신기루황소곱창구이,서울특별시 관악구 관악로13길 25,Seoul,South Korea,RIBBON_ONE,"한식(육류), 소곱창",,02-887-5000,,2026,,37.479197,126.95068,2026-02-17T22:29:33.775718+00:00,,,,신기루황소곱창구이,서울특별시 관악구 관악로13길 25,"This popular spot near Seoul National University Station is a must-visit for its incredible value and lively atmosphere. Be prepared to queue, as word has gotten out about this gem! The signature modum gui (모듬구이), a generous platter of assorted grilled intestines, is a visual feast and a true testament to their commitment to quality ingredients. The complimentary sunji haejang-guk (선지해장국) or miyeok-guk (미역국) is a delicious bonus, and the banchan (반찬), especially the seasoned chives, are perfect for complementing the rich flavors of the grilled meats. 

Despite the bustling environment and occasional wait, the friendly service and the sheer deliciousness of the food make it all worthwhile. It's a place where you can truly savor authentic Korean grilled intestines without breaking the bank. Come early, grab a seat, and get ready for a memorable meal!","서울대입구역 근처의 이 인기 명소는 놀라운 가성비와 활기찬 분위기로 꼭 방문해야 할 곳입니다. 이 맛집에 대한 소문이 퍼지면서 줄을 서야 할 준비를 하세요! 다양한 구운 곱창 모듬인 시그니처 모듬구이(modum gui)는 시각적인 즐거움이며 신선한 재료에 대한 그들의 헌신을 진정으로 보여줍니다. 서비스로 제공되는 선지해장국(sunji haejang-guk) 또는 미역국(miyeok-guk)은 맛있는 보너스이며, 특히 양념된 부추를 포함한 반찬(banchan)은 구운 고기의 풍부한 풍미를 보완하기에 완벽합니다.

붐비는 환경과 때때로의 기다림에도 불구하고, 친절한 서비스와 음식의 순수한 맛은 그 모든 것을 가치 있게 만듭니다. 이곳은 부담 없이 진정한 한국식 구운 곱창을 맛볼 수 있는 곳입니다. 일찍 와서 자리를 잡고 기억에 남을 식사를 준비하세요!"
blueribbon,신사면옥,서울특별시 강남구 도산대로46길 11,Seoul,South Korea,RIBBON_ONE,"한식(면류), 비빔냉면, 한식(육류), 소고기구이",,02-518-7228,,2026,,37.52125,127.0366,2026-02-17T22:29:33.775718+00:00,,,,신사면옥,서울특별시 강남구 도산대로46길 11,"Nestled between Apgujeong Rodeo and Gangnam-gu Office stations, Sinsa Myeonok is a well-established spot that feels like a hidden gem. Despite its unassuming menu, the restaurant boasts a surprisingly diverse lunch selection, making it a fantastic choice for a midday meal. The spicy pork bulgogi (매운 제육 뚝배기) is a standout, packing a flavorful punch, while the unique cheddar cheese pork cutlet (치즈 돈까스 정식) offers a delightful twist on a classic. Don't miss the dumplings (만두) either – they're a perfect accompaniment to the hearty main dishes.","압구정로데오역과 강남구청역 사이에 위치한 신사면옥은 오랜 역사를 자랑하는 숨은 맛집 같은 곳입니다. 화려하지 않은 메뉴판에도 불구하고, 점심 식사 메뉴가 다양하여 든든한 점심 식사를 즐기기에 완벽한 장소입니다. 특히 매콤한 제육 뚝배기(매운 제육 뚝배기)는 입맛을 돋우는 맛이며, 체다 치즈가 들어간 독특한 치즈 돈까스(치즈 돈까스 정식)는 익숙한 메뉴에 신선한 반전을 선사합니다. 이곳의 만두(만두) 또한 놓칠 수 없는 별미이니, 든든한 메인 요리와 함께 꼭 맛보세요."
blueribbon,수정,서울특별시 영등포구 국제금융로7길 32,Seoul,South Korea,RIBBON_ONE,"한식(어패류), 생태탕",,02-784-4745,,2026,,37.5233085543086,126.933882068409,2026-02-17T22:29:33.775718+00:00,,,,수정,서울특별시 영등포구 국제금융로7길 32,"Seoul Sujeong Church in Yeongdeungpo is a place of profound spiritual reflection and community support. Visitors often find solace and renewed purpose through the powerful sermons, like the one emphasizing the ""go the extra mile"" (5리를 가라 하면 10리를 가라) principle. It's a welcoming space for those seeking comfort, strength, and a deeper connection to faith, especially during challenging times.","영등포에 위치한 서울수정교회는 깊은 영적 성찰과 공동체적 지지를 제공하는 장소입니다. 방문객들은 종종 ""5리를 가라 하면 10리를 가라""는 원칙을 강조하는 강력한 설교를 통해 위안과 새로운 목적의식을 발견합니다. 특히 어려운 시기에 위로, 힘, 그리고 신앙과의 더 깊은 연결을 찾는 이들에게 환영받는 공간입니다."
blueribbon,CHACONNE,서울특별시 강남구 논현로97길 23,Seoul,South Korea,RIBBON_ONE,프랑스식,,0507-1315-639,,2026,,37.5027377148747,127.033765382744,2026-02-17T22:29:33.775718+00:00,,,,샤콘느,서울특별시 강남구 논현로97길 23,"CHACONNE is a highly anticipated new restaurant helmed by Chef Shim Jeong-taek, who honed his skills at Michelin-starred establishments like Quintessence in Tokyo and Mosu Hong Kong. The tasting menu offers a journey through meticulously crafted dishes, starting with a warm, crispy-yet-fluffy fermented shiitake mushroom tart (pyogo tart, 표고 타르트) bursting with savory umami. Subsequent courses showcase a delightful interplay of textures and flavors, from a creamy tomato-watermelon gazpacho with grilled eggplant and sweet shrimp to tender scallops with green peas and a vibrant Timur pepper sauce. The culinary artistry continues with a sweetbread dish featuring mango salad and crispy cornflakes, followed by grilled hair-tail (gaetjangeo, 갯장어) with asparagus and a nuanced Parmigiano cheese sauce.","샤콘느(CHACONNE)는 도쿄 미슐랭 3스타 캉테상스(Quintessence)와 홍콩 모수(Mosu Hong Kong) 출신의 심정택 셰프가 새롭게 선보이는 레스토랑으로, 최근 가장 주목받고 있는 곳 중 하나입니다. 셰프의 섬세한 손길이 닿은 테이스팅 메뉴는 도착과 동시에 오븐에서 구워낸 따끈하고 바삭한 표고 타르트(pyogo tart, 표고 타르트)로 시작하여 깊은 풍미를 선사합니다. 이어지는 요리들은 구운 가지와 단새우를 곁들인 토마토-수박 가스파초의 크리미함, 그린피와 티무트 페퍼 소스를 곁들인 관자의 섬세한 조화 등 다채로운 식감과 맛의 향연을 펼쳐냅니다. 망고 샐러드와 바삭한 콘플레이크를 곁들인 스윗브레드, 그리고 아스파라거스와 파르마지아노 치즈 소스를 곁들인 직화 갯장어(gaetjangeo, 갯장어) 요리까지, 각 접시마다 셰프의 독창적인 예술성을 엿볼 수 있습니다."
blueribbon,SAGE & BUTTER,서울특별시 강남구 언주로157길 6,Seoul,South Korea,RIBBON_ONE,이탈리아식,,0507-1491-4123,,2026,,37.5239720541697,127.032419816463,2026-02-17T22:29:33.775718+00:00,,,,세이지앤버터,서울특별시 강남구 언주로157길 6,"Tucked away on a quiet side street in Gangnam, Sage & Butter offers a serene and intimate dining experience. The restaurant's ambiance is thoughtfully curated with soft, ambient lighting and elegant floral arrangements, creating a sophisticated yet cozy atmosphere. Each dish is presented like a work of art, with meticulous attention to color and plating, making for a visually stunning and delightful meal. 

The signature Lemon Shrimp Pasta (레몬 쉬림프 파스타) is a must-try, boasting a rich flavor profile centered around butter and herbs. The Fregola (프레골라), a unique pasta resembling risotto, is served with seasonal ingredients, offering a delightful textural contrast. Complement your meal with their seasonal salads and a selection of wines for a truly memorable culinary journey.","강남의 조용한 골목길에 자리한 세이지 앤 버터는 고요하고 아늑한 식사 경험을 선사합니다. 부드럽고 은은한 조명과 세련된 꽃 장식이 어우러져 고급스러우면서도 편안한 분위기를 자아냅니다. 모든 요리는 색감과 플레이팅에 세심한 주의를 기울여 예술 작품처럼 선보이며, 시각적으로도 즐거운 식사를 완성합니다.

버터와 허브를 중심으로 한 풍미가 인상적인 시그니처 메뉴인 레몬 쉬림프 파스타(Lemon Shrimp Pasta)는 꼭 맛봐야 할 메뉴입니다. 리조또와 비슷한 식감의 독특한 파스타인 프레골라(Fregola)는 제철 식재료와 함께 제공되어 다채로운 식감을 선사합니다. 계절 샐러드와 와인 셀렉션과 함께 곁들여 잊지 못할 미식 여행을 즐겨보세요."
blueribbon,상남스시,서울특별시 동작구 여의대방로24길 64,Seoul,South Korea,RIBBON_ONE,"일식, 스시",,02-822-3455,,2026,,37.4982007062265,126.923839026725,2026-02-17T22:29:33.775718+00:00,,,,상남스시,서울특별시 동작구 여의대방로24길 64,"Sangnam Sushi is a highly sought-after omakase spot, renowned for its exceptional value and consistently delivering a top-tier dining experience. It's a place that draws dedicated regulars, evidenced by the constant 'reservation wars' to secure a table. Despite long intervals between visits, the quality and overall experience remain unchanged, making it a reliable choice for a memorable meal.

The culinary journey begins with delicate tsumami (츠마미), including comforting abalone porridge (전복죽) and perfectly crisp shrimp balls (새우볼튀김). The nigiri (니기리) selection is where the magic truly happens, with standouts like the incredibly chewy rockfish (능성어), the refreshing sea bream (참돔) with a hint of yuzu, and the rich, melt-in-your-mouth mackerel (고등어). Each piece is a testament to the chef's skill, offering a balanced and flavorful progression that pairs wonderfully with sake.","상남스시는 뛰어난 가성비와 꾸준히 최상급 다이닝 경험을 선사하는 것으로 유명한 오마카세 명소입니다. 이곳은 예약 경쟁이 치열할 정도로 충성도 높은 단골들을 끌어들이는 곳입니다. 방문 간격이 길더라도 품질과 전반적인 경험은 변함없이 유지되어 기억에 남는 식사를 위한 믿음직한 선택이 됩니다.

요리의 여정은 편안한 전복죽과 완벽하게 바삭한 새우볼튀김을 포함한 섬세한 츠마미로 시작됩니다. 니기리 선택은 진정한 마법이 일어나는 곳으로, 특히 놀랍도록 쫄깃한 능성어, 유자향이 살짝 가미된 상큼한 참돔, 그리고 입안에서 녹아내리는 풍부한 고등어가 인상적입니다. 각 초밥은 셰프의 기술을 증명하며, 사케와 훌륭하게 어울리는 균형 잡히고 풍미 가득한 진행을 선사합니다."
blueribbon,Sunho Coffee,서울특별시 송파구 송이로2길 4,Seoul,South Korea,RIBBON_ONE,"카페/커피/티, 에스프레소바",,0507-1468-1465,,2026,,37.5040191892562,127.114496353632,2026-02-17T22:29:33.775718+00:00,,,,선호커피,서울특별시 송파구 송이로2길 4,"Sunho Coffee offers a unique and engaging coffee experience, especially during their special pop-up events. The atmosphere transforms into a captivating performance as baristas meticulously brew drip coffee (드립 커피), turning each cup into a show. Whether you're a regular or a first-time visitor, you'll appreciate the nuanced flavors of their carefully selected beans and the artistry behind each pour. It's a place where the simple act of enjoying coffee becomes a memorable event.","선호커피는 특별한 팝업 이벤트 기간 동안 독특하고 매력적인 커피 경험을 선사합니다. 바리스타들이 드립 커피(드립 커피)를 정성스럽게 추출하는 모습은 마치 한 편의 공연처럼 느껴지며 분위기를 사로잡습니다. 단골이든 처음 방문하는 사람이든, 엄선된 원두의 섬세한 맛과 각 잔에 담긴 예술성을 감상할 수 있습니다. 이곳은 커피를 마시는 단순한 행위가 기억에 남는 이벤트가 되는 곳입니다."
blueribbon,서평면옥,서울특별시 동작구 보라매로5길 15,Seoul,South Korea,RIBBON_ONE,"한식(면류), 평양냉면, 한식(육류), 수육, 한식(탕/국/찌개/전골), 어복쟁반",,02-3284-3677,,2026,,37.4921758625358,126.924271334879,2026-02-17T22:29:33.775718+00:00,,,,서평면옥,서울특별시 동작구 보라매로5길 15,"Seopyeon Myonok offers a refined dining experience, conveniently located near Boram-dong Hospital Station thanks to the new Sillim Line. The restaurant boasts a diverse menu, featuring both main dishes and an impressive array of side dishes (곁들임). A standout feature is the option to order side dishes in half portions, making it ideal for couples or smaller groups to sample a variety of flavors without overindulging. The subtle, refreshing kimchi and pickled radish are perfect accompaniments to their signature dishes.","서평면옥은 신림선 보라매병원역과 바로 연결되어 접근성이 매우 좋아진 곳입니다. 이곳은 다양한 식사 메뉴와 더불어 곁들임 메뉴가 풍성하게 준비되어 있습니다. 특히 곁들임 메뉴를 반 접시로도 주문할 수 있다는 점이 매력적인데, 두 명이라도 여러 가지 음식을 맛보고 싶은 이들에게 안성맞춤입니다. 슴슴한 평양냉면과 잘 어울리는 시원하고 아삭한 백김치와 맑은 무절임은 이곳의 또 다른 자랑거리입니다."
blueribbon,Sowoori Butcher Restaurant,서울특별시 송파구 오금로46길 20,Seoul,South Korea,RIBBON_ONE,"한식(육류), 소고기구이, 돼지고기구이",,02-3012-3342,,2026,,37.4957720180583,127.134972963035,2026-02-17T22:29:33.775718+00:00,,,,소우리정육점식당,서울특별시 송파구 오금로46길 20,,
blueribbon,서래오뎅,서울특별시 서초구 사평대로26길 22,Seoul,South Korea,RIBBON_ONE,"일식주점, 오뎅바",,02-591-5505,,2026,,37.4992525794113,126.998962639243,2026-02-17T22:29:33.775718+00:00,,,,서래오뎅,서울특별시 서초구 사평대로26길 22,"This cozy spot is a must-visit, especially as the weather cools. While it boasts an impressive odeng bar (오뎅바), don't overlook the other delicious dishes that make it a place you'll find yourself craving. The flat odeng (납작한 어묵) is highly recommended, and for a truly satisfying meal, the chicken skin skewers (닭껍질꼬치) and stir-fried chicken feet (닭발볶음) are absolute must-orders. Round off your experience with the seafood tteokbokki (해물떡볶이) or okonomiyaki (오코노미야끼), and finish with the bacon skewers (베이컨꼬치) that come with tomatoes, a surprisingly delightful way to end the meal.","날씨가 쌀쌀해질수록 더욱 생각나는 아늑한 곳입니다. 훌륭한 오뎅바(오뎅바)를 자랑하지만, 이곳을 계속 찾게 만드는 다른 맛있는 요리들도 놓치지 마세요. 납작한 어묵(납작한 어묵)을 추천하며, 진정한 만족감을 선사하는 닭껍질꼬치(닭껍질꼬치)와 닭발볶음(닭발볶음)은 꼭 주문해야 할 메뉴입니다. 해물떡볶이(해물떡볶이)나 오코노미야끼(오코노미야끼)로 식사를 마무리하고, 의외로 즐거운 식사의 마무리를 선사하는 토마토가 곁들여진 베이컨꼬치(베이컨꼬치)로 마무리하는 것을 추천합니다."
blueribbon,Sulnoon,서울특별시 서초구 서초대로46길 20-7,Seoul,South Korea,RIBBON_ONE,"한식(면류), 평양냉면",,02-6959-9339,,2026,,37.49123348932432,127.00976980121769,2026-02-17T22:29:33.775718+00:00,,,,설눈,서울특별시 서초구 서초대로46길 20-7,"Sulnoon (설눈) offers a taste of authentic Pyongyang-style naengmyeon (냉면), a dish reminiscent of the flavors found at Pyongyang's Koryo Hotel. The restaurant is run by a mother-daughter duo, with the mother drawing on her experience at the Koryo Hotel to recreate the traditional recipes. Their signature naengmyeon features noodles made from buckwheat flour from Bongpyeong, mixed with potato starch, and a rich, clear broth simmered for 8 hours with beef, pork, and chicken, then aged for a day. The dish is generously topped with over ten ingredients, including egg garnish, beef, pork, chicken, pickled radish, and cucumber, creating a deep flavor and dark noodle color.","설눈(Sulnoon)은 평양 고려호텔의 맛을 떠올리게 하는 정통 평양식 냉면(naengmyeon)을 맛볼 수 있는 곳입니다. 이곳은 평양 고려호텔에서의 경험을 바탕으로 전통 레시피를 재현하는 모녀가 운영하고 있습니다. 시그니처 냉면은 봉평 메밀가루와 감자 전분을 섞어 만든 면과, 소고기, 돼지고기, 닭고기를 8시간 동안 끓여 기름기와 찌꺼기를 걸러낸 후 하루 숙성시킨 깊고 맑은 육수가 특징입니다. 10가지가 넘는 고명이 넉넉하게 올라가 진한 맛과 짙은 면 색깔을 자랑합니다."
blueribbon,서백자간장게장,서울특별시 강남구 삼성로 542,Seoul,South Korea,RIBBON_ONE,"한식(어패류), 게장",,02-552-2254,,2026,,37.5102187627967,127.05527375054,2026-02-17T22:29:33.775718+00:00,,,,서백자간장게장,서울특별시 강남구 삼성로 542,"Nestled near Samseong Station, Seobaekja Ganjang Gejang is a celebrated spot for those seeking the finest soy-marinated crabs (ganjang gejang - 간장게장). This restaurant, recognized in the Blue Ribbon Survey, is known for its incredibly fresh, plump crabs brimming with roe, offering a savory and non-fishy taste that even seasoned connoisseurs rave about. The generous portions, with pre-scored crab legs for easy eating and a treasure trove of roe in the shells, make for a truly satisfying experience. It's a perfect destination for a hearty meal, especially during the autumn crab season, and its elegant ambiance with private rooms makes it ideal for business dinners and gatherings.","삼성역 인근에 자리한 서백자 간장게장은 최고의 간장게장을 맛볼 수 있는 곳으로 명성이 자자합니다. 블루리본 서베이에 등재된 이 식당은 신선하고 통통한 꽃게에 알이 가득 차 있어 비린 맛 없이 감칠맛 나는 맛으로 미식가들의 찬사를 받고 있습니다. 먹기 편하게 손질된 게 다리와 속이 꽉 찬 게딱지는 진정한 만족감을 선사합니다. 특히 가을 꽃게철에 든든한 식사를 하기에 완벽하며, 일반 홀과 룸이 마련되어 있어 비즈니스 식사나 모임 장소로도 손색이 없습니다."
blueribbon,삼일정육식당,서울특별시 서초구 언남17길 14,Seoul,South Korea,RIBBON_ONE,"한식(육류), 소고기구이, 돼지불고기, 돼지고기구이",,02-576-8592,,2026,,37.4758882227788,127.045346573447,2026-02-17T22:29:33.775718+00:00,,,,삼일정육식당,서울특별시 서초구 언남17길 14,"Nestled near Yangjaecheon Stream, Samil Meat Restaurant (삼일정육식당) is a popular spot for both high-quality Korean beef (hanwoo, 한우) and flavorful grilled pork bulgogi (돼지불백). The spacious interior makes it an ideal location for group dinners and company gatherings, with an open kitchen ensuring transparency and a self-serve bar offering unlimited fresh greens. Expect a premium dining experience with excellent cuts like sirloin (deungsim, 등심) and beef brisket (chadolbagi, 차돌박이), known for their superior quality and taste.","양재천 근처에 자리한 삼일정육식당은 신선한 한우와 맛있는 돼지불백으로 유명한 곳입니다. 넓은 실내는 단체 회식 장소로 안성맞춤이며, 오픈 주방으로 위생 걱정을 덜 수 있습니다. 신선한 쌈 채소를 무제한으로 즐길 수 있는 셀프바도 마련되어 있습니다. 등심, 차돌박이 등 최상급 한우 부위를 맛볼 수 있으며, 뛰어난 품질과 맛으로 만족스러운 식사를 경험할 수 있습니다."
blueribbon,삼성원조양곱창,서울특별시 강남구 학동로101길 7,Seoul,South Korea,RIBBON_ONE,"한식(육류), 소곱창, 한식(탕/국/찌개/전골), 곱창전골",,02-545-8895,,2026,,37.52083,127.0576,2026-02-17T22:29:33.775718+00:00,,,,삼성원조양곱창,서울특별시 강남구 학동로101길 7,"A celebrity hotspot in Cheongdam-dong, Samsung Wonjo YangGopchang (삼성원조양곱창) is famous for its grilled intestines, with patrons often spotting famous faces. The space offers a comfortable dining experience with ample table spacing, and the pre-grilled, crispy yet chewy yanggopchang (양곱창) is a must-try. Don't miss the special pickled onion sauce, which perfectly complements the rich flavor of the intestines. For those looking for a hearty meal to go, the beef tripe stew (곱창전골) is available for takeout and is said to be incredibly delicious when prepared at home.","청담동의 유명 연예인 맛집인 삼성원조양곱창은 곱창구이로 명성이 자자하며, 방문객들은 종종 유명인들을 마주치곤 합니다. 넉넉한 테이블 간격으로 편안한 식사 경험을 제공하며, 초벌되어 나오는 바삭하면서도 쫄깃한 양곱창은 꼭 맛봐야 할 메뉴입니다. 곱창의 풍부한 맛을 완벽하게 보완하는 특별한 양파 장아찌 소스도 놓치지 마세요. 든든한 집밥을 원하는 분들을 위해, 곱창전골은 포장 판매도 가능하며 집에서 조리하면 더욱 맛있다고 합니다."
blueribbon,샘밭막국수,서울특별시 서초구 서초중앙로24길 27,Seoul,South Korea,RIBBON_ONE,"한식(면류), 막국수, 한식(육류), 보쌈",,02-585-1702 ,,2026,,37.495414,127.016403,2026-02-17T22:29:33.775718+00:00,,,,샘밭막국수,서울특별시 서초구 서초중앙로24길 27,"Nestled in Chuncheon, Sam Bat Makguksu offers a spacious and clean dining experience, with a charming outdoor seating area perfect for enjoying good weather. The menu boasts a variety of options, with all ingredients sourced domestically. Signature dishes include the pure buckwheat makguksu (순메밀 막국수), a subtly bitter noodle dish that's surprisingly smooth, and a delicious half-and-half jeon (전) platter featuring a chewy potato pancake and a crispy mung bean pancake. The bossam (보쌈) is also a highlight, with a perfect balance of tender meat and just the right amount of fat, free from any gamey odors.","춘천에 자리한 샘밭막국수는 넓고 깔끔한 식사 공간과 함께 날씨 좋은 날 즐기기 좋은 매력적인 야외 좌석 공간을 제공합니다. 모든 재료를 국내산으로 사용하는 이곳의 메뉴는 다양합니다. 대표 메뉴로는 은은한 쌉쌀함과 부드러운 면발이 특징인 순메밀 막국수(순메밀 막국수)와 쫄깃한 감자전, 바삭한 녹두전이 반반씩 나오는 모듬전이 있습니다. 잡내 없이 부드러운 육질과 지방의 적절한 조화가 돋보이는 보쌈 또한 빼놓을 수 없는 별미입니다."
blueribbon,VINOLOGY,서울특별시 강남구 선릉로148길 14,Seoul,South Korea,RIBBON_ONE,"기타, 다이닝바, 바, 와인바",,0507-1448-0307,,2026,,37.5224895714539,127.040766561869,2026-02-17T22:29:33.775718+00:00,,,,비놀로지,서울특별시 강남구 선릉로148길 14,"Step into Vinology, a chic and sophisticated wine bar perfect for a special evening out. The modern, monochrome interior sets a stylish mood, complemented by a curated playlist that enhances the overall ambiance. It's an ideal spot for date nights or celebrating milestones, offering a refined yet relaxed atmosphere for enjoying good company and conversation.","세련되고 모던한 분위기의 비놀로지(Vinology)는 특별한 날을 위한 완벽한 와인바로, 톤 다운된 인테리어와 감각적인 플레이리스트가 조화롭게 어우러져 고급스러운 분위기를 자아냅니다. 데이트나 기념일을 축하하기에 더할 나위 없이 좋은 장소이며, 좋은 사람들과 함께 편안하면서도 격조 높은 시간을 보낼 수 있습니다."
blueribbon,Salon de Noir,서울특별시 서초구 반포대로23길 13,Seoul,South Korea,RIBBON_ONE,"중남미식, 멕시코식",,0507-1312-7205,,2026,,37.48891983042504,127.00806436032764,2026-02-17T22:29:33.775718+00:00,,,,살롱드누아,서울특별시 서초구 반포대로23길 13,"Salon de Noir is a Mexican bistro offering a diverse menu from tacos to burritos and quesadillas, alongside a remarkable selection of beverages including beer, traditional Korean liquors (traditionally, 전통주), tequila, and wine. Despite its name not immediately suggesting Mexican cuisine, the establishment is helmed by someone with a background in media and extensive experience in wine import and retail, giving it a unique origin story. Known for its generous portions, this spot is perfect for enjoying a casual afternoon beer (낮맥) or a full meal, with prices that are easy on the wallet and an impressive variety of drinks that make it a place worth visiting, even solo.","살롱 드 누아는 타코, 브리토, 퀘사디야 등 다양한 멕시칸 메뉴와 맥주, 전통주, 데킬라, 와인 등 폭넓은 주류를 갖춘 멕시칸 비스트로입니다. 이름만으로는 멕시칸 음식을 연상하기 어렵지만, 언론계 출신이자 와인 수입 및 판매 경험을 두루 갖춘 전문가가 운영하는 특별한 곳입니다. 푸짐한 양으로 유명하며, 캐주얼한 낮맥(낮술)을 즐기기에도, 든든한 식사를 하기에도 좋습니다. 합리적인 가격과 다채로운 주류 리스트는 혼자 방문해도 만족스러운 경험을 선사합니다."
blueribbon,BEFLIQUE,서울특별시 강남구 도산대로59길 16,Seoul,South Korea,RIBBON_ONE,"한식(육류), 한우오마카세, 소고기구이, 프랑스식",,02-544-5288 ,,2026,,37.5247782662573,127.042391971637,2026-02-17T22:29:33.775718+00:00,,,,비플리끄,서울특별시 강남구 도산대로59길 16,"BEFLIQUE is a premier Hanwoo (한우) omakase destination in Gangnam, perfect for those seeking a special dining experience. The restaurant boasts a refined ambiance with private rooms, making it ideal for intimate dates, family gatherings, or business meetings. Guests can enjoy a meticulously crafted course menu featuring premium aged Hanwoo, expertly grilled over charcoal by the chefs. The experience is elevated by a curated wine list and the option to bring your own bottle, enhancing the celebratory atmosphere.","강남의 프리미엄 한우 오마카세 전문점 비플리끄(BEFLIQUE)는 특별한 식사를 찾는 분들에게 완벽한 장소입니다. 프라이빗 룸을 갖춘 세련된 분위기는 둘만의 오붓한 식사, 가족 모임, 비즈니스 미팅에 이상적입니다. 셰프가 숯불 위에서 직접 구워주는 최상급 숙성 한우를 맛볼 수 있는 코스 메뉴는 감동을 선사합니다. 엄선된 와인 리스트와 콜키지 서비스는 특별한 날의 경험을 더욱 풍성하게 만들어 줄 것입니다."
blueribbon,Villa Guerrero,서울특별시 강남구 봉은사로78길 12,Seoul,South Korea,RIBBON_ONE,"중남미식, 멕시코식",,02-538-8915,,2026,,37.511924,127.052772,2026-02-17T22:29:33.775718+00:00,,,,비야게레로,서울특별시 강남구 봉은사로78길 12,"Step into Villa Guerrero, a no-frills taquería that transports you straight to the streets of Mexico. This hidden gem, founded by someone who fell in love with authentic Mexican flavors, focuses solely on delivering genuine taste and value. The vibe is unpretentious, with simple decor that lets the food take center stage. Be prepared for a strict adherence to their seating policy, but the wait is well worth it for a true taste of 'taco' (따꼬).","Villa Guerrero는 화려한 장식 없이 오직 맛과 가치에 집중하는 노프릴 타케리아로, 멕시코 길거리의 맛을 그대로 선사합니다. 이곳은 진정한 멕시코의 맛에 반한 창업자가 현지 조리법을 전수받아 문을 연 숨은 성지로, 음식 자체에 모든 초점을 맞춘 공간입니다. 엄격한 좌석 정책을 지켜야 하지만, 진정한 '따꼬'의 맛을 경험하기 위한 기다림은 충분히 가치가 있습니다."
blueribbon,bistro POLPO,서울특별시 서초구 방배로42길 29,Seoul,South Korea,RIBBON_ONE,이탈리아식,,02-537-7090,,2026,,37.494716,126.990082,2026-02-17T22:29:33.775718+00:00,,,,뽈뽀,서울특별시 서초구 방배로42길 29,"Nestled in the burgeoning Bangbae Sgil area, known for its artistic vibe and independent shops, Bistro Polpo is a relatively new addition to the neighborhood. This charming bistro is helmed by a duo with a keen eye for ingredients, particularly those from East Asia. The menu offers a delightful fusion, with standout dishes like the intensely flavored truffle oil steamed egg (트뤼플 오일 계란찜) and the refreshing coriander salad (고수 샐러드) that proved so popular it caused a friendly dispute. For pasta lovers, the al dente tagliatelle bolognese (볼로네제 딸리아텔레) and the fresh anchovy spaghetti (생멸치 스파게티) are highly recommended.",예술적인 분위기와 개성 있는 상점들로 채워지고 있는 방배 사이길에 자리한 비스트로 폴포는 동네의 새로운 명소입니다. 동양 식재료에 대한 깊은 이해를 가진 두 분이 운영하는 이 매력적인 비스트로는 독특한 퓨전 요리를 선보입니다. 특히 진한 풍미의 트러플 오일 계란찜(트뤼플 오일 계란찜)과 신선한 고수 샐러드(고수 샐러드)는 인기가 많아 서로 먹으려 할 정도입니다. 파스타 애호가라면 알단테로 삶아낸 딸리아텔레 볼로네제(볼로네제 딸리아텔레)와 신선한 멸치 스파게티(생멸치 스파게티)를 꼭 맛보시길 바랍니다.
blueribbon,Brick Oven,서울특별시 강남구 강남대로102길 31,Seoul,South Korea,RIBBON_ONE,"미국식, 미국식피자",,02-508-1325,,2026,,37.50305,127.0277,2026-02-17T22:29:33.775718+00:00,,,,브릭오븐,서울특별시 강남구 강남대로102길 31,"Brick Oven is a long-standing New York-style pizza joint in the heart of Gangnam, serving up authentic pies since 2009. They boast a thin, crispy crust baked in a 550-degree Fahrenheit brick oven, topped with a generous array of fresh ingredients. The ""New Yorker"" pizza offers a classic combination of beef, sausage, pepperoni, and vegetables, while the ""Spicy Chicken"" provides a flavorful kick with spicy tomato sauce and jalapeños. The ability to order half-and-half pizzas makes it easy to sample their diverse offerings.","브릭오븐은 강남 중심부에 위치한 뉴욕 스타일 피자 맛집으로, 2009년부터 정통 피자를 선보이고 있습니다. 섭씨 288도의 브릭 오븐에서 구워낸 얇고 바삭한 도우 위에 신선한 토핑이 듬뿍 올라가는 것이 특징입니다. '뉴요커' 피자는 비프, 소시지, 페퍼로니 등 클래식한 재료의 조합을 자랑하며, '스파이시 치킨'은 매콤한 토마토 소스와 할라피뇨로 풍미를 더합니다. 반반 피자 주문이 가능하여 다양한 메뉴를 맛볼 수 있는 장점이 있습니다."
blueribbon,산호,서울특별시 강남구 논현로175길 111,Seoul,South Korea,RIBBON_ONE,한식주점,,02-517-0035 ,,2026,,37.5223,127.0204,2026-02-17T22:29:33.775718+00:00,,,,산호,서울특별시 강남구 논현로175길 111,"A popular ramen spot near Boramdae Station, Sanho Ki is known for its signature mazesoba (마제소바). Be prepared for a wait, as the cozy interior often leads to queues, especially during peak hours. The menu also features tonkotsu ramen (돈코츠 라멘) and a unique basil ramen, with clear explanations available at the kiosk for easy ordering. While the wait for your food might be a bit long due to the solo operation, the delicious mazesoba is worth the anticipation.","보라매역 근처의 인기 라멘집 산호키는 시그니처 메뉴인 마제소바(mazesoba)로 유명합니다. 아늑한 내부 공간 때문에 특히 피크 타임에는 줄을 서야 할 수도 있으니 기다릴 준비를 하세요. 메뉴에는 돈코츠 라멘(tonkotsu ramen)과 독특한 바질 라멘도 있으며, 키오스크에서 주문하기 쉽게 메뉴 설명이 잘 되어 있습니다. 혼자 운영하시기 때문에 음식이 나오는 데 시간이 조금 걸릴 수 있지만, 맛있는 마제소바는 기다림의 가치가 있습니다."
blueribbon,Bread Fit,서울특별시 영등포구 국제금융로 86,Seoul,South Korea,RIBBON_ONE,베이커리,,02-782-0102 ,,2026,,37.5199,126.9318,2026-02-17T22:29:33.775718+00:00,,,,브레드피트,서울특별시 영등포구 국제금융로 86,"Nestled in Yeouido, Bread Fit is a beloved local bakery that has won over the hearts of the financial district's busy professionals. This charming spot offers a delightful array of meticulously crafted pastries alongside expertly brewed specialty coffee. Despite a lingering notion that men prefer rice over bread, the patrons here, often seen enjoying bags of their signature milk cream bread (우유크림빵), are proving this stereotype wrong. Even with a slight grumble about prices, the consistent quality and delicious offerings keep them coming back for their daily dose of bread and coffee.

Bread Fit prides itself on using only the finest ingredients, with imported flours and premium domestic produce, olives, chocolate, and butter. Their commitment to freshness is evident in their daily baked goods, made without preservatives or artificial additives. The bakery also shines with its in-house roasted specialty coffee, featuring a unique daily selection of single-origin beans. The owner's passion extends to sharing the stories behind each coffee and pastry, creating a truly engaging experience enhanced by warm lighting and a welcoming atmosphere.","여의도에 자리한 브래드 핏은 금융가 직장인들의 사랑을 듬뿍 받는 아늑한 동네 빵집입니다. 이곳에서는 정성껏 만든 다양한 빵과 함께 수준 높은 스페셜티 커피를 즐길 수 있습니다. 빵보다는 밥을 선호한다는 편견이 있지만, 이곳의 시그니처 메뉴인 우유크림빵(우유크림빵)을 즐겨 찾는 단골들의 모습은 이러한 통념을 무색하게 합니다. 가격에 대한 약간의 불평에도 불구하고, 꾸준한 품질과 맛있는 빵은 이곳을 다시 찾게 만드는 이유입니다.

브래드 핏은 최고급 재료만을 고집합니다. 프랑스, 캐나다 등에서 수입한 고급 밀가루와 국내산 농산물, 이탈리아산 올리브, 벨기에산 초콜릿, 그리고 뉴질랜드와 프랑스산 버터 등을 사용합니다. 매일 신선하게 구워내는 빵은 방부제나 인공 첨가물 없이 건강하게 만들어집니다. 또한, 매일 엄선된 싱글 오리진 원두를 직접 로스팅하여 제공하는 스페셜티 커피도 빼놓을 수 없습니다. 사장님의 열정은 커피와 빵에 얽힌 이야기를 들려주는 것에서도 드러나며, 따뜻한 조명과 함께 특별한 경험을 선사합니다."
blueribbon,부산양곱창,서울특별시 강남구 언주로98길 8-1,Seoul,South Korea,RIBBON_ONE,"한식(육류), 소곱창, 한식(탕/국/찌개/전골), 곱창전골, 소양대창",,02-554-7780,,2026,,37.50472,127.0426,2026-02-17T22:29:33.775718+00:00,,,,부산양곱창,서울특별시 강남구 언주로98길 8-1,"This beloved spot, Busan Yang Gopchang (부산양곱창), is a long-standing favorite for its exceptional beef intestines. While it can be pricey and often requires a wait, especially on weekends, the quality keeps patrons coming back. The simple yet effective side dishes, particularly the spicy chili sauce and refreshing pickled radish, perfectly complement the rich, grilled gopchang (곱창). Don't miss the flavorful yukgaejang (육개장), a spicy beef soup that's a fantastic starter or accompaniment.","이곳 부산양곱창(Busan Yang Gopchang)은 훌륭한 소곱창으로 오랫동안 사랑받아온 맛집입니다. 가격대가 다소 있고 주말에는 웨이팅이 길지만, 그 맛 때문에 단골들이 끊이지 않습니다. 곱창과 환상의 궁합을 자랑하는 간단하면서도 맛깔스러운 밑반찬, 특히 매콤한 고추 소스와 아삭한 깍두기는 일품입니다. 든든한 시작이나 곁들임 메뉴로 제격인 얼큰한 육개장(yukgaejang)도 놓치지 마세요."
blueribbon,비금도,서울특별시 강남구 압구정로80길 26,Seoul,South Korea,RIBBON_ONE,"한식(일반한식), 한정식, 남도음식",,02-512-1714,,2026,,37.52476,127.0446,2026-02-17T22:29:33.775718+00:00,,,,비금도,서울특별시 강남구 압구정로80길 26,"Nestled on the way to Seoraksan Mountain cafes, Bigumdo offers a serene dining experience with its vintage interior and tasteful decor. This beloved spot, with a 18-year legacy from Cheongdam, Seoul, welcomes guests with warm hospitality and a tranquil ambiance, enhanced by natural sunlight and gentle music. It's an ideal destination for a leisurely breakfast or lunch, especially for groups, with ample parking and private rooms offering stunning views of Seoraksan.","설악산 카페로 가는 길목에 자리한 비금도는 빈티지한 인테리어와 감각적인 소품들로 편안하고 고즈넉한 분위기를 선사합니다. 2006년부터 청담에서 인정받은 18년 역사의 맛집으로, 따뜻한 환대와 잔잔한 음악, 햇살이 어우러져 여유로운 식사를 즐기기에 안성맞춤입니다. 넓은 주차 공간과 프라이빗 룸은 단체 손님에게도 이상적인 선택이며, 설악산의 아름다운 풍경을 감상하며 식사를 즐길 수 있습니다."
blueribbon,보름쇠,서울특별시 강남구 테헤란로81길 36,Seoul,South Korea,RIBBON_ONE,"한식(육류), 소고기구이",,02-569-9967,,2026,,37.5093154932345,127.056631685649,2026-02-17T22:29:33.775718+00:00,,,,보름쇠,서울특별시 강남구 테헤란로81길 36,"A Michelin Guide recipient for eight consecutive years, Borumsoei (보름쇠) is a premier destination for Jeju black beef (흑우). Sourced directly from their own farm on Jeju Island and delivered fresh via air, the quality is exceptional. The menu boasts a variety of premium cuts like sirloin (등심), tenderloin (안심), and skirt steak (안창살), all dry-aged to perfection for a richer flavor. The restaurant offers a modern dining hall on the first floor and private rooms on the second, making it ideal for both intimate dinners and business gatherings. Ample parking and valet service are available, adding to the convenience.","8년 연속 미쉐린 가이드에 선정된 보름쇠(Borumsoei)는 제주 흑우(흑우) 전문점입니다. 제주 직영 농장에서 직접 공수하여 항공편으로 신선하게 배송되는 고기의 품질은 타의 추종을 불허합니다. 등심(등심), 안심(안심), 안창살(안창살) 등 다양한 프리미엄 부위를 드라이에이징하여 더욱 깊은 풍미를 자랑합니다. 현대적인 다이닝 홀과 프라이빗한 개별 룸을 갖추고 있어, 소규모 모임부터 비즈니스 접대까지 모든 상황에 적합합니다. 넉넉한 주차 공간과 발렛파킹 서비스도 제공되어 편리함을 더합니다."
blueribbon,Becca Premium Deli-Shop,서울특별시 강남구 역삼로 521,Seoul,South Korea,RIBBON_ONE,"베이커리, 샌드위치",,010-9737-6021,,2026,,37.5037840530077,127.06025436091,2026-02-17T22:29:33.775718+00:00,,,,베카프리미엄델리샵,서울특별시 강남구 역삼로 521,"Tucked away near Whimun High School, Becca Premium Deli-Shop is a quietly famous spot for exceptional sandwiches, often overlooked by passersby. The interior, with its minimalist wabi-sabi aesthetic and curated selection of cookbooks, reflects the owner's refined taste. The chef's own artistic drawings of the sandwiches adorn the walls, hinting at the care and passion poured into each creation. Standout options include the Parsley Chicken Sandwich with its herb-marinated chicken and crispy bread, and the highly recommended Smoked Pork Sandwich.","휘문고등학교 근처에 자리한 베카 프리미엄 델리샵은 지나치는 사람들은 놓치기 쉽지만, 샌드위치로 조용히 유명한 곳입니다. 미니멀한 와비사비 인테리어와 엄선된 요리책 컬렉션은 주인의 세련된 취향을 보여줍니다. 셰프가 직접 그린 샌드위치 그림들이 벽을 장식하고 있으며, 이는 각 메뉴에 쏟아지는 정성과 열정을 엿볼 수 있게 합니다. 허브에 절인 닭고기와 바삭한 빵이 어우러진 파슬리 치킨 샌드위치와 강력 추천 메뉴인 스모크드 포크 샌드위치가 특히 인상적입니다."
blueribbon,BARBEQUE LAB,서울특별시 서초구 마방로10길 18-13,Seoul,South Korea,RIBBON_ONE,"한식(육류), 소고기구이, 돼지고기구이",,02-571-3380,,2026,,37.4759862858024,127.043337447354,2026-02-17T22:29:33.775718+00:00,,,,바베큐랩,서울특별시 서초구 마방로10길 18-13,,
blueribbon,봉산평양냉면,서울특별시 강남구 학동로1길 21,Seoul,South Korea,RIBBON_ONE,"한식(면류), 평양냉면",,02-515-3989 ,,2026,,37.51280919580697,127.02165357641486,2026-02-17T22:29:33.775718+00:00,,,,봉산평양냉면,서울특별시 강남구 학동로1길 21,"Nestled in the heart of Gangnam, Bongsan Pyeongyang Naengmyeon is a highly-regarded spot for those seeking authentic Pyeongyang-style cold noodles. The restaurant boasts a clear, transparent broth with a robust meat aroma and a slightly saltier profile than traditional versions, making it accessible even for Pyeongyang naengmyeon (평양냉면) novices. The chewy, firm buckwheat noodles are perfectly complemented by tender slices of suyuk (수육), a hard-boiled egg, and refreshing pickled radish, creating a harmonious and satisfying dish.

With accolades from Blue Ribbon and Siksin, this eatery is helmed by an experienced chef who honed their skills at renowned establishments. Their dedication to culinary philosophy shines through in every bowl. While the noodles aren't 100% buckwheat, their delightful chewiness is a testament to the chef's expertise. Bongsan Pyeongyang Naengmyeon offers a well-balanced experience that appeals to both Pyeongyang naengmyeon beginners and seasoned enthusiasts, making it a must-visit on any Pyeongyang naengmyeon tour.","강남 한복판에 자리한 봉산평양냉면은 정통 평양냉면을 맛보고 싶은 미식가들에게 사랑받는 곳입니다. 맑고 투명한 육수는 진한 육향과 함께 평양냉면치고는 짭짤한 간이 인상적이며, 평양냉면 입문자도 부담 없이 즐길 수 있습니다. 쫄깃하고 탱탱한 메밀면은 부드러운 수육, 완숙란, 그리고 시원한 냉면무와 환상적인 조화를 이루며 만족스러운 한 끼를 선사합니다.

블루리본과 식신에 선정된 이 식당은 유명 맛집에서 오랜 경험을 쌓은 셰프가 직접 운영하며, 그의 요리에 대한 철학과 노하우가 메뉴 곳곳에 녹아 있습니다. 면은 100% 메밀은 아니지만, 쫄깃한 식감이 살아있어 훌륭한 맛을 자랑합니다. 봉산평양냉면은 평양냉면 초보자부터 마니아까지 모두를 만족시키는 균형 잡힌 맛으로, 평냉 투어 중이라면 꼭 들러야 할 곳입니다."
blueribbon,bar81,서울특별시 송파구 올림픽로 300,Seoul,South Korea,RIBBON_ONE,,,02-3213-1281,,2026,,37.51375250260386,127.10444609981752,2026-02-17T22:29:33.775718+00:00,,,,바81,서울특별시 송파구 올림픽로 300,"Perched on the 81st floor of the Signiel Seoul Hotel, Bar 81 offers an unparalleled sky-high experience with breathtaking panoramic views of the Seoul skyline. The sophisticated ambiance, enhanced by chic decor and smooth lounge music, makes it an ideal spot for intimate conversations and memorable dates. While the menu features premium selections, opting for a whisky or highball provides a more accessible way to enjoy this luxurious setting.

This multi-level lounge boasts a dramatic, high-ceilinged space with stunning hanging art installations, creating an open and airy atmosphere. The view, especially at night, is spectacular, with the city lights stretching out below and glimpses of the Han River. It's a place that evokes the glamour of international skyline bars, offering a truly elevated night out.","시그니엘 서울 호텔 81층에 자리한 바 81은 서울의 스카이라인을 파노라마처럼 조망할 수 있는 탁월한 경험을 선사합니다. 세련된 인테리어와 감미로운 라운지 음악이 어우러진 고급스러운 분위기는 특별한 데이트나 깊은 대화를 나누기에 이상적인 장소입니다. 메뉴는 프리미엄 주류를 갖추고 있지만, 위스키나 하이볼을 선택하면 이 럭셔리한 공간을 보다 합리적으로 즐길 수 있습니다.

이 복층 구조의 라운지는 높은 천장과 화려한 행잉 오브제 장식이 돋보이며, 개방감 넘치는 공간을 연출합니다. 특히 밤에는 도시의 불빛이 발아래 펼쳐지고 한강까지 조망할 수 있어 환상적인 야경을 자랑합니다. 마치 해외의 스카이라운지 바에 온 듯한 화려함을 선사하며, 잊지 못할 특별한 밤을 선사할 것입니다."
blueribbon,봉밀가,서울특별시 강남구 선릉로 664,Seoul,South Korea,RIBBON_ONE,"한식(면류), 평양냉면",,02-546-2305,,2026,,37.515834,127.042281,2026-02-17T22:29:33.775718+00:00,,,,봉밀가,서울특별시 강남구 선릉로 664,"Bongmilga is a renowned Pyeongyang-style naengmyeon (평양냉면) specialist, recognized with Michelin and Blue Ribbon stickers. They've even collaborated with a major food company to release convenient meal kits featuring their signature buckwheat noodles and beef gomtang (곰탕). While the interior is modest, the walls are adorned with photos and autographs of celebrities, hinting at its popularity. Ordering is done via in-table kiosks, and they offer a unique analog waitlist system at the entrance.","봉밀가는 미쉐린과 블루리본 스티커로 인정받은 유명 평양냉면 전문점입니다. 유명 식품업체와 협업하여 시그니처 메밀국수와 한우 곰탕 간편식을 출시할 정도로 잘 알려져 있습니다. 내부는 소박하지만, 벽면에는 유명인들의 사진과 사인이 가득해 인기를 짐작게 합니다. 주문은 테이블마다 설치된 키오스크를 통해 이루어지며, 입구에는 독특한 아날로그 방식의 대기 시스템이 있습니다."
blueribbon,미미면가,서울특별시 강남구 강남대로160길 29,Seoul,South Korea,RIBBON_ONE,"일식, 소바",,070-4233-5466,,2026,,37.520036,127.021089,2026-02-17T22:29:33.775718+00:00,,,,미미면가,서울특별시 강남구 강남대로160길 29,"A celebrated spot in Garosu-gil, Mimi Myeon-ga is a haven for Japanese-style soba (소바), consistently earning accolades from Blue Ribbon and Michelin Guide. While the main branch can get busy with a strict no-reservation policy, the experience is worth the potential wait. The cozy interior, with a mix of table and bar seating, offers a refined atmosphere perfect for intimate meals. Don't miss their signature cold and hot soba dishes, with unique topping options like grilled mackerel (고등어구이) for the hot version and creamy options for the cold, alongside delicious sides like fried tempura (튀김) and seasoned soft-boiled eggs (맛간장반숙계란).","가로수길의 명소 미미면가는 블루리본과 미쉐린 가이드에서 꾸준히 인정받는 일본식 소바(소바) 맛집입니다. 본점은 예약 없이 선착순으로 운영되어 웨이팅이 있을 수 있지만, 그 경험은 기다림의 가치가 있습니다. 테이블과 바 좌석이 조화롭게 배치된 아늑한 내부는 오붓한 식사에 완벽한 세련된 분위기를 선사합니다. 시그니처 메뉴인 냉소바와 온소바를 놓치지 마세요. 온소바는 고등어구이(고등어구이)와 같은 독특한 토핑을, 냉소바는 크리미한 옵션을 제공하며, 튀김(튀김)과 맛간장반숙계란 등 맛있는 사이드 메뉴도 즐길 수 있습니다."
blueribbon,MINAMI,서울특별시 서초구 서초대로58길 31-2,Seoul,South Korea,RIBBON_ONE,"일식, 소바",,0507-1322-0373,,2026,,37.4933,127.0181,2026-02-17T22:29:33.775718+00:00,,,,미나미,서울특별시 서초구 서초대로58길 31-2,"Get ready for an emotional journey with Minami (미나미), the Japanese singer-songwriter known for her heartfelt lyrics and unique musicality. Her upcoming concert at Yes24 Live Hall promises an intimate experience, filled with songs inspired by personal experiences. Fans can expect to hear hits like 'Cry for the Thirst' (목마름을 외치다), the iconic OST from the anime 'Domestic Girlfriend'.

This is a must-see event for anyone who appreciates evocative music and the distinctive charm of Japanese artistry. Prepare to be moved by Minami's captivating performance, a perfect blend of raw emotion and polished musical talent, making it a memorable night for all attendees.","진솔한 가사와 독특한 음악성으로 사랑받는 일본 싱어송라이터 미나미(Minami)와 함께 감성적인 여정을 떠날 준비를 하세요. 예스24 라이브홀에서 열리는 그녀의 콘서트는 개인적인 경험에서 영감을 받은 곡들로 가득 채워질 예정입니다. 특히 애니메이션 '도메스틱 그녀'의 히트 OST인 '목마름을 외치다'와 같은 곡들을 라이브로 만날 수 있습니다.

이번 공연은 섬세한 음악과 일본 특유의 감성을 사랑하는 팬이라면 놓칠 수 없는 기회입니다. 미나미의 매력적인 퍼포먼스는 솔직한 감정과 세련된 음악적 재능이 완벽하게 조화를 이루며, 모든 관객에게 잊지 못할 밤을 선사할 것입니다."
blueribbon,반룡산,서울특별시 강남구 테헤란로78길 26,Seoul,South Korea,RIBBON_ONE,"한식(탕/국/찌개/전골), 가릿국밥, 한식(일반한식), 이북음식",,02-3446-8966,,2026,,37.504473,127.055795,2026-02-17T22:29:33.775718+00:00,,,,반룡산,서울특별시 강남구 테헤란로78길 26,"Step into Banyangsan (반룡산), a popular spot near Samseong Station that's been featured on ""Sui Mi Mok Mi"" (수요미식회). This restaurant specializes in North Korean (이북) cuisine, a rare find in Seoul, with a particular focus on Hamheung-style naengmyeon (함흥냉면). The atmosphere is bustling, especially during lunch, with patrons eager to cool down with a refreshing bowl. Don't miss their signature naengmyeon, praised for its rich, savory broth, a departure from the milder Pyongyang-style. They also serve hearty, handmade wang mandu (왕만두) that are a perfect accompaniment.","삼성역 근처에 위치한 반룡산은 '수요미식회'에도 소개된 인기 맛집으로, 서울에서 흔히 맛보기 힘든 이북 음식을 전문으로 합니다. 특히 함흥냉면(함흥냉면)으로 유명하며, 점심 시간에는 시원한 냉면 한 그릇을 즐기려는 사람들로 북적입니다. 이곳의 시그니처 메뉴인 냉면은 슴슴한 평양냉면과는 달리 진하고 감칠맛 나는 육수가 특징이며, 푸짐한 왕만두(왕만두)도 곁들이기 좋습니다."
blueribbon,별양집,서울특별시 강남구 테헤란로43길 17,Seoul,South Korea,RIBBON_ONE,"한식(육류), 소곱창",,02-501-2937 ,,2026,,37.5044034043625,127.043661150546,2026-02-17T22:29:33.775718+00:00,,,,별양집,서울특별시 강남구 테헤란로43길 17,"A go-to spot for premium grilled beef intestines, Byeolyangjip (별양집) is a well-regarded establishment in Seoul's Yeoksam-dong. While known for its higher price point, reflecting the quality and labor involved in preparing dishes like the signature grilled beef tripe (yang-daechang, 양대창), the spacious and clean interior makes it a comfortable choice for groups and families. Located conveniently between Yeoksam and Seolleung stations, it offers valet parking for those arriving by car.","서울 역삼동의 프리미엄 양대창 맛집으로 유명한 별양집은 고급스러운 분위기를 자랑합니다. 양대창(yang-daechang)은 손질에 많은 정성이 들어가는 만큼 가격대가 다소 있지만, 넓고 깨끗한 매장 덕분에 단체 손님이나 가족 단위 방문객 모두 편안하게 식사를 즐길 수 있습니다. 역삼역과 선릉역 사이에 위치해 대중교통 접근성이 좋으며, 발렛파킹 서비스도 제공합니다."
blueribbon,Volare,서울특별시 서초구 사평대로20길 8,Seoul,South Korea,RIBBON_ONE,"이탈리아식, 피자, 파스타",,02-537-1100,,2026,,37.499069,126.996889,2026-02-17T22:29:33.775718+00:00,,,,볼라레,서울특별시 서초구 사평대로20길 8,"Volare is a highly-regarded Italian restaurant in the charming Seocho-gu district, boasting the prestigious certification from the Associazione Verace Pizza Napoletana (AVPN). This distinction highlights their commitment to authentic Neapolitan pizza, crafted by an owner-chef trained at a renowned Italian culinary school and recognized as the first Korean to receive AVPN certification. The ambiance is perfect for group gatherings, with a large central table ideal for celebrations, and the restaurant offers convenient valet parking and reservation services via Catchtable. Prepare for a delightful culinary journey, especially with their signature pizzas, which have garnered attention even from the popular ""Choi Ja Road"" food show.","볼라레는 서초구의 매력적인 동네에 위치한 이탈리아 레스토랑으로, 나폴리 피자 협회(AVPN)의 명망 높은 인증을 자랑합니다. 이 인증은 유명 이탈리아 요리 학교 출신이자 한국 최초로 AVPN 인증을 받은 오너 셰프가 선보이는 정통 나폴리 피자에 대한 헌신을 강조합니다. 레스토랑은 단체 모임에 이상적인 중앙의 넓은 테이블을 갖추고 있으며, 캐치테이블을 통한 편리한 예약 및 발렛파킹 서비스도 제공합니다. 특히 인기 푸드쇼 ""최자로드""에서도 주목받은 시그니처 피자를 비롯하여 즐거운 미식 여행을 기대하셔도 좋습니다."
blueribbon,봉산옥,서울특별시 서초구 반포대로8길 5-6,Seoul,South Korea,RIBBON_ONE,"한식(일반한식), 일반한식, 한식(면류), 만둣국, 만두",,02-525-2282,,2026,,37.4833,127.0124,2026-02-17T22:29:33.775718+00:00,,,,봉산옥,서울특별시 서초구 반포대로8길 5-6,"This Michelin-recognized spot offers a comforting and refined dining experience, perfect for a satisfying meal. The star of the show is their handmade mandu (만두), praised for its exquisite texture and flavor. Paired with a clear, subtly seasoned broth reminiscent of galbitang (갈비탕), and served with rice and gim (김), it's a harmonious combination that truly delights the palate. Be prepared for a potentially bustling atmosphere and limited seating in a narrow alley, though a paid parking lot is conveniently located nearby.","미쉐린 가이드에 선정된 이곳은 편안하고 정갈한 식사를 즐길 수 있는 곳입니다. 이곳의 하이라이트는 손으로 직접 빚은 만두(만두)로, 그 뛰어난 식감과 풍미가 극찬을 받았습니다. 슴슴하고 따뜻한 맑은 갈비탕(갈비탕) 같은 국물과 밥, 김(김)의 조화는 입맛을 사로잡는 완벽한 조합입니다. 좁은 골목에 위치해 있어 다소 복잡하고 좌석이 많지 않을 수 있지만, 바로 앞에 유료 주차장이 있어 편리하게 이용할 수 있습니다."
blueribbon,Butter Finger Pancakes,서울특별시 강남구 선릉로152길 11,Seoul,South Korea,RIBBON_ONE,"베이커리, 팬케이크",,02-3448-1070 ,,2026,,37.52428,127.0404,2026-02-17T22:29:33.775718+00:00,,,,버터핑거팬케익스,서울특별시 강남구 선릉로152길 11,"A long-standing favorite in Cheongdam, Butter Finger Pancakes is a go-to spot for hearty American-style brunch. While prices are on the higher side, the generous portions ensure you get your money's worth. The atmosphere buzzes with early weekend diners, and the festive decor adds to the charm. Don't miss their signature Split Decision Plate (스플릿 디시전 플레이트), a popular platter packed with pancakes, French toast, eggs, bacon, sausage, and more. The Chicken Breast Salad (치킨 브레스트 샐러드) is also a massive hit, especially when loaded with extra chicken.","청담동의 오랜 명소인 버터핑거팬케익스는 푸짐한 미국식 브런치를 즐길 수 있는 곳입니다. 가격대는 다소 높지만, 그만큼 넉넉하고 만족스러운 양을 자랑합니다. 주말 이른 아침부터 브런치를 즐기려는 사람들로 활기찬 분위기를 느낄 수 있으며, 시즌별 장식은 즐거움을 더합니다. 팬케이크, 프렌치 토스트, 계란, 베이컨, 소시지 등이 푸짐하게 담긴 인기 메뉴인 시그니처 스플릿 디시전 플레이트(Split Decision Plate)를 꼭 맛보세요. 닭가슴살을 추가하면 더욱 든든한 치킨 브레스트 샐러드(Chicken Breast Salad)도 인기가 많습니다."
blueribbon,뱃고동,서울특별시 강남구 언주로172길 54,Seoul,South Korea,RIBBON_ONE,"한식(어패류), 오징어, 낙지",,02-514-8008,,2026,,37.52681,127.038,2026-02-17T22:29:33.775718+00:00,,,,뱃고동,서울특별시 강남구 언주로172길 54,"Step into a beloved Apgujeong institution that has been serving up delicious squid bulgogi (오징어불고기) for decades. This spot is a true trip down memory lane for many, with a consistent menu and ambiance that hasn't changed, making it a perfect place for family gatherings and nostalgic meals. Expect a lively atmosphere, especially during peak hours, but the no-break-time policy makes it flexible for any visit.

The star of the show is undoubtedly the squid bulgogi (오징어불고기), a flavorful dish that diners cook themselves at the table. Don't miss out on the crispy squid튀김 (ojingeo twigim), which has become a must-order side dish. It's a taste of tradition that keeps people coming back for more, offering a satisfying and authentic Korean dining experience.","수십 년간 맛있는 오징어불고기(오징어불고기)를 선보여온 압구정의 사랑받는 명소입니다. 이곳은 변함없는 메뉴와 분위기로 많은 이들에게 추억 여행의 장소이며, 가족 모임이나 향수를 불러일으키는 식사에 완벽한 곳입니다. 특히 피크 타임에는 활기찬 분위기를 기대할 수 있지만, 브레이크 타임이 없어 언제 방문해도 좋습니다.

이곳의 하이라이트는 단연 오징어불고기(오징어불고기)로, 테이블에서 직접 조리해 먹는 맛있는 요리입니다. 바삭한 오징어튀김(오징어튀김)도 놓치지 마세요. 이제는 필수 주문 사이드 메뉴가 되었습니다. 사람들을 계속해서 다시 찾게 만드는 전통의 맛으로, 만족스럽고 정통적인 한국 식사 경험을 선사합니다."
blueribbon,백원,서울특별시 영등포구 여의공원로 101,Seoul,South Korea,RIBBON_ONE,"중식, 일반중식",,02-784-6161 ,,2026,,37.529196,126.924881,2026-02-17T22:29:33.775718+00:00,,,,백원,서울특별시 영등포구 여의공원로 101,"Perched on the 12th floor of the CCMM building, Baekwon offers a refined Chinese dining experience with stunning views of Yeouido Park and the Han River. Established in 1998, this long-standing establishment boasts a sophisticated ambiance perfect for business gatherings and special occasions. The menu features a diverse range of authentic Chinese dishes, including specialties like steamed sea bass in fragrant sauce (어향도미찜), shark's fin soup (상어지느러미찜), and the rich Buddha Jumps Over the Wall (불도장).

The culinary journey at Baekwon is a delightful exploration of classic Chinese flavors. Guests rave about the fresh, plump shrimp in the cream shrimp (크림새우), the perfectly crispy and sweet tangsuyuk (탕수육), and the tender, flavorful abalone with a unique savory sauce. Even the appetizers, like the delicate scallop and jellyfish salad, are artfully prepared to awaken the palate. The spicy fried chicken wings (닭날개튀김) are a surprisingly addictive snack, offering a dry, peppery kick with tender meat inside. The meal concludes with a satisfying, miniature jajangmyeon (짜장면), a perfect end to an elegant feast.","CCMM 빌딩 12층에 자리한 백원은 여의도 공원과 한강의 멋진 전망을 자랑하는 고급 중식당입니다. 1998년부터 오랜 역사를 자랑하는 이곳은 비즈니스 모임이나 특별한 날에 어울리는 세련된 분위기를 선사합니다. 어향도미찜, 상어지느러미찜, 불도장 등 중국 4대 지방의 다채로운 요리를 맛볼 수 있습니다.

백원의 미식 경험은 클래식한 중식의 풍미를 즐겁게 탐험하는 여정입니다. 탱글한 새우의 식감이 살아있는 크림새우(크림새우), 바삭하고 달콤한 탕수육(탕수육), 부드럽고 풍미 가득한 전복 요리는 감탄을 자아냅니다. 입맛을 돋우는 애피타이저부터 시작하여, 매콤한 닭날개튀김(닭날개튀김)은 중독성 있는 맛과 부드러운 속살을 자랑합니다. 식사는 완벽한 마무리인 미니 짜장면(짜장면)으로 마무리됩니다."
blueribbon,메종조청담,서울특별시 강남구 영동대로137길 6,Seoul,South Korea,RIBBON_ONE,"기타, 샤퀴테리",,010-2854-4443,,2026,,37.5220426253105,127.05509604545,2026-02-17T22:29:33.775718+00:00,,,,메종조청담,서울특별시 강남구 영동대로137길 6,"Maison Jo Cheongdam is a beloved spot renowned for its exquisite charcuterie (샤퀴테리), artisanal cured meats, and a tempting array of sandwiches. This elegant establishment offers a sophisticated dining experience, perfect for enjoying a meal with wine, and reservations are recommended. The ambiance is refined, making it an ideal destination for those seeking a taste of high-quality cured meats and expertly paired wines.","메종조 청담은 훌륭한 샤퀴테리(charcuterie), 수제 육가공품, 그리고 다채로운 샌드위치로 유명한 사랑받는 장소입니다. 이 세련된 공간은 와인과 함께 식사를 즐기기에 완벽한 고급스러운 경험을 선사하며, 예약은 필수입니다. 분위기는 섬세하며, 고품질의 육가공품과 전문적으로 페어링된 와인을 맛보고 싶은 분들에게 이상적인 목적지입니다."
blueribbon,면육당,서울특별시 강남구 강남대로162길 41-15,Seoul,South Korea,RIBBON_ONE,"한식(면류), 막국수, 한식(탕/국/찌개/전골), 소고기국밥",,0507-1355-8415,,2026,,37.5217193336924,127.02101927207,2026-02-17T22:29:33.775718+00:00,,,,면육당,서울특별시 강남구 강남대로162길 41-15,"Nestled in the trendy Garosu-gil area, Myeon-yuk-dang offers a nostalgic vibe reminiscent of old-school eateries, attracting a mature crowd. While the decor leans towards a classic, rustic feel, the ordering is modern with tablet menus and pre-payment. The menu boasts hearty Korean staples like gukbap (국밥) and jeongol (전골), alongside grilled meats and noodle dishes. The gochujang samgyeopsal gui (고추장 삼겹살 구이) is a popular choice, though some find its sweetness pronounced. For larger groups, a special course menu is available, offering a delightful way to sample multiple dishes.","트렌디한 가로수길에 자리한 면육당은 옛스러운 분위기를 자아내며 중장년층의 발길을 사로잡는 곳입니다. 고풍스러운 인테리어와 달리 주문은 태블릿으로 선불하는 현대적인 방식입니다. 메뉴로는 국밥, 전골 등 든든한 한식 메뉴와 구이, 면 요리 등이 준비되어 있습니다. 특히 고추장 삼겹살 구이가 인기 메뉴이지만, 단맛이 강하다는 평도 있습니다. 3인 이상 방문 시에는 코스 메뉴를 즐길 수 있어 다양한 요리를 맛보기에 좋습니다."
blueribbon,myeongin deungsim,서울특별시 강남구 도산대로 211,Seoul,South Korea,RIBBON_ONE,"한식(육류), 소고기구이",,02-3446-5544,,2026,,37.52059572557547,127.0296828709514,2026-02-17T22:29:33.775718+00:00,,,,명인등심(압구정본점),서울특별시 강남구 도산대로 211,,
blueribbon,maison de ZOÉ,서울특별시 강남구 도산대로90길 17,Seoul,South Korea,RIBBON_ONE,"디저트/스위트, 쿠키, 마카롱, 디저트전문점",,02-540-1858,,2026,,37.52331,127.049,2026-02-17T22:29:33.775718+00:00,,,,메종드조에,서울특별시 강남구 도산대로90길 17,,
blueribbon,맛자랑,서울특별시 강남구 선릉로 524,Seoul,South Korea,RIBBON_ONE,"한식(면류), 콩국수, 칼국수, 만두",,02-563-9646,,2026,,37.5066550675471,127.04838618187,2026-02-17T22:29:33.775718+00:00,,,,맛자랑,서울특별시 강남구 선릉로 524,"Nestled near Seonjeongneung Station, Matjarang is a bustling eatery popular with office workers, boasting a spacious 150-seat dining area perfect for both group gatherings and solo meals. With a 35-year tradition and a reputation for being one of Seoul's top three *kongguksu* (soybean noodle soup) spots, this place is a must-visit for authentic Korean flavors. They also offer incredibly fresh oyster dishes, delivered daily from Tongyeong, though the star of the show is undoubtedly their signature *kongguksu*.","선정릉역 근처에 자리한 맛자랑은 직장인들에게 인기 있는 활기찬 식당으로, 150석 규모의 넓은 공간은 단체 모임과 혼밥 모두에 적합합니다. 35년 전통을 자랑하며 서울 3대 콩국수 맛집으로 명성이 자자한 이곳은 정통 한국의 맛을 경험하기에 안성맞춤입니다. 매일 통영에서 직송되는 신선한 굴 요리도 제공하지만, 단연 돋보이는 메뉴는 시그니처 콩국수입니다."
blueribbon,목로,서울특별시 강남구 압구정로28길 18,Seoul,South Korea,RIBBON_ONE,"한식(면류), 만둣국, 만두",,02-548-7500,,2026,,37.525422,127.027559,2026-02-17T22:29:33.775718+00:00,,,,목로,서울특별시 강남구 압구정로28길 18,"Mokro offers a surprisingly clean and spacious dining environment, a welcome change from the typical greasy atmosphere of a barbecue joint. Diners can enjoy their meals with a view, especially from the window seats. While the lunch menu boasts a variety of tempting options like pan-seared steak and pasta, the star of the show is the premium beef set. Served with an abundant array of fresh vegetables and a diverse selection of dipping sauces, including a standout spicy red sauce paired with wasabi, the experience is elevated by individual mini-grills that minimize smoke and splatter.","목로는 고깃집답지 않은 깔끔하고 넓은 공간이 인상적입니다. 창가 자리에 앉으면 서울 풍경을 감상하며 식사를 즐길 수 있습니다. 점심 특선 메뉴로는 팬 스테이크와 파스타 등 다양한 선택지가 있지만, 이곳의 하이라이트는 단연 프리미엄 소고기 세트입니다. 푸짐한 야채 한상차림과 와사비와 잘 어울리는 매콤한 빨간 양념을 포함한 다채로운 소스가 함께 제공되며, 개별 미니 화로 덕분에 연기와 기름 튐 걱정 없이 더욱 쾌적하게 식사를 즐길 수 있습니다."
blueribbon,Le Monde du Vin,서울특별시 강남구 도산대로 420,Seoul,South Korea,RIBBON_ONE,프랑스식,,0507-1393-8603,,2026,,37.5230539082669,127.042195064505,2026-02-17T22:29:33.775718+00:00,,,,르몽뒤뱅,서울특별시 강남구 도산대로 420,"Nestled in the sophisticated Cheongdam area, Le Monde du Vin offers a refined fine dining experience perfect for special occasions. Operated by wine specialists, the restaurant boasts an extensive wine list featuring selections from their import company, Ayung FBC. While a beverage order is mandatory, they offer wine by the glass and allow corkage for up to three bottles from their affiliated shop or importer. The ambiance is elegant, with both spacious main dining and private rooms available, making it ideal for intimate gatherings or larger celebrations.","세련된 청담동에 자리한 르몽뒤뱅은 특별한 날에 완벽한 고급 파인 다이닝 경험을 선사합니다. 와인 전문 기업에서 운영하는 이곳은 자체 수입 와인으로 구성된 방대한 와인 리스트를 자랑합니다. 음료 주문은 필수이지만, 글라스 와인도 제공하며 제휴 샵이나 수입사의 와인에 한해 3병까지 콜키지 프리 혜택을 제공합니다. 넓은 홀과 프라이빗 룸이 마련되어 있어, 아늑한 모임이나 더 큰 규모의 축하 행사에 이상적인 우아한 분위기를 자랑합니다."
blueribbon,Re:mark's,서울특별시 강남구 언주로168길 6,Seoul,South Korea,RIBBON_ONE,"기타, 브런치카페",,0507-1380-3129,,2026,,37.5263562252256,127.033920491416,2026-02-17T22:29:33.775718+00:00,,,,리마크스,서울특별시 강남구 언주로168길 6,"Nestled between Apgujeong Station and Apgujeong Rodeo Street, Re:mark's is a popular brunch spot with a charming, green-filled entrance and a warm, cozy interior. Despite being a bit noisy due to its popularity, the atmosphere is inviting, especially with its early 8:30 AM brunch service that attracts many locals. The restaurant offers a unique experience with its traditional paper menus and comfortable seating, perfect for a relaxed gathering. 

The star of the show is the grilled romaine salad (그릴 로메인 샐러드), a delightful mix of tender, slightly charred lettuce with a satisfying crunch and zesty dressing. The truffle cream pasta (트러플 크림 파스타) is rich and flavorful, with a beautiful blend of truffle oil and fresh mushrooms, reminiscent of a creamy mushroom soup. While the tomato ragu pasta (토마토 라구파스타) offers a pleasant tang and good texture with its linguine noodles, the highly anticipated Monte Cristo (몬테크리스토) was noted as being quite rich and a bit too greasy for some, best enjoyed with a strong coffee.","압구정역과 압구정로데오 거리 사이에 위치한 리마크스(Re:mark's)는 초록 식물로 가득한 매력적인 입구와 따뜻하고 아늑한 실내 분위기를 자랑하는 인기 브런치 맛집입니다. 인기로 인해 다소 시끄러울 수 있지만, 현지인들이 많이 찾는 이른 아침 8시 30분부터 브런치 서비스를 제공하여 편안한 모임 장소로 제격입니다. 전통적인 종이 메뉴판과 편안한 좌석은 이곳만의 독특한 경험을 선사합니다.

이곳의 하이라이트는 구운 로메인 샐러드(그릴 로메인 샐러드)로, 부드러우면서도 아삭한 식감과 상큼한 드레싱이 조화롭게 어우러집니다. 트러플 크림 파스타(트러플 크림 파스타)는 트러플 오일과 신선한 버섯의 풍미가 크리미한 버섯 수프를 연상시키며 풍부하고 맛있습니다. 토마토 라구 파스타(토마토 라구파스타)는 링귀니 면과 함께 적당한 산미와 좋은 식감을 선사하지만, 많은 기대를 모았던 몬테크리스토(몬테크리스토)는 다소 느끼하고 기름진 편이라는 평이 있어 진한 커피와 함께 즐기는 것이 좋습니다."
blueribbon,류경회관,서울특별시 강남구 논현로71길 18,Seoul,South Korea,RIBBON_ONE,"한식(면류), 평양냉면",,02-568-5114,,2026,,37.4948527051808,127.038027166994,2026-02-17T22:29:33.775718+00:00,,,,류경회관,서울특별시 강남구 논현로71길 18,"Step into Ryugyeong Hoegwan, a 40-year veteran in Jongno, Seoul, renowned for its authentic Korean cuisine and especially its Pyeongyang-style cold noodles (평양냉면). The restaurant boasts a modern Hanok interior with private rooms, making it an ideal spot for business dinners and intimate gatherings. Their signature Pyeongyang-style cold noodles are crafted with 100% buckwheat noodles, offering a subtle buckwheat aroma and a refreshingly mild broth. Complement your meal with their expertly prepared side dishes and other popular choices like assorted boiled meats (모둠 수육) and beef pancake (육전).","류경회관은 평양냉면(Pyeongyang-style cold noodles)으로 유명한 40년 전통의 종로 맛집입니다. 현대적인 한옥 인테리어와 프라이빗 룸을 갖추고 있어 회식이나 조용한 모임 장소로 안성맞춤입니다. 이곳의 시그니처인 평양냉면은 100% 메밀면으로 만들어져 은은한 메밀 향과 시원하고 슴슴한 육수가 특징입니다. 정갈하게 준비된 밑반찬과 모둠 수육, 육전 등 다양한 메뉴도 함께 즐겨보세요."
blueribbon,Matilda,서울특별시 서초구 신반포로 219,Seoul,South Korea,RIBBON_ONE,"한식(가금류), 바비큐치킨",,02-594-7592 ,,2026,,37.5075121874388,127.008065342049,2026-02-17T22:29:33.775718+00:00,,,,마틸다바베큐치킨,서울특별시 서초구 신반포로 219,"Matilda is a place that delves into the nuances of communication, particularly focusing on how to handle rudeness and express strong emotions. It uses literary examples to teach practical phrases for dealing with dismissive attitudes and asserting oneself. The atmosphere encourages learning assertive language and understanding the impact of words in challenging situations.","마틸다는 소통의 미묘한 차이를 탐구하는 곳으로, 특히 무례함에 대처하고 강한 감정을 표현하는 방법에 중점을 둡니다. 문학적 예시를 활용하여 실용적인 표현을 가르치며, 무시하는 태도를 다루고 자신을 주장하는 법을 배울 수 있습니다. 이곳의 분위기는 단호한 언어를 배우고 어려운 상황에서 말의 영향을 이해하도록 장려합니다."
blueribbon,ROMAOK,서울특별시 강남구 강남대로48길 11,Seoul,South Korea,RIBBON_ONE,이탈리아식,,02-577-2396,,2026,,37.4869990199787,127.034068788108,2026-02-17T22:29:33.775718+00:00,,,,로마옥,서울특별시 강남구 강남대로48길 11,"ROMAOK offers a sophisticated dining experience, conveniently located near Magongnaru Station within the architecturally striking LG Arts Center. The ambiance is chic and spacious, blending elements of a cafe, restaurant, and lounge, making it an ideal spot for dates or relaxed brunches. The star of the show is their signature leek ciabatta (대파치아바타빵), a surprisingly moist and flavorful bread served as a delightful starter. 

This Italian bistro, helmed by a chef with Michelin 2-star experience in Italy, focuses on authentic pasta and risotto. Popular choices include the rich Shrimp Pasta (쉬림프 파스타) with plump shrimp in a creamy tomato base, and the Green Risotto (그린리조또), a visually appealing dish with a subtle herbal aroma and perfectly al dente grains. Other recommended dishes include truffle cream pasta and Iberico pork belly (이베리코 맥적 구이).","마곡나루역 근처 LG아트센터 내에 위치한 로마옥은 건축적으로도 인상적인 공간에서 세련된 식사를 즐길 수 있는 곳입니다. 넓고 쾌적한 공간은 카페, 레스토랑, 라운지가 어우러진 듯한 분위기를 자아내며, 데이트나 여유로운 브런치 장소로 제격입니다. 특히 이곳의 시그니처 메뉴인 대파치아바타빵은 겉보기와 달리 촉촉하고 풍미가 깊어 애피타이저로 훌륭합니다.

이탈리아 미슐랭 2스타 출신 셰프가 이끄는 로마옥은 정통 이탈리안 파스타와 리조또에 집중합니다. 통통한 새우가 올라간 진한 토마토 베이스의 쉬림프 파스타(Shrimp Pasta)와 은은한 허브향과 깊은 풍미가 매력적인 그린 리조또(Green Risotto)가 인기 메뉴입니다. 이 외에도 트러플 크림 파스타나 이베리코 맥적 구이 등도 추천할 만한 메뉴입니다."
blueribbon,Manu terrace,서울특별시 강남구 양재천로 179,Seoul,South Korea,RIBBON_ONE,프랑스식,,0507-1359-9515,,2026,,37.4822286276945,127.045573477903,2026-02-17T22:29:33.775718+00:00,,,,마누테라스,서울특별시 강남구 양재천로 179,"Nestled beside a lush Yangjaecheon stream, Manu Terrace offers a refreshing escape from the bustling Seoul cityscape. This popular spot, even on a weekday lunch, is buzzing with energy and the passion of Chef Lee Chan-oh and his team. The ambiance is warm and inviting, with the chef himself often engaging with guests, adding a personal touch to the dining experience. From visually appealing appetizers like carrotラペ (danggeun rape) pie and ratatouille to perfectly grilled fish with grapefruit and juicy steaks, every dish is crafted with care and attention.","싱그러운 양재천 옆에 자리한 마누 테라스는 번화한 서울 도심에서 상쾌한 탈출구를 제공합니다. 평일 점심에도 활기찬 에너지가 넘치는 이곳은 이찬오 셰프와 그의 팀의 열정으로 가득합니다. 셰프가 직접 손님들과 소통하며 개인적인 터치를 더하는 따뜻하고 매력적인 분위기가 특징입니다. 당근 라페 파이와 라따뚜이 같은 시각적으로 매력적인 애피타이저부터 완벽하게 구워진 생선과 자몽의 조화, 육즙 가득한 스테이크까지, 모든 요리는 정성과 세심함으로 만들어집니다."
blueribbon,Ryumokmin,서울특별시 강남구 학동로25길 11,Seoul,South Korea,RIBBON_ONE,"한식(가금류), 닭갈비, 한식(탕/국/찌개/전골), 부대찌개",,02-6404-8080 ,,2026,,37.5143957753291,127.028815905333,2026-02-17T22:29:33.775718+00:00,,,,류몽민,서울특별시 강남구 학동로25길 11,"Step into Ryumokmin (류몽민) for a vibrant and engaging dining experience, perfect for a lively outing. The atmosphere buzzes with excitement, especially around their signature dish. The star of the show is the direct-grilled dakgalbi (닭갈비), a fiery and flavorful stir-fry that sizzles dramatically as it's prepared. The interactive process, complete with a mesmerizing 'fire show' and the addition of gooey cheese, makes for a memorable meal.","류몽민(Ryumokmin)은 활기차고 즐거운 식사 경험을 선사하는 곳으로, 특히 활기찬 모임에 적합합니다. 이곳의 시그니처 메뉴를 중심으로 분위기가 고조됩니다. 메인 요리는 바로 직화 닭갈비(dakgalbi)로, 준비 과정에서 펼쳐지는 화려하고 맛있는 퍼포먼스가 인상적입니다. 눈길을 사로잡는 '불 쇼'와 함께 녹아내리는 치즈 토핑은 잊을 수 없는 식사를 완성합니다."
blueribbon,RORAMEAN,서울특별시 영등포구 도림로131길 17,Seoul,South Korea,RIBBON_ONE,"일식, 마제소바, 라멘",,02-2677-7115 ,,2026,,37.5139946050255,126.893738701859,2026-02-17T22:29:33.775718+00:00,,,,로라멘,서울특별시 영등포구 도림로131길 17,,
blueribbon,Le82,서울특별시 강남구 양재천로 167,Seoul,South Korea,RIBBON_ONE,,,02-575-3582 ,,2026,,37.4816206936988,127.04469111273866,2026-02-17T22:29:33.775718+00:00,,,,르82,서울특별시 강남구 양재천로 167,"Step into Le82 and feel transported to Paris, right by Yangjaecheon Stream. This charming spot offers a delightful ambiance, perfect for an afternoon escape or a romantic evening. While the bread with butter is a standout, don't miss their signature Lobster Ravioli (랍스타 라비올리), a unique dish with a wonderfully chewy lobster filling and a savory sauce. The grilled lamb (양고기) is also a must-try, best enjoyed by hand for the full experience.","양재천 옆, 파리에 온 듯한 이국적인 분위기의 Le82에 들어서는 순간 특별한 경험이 시작됩니다. 낮에는 여유로운 브런치, 저녁에는 로맨틱한 식사를 즐기기에 완벽한 장소입니다. 버터와 함께 나오는 빵은 꼭 맛봐야 할 별미이며, 쫄깃한 랍스터 속과 짭짤한 소스가 어우러진 시그니처 랍스타 라비올리(랍스타 라비올리)는 잊을 수 없는 맛을 선사합니다. 손으로 들고 뜯는 재미가 있는 양고기(양고기)도 놓칠 수 없는 메뉴입니다."
blueribbon,린궁즈멘관,서울특별시 영등포구 디지털로49길 13-1,Seoul,South Korea,RIBBON_ONE,"중식, 중국식국수, 중국만두, 샤오룽바오",,02-845-5888 ,,2026,,37.490841370015886,126.89928112630038,2026-02-17T22:29:33.775718+00:00,,,,린궁즈멘관,서울특별시 영등포구 디지털로49길 13-1,"Step into a vibrant slice of East Asia right in Guro Market! This cozy eatery feels like a mini-trip abroad with a lively mix of Korean and Chinese chatter. It's the perfect spot for a casual lunch, especially if you're craving handmade dumplings. The star of the show is undoubtedly the chive dumplings (부추 만두), praised as 'art' and even winning over a dumpling skeptic. Don't miss their noodle dishes, like the peanut-infused noodles with a sweet and sour kick, or the spicy mala noodles that can be further enhanced with black vinegar for a unique twist.","구로시장에 위치한 동아시아의 활기찬 한 조각으로 들어서 보세요! 이 아늑한 식당은 한국어와 중국어가 뒤섞여 마치 해외여행을 온 듯한 기분을 선사합니다. 특히 직접 빚은 만두를 맛보고 싶다면 가벼운 점심 식사를 하기에 완벽한 장소입니다. 이곳의 하이라이트는 단연 부추 만두로, '예술'이라는 찬사를 받으며 만두를 즐겨 먹지 않는 사람까지 사로잡았습니다. 새콤달콤한 맛의 땅콩면이나 흑식초를 더해 독특한 풍미를 즐길 수 있는 매콤한 마라면 같은 면 요리도 놓치지 마세요."
blueribbon,Ruelle de Paris,서울특별시 서초구 서초중앙로 18,Seoul,South Korea,RIBBON_ONE,베이커리,,02-322-0939 ,,2026,,37.484014,127.017341,2026-02-17T22:29:33.775718+00:00,,,,루엘드파리,서울특별시 서초구 서초중앙로 18,"This beloved bakery in Seocho-dong is a must-visit for pastry lovers. While their viennoiseries and pastries are best enjoyed fresh in the morning, the quality is undeniable, with a rich, buttery flavor. Don't miss their signature Matcha Cube Danish (말차큐브데니쉬), a delightful creation filled with thick matcha cream encased in a chewy, buttery Danish bread. It's a treat that truly lives up to the hype.","서초동의 사랑받는 베이커리, 루엘드파리는 페이스트리 애호가라면 꼭 방문해야 할 곳입니다. 비에누아즈리나 페스트리는 오전에 가장 맛있지만, 버터 풍미 가득한 퀄리티는 언제나 훌륭합니다. 특히 시그니처 메뉴인 말차큐브데니쉬는 쫀득하고 버터리한 데니쉬 빵 안에 진득한 말차 크림이 가득 들어있어, 기대감을 충족시키는 특별한 경험을 선사합니다."
blueribbon,Rooftop Kloud,서울특별시 강남구 테헤란로25길 10,Seoul,South Korea,RIBBON_ONE,"바, 위스키바, 루프탑바",,02-2050-6035,,2026,,37.50122,127.0355,2026-02-17T22:29:33.775718+00:00,,,,루프탑클라우드,서울특별시 강남구 테헤란로25길 10,,
blueribbon,마코토,서울특별시 강남구 압구정로80길 37,Seoul,South Korea,RIBBON_ONE,"일식주점, 이자카야, 일식, 스키야키, 편백찜",,0507-1400-9218,,2026,,37.52433,127.0436,2026-02-17T22:29:33.775718+00:00,,,,마코토,서울특별시 강남구 압구정로80길 37,"Makoto is a sophisticated izakaya (이자카야) in Cheongdam-dong, perfect for intimate gatherings and special occasions. Known for its private rooms, it's a favorite among celebrities and has been recognized by the Blue Ribbon Survey for 13 consecutive years. The ambiance is ideal for those seeking a more subdued and personal dining experience, away from the usual hustle and bustle.

The signature dish is the seasonal sashimi moriawase (사시미 모리아와세), a beautifully curated selection of fresh catches, often including seasonal favorites like yellowtail (방어) in winter. Don't miss the unique pairing of sashimi with barley miso (보리된장), a delightful surprise. For a heartier option, the nikomi hamburg (니코미 함바그), made with premium Korean beef and enhanced with an optional pasta noodle add-on, is a must-try, especially for its perfect sauce and noodle combination.","청담동에 위치한 마코토는 프라이빗한 룸이 마련되어 있어 특별한 날이나 소규모 모임에 이상적인 고급 이자카야(이자카야)입니다. 연예인들이 즐겨 찾는 곳으로 13년 연속 블루리본 서베이에 선정될 만큼 명성이 높으며, 시끌벅적한 분위기보다는 조용하고 개인적인 식사를 선호하는 분들에게 안성맞춤입니다.

이곳의 대표 메뉴는 제철 사시미 모리아와세(사시미 모리아와세)로, 신선한 해산물을 아름답게 플레이팅한 요리입니다. 겨울철에는 방어(방어)와 같은 제철 생선을 맛볼 수 있습니다. 특히 신선한 사시미와 함께 곁들이는 보리된장(보리된장)은 예상치 못한 즐거움을 선사합니다. 좀 더 든든한 메뉴를 원한다면, 최고급 한우로 만든 니코미 함바그(니코미 함바그)를 추천합니다. 파스타 면을 추가하여 소스와 함께 즐기면 더욱 훌륭한 궁합을 자랑합니다."
blueribbon,마포숯불갈비,서울특별시 강남구 도산대로 232,Seoul,South Korea,RIBBON_ONE,"한식(육류), 소고기구이, 돼지갈비",,02-516-1522,,2026,,37.5206,127.0328,2026-02-17T22:29:33.775718+00:00,,,,마포숯불갈비,서울특별시 강남구 도산대로 232,"Step into Mapo Sootbul Galbi (마포숯불갈비) for a taste of classic Korean barbecue with a nostalgic vibe. This spot feels like a beloved old-school eatery, perfect for group gatherings and office dinners. They offer a generous complimentary Chadol Doenjang Jjigae (차돌된장찌개) with every order, packed with beef brisket, tofu, and vegetables, which is hearty enough to be a meal on its own. The side dishes, like the refreshing Dongchimi (동치미) and flavorful Yangnyeom Gejang (양념게장), add to the authentic experience.","마포숯불갈비는 향수를 불러일으키는 분위기에서 클래식한 한국식 바비큐를 맛볼 수 있는 곳입니다. 마치 오래된 맛집처럼 느껴지는 이곳은 단체 모임이나 회식 장소로 안성맞춤입니다. 주문 시 차돌된장찌개(차돌된장찌개)가 서비스로 제공되는데, 차돌박이, 두부, 각종 채소가 푸짐하게 들어있어 그 자체로도 든든한 식사가 될 정도입니다. 상큼한 동치미(동치미)와 감칠맛 나는 양념게장(양념게장) 같은 밑반찬들도 정통적인 경험을 더해줍니다."
blueribbon,막내회센타,서울특별시 영등포구 도신로53길 7,Seoul,South Korea,RIBBON_ONE,"한식(어패류), 생선회",,02-844-6150 ,,2026,,37.51188,126.9144,2026-02-17T22:29:33.775718+00:00,,,,막내회센타,서울특별시 영등포구 도신로53길 7,"This spot is a celebrated Blue Ribbon survey restaurant, even rumored to be a favorite of the late LG Chairman Koo Bon-moo. It's a lively and friendly place, perfect for gatherings, with attentive service from the staff. Their signature natural raw fish course (자연산 활어 코스) offers a generous selection of incredibly fresh seafood, with standouts like the thinly sliced flounder (쥐치) and sweet, plump shrimp (독도새우). The experience is elevated by unique dishes like steamed squid ink (오징어 먹물 통찜) and a comforting soybean paste ramen (된장라면) to round off the meal.","고(故) 구본무 LG 회장의 단골집으로도 알려진 블루리본 서베이 선정 맛집입니다. 활기차고 친절한 분위기 속에서 직원들의 세심한 서비스를 받으며 모임을 즐기기 좋습니다. 시그니처 메뉴인 자연산 활어 코스(자연산 활어 코스)는 신선한 해산물로 푸짐하게 구성되며, 특히 얇게 썬 쥐치와 달콤한 독도새우(독도새우)가 일품입니다. 오징어 먹물 통찜(오징어 먹물 통찜)과 마무리로 제공되는 구수한 된장라면(된장라면)은 특별한 경험을 더해줍니다."
blueribbon,Little Saigon,서울특별시 강남구 언주로174길 26,Seoul,South Korea,RIBBON_ONE,"아시아식, 베트남식",,02-547-9050 ,,2026,,37.52796,127.0359,2026-02-17T22:29:33.775718+00:00,,,,리틀사이공,서울특별시 강남구 언주로174길 26,"When the weather turns chilly, Little Saigon is the perfect spot to warm up with a steaming bowl of pho (쌀국수). The broth is deeply comforting, melting away the cold with every spoonful. While the pho is a popular choice, many find themselves craving their signature fried spring rolls, 짜조 (jjah jo), for their delightfully chewy texture.","쌀쌀해지는 날씨에 몸을 따뜻하게 녹여줄 뜨끈한 쌀국수 한 그릇을 찾는다면 리틀사이공이 제격입니다. 깊고 편안한 국물은 한 숟갈마다 추위를 녹여줍니다. 쌀국수도 인기가 많지만, 많은 분들이 쫀득한 식감이 일품인 시그니처 튀김 요리 짜조(jjah jo)를 더 떠올립니다."
blueribbon,두레국수,서울특별시 강남구 언주로98길 14,Seoul,South Korea,RIBBON_ONE,"한식(탕/국/찌개/전골), 곱창전골, 한식(면류), 국수",,02-552-7456,,2026,,37.5048440320759,127.042824150655,2026-02-17T22:29:33.775718+00:00,,,,두레국수,서울특별시 강남구 언주로98길 14,"Nestled in a bustling alley near Yeoksam Center Field, Dure Guksu offers a unique take on traditional Korean fare. While the original Apgujeong branch was legendary, this Yeoksam location carries on the legacy with its distinctive dishes. The star of the show is the 곱창전골 (Gopchang-jeongol), a hearty stew that arrives generously topped with fresh mugwort (쑥갓). Unlike the intensely rich and spicy versions found elsewhere, Dure Guksu's broth is surprisingly clean and refreshing, a flavor profile that might surprise purists but offers a delightful twist.","역삼 센터필드 인근의 활기찬 골목에 자리한 두레국수는 한국 전통 요리에 독특한 해석을 더한 곳입니다. 전설적인 압구정 본점의 명성을 이어받아, 이곳 역삼점은 특색 있는 메뉴로 그 명맥을 잇고 있습니다. 메인 메뉴인 곱창전골은 신선한 쑥갓이 푸짐하게 올라간 푸짐한 스튜입니다. 다른 곳에서 흔히 볼 수 있는 진하고 얼큰한 맛과는 달리, 두레국수의 국물은 놀랍도록 깔끔하고 산뜻한 맛을 자랑합니다. 이는 전통적인 곱창전골과는 다른 매력으로, 신선한 맛의 반전을 선사합니다."
blueribbon,TRATTORIA ROMAGNA,서울특별시 서초구 사평대로14길 11,Seoul,South Korea,RIBBON_ONE,"이탈리아식, 파스타",,0507-1370-2944,,2026,,37.4977352485924,126.994441473718,2026-02-17T22:29:33.775718+00:00,,,,뜨라또리아로마냐,서울특별시 서초구 사평대로14길 11,"Giwakang offers an elegant fusion of traditional Korean flavors with French techniques, creating a unique culinary experience. Chef Kang Min-cheol masterfully blends familiar Korean dishes with French savoir-faire, evident in creations like 'Caviar, Dongchimi' which pairs the crispness of radish kimchi with the richness of caviar, and 'Ganjang Gejang, Black Truffle,' a sophisticated take on marinated raw crab elevated by the earthy aroma of black truffle. The restaurant's ambiance, inspired by Korean aesthetics, and its commitment to seasonal ingredients and meticulous service, make for a truly memorable meal.","기와강은 프랑스 요리 기법과 전통 한식을 결합하여 독특한 미식 경험을 선사합니다. 강민철 셰프는 익숙한 한식에 프랑스의 정교함을 더해, 무김치의 시원함과 캐비아의 풍미가 어우러진 '캐비어, 동치미'와 블랙 트러플의 향긋함으로 풍미를 더한 '간장게장, 블랙 트러플'과 같은 창의적인 요리를 선보입니다. 한국적인 미감을 담은 공간과 제철 식재료에 대한 헌신, 그리고 세심한 서비스는 기억에 남을 식사를 보장합니다."
blueribbon,TERRES DE CAFÉ,서울특별시 서초구 양재천로 111,Seoul,South Korea,RIBBON_ONE,"카페/커피/티, 커피전문점",,02-572-1906,,2026,,37.4772935648142,127.040795021293,2026-02-17T22:29:33.775718+00:00,,,,떼르드카페,서울특별시 서초구 양재천로 111,"Nestled right by the Yangjaecheon stream, TERRES de CAFÉ boasts a charming blue exterior that draws you in. This popular spot often sees a queue, especially on weekend afternoons, a testament to its inviting atmosphere and quality offerings. It's the perfect place to pause during a stroll, offering a tranquil ambiance ideal for catching up with friends or enjoying a quiet moment alone. The interior, with its warm wood tones and central coffee bar, complements the French-inspired facade, creating a cozy and sophisticated space.","양재천 바로 옆에 자리한 TERRES de CAFÉ는 매력적인 파란색 외관으로 시선을 사로잡습니다. 주말 오후에는 줄을 서서 기다릴 정도로 인기 있는 이곳은 매력적인 분위기와 훌륭한 메뉴 덕분입니다. 산책 중 잠시 쉬어가기 완벽한 장소이며, 친구와 담소를 나누거나 혼자 조용한 시간을 보내기에 이상적인 고요한 분위기를 선사합니다. 따뜻한 우드톤과 중앙 커피 바가 있는 내부는 프랑스에서 영감을 받은 외관과 조화를 이루며 아늑하고 세련된 공간을 연출합니다."
blueribbon,디히랑,서울특별시 강남구 언주로121길 4-3,Seoul,South Korea,RIBBON_ONE,한식주점,,02-511-7284,,2026,,37.5118740693026,127.035057905947,2026-02-17T22:29:33.775718+00:00,,,,디히랑,서울특별시 강남구 언주로121길 4-3,"Nestled between Hakdong and Eonju stations, Dihi Rang offers an intimate Korean dining experience specializing in traditional liquors and Han-sik Omakase (한식 오마카세). While the lunch menu features a set Ganjang Gejang (간장게장) course, the evening transforms into a haven for those seeking expertly paired traditional Korean liquors with a rotating selection of seasonal Han-sik (한식) dishes. Reservations are highly recommended due to the cozy atmosphere and limited seating.","학동역과 언주역 사이에 위치한 디히랑은 전통주와 한식 오마카세를 전문으로 하는 아늑한 한식 다이닝 공간입니다. 점심 메뉴는 간장게장 정식이 단일 메뉴로 제공되며, 저녁에는 제철 한식 메뉴와 함께 페어링되는 전통주를 즐길 수 있습니다. 아늑한 분위기와 제한된 좌석으로 인해 예약은 필수입니다."
blueribbon,Deweet,서울특별시 동작구 대방동1길 10,Seoul,South Korea,RIBBON_ONE,"디저트/스위트, 디저트전문점",,02-324-2017,,2026,,37.5003637668422,126.92671225982,2026-02-17T22:29:33.775718+00:00,,,,듀윗,서울특별시 동작구 대방동1길 10,"Deweet is a charming dessert haven located near Sinbadaebangsamgeori Station, perfect for those seeking a touch of luxury. While currently a pickup-only spot, they are planning to expand into a larger space where patrons can enjoy coffee and desserts together. Their signature cakes, like the strawberry chocolate cake, are praised for their exquisite texture and flavor, making them ideal for special occasions. Don't miss out on their meticulously crafted cannelés, boasting a perfectly crisp exterior and a wonderfully soft interior, a true testament to the art of fine pastry.","신대방삼거리역 근처에 위치한 듀윗은 고급스러움을 더해줄 디저트 천국입니다. 현재는 픽업만 가능하지만, 곧 커피와 디저트를 함께 즐길 수 있는 더 넓은 공간으로 확장할 계획입니다. 딸기 초코 케이크와 같은 시그니처 케이크는 섬세한 식감과 풍미로 특별한 날에 완벽한 선택입니다. 겉은 완벽하게 바삭하고 속은 놀랍도록 부드러운 까눌레는 진정한 페이스트리 예술의 증거이니 꼭 맛보세요."
blueribbon,등촌최월선칼국수,서울특별시 강서구 화곡로64길 68,Seoul,South Korea,RIBBON_ONE,"한식(면류), 칼국수",,02-3661-2744,,2026,,37.556,126.8567,2026-02-17T22:29:33.775718+00:00,,,,등촌최월선칼국수,서울특별시 강서구 화곡로64길 68,"Step into a culinary institution that has been serving its signature mushroom spicy soup kalguksu (버섯매운탕칼국수) for over 40 years. This no-frills eatery, with its humble exterior, offers a comforting and authentic Korean dining experience. The set menu, featuring a rich, flavorful broth brimming with mushrooms and vegetables, followed by chewy kalguksu noodles and a savory fried rice finish, is a testament to their enduring popularity and simple, delicious approach.","40년 넘는 세월 동안 한결같이 사랑받아 온 등촌 최월선칼국수는 투박하지만 정겨운 분위기 속에서 깊은 맛을 선사하는 곳입니다. 이곳의 시그니처 메뉴인 버섯매운탕칼국수는 신선한 버섯과 채소가 듬뿍 들어간 얼큰한 국물과 함께 시작하여, 쫄깃한 칼국수 면, 그리고 마지막을 장식하는 고소한 볶음밥까지 이어지는 완벽한 코스를 자랑합니다. 오랜 전통과 변함없는 맛으로 지역 주민은 물론 멀리서 찾아오는 미식가들의 발길을 사로잡는 곳입니다."
blueribbon,Red Marble House,서울특별시 강남구 논현로 408,Seoul,South Korea,RIBBON_ONE,"한식(육류), 소고기구이",,02-1644-3392 ,,2026,,37.49664,127.0392,2026-02-17T22:29:33.775718+00:00,,,,레드마블하우스,서울특별시 강남구 논현로 408,"Red Marble House offers a sophisticated dining experience, perfect for special occasions with its private rooms and elegant ambiance. While known for its excellent quality meats, the star of the show is undoubtedly the signature Guksu Jeongol (국수전골), a hearty noodle hot pot that reviewers rave about, even comparing it favorably to other renowned establishments. The accompanying side dishes are also praised for their freshness and flavor, making the entire meal a delightful culinary journey.","레드마블하우스는 프라이빗 룸과 고급스러운 분위기로 특별한 날에 완벽한 세련된 다이닝 경험을 선사합니다. 훌륭한 품질의 고기로 유명하지만, 이곳의 진정한 스타는 단연 시그니처 메뉴인 국수전골입니다. 푸짐한 이 국수 전골은 다른 유명 맛집과 비교해도 손색이 없을 정도로 극찬을 받고 있습니다. 함께 제공되는 밑반찬들 역시 신선함과 맛으로 칭찬받으며, 전체적인 식사를 즐거운 미식 여행으로 만들어 줍니다."
blueribbon,또순이네집,서울특별시 영등포구 선유로47길 16,Seoul,South Korea,RIBBON_ONE,"한식(육류), 소고기구이",,02-2672-2255,,2026,,37.53583,126.8954,2026-02-17T22:29:33.775718+00:00,,,,또순이네집,서울특별시 영등포구 선유로47길 16,"This popular Yeongdeungpo eatery is famous for its legendary Doenjang Jjigae (된장찌개), a hearty soybean paste stew so good it's said to have funded the building itself. While technically a beef restaurant, the stew steals the show, drawing crowds who line up for a taste. Expect a bustling atmosphere, especially during lunch, where tables are often pre-set with the signature stew and banchan (side dishes).","이곳 영등포의 유명 맛집은 건물 자체를 세웠다는 전설적인 된장찌개로 유명합니다. 소고기 전문점이지만, 이 찌개가 단연 압권이며 많은 사람들이 맛을 보기 위해 줄을 서서 기다립니다. 특히 점심시간에는 테이블마다 시그니처 찌개와 반찬이 미리 세팅되어 있어 활기찬 분위기를 느낄 수 있습니다."
blueribbon,당산오돌,서울특별시 영등포구 국회대로37길 6,Seoul,South Korea,RIBBON_ONE,"한식(육류), 돼지고기구이",,02-2068-5592,,2026,,37.5275625288744,126.899817341967,2026-02-17T22:29:33.775718+00:00,,,,당산오돌,서울특별시 영등포구 국회대로37길 6,"This establishment is a premier destination for unique pork cuts, boasting a sophisticated ambiance and spacious seating. They pride themselves on operating their own processing facility, ensuring top-quality meat at reasonable prices. The restaurant utilizes premium Binchotan charcoal, heated to 1600 degrees, for an exceptional grilling experience. Signature dishes include the ""Kkodel Mango Set"" (꼬들망고세트), featuring the prized ""kkodel-sal"" (꼬들살) and the marbled ""mango moksal"" (마블망고목살), which is dry-aged for peak flavor and juiciness.","독특한 돼지고기 특수 부위를 전문으로 하는 이곳은 세련된 분위기와 넓은 좌석을 자랑합니다. 자체 가공 시설을 운영하여 최고 품질의 육류를 합리적인 가격에 제공하는 데 자부심을 가지고 있습니다. 최상의 그릴링 경험을 위해 1600도에서 달궈진 최고급 비장탄을 사용합니다. 시그니처 메뉴로는 귀한 ""꼬들살""과 최상의 풍미와 육즙을 위해 드라이 에이징한 ""마블 망고 목살""을 맛볼 수 있는 ""꼬들망고세트""가 있습니다."
blueribbon,돈불리제담,서울특별시 강남구 압구정로2길 46,Seoul,South Korea,RIBBON_ONE,"한식(일반한식), 제주음식, 일반한식",,02-546-2995,,2026,,37.5187672551656,127.020691646267,2026-02-17T22:29:33.775718+00:00,,,,돈불리제담,서울특별시 강남구 압구정로2길 46,"Nestled within the Gangnam Market building near Sinsa Station, Donbulizedam is a hidden gem that lives up to its long-held reputation. This spot, recognized by the Blue Ribbon Survey, offers a taste of Jeju Island in the heart of Seoul. The star of the show is the Jupjjakppyeo-guk (접작뼈국), a rich, hearty soup made with a deeply flavorful pork bone broth. The tender pork, flown in daily from Jeju, practically melts off the bone, making for an incredibly satisfying meal that reviewers rave about, especially considering its excellent value.","신사역 근처 강남시장 건물 안에 자리한 돈불리제담은 오랜 시간 찜해둔 보람이 있는 숨은 맛집입니다. 블루리본 서베이에도 선정된 이곳은 서울 도심에서 제주도의 맛을 느낄 수 있는 곳입니다. 메인 메뉴인 접짝뼈국은 깊고 진한 돼지 사골 육수가 일품이며, 매일 제주도에서 직송되는 부드러운 흑돼지 살코기는 뼈에서 쉽게 분리될 정도로 연합니다. 푸짐한 양과 훌륭한 가성비로 방문객들의 극찬을 받고 있습니다."
blueribbon,대관원,서울특별시 영등포구 당산로37길 1,Seoul,South Korea,RIBBON_ONE,"중식, 일반중식",,02-2068-8791,,2026,,37.52941398328275,126.89790787963236,2026-02-17T22:29:33.775718+00:00,,,,대관원,서울특별시 영등포구 당산로37길 1,"Daegwanwon is a popular Chinese restaurant, recognized by ""Suyo Mit-sae"" (수요미식회) as one of Seoul's top three Jjajangmyeon (짜장면) spots. The atmosphere is lively, often filled with company dinners and families, creating a diverse and bustling dining experience. While parking is not available on-site, the short walk from nearby paid lots is well worth it for a taste of their celebrated dishes.

The signature dishes include a remarkably thin and crispy Tangsuyuk (탕수육) that's served piping hot, with no gamey smell and a tender interior. The Samseon Jjamppong (삼선짬뽕) offers a comforting, subtly flavored broth that's easy on the stomach, packed with generous ingredients. For those seeking the authentic experience, the Ganjjajangmyeon (간짜장) is a must-try, known for its drier, concentrated sauce that truly highlights the 'gan' (간) in its name, though a touch of jjampong broth can be added for a richer consistency.","대관원은 수요미식회(Suyo Mit-sae)에 소개된 서울 3대 짜장면(Jjajangmyeon) 맛집으로 유명한 인기 중식당입니다. 활기찬 분위기 속에서 회식과 가족 단위 손님들이 어우러져 다양한 연령층이 즐겨 찾는 곳입니다. 주차는 어렵지만, 근처 유료 주차장에서의 짧은 도보는 이곳의 명성 높은 요리를 맛보기 위해 충분히 감수할 만합니다.

대표 메뉴로는 얇고 바삭한 튀김옷과 촉촉한 속살이 일품인 탕수육(Tangsuyuk)이 있으며, 뜨겁게 제공됩니다. 삼선짬뽕(Samseon Jjamppong)은 속 편안한 은은한 국물 맛과 푸짐한 건더기가 특징입니다. 정통의 맛을 찾는다면, 이름 그대로 '간(gan)'이 뻑뻑한 소스로 농축된 간짜장면(Ganjjajangmyeon)을 꼭 맛보세요. 취향에 따라 짬뽕 국물을 약간 추가하여 더욱 풍부한 맛을 즐길 수도 있습니다."
blueribbon,Tokyo Saikabo,서울특별시 강남구 도산대로101길 9,Seoul,South Korea,RIBBON_ONE,일식,,02-517-0108,,2026,,37.525707,127.052421,2026-02-17T22:29:33.775718+00:00,,,,도쿄사이카보,서울특별시 강남구 도산대로101길 9,"Step into Tokyo Saikabo, a refined Japanese eatery in Cheongdam-dong, designed with a 'natural stone' theme by a renowned interior designer. The open kitchen adds a vibrant energy, contrasting with the sophisticated, dimly lit interior and creating a comfortable, welcoming atmosphere that perfectly complements their home-style cooking concept. 

Discover unique and subtly flavored dishes that offer a refreshing departure from typical Japanese restaurants. Standout options include the eggplant dish and scallops served with whole potatoes, both exuding a refined elegance reminiscent of Korean home cooking. Complement your meal with their selection of Japanese sakes and distinctive shochus, including a memorable, thick raw shochu served with a teaspoon.","청담동에 위치한 도쿄 사이카보는 유명 인테리어 디자이너가 '자연석'을 테마로 디자인한 세련된 일식 레스토랑입니다. 오픈 주방의 활기찬 에너지가 고급스럽고 어두운 실내와 대조를 이루며, 편안하고 아늑한 분위기를 자아냅니다. 이는 가정식 요리 콘셉트와 완벽하게 어우러집니다.

일반적인 일식집과는 다른 독특하고 은은한 맛의 요리를 맛볼 수 있습니다. 특히 가지 요리와 통감자와 함께 나오는 가리비 요리는 정갈한 한식의 품격을 느끼게 합니다. 다양한 일본 사케와 함께, 숟가락으로 떠먹는 독특한 질감의 생소주를 포함한 특별한 쇼추를 즐겨보세요."
blueribbon,대가방,서울특별시 강남구 봉은사로 333,Seoul,South Korea,RIBBON_ONE,"중식, 대만식중식",,02-544-6336,,2026,,37.5105620922653,127.043036549402,2026-02-17T22:29:33.775718+00:00,,,,대가방,서울특별시 강남구 봉은사로 333,"This renowned Taiwanese-Chinese restaurant, a Michelin Guide recipient and featured on ""Siksin"" and ""The Master of Life,"" offers a refined dining experience. The interior is modern and clean, with convenient valet parking available. It's a popular spot, often bustling with diners eager to try their famous dishes.

The signature Tangsuyuk (탕수육), a crispy fried pork dish served in a sweet and sour sauce, is a must-try, celebrated for its perfect texture and flavor. Another highly recommended dish is the Daegatangmyeon (대가탕면), a flavorful noodle soup that patrons consistently order. The Japtangbap (잡탕밥), a rice dish topped with a medley of seafood and vegetables, is also a satisfying choice for those who enjoy fresh ingredients.","미슐랭 가이드와 수요미식회, 생활의 달인에 소개된 유명 중식당 대가방은 세련되고 깔끔한 분위기에서 식사를 즐길 수 있는 곳입니다. 편리한 발렛 주차 시설을 갖추고 있으며, 언제나 맛있는 요리를 맛보려는 사람들로 붐비는 인기 있는 장소입니다.

이곳의 시그니처 메뉴인 탕수육(Tangsuyuk)은 바삭한 튀김과 새콤달콤한 소스의 완벽한 조화로 꼭 맛봐야 할 요리입니다. 또한, 많은 사람들이 꾸준히 주문하는 대가탕면(Daegatangmyeon)은 깊은 풍미의 국물 면 요리로 추천할 만합니다. 해산물과 채소가 풍성하게 들어간 덮밥 스타일의 잡탕밥(Japtangbap) 역시 신선한 재료를 좋아하는 분들에게 만족스러운 선택이 될 것입니다."
blueribbon,담장옆에국화꽃,서울특별시 서초구 사평대로 205,Seoul,South Korea,RIBBON_ONE,"디저트/스위트, 한식디저트, 빙수",,02-591-1157,,2026,,37.5044921229104,127.007845270854,2026-02-17T22:29:33.775718+00:00,,,,담장옆에국화꽃,서울특별시 서초구 사평대로 205,"This popular spot near Express Bus Terminal Station is a delightful escape, especially for those seeking a sweet treat. It's a favorite gathering place for mothers, creating a warm and convivial atmosphere perfect for catching up. The decor boasts a beautiful Korean aesthetic, reminiscent of a visit to Insadong, with elegant tableware and gift sets on display. Be prepared for a wait, as this cafe is consistently busy, but the charming ambiance and delicious offerings make it well worth the anticipation.","고속터미널역 근처의 이 인기 있는 장소는 달콤한 간식을 찾는 사람들에게 특히 즐거운 휴식처입니다. 어머니들의 사랑받는 모임 장소로, 담소를 나누기에 완벽한 따뜻하고 유쾌한 분위기를 자아냅니다. 인사동 방문을 떠올리게 하는 아름다운 한국적 미학의 인테리어와 우아한 식기, 선물 세트가 전시되어 있습니다. 이 카페는 꾸준히 붐비기 때문에 기다림을 예상해야 하지만, 매력적인 분위기와 맛있는 메뉴는 기다림의 가치를 충분히 합니다."
blueribbon,대동문,서울특별시 영등포구 국제금융로6길 30,Seoul,South Korea,RIBBON_ONE,"한식(탕/국/찌개/전골), 어복쟁반, 한식(일반한식), 일반한식, 한식(면류), 만두",,02-782-1780 ,,2026,,37.52174,126.9265,2026-02-17T22:29:33.775718+00:00,,,,대동문,서울특별시 영등포구 국제금융로6길 30,"Escape the city bustle and find tranquility on the Jin-dal-lae Ridge (진달래 능선) trail. This path offers a moderate climb, perfect for beginners, with gentle slopes and stunning natural beauty. Even outside of peak blooming season, the scenery is rewarding, and the trail's relative quietude allows for a peaceful communion with nature. Accessible via public transport or a conveniently located, affordable parking lot, it's an ideal spot for a refreshing hike.","도시의 번잡함에서 벗어나 진달래 능선의 고요함을 느껴보세요. 이 코스는 초보자에게 적합한 완만한 경사와 아름다운 자연 경관을 자랑합니다. 만개 시기가 아니더라도 풍경은 충분히 아름답고, 비교적 한적한 길 덕분에 평화로운 자연과의 교감을 즐길 수 있습니다. 대중교통 또는 저렴하고 편리한 주차장을 이용할 수 있어 상쾌한 등산을 위한 완벽한 장소입니다."
blueribbon,느루집(문래본점),서울특별시 영등포구 당산로 34,Seoul,South Korea,RIBBON_ONE,"한식(가금류), 닭갈비, 한식(탕/국/찌개/전골), 부대찌개",,0507-1362-5201,,2026,,37.5174631210953,126.896493699106,2026-02-17T22:29:33.775718+00:00,,,,느루집(문래본점),서울특별시 영등포구 당산로 34,"This popular spot in Yeongdeungpo is a go-to for delicious dakgalbi (닭갈비), featuring tender, domestically sourced chicken bathed in a savory red sauce. The ""cheese waterfall dakgalbi"" is a must-try, creating a decadent experience. The spacious and clean interior makes it an ideal location for company dinners or family gatherings, and the option to add fried rice (볶음밥) at the end ensures a satisfying meal.","영등포의 인기 맛집으로, 부드러운 국내산 닭고기에 감칠맛 나는 빨간 양념이 어우러진 닭갈비(닭갈비)를 맛볼 수 있습니다. 특히 '치즈 폭포 닭갈비'는 놓칠 수 없는 메뉴로, 풍성한 치즈의 풍미를 더해줍니다. 넓고 깔끔한 내부는 회식이나 가족 모임에 안성맞춤이며, 식사 후 볶음밥(볶음밥)까지 즐길 수 있어 든든한 식사를 완성할 수 있습니다."
blueribbon,농민백암순대,서울특별시 강남구 선릉로86길 40-4,Seoul,South Korea,RIBBON_ONE,"한식(탕/국/찌개/전골), 순대국밥",,02-555-9603,,2026,,37.5037329376349,127.052982069884,2026-02-17T22:29:33.775718+00:00,,,,농민백암순대,서울특별시 강남구 선릉로86길 40-4,"This popular spot is a must-visit for anyone craving authentic Korean comfort food, especially their renowned sundae-guk (순대국). Be prepared for a wait, as this beloved establishment consistently draws crowds eager to sample its famous broth and fresh ingredients. The atmosphere inside is lively and bustling, with friendly staff efficiently serving a steady stream of satisfied customers.","진정한 한국의 소울푸드를 맛보고 싶다면 꼭 방문해야 할 인기 맛집, 특히 명성 높은 순대국은 꼭 맛보세요. 신선한 재료와 깊은 국물 맛을 맛보기 위해 늘 긴 줄이 늘어서는 곳이니, 기다릴 준비는 필수입니다. 활기차고 북적이는 내부 분위기 속에서 친절한 직원들이 능숙하게 손님들을 맞이합니다."
blueribbon,꿉당,서울특별시 서초구 강남대로 615,Seoul,South Korea,RIBBON_ONE,"한식(육류), 돼지고기구이",,02-545-9600,,2026,,37.5166413661632,127.018909049863,2026-02-17T22:29:33.775718+00:00,,,,꿉당,서울특별시 서초구 강남대로 615,"A Michelin Guide Bib Gourmand selection, KkUPDANG is a must-visit for pork lovers, specializing in perfectly grilled pork neck (moksal, 목살) and pork belly (samgyeopsal, 삼겹살). While the cozy interior can get lively and a bit cramped, the real stars are the expertly grilled meats, prepared by trained ""roasters"" who ensure each bite is succulent and flavorful. Don't miss the rich and savory Kangbyeon Grandma's doenjang jjigae (된장찌개) to round out your meal.","미쉐린 가이드 빕 구르망에 선정된 꿉당은 완벽하게 구워진 돼지 목살과 삼겹살 전문점으로, 돼지고기 애호가라면 꼭 방문해야 할 곳입니다. 아늑한 내부는 활기차고 조금 비좁을 수 있지만, 진정한 주인공은 숙련된 ""로스터""가 준비해주는 육즙 가득하고 풍미 넘치는 고기입니다. 식사를 마무리하기 위해 진하고 구수한 강변 외할머니 된장찌개도 놓치지 마세요."
blueribbon,꽃새우영번지,서울특별시 강남구 언주로 536,Seoul,South Korea,RIBBON_ONE,"한식주점, 해물포차, 한식(어패류), 해물, 새우",,02-501-2050,,2026,,37.5061762449161,127.041344559745,2026-02-17T22:29:33.775718+00:00,,,,꽃새우영번지,서울특별시 강남구 언주로 536,"Step into Kkot-saewoo Yeongbeonji (꽃새우 영번지), a celebrated seafood haven in Yeoksam-dong that's a frequent star on Korean television. This popular spot offers a sophisticated dining experience with private, partitioned tables perfect for intimate gatherings. Their menu boasts a wide array of seasonal seafood, including the highly anticipated Dokdo shrimp (독도새우) platters, and a selection of satisfying meal options.

The true showstopper is the 'Khaedoro' (캐도로), a luxurious cube of premium tuna belly adorned with caviar and truffle, promising an unforgettable culinary journey. For a rich and creamy delight, don't miss the uni (우니), best enjoyed with avocado and seaweed, balanced with a hint of wasabi. The restaurant also features an exquisite Hanwoo beef (한우) sashimi trio, offering a tender and fresh bite when wrapped in seaweed with a side of dipping sauce.","역삼동의 명성이 자자한 해산물 명소, 꽃새우 영번지에 오신 것을 환영합니다. 이곳은 한국 TV 프로그램에 자주 등장하며 오랜 사랑을 받아온 곳입니다. 프라이빗한 식사를 즐길 수 있도록 테이블마다 공간이 분리되어 있어 아늑한 모임에 제격입니다. 제철 해산물, 특히 기대되는 독도새우(독도새우) 모듬과 다양한 식사 메뉴를 맛볼 수 있습니다.

이곳의 하이라이트는 단연 캐비어와 트러플을 곁들인 고급 참치 뱃살 큐브인 '캐도로'(캐도로)입니다. 잊을 수 없는 미식 경험을 선사할 것입니다. 풍부하고 크림 같은 맛을 원한다면 성게알(우니)을 아보카도, 김과 함께 곁들여 와사비로 맛의 균형을 잡아보세요. 또한, 부드럽고 신선한 한우(한우) 사시미 삼합은 김에 싸서 소스와 함께 즐기면 더욱 맛있습니다."
blueribbon,NYeock,서울특별시 강남구 봉은사로4길 32,Seoul,South Korea,RIBBON_ONE,미국식,,070-8884-0710,,2026,,37.5027658420773,127.026657450782,2026-02-17T22:29:33.775718+00:00,,,,녘,서울특별시 강남구 봉은사로4길 32,"Step into ""Nyeock"" (녘), a New York-inspired fine dining restaurant and bar that offers a unique brunch experience. The exterior, adorned with vibrant graffiti, hints at the artistic and modern atmosphere within. Inside, you'll find a sophisticated space perfect for photos, with a menu curated by a New York-based chef. It's a celebrated brunch spot, recognized for its quality and unique culinary approach, making it a must-visit for those seeking a stylish and delicious meal.","뉴욕 출신 셰프가 선보이는 독창적인 요리와 주류 페어링을 즐길 수 있는 파인 다이닝 레스토랑 & 바 ""녘""(Nyeock)에서 특별한 브런치 경험을 만끽해 보세요. 다채로운 그래피티로 장식된 외관은 내면의 예술적이고 현대적인 분위기를 암시합니다. 내부는 사진 찍기 좋은 세련된 공간으로 꾸며져 있으며, 뉴욕 기반 셰프가 엄선한 메뉴를 선보입니다. 이곳은 독특한 요리 접근 방식과 품질로 인정받는 유명 브런치 맛집으로, 스타일리시하고 맛있는 식사를 찾는 분들에게 꼭 방문해야 할 곳입니다."
blueribbon,CARNE BRASIL GRILL,서울특별시 서초구 방배로 83-9,Seoul,South Korea,RIBBON_ONE,"중남미식, 브라질식",,02-598-5066,,2026,,37.482007,126.996644,2026-02-17T22:29:33.775718+00:00,,,,까르니브라질그릴,서울특별시 서초구 방배로 83-9,"This is a meat lover's paradise, a verified haven for carnivores looking to recharge their energy. The star of the show is the ""Special Course"" (스페셜 코스), an all-you-can-eat feast combining Brazilian churrasco (슈하스코) and steak. Expect a continuous flow of grilled meats like sirloin (등심), hanger steak (안창살), and tenderloin (토시살), all expertly cooked to a perfect medium-rare and served with a delightful orange-hued sauce reminiscent of romesco.","육식주의자들에게는 더할 나위 없는 천국이자, 기력을 회복하려는 이들에게 검증된 파라다이스입니다. 이곳의 하이라이트는 브라질 슈하스코(churrasco, 슈하스코)와 스테이크를 결합한 무한리필 '스페셜 코스'(Special Course, 스페셜 코스)입니다. 완벽한 미디움 레어로 구워진 등심(sirloin, 등심), 안창살(hanger steak, 안창살), 토시살(tenderloin, 토시살) 등 다양한 소고기 부위가 로메스코를 닮은 맛있는 오렌지빛 소스와 함께 끊임없이 제공됩니다."
blueribbon,늘푸른정육식당,서울특별시 강남구 강남대로124길 19,Seoul,South Korea,RIBBON_ONE,"한식(육류), 소고기구이",,02-479-2224,,2026,,37.50926,127.0241,2026-02-17T22:29:33.775718+00:00,,,,늘푸른정육식당,서울특별시 강남구 강남대로124길 19,"This renowned butcher's restaurant, recognized with Blue Ribbon and Red Ribbon accolades, offers a premium Hanwoo (한우) beef experience. The ambiance is elevated, perfect for special occasions like a celebratory after-work date. The star of the show is undoubtedly the impeccably marbled beef, with the sirloin (채끝) praised for its melt-in-your-mouth texture and rich, non-greasy flavor when lightly grilled and seasoned. The brisket point (알업진) offers a satisfyingly chewy contrast, making it a favorite for true meat lovers.","블루리본과 레드리본으로 인정받은 이 유명 정육식당은 프리미엄 한우 경험을 선사합니다. 특별한 날, 퇴근 후 기념일을 축하하기에 완벽한 분위기를 자랑합니다. 하이라이트는 단연 예술적인 마블링의 소고기이며, 특히 채끝은 살짝 구워 소금만 찍어 먹었을 때 입안에서 녹는 듯한 식감과 풍부하면서도 느끼하지 않은 풍미로 극찬을 받았습니다. 쫀득하고 씹는 맛이 살아있는 알업진은 진정한 고기 애호가들이 좋아할 만한 매력을 선사합니다."
blueribbon,늘푸른목장,서울특별시 송파구 백제고분로9길 34,Seoul,South Korea,RIBBON_ONE,"한식(육류), 소고기구이",,02-3431-4520,,2026,,37.509538,127.082624,2026-02-17T22:29:33.775718+00:00,,,,늘푸른목장,서울특별시 송파구 백제고분로9길 34,"A beloved institution in Jamsil Saenae, Neulpureun Mokjang has been a local favorite for over two decades, drawing crowds for its signature Gyeongju galbisal (경주갈비살). Despite its spacious interior, expect a wait, as this spot is highly recommended by residents who return time and again for the unparalleled taste of their prime Korean beef ribs. The meat is meticulously prepared, with fresh cuts from the day's auction expertly hand-boned and lightly seasoned to highlight its natural flavor and juiciness.","늘푸른목장은 20년 넘게 잠실새내 주민들의 사랑을 받아온 터줏대감으로, 시그니처 메뉴인 경주갈비살(Gyeongju galbisal)을 맛보기 위해 늘 긴 웨이팅이 이어지는 곳입니다. 넓은 매장에도 불구하고 현지인들의 강력 추천으로 발걸음이 끊이지 않으며, 최상급 한우 갈비살의 맛을 잊지 못해 다시 찾게 되는 곳입니다. 매일 경매로 받은 신선한 고기를 직접 발골하여 육질 본연의 맛과 감칠맛을 살린 양념을 더한 것이 특징입니다."
blueribbon,남도포장마차,서울특별시 관악구 청룡2길 3,Seoul,South Korea,RIBBON_ONE,"한식주점, 해물포차",,02-871-9121 ,,2026,,37.48116,126.9459,2026-02-17T22:29:33.775718+00:00,,,,남도포장마차,서울특별시 관악구 청룡2길 3,"Step into Namdo Pojangmacha (남도포장마차) and feel like you've stumbled upon a hidden gem straight from the coast, right in the heart of Seoul. This place boasts a genuine old-school vibe, reminiscent of traditional street food stalls, and is renowned for serving incredibly fresh seafood that even coastal natives approve of. The menu is extensive, making it hard to choose, but the signature spicy marinated crab (kkotge-muchim, 꽃게무침) is a must-try, praised for its addictive flavor that's perfect for enjoying with a drink, and the steamed whelk (cham-sora-daechim, 참소라데침) is exceptionally tender and delicious.","서울 한복판에서 마치 바닷가 정통 포장마차에 온 듯한 느낌을 주는 남도포장마차는 진정한 노포 감성과 신선한 해산물로 유명한 곳입니다. 이곳은 해안 출신들도 인정할 만큼 최고로 신선한 해산물을 맛볼 수 있으며, 메뉴가 다양해 선택의 즐거움을 선사합니다. 특히, 술안주로 완벽한 중독적인 맛의 시그니처 메뉴인 꽃게무침과 부드럽고 맛있는 참소라데침은 꼭 맛봐야 할 별미입니다."
blueribbon,꽃지,서울특별시 강남구 봉은사로 610,Seoul,South Korea,RIBBON_ONE,"한식(어패류), 게장, 꽃게",,02-561-8788,,2026,,37.51465,127.0619,2026-02-17T22:29:33.775718+00:00,,,,꽃지,서울특별시 강남구 봉은사로 610,"Nestled near Bongeunsa Station in Gangnam, Kkotji is a highly-regarded Korean restaurant recognized by both Michelin and Blue Ribbon guides. While many are fans of spicy crab, Kkotji's signature soy-marinated crab (ganjang gejang, 간장게장) is a revelation, boasting a rich, nutty flavor without any fishiness. The generous portions and the accompanying banchan (side dishes) make for a truly satisfying meal, especially when mixed with rice in the crab shell for an unforgettable experience.","강남 봉은사역 근처에 위치한 꽃지는 미슐랭과 블루리본 가이드에 모두 등재된 명성 높은 한식당입니다. 매콤한 양념게장을 선호하는 분들도 이곳의 시그니처인 간장게장(ganjang gejang, 간장게장)을 맛보면 생각이 달라질 것입니다. 비린 맛 없이 녹진하고 고소한 맛이 일품이며, 푸짐한 게장과 정갈한 반찬들은 잊을 수 없는 식사를 선사합니다. 특히 게딱지에 밥을 비벼 먹는 것은 놓칠 수 없는 별미입니다."
blueribbon,다미,서울특별시 영등포구 국제금융로8길 34,Seoul,South Korea,RIBBON_ONE,"일식주점, 로바다야키",,02-783-5167 ,,2026,,37.52016,126.9273,2026-02-17T22:29:33.775718+00:00,,,,다미,서울특별시 영등포구 국제금융로8길 34,"Escape to Bukchon Dami (북촌다미), a charming hanok (한옥) guesthouse nestled in the heart of Seoul's historic Bukchon Village. This private, traditional Korean house offers a serene retreat, perfect for families or groups seeking a peaceful getaway. Enjoy the unique ambiance of a hanok with modern comforts, including spacious rooms, multiple bathrooms, and a well-equipped kitchen ideal for preparing meals. The guesthouse also provides a delightful array of entertainment, from board games and manga to a turntable with LPs, ensuring a memorable and relaxing stay within its tranquil courtyards.","서울의 역사적인 북촌 마을 중심부에 자리한 매력적인 한옥(한옥) 숙소, 북촌다미(북촌다미)에서 고즈넉한 휴식을 경험해 보세요. 이 독채 전통 한옥은 평화로운 휴가를 원하는 가족이나 그룹에게 완벽한 안식처를 제공합니다. 넓은 객실, 여러 개의 욕실, 식사 준비에 이상적인 잘 갖춰진 주방을 포함한 현대적인 편의 시설을 갖춘 한옥의 독특한 분위기를 즐겨보세요. 또한, 보드게임, 만화책, LP가 구비된 턴테이블 등 다양한 즐길 거리를 제공하여 고요한 마당 안에서 잊지 못할 편안한 시간을 보낼 수 있습니다."
blueribbon,남서울민물장어,서울특별시 강남구 봉은사로 137,Seoul,South Korea,RIBBON_ONE,"한식(민물어패류), 장어",,02-544-1010,,2026,,37.50627,127.0295,2026-02-17T22:29:33.775718+00:00,,,,남서울민물장어,서울특별시 강남구 봉은사로 137,"A long-standing institution in the Gangnam area, Namseoul Minmul Jang-eo has been serving up delicious grilled eel for over 30 years. The vibe here is classic and comfortable, with private rooms available for gatherings, making it a great spot for a celebratory meal or a family get-together. The star of the show is undoubtedly the grilled eel (장어구이), particularly the salt-grilled variety, which is expertly cooked by the staff. Complement your meal with their flavorful side dishes and a refreshing drink like Bokbunja (복분자).","강남 지역에서 30년 넘게 자리를 지켜온 남서울민물장어는 맛있는 장어구이로 유명한 곳입니다. 편안하고 클래식한 분위기 속에서 프라이빗 룸도 마련되어 있어 모임이나 가족 외식 장소로도 좋습니다. 이곳의 하이라이트는 단연 장어구이이며, 특히 직원들이 능숙하게 구워주는 소금구이가 일품입니다. 맛깔스러운 밑반찬과 복분자 같은 시원한 음료와 함께 즐겨보세요."
blueribbon,GOWOOGA,서울특별시 영등포구 여의대로 24,Seoul,South Korea,RIBBON_ONE,"한식(육류), 한우오마카세",,0507-1342-9554,,2026,,37.5221803249649,126.919916550827,2026-02-17T22:29:33.775718+00:00,,,,고우가,서울특별시 영등포구 여의대로 24,"GOWOOGA offers an exclusive Hanwoo (한우) omakase experience in a sophisticated setting. With all seating in private rooms, it's the perfect spot for intimate dinners, business gatherings, or special occasions where you can enjoy a quiet conversation. The ambiance is further elevated by the dim lighting and dark-toned decor, creating a refined and luxurious atmosphere ideal for dates or treating parents.","고우가는 고급스러운 분위기에서 특별한 한우 오마카세 경험을 선사합니다. 모든 좌석이 개별 룸으로 구성되어 있어 조용한 대화가 가능한 프라이빗한 식사를 즐길 수 있으며, 비즈니스 모임이나 특별한 날에 완벽한 장소입니다. 은은한 조명과 어두운 톤의 인테리어는 더욱 세련되고 고급스러운 분위기를 연출하여 데이트나 부모님을 모시고 오기에도 좋습니다."
blueribbon,GRee E,서울특별시 강남구 도산대로59길 13,Seoul,South Korea,RIBBON_ONE,"컨템포러리, 프랑스식",,0507-1358-6982,,2026,,37.5246740736383,127.041990425496,2026-02-17T22:29:33.775718+00:00,,,,그리에,서울특별시 강남구 도산대로59길 13,"GRee:E offers a unique dining experience where art and cuisine intertwine. Currently showcasing the ""To The Joy"" exhibition by artist DaYeon Lee, the space is adorned with abstract pieces exploring themes of love, hope, and joy. Enjoy delicious food while immersing yourself in vibrant artworks that convey positive messages through symbols like hearts and clovers.","그리에:이(GRee:E)는 예술과 미식이 어우러진 특별한 다이닝 경험을 선사합니다. 현재 이다연 작가의 ""To The Joy"" 전시를 선보이며, 하트와 클로버 같은 상징을 통해 긍정적인 메시지를 전달하는 사랑, 희망, 기쁨을 탐구하는 추상 작품들로 공간을 채우고 있습니다. 맛있는 음식과 함께 생동감 넘치는 예술 작품에 흠뻑 빠져보세요."
blueribbon,gute Leute,서울특별시 강남구 선릉로131길 16,Seoul,South Korea,RIBBON_ONE,"카페/커피/티, 에스프레소바, 커피전문점",,02-518-1117,,2026,,37.5176953608723,127.03963018885,2026-02-17T22:29:33.775718+00:00,,,,구테로이테,서울특별시 강남구 선릉로131길 16,"Gute Leute, meaning 'good people' in German, lives up to its name with a comfortable and relaxed atmosphere. This four-time Blue Ribbon recipient near Gangnam-gu Office Station offers a unique espresso bar experience. Patrons can enjoy a wide variety of espresso drinks, from classic shots to creative concoctions with cream and toppings, all at reasonable prices. The bar seating provides an intimate view of the baristas at work, hinting at the possibility of a coffee omakase (coffee tasting menu) experience. Beyond espresso, they also offer regular coffee, non-coffee beverages, and a tempting selection of pastries and desserts like tigres, madeleines, and various cakes, as well as wine pairings for evening enjoyment.","독일어로 '좋은 사람들'이라는 뜻의 구테로이테는 이름처럼 편안하고 여유로운 분위기를 자랑합니다. 강남구청역 근처에 위치한 이곳은 4년 연속 블루리본을 받은 특별한 에스프레소 바입니다. 클래식한 에스프레소부터 크림이나 토핑을 곁들인 창의적인 메뉴까지, 다양한 에스프레소 음료를 합리적인 가격으로 즐길 수 있습니다. 바 좌석에서는 바리스타의 섬세한 커피 제조 과정을 가까이에서 감상할 수 있으며, 이는 커피 오마카세 경험에 대한 기대를 높입니다. 에스프레소 외에도 일반 커피, 논커피 음료, 그리고 티그레, 마들렌, 다양한 케이크와 같은 맛있는 디저트와 저녁 시간 와인 페어링까지 준비되어 있습니다."
blueribbon,goldfish dimsum cuisine,서울특별시 강남구 압구정로48길 35,Seoul,South Korea,RIBBON_ONE,"중식, 홍콩식중식, 딤섬",,02-511-5266 ,,2026,,37.52607172192224,127.03710630039664,2026-02-17T22:29:33.775718+00:00,,,,골드피쉬딤섬퀴진,서울특별시 강남구 압구정로48길 35,"Nestled in the heart of Apgujeong Rodeo, Goldfish Dimsum Cuisine offers a chic and comfortable dining experience with pleasant window seats offering a nice view. The tablet ordering system makes it easy to select from their diverse menu, including creative cocktails like the Yantai Gaoliangju highball. Don't miss the signature coin mentaiko (코인멘보샤), a chewy shrimp delight, and the crispy spring rolls. The variety of dumplings, including shrimp dumplings, guichaegyo (구채교), and xiaolongbao (소롱포), are all expertly crafted and bursting with flavor.","압구정 로데오 중심부에 자리한 골드피쉬 딤섬퀴진은 쾌적한 창가 좌석과 멋진 전망을 자랑하는 세련되고 편안한 다이닝 경험을 선사합니다. 태블릿 주문 시스템을 통해 연태고량주 하이볼과 같은 창의적인 칵테일을 포함한 다양한 메뉴를 쉽게 선택할 수 있습니다. 쫄깃한 새우의 풍미가 가득한 시그니처 코인멘보샤(코인멘보샤)와 바삭한 춘권은 꼭 맛봐야 할 메뉴입니다. 새우딤섬, 구채교, 소롱포를 포함한 다양한 딤섬은 모두 전문적으로 만들어져 풍부한 맛을 자랑합니다."
blueribbon,경평면옥,서울특별시 강남구 삼성로104길 12,Seoul,South Korea,RIBBON_ONE,"한식(면류), 평양냉면, 만두, 한식(육류), 제육",,02-539-6054 ,,2026,,37.51085907051559,127.05573411165798,2026-02-17T22:29:33.775718+00:00,,,,경평면옥,서울특별시 강남구 삼성로104길 12,"This Pyeongyang-style naengmyeon (평양냉면) restaurant, recognized with multiple Blue Ribbon awards, offers a refined dining experience. The broth is exceptionally clear and clean-tasting, with a subtle, savory buckwheat tea-like flavor. The noodles are perfectly cooked, and the unique presentation, including pickle-shaped cucumbers, adds to the distinctiveness of the dish. Don't miss the handmade dumplings (손만두), which are a delightful surprise with their unusual shape and delicious, homemade taste, rivaling the main noodle dish in memorability.","다수의 블루리본을 받은 경평면옥은 섬세한 미식 경험을 선사하는 평양냉면 전문점입니다. 맑고 깔끔한 국물은 은은하면서도 감칠맛 나는 메밀차 같은 풍미를 자랑합니다. 면은 완벽하게 삶아졌으며, 피클 모양의 오이 등 독특한 고명은 요리의 특별함을 더합니다. 특히, 독특한 모양과 맛으로 메인 메뉴 못지않게 기억에 남는 손만두는 꼭 맛봐야 할 별미입니다."
blueribbon,경천애인2237,서울특별시 강남구 테헤란로 421,Seoul,South Korea,RIBBON_ONE,"한식(육류), 소고기구이",,0507-1410-2237,,2026,,37.50594,127.0525,2026-02-17T22:29:33.775718+00:00,,,,경천애인2237,서울특별시 강남구 테헤란로 421,"This upscale Korean beef (hanwoo, 한우) restaurant offers a refined dining experience perfect for special occasions or team gatherings. The star of the show is the 'nuruk-aged salchisal' (누룩 숙성 살치살), a limited daily special that's highly recommended. Enjoy melt-in-your-mouth yukhoe (육회) and a unique cheese that pairs exceptionally well with the premium beef. The restaurant also boasts a 'corkage-free' policy, allowing guests to bring their own wine or whiskey to complement the meal, making it an ideal spot for a sophisticated celebration.","이 고급 한우 전문점은 특별한 날이나 팀 모임에 완벽한 세련된 식사 경험을 제공합니다. 이곳의 하이라이트는 매일 한정 수량만 판매되는 '누룩 숙성 살치살'로, 강력 추천하는 메뉴입니다. 입에서 살살 녹는 육회와 프리미엄 한우와 환상적인 궁합을 자랑하는 특별한 치즈도 즐길 수 있습니다. 또한, '콜키지 프리' 정책을 통해 손님들이 직접 가져온 와인이나 위스키를 곁들여 식사를 더욱 풍성하게 만들 수 있어, 세련된 축하 자리에 이상적인 장소입니다."
blueribbon,GOLDEN THAI,서울특별시 송파구 위례성대로 66,Seoul,South Korea,RIBBON_ONE,"아시아식, 태국식",,02-461-8089 ,,2026,,37.51466,127.1194,2026-02-17T22:29:33.775718+00:00,,,,골든타이,서울특별시 송파구 위례성대로 66,"Golden Thai, a long-standing favorite near Olympic Park, is a bustling spot perfect for family gatherings. The ambiance is warm and inviting, with a rustic, wood-toned interior accented by Thai decor. While it can get crowded, especially during peak hours, the restaurant offers a comfortable dining experience, with some reviews mentioning private room options for a quieter meal. It's a popular choice, evidenced by the numerous Blue Ribbon awards displayed, and has even been featured on ""Tasty Guys"" (맛있는녀석들).","올림픽공원 근처의 오랜 단골 맛집인 골든타이는 가족 외식에 완벽한 활기찬 장소입니다. 따뜻하고 아늑한 분위기에 태국 장식으로 포인트를 준 소박한 우드톤 인테리어가 특징입니다. 특히 피크 타임에는 붐빌 수 있지만, 레스토랑은 편안한 식사 경험을 제공하며, 조용한 식사를 위한 별실 옵션에 대한 언급도 있습니다. 수많은 블루리본 수상 내역과 '맛있는녀석들' 방영으로 인기를 증명하는 곳입니다."
blueribbon,군산오징어,서울특별시 송파구 삼학사로 101,Seoul,South Korea,RIBBON_ONE,"한식(어패류), 오징어",,02-413-2046 ,,2026,,37.50631,127.097,2026-02-17T22:29:33.775718+00:00,,,,군산오징어,서울특별시 송파구 삼학사로 101,"Step into Gunsan Ojingeo (군산오징어), a beloved institution since 1988, renowned for its signature Ojingeo Bulgogi (오징어불고기). This isn't your average stir-fry; it's a fiery, flavorful experience with a secret sauce that packs a punch without relying on artificial heat. The restaurant, a certified ""BaeknyeonGage"" (백년가게 - 100-year store), offers a vibrant atmosphere perfect for those who crave a truly spicy and satisfying Korean meal. 

Beyond the iconic Ojingeo Bulgogi, the menu boasts a variety of squid-based dishes and other Korean comfort foods. Don't miss the chance to customize your spice level, from mild to ""very spicy"" – the latter being the true test for enthusiasts. With its no-break-time policy and efficient service, Gunsan Ojingeo is ready to satisfy your cravings any time of day.","1988년부터 시작된 군산오징어는 시그니처 메뉴인 오징어불고기(Ojingeo Bulgogi)로 유명한 곳입니다. 평범한 볶음 요리가 아닌, 인공적인 매운맛 없이도 강렬하고 풍부한 맛을 자랑하는 비법 양념장이 특징입니다. '백년가게'(BaeknyeonGage)로 인증받은 이곳은 진정으로 맵고 만족스러운 한식을 원하는 이들에게 완벽한 활기찬 분위기를 선사합니다.

상징적인 오징어불고기 외에도 다양한 오징어 요리와 다른 한국의 소울푸드를 맛볼 수 있습니다. 순한 맛부터 매운맛 애호가들을 위한 '아주 매운맛'까지, 취향에 맞게 매운맛을 조절할 수 있는 기회를 놓치지 마세요. 브레이크 타임 없이 효율적인 서비스로, 군산오징어는 언제든지 여러분의 식욕을 만족시킬 준비가 되어 있습니다."
blueribbon,고성막국수,서울특별시 강서구 방화대로49길 6-7,Seoul,South Korea,RIBBON_ONE,"한식(면류), 막국수, 한식(육류), 수육",,02-2665-1205 ,,2026,,37.577407,126.816112,2026-02-17T22:29:33.775718+00:00,,,,고성막국수,서울특별시 강서구 방화대로49길 6-7,"This spot redefines what makguksu (막국수) can be, moving beyond a simple cold noodle dish. Locals frequent this establishment, a testament to its authentic flavors. The signature mul-makguksu (물막국수) is praised for its clear, refreshing broth derived from naturally fermented dongchimi (동치미), offering a clean finish without any lingering sweetness. The noodles themselves are a highlight, made from 100% buckwheat but boasting a surprising chewiness and elasticity that allows for satisfying noodle pulls, all while retaining a distinct buckwheat aroma.

The bibim-makguksu (비빔막국수) offers a balanced, non-intrusive sauce that emphasizes natural sweetness and umami, making it incredibly easy to eat. Paired with seasoned pollack roe (명태회), it creates a harmonious flavor profile. The suyuk (수육), made from Jeju pork belly and simmered with medicinal herbs, is tender with a light, non-greasy texture. Enjoying it with the pollack roe completes the quintessential Gangwon-do (강원도) dining experience, making this a must-visit for those seeking genuine local cuisine.","이곳은 단순한 시원한 국수 요리를 넘어 막국수의 기준을 새롭게 정립하는 곳입니다. 현지인들이 즐겨 찾는다는 점은 이곳의 진정한 맛을 증명합니다. 시그니처 메뉴인 물막국수는 인공적인 단맛 없이 맑고 시원한 동치미 국물이 특징이며, 깔끔한 뒷맛을 자랑합니다. 100% 메밀면은 놀랍도록 쫄깃하고 탄력이 있어 메밀 본연의 향을 살리면서도 면치기를 즐길 수 있습니다.

비빔막국수는 자극적이지 않고 천연의 단맛과 감칠맛을 살린 양념이 특징이며, 명태회와 함께 곁들이면 완벽한 조화를 이룹니다. 제주 오겹살로 만든 수육은 약재를 넣어 삶아내어 기름지지 않고 부드러운 식감을 자랑합니다. 명태회 양념과 함께 먹으면 강원도식 조합의 정수를 느낄 수 있으며, 현지 본연의 맛을 찾는 이들에게 꼭 방문해야 할 곳입니다."
blueribbon,Gran Gusto,서울특별시 강남구 삼성로 340,Seoul,South Korea,RIBBON_ONE,"이탈리아식, 파스타",,02-556-3960,,2026,,37.50193,127.0596,2026-02-17T22:29:33.775718+00:00,,,,그란구스또,서울특별시 강남구 삼성로 340,"Gran Gusto, a long-standing Italian restaurant in Daechi-dong, is renowned for its signature Mackerel Pasta (고등어 파스타). The restaurant offers a refined dining experience with a focus on classic Italian dishes, often incorporating Korean ingredients for a unique twist. While the pasta is a highlight, many diners find the appetizers to be equally impressive, showcasing a thoughtful approach to flavor and presentation. The service is consistently praised for its attentiveness and professionalism, making for a well-rounded and enjoyable meal.","대치동에 위치한 오랜 역사를 자랑하는 이탈리안 레스토랑 그란 구스토는 시그니처 메뉴인 고등어 파스타(Mackerel Pasta)로 유명합니다. 이곳은 한국 식재료를 독창적으로 활용한 클래식 이탈리안 요리에 집중하며 세련된 식사 경험을 제공합니다. 파스타가 인기의 중심이지만, 많은 손님들은 애피타이저 또한 맛과 플레이팅에 대한 세심한 배려를 보여주며 인상 깊다고 평가합니다. 세심하고 전문적인 서비스는 꾸준히 칭찬받으며, 전반적으로 만족스럽고 즐거운 식사를 선사합니다."
blueribbon,고모네원조콩탕황태탕,서울특별시 강동구 풍성로57길 13,Seoul,South Korea,RIBBON_ONE,"한식(탕/국/찌개/전골), 콩국, 한식(일반한식), 두부, 한식(어패류), 황태",,02-485-4675,,2026,,37.52963,127.1359,2026-02-17T22:29:33.775718+00:00,,,,고모네원조콩탕황태탕,서울특별시 강동구 풍성로57길 13,"This popular spot, featured on shows like ""Amazing Saturday"" and ""Wednesday Food Talk,"" is a must-visit for serious noodle lovers. Their signature dish, the ""adult baby food"" 콩국수 (kongguksu), is a rich and creamy soybean noodle soup made with premium Paju Jangdan beans. The thick, savory broth clings perfectly to the noodles, creating a harmonious bite that's satisfying on its own, though the accompanying kimchi and various side dishes from the self-serve bar are also excellent additions. While located in eastern Seoul, it's worth the journey for this exceptional bowl.","""놀라운 토요일""과 ""수요미식회"" 등 각종 방송에 소개된 이 인기 맛집은 진정한 면 요리 애호가라면 꼭 방문해야 할 곳입니다. 시그니처 메뉴인 ""성인용 이유식"" 콩국수는 최고급 파주 장단콩으로 만든 진하고 크리미한 콩국수입니다. 걸쭉하고 고소한 국물은 면과 완벽하게 어우러져 그 자체로도 훌륭한 조화를 이루며, 셀프바에서 가져온 김치와 다양한 반찬들도 훌륭한 곁들임입니다. 서울 동쪽에 위치해 있지만, 이 특별한 한 그릇을 위해 방문할 가치가 있습니다."
blueribbon,NOR,서울특별시 강남구 도산대로 220,Seoul,South Korea,RIBBON_ONE,컨템포러리,,,,2026,,37.5202736076902,127.031119256871,2026-02-17T22:29:33.775718+00:00,,,,NOR,서울특별시 강남구 도산대로 220,"NOR, short for 'Not Only Restaurant,' redefines the fine dining experience by seamlessly blending exquisite cuisine with captivating media art. Upon arrival, guests are greeted with a unique welcome drink and a creative pairing, setting the stage for an evening that transcends a typical meal. The main dining area features an impressive LED wall showcasing dynamic visual art, with each piece telling a story and responding to keywords provided to diners, creating an immersive and interactive atmosphere.","NOR은 'Not Only Restaurant'의 약자로, 섬세한 요리와 매혹적인 미디어 아트를 완벽하게 조화시켜 파인 다이닝 경험을 재정의합니다. 도착 시 독특한 웰컴 드링크와 창의적인 페어링으로 환영받으며, 이는 평범한 식사를 넘어선 저녁의 무대를 선사합니다. 메인 다이닝 공간에는 인상적인 LED 벽이 설치되어 역동적인 비주얼 아트를 선보이며, 각 작품은 스토리를 담고 있으며 다이너에게 제공되는 키워드에 반응하여 몰입감 있고 인터랙티브한 분위기를 연출합니다."
blueribbon,게장게장게장,서울특별시 강서구 공항대로 269-15,Seoul,South Korea,RIBBON_ONE,"한식(어패류), 게장",,02-2668-0490,,2026,,37.5596113961056,126.837242277605,2026-02-17T22:29:33.775718+00:00,,,,게장게장게장,서울특별시 강서구 공항대로 269-15,"Prepare for a wait at this incredibly popular all-you-can-eat gejang (게장) spot in Cheongnyangni. The buzz around crab season means this place is packed, with many arriving before opening to secure a table. Once inside, you'll find a unique buffet-style side dish bar featuring everything from tteokbokki (떡볶이) and fried squid to japchae (잡채), offering a delicious distraction while you wait for your main event. The true star, however, is the self-serve refill station for both soy-marinated crab (ganjang gejang, 간장게장) and spicy marinated crab (yangnyeom gejang, 양념게장), allowing you to indulge to your heart's content without any hesitation.","청량리에 위치한 이 무한리필 게장 맛집은 엄청난 인기로 인해 웨이팅이 필수입니다. 꽃게 철을 맞아 이 곳은 항상 사람들로 붐비며, 자리를 잡기 위해 오픈 전부터 줄을 서는 손님들도 많습니다. 일단 자리에 앉으면, 떡볶이, 오징어튀김, 잡채 등 다양한 뷔페식 반찬을 즐길 수 있어 메인 요리를 기다리는 동안 즐거움을 더합니다. 하지만 진정한 주인공은 바로 셀프 리필 코너에 있는 간장게장과 양념게장으로, 눈치 보지 않고 마음껏 즐길 수 있다는 점이 가장 큰 매력입니다."
blueribbon,3대삼계장인,서울특별시 서초구 반포대로28길 56-3,Seoul,South Korea,RIBBON_ONE,"한식(가금류), 삼계탕",,02-522-2270,,2026,,37.491302882416,127.011591359711,2026-02-17T22:29:33.775718+00:00,,,,3대삼계장인,서울특별시 서초구 반포대로28길 56-3,"This establishment is renowned as one of Seoul's top three samgye-tang (삼계탕) spots, drawing crowds even before the peak summer heat. The broth is exceptionally rich and deeply flavored, a result of being simmered with a generous amount of medicinal herbs, promising a nourishing and delicious experience. While the wait can be long, the clean tables and the comforting, authentic taste of the samgye-tang make it a worthwhile destination for those seeking a classic Korean chicken soup.","이곳은 서울 3대 삼계탕 맛집으로 유명하며, 여름 성수기 이전에도 이미 많은 사람들로 붐빕니다. 약재를 듬뿍 넣어 끓여낸 국물은 영양과 깊은 풍미를 자랑하며, 건강하고 맛있는 경험을 선사합니다. 대기 시간이 길 수 있지만, 깔끔한 테이블과 편안하고 정통적인 삼계탕의 맛은 클래식한 한국식 치킨 수프를 찾는 이들에게 충분히 방문할 가치가 있는 곳입니다."
blueribbon,WGANA,서울특별시 강남구 도산대로49길 20,Seoul,South Korea,RIBBON_ONE,"한식(육류), 한우오마카세",,070-8848-4341,,2026,,37.5241891623529,127.037409337867,2026-02-17T22:29:33.775718+00:00,,,,W가나,서울특별시 강남구 도산대로49길 20,"Step into WGANA (우가나) for an elevated Hanwoo (한우) omakase experience in Apgujeong. This reservation-only establishment offers a sophisticated ambiance, perfect for special occasions or corporate dinners. The ""Special Dinner"" course is highly recommended, featuring premium ingredients like sea urchin, fresh truffle, and caviar, offering a taste of two of the ""three great delicacies"" (3대 진미). Expect attentive service with chefs expertly grilling various cuts of premium Korean beef right before your eyes.","압구정에서 격조 높은 한우 오마카세 경험을 원한다면 WGANA (우가나)를 방문해 보세요. 예약제로 운영되는 이곳은 특별한 날이나 비즈니스 모임에 어울리는 고급스러운 분위기를 자랑합니다. 특히 ""스페셜 디너"" 코스는 최고급 성게알, 생 트러플, 캐비아 등 귀한 식재료를 맛볼 수 있어, ""3대 진미"" 중 두 가지를 경험할 수 있는 최고의 선택입니다. 셰프가 눈앞에서 최고급 한우 부위를 능숙하게 구워주는 섬세한 서비스 또한 놓칠 수 없는 즐거움입니다."
blueribbon,가이센,서울특별시 서초구 고무래로 10-6,Seoul,South Korea,RIBBON_ONE,"일식주점, 이자카야",,070-7715-8149,,2026,,37.503518,127.009698,2026-02-17T22:29:33.775718+00:00,,,,가이센,서울특별시 서초구 고무래로 10-6,"Nestled near Express Bus Terminal Station, Gaiseon offers an intimate, reservation-only omakase experience reminiscent of a cozy Japanese neighborhood izakaya. This small, charming spot, recognized with annual Blue Ribbon awards, focuses on a curated, chef's choice course featuring fresh, domestic, and natural ingredients. While the dishes are consistently delicious, the true draw is the unique atmosphere and the personalized, spontaneous nature of the meal, making it ideal for those who appreciate ambiance over extensive menu variety.","고속터미널역 근처에 자리한 가이센은 아늑한 일본 동네 이자카야를 연상시키는, 예약제로 운영되는 소규모 오마카세 전문점입니다. 매년 블루리본 어워드를 수상한 이 매력적인 공간은 신선하고 국내산, 자연산 재료를 활용한 셰프의 선택 코스에 집중합니다. 요리 하나하나가 맛있지만, 진정한 매력은 독특한 분위기와 개인 맞춤형의 즉흥적인 식사 경험에 있으며, 메뉴 다양성보다는 분위기를 중시하는 분들에게 이상적인 곳입니다."
blueribbon,강남교자,서울특별시 서초구 강남대로69길 11,Seoul,South Korea,RIBBON_ONE,"한식(면류), 칼국수",,02-536-4133,,2026,,37.50144,127.0244,2026-02-17T22:29:33.775718+00:00,,,,강남교자,서울특별시 서초구 강남대로69길 11,"This popular spot, a 40-year-old traditional restaurant chain, offers a clean and spacious dining experience perfect for both lunch and dinner. It's a go-to for office workers in the Magongnaru area, but also ideal for a cozy evening meal with drinks. Don't miss their signature Kimchi (김치), which is so good you'll want to finish the whole bowl, and the hearty Dak-Beoseot Maeuntang (닭버섯매운탕), a spicy chicken and mushroom stew that's packed with flavor and perfect for a chilly day.","40년 전통의 강남교자는 깔끔하고 넓은 공간에서 점심과 저녁 식사를 즐기기에 완벽한 곳입니다. 마곡나루 지역 직장인들에게 인기가 많지만, 술 한잔과 함께하는 아늑한 저녁 식사 장소로도 좋습니다. 시그니처 메뉴인 김치(Kimchi)는 너무 맛있어서 한 그릇을 다 비울 정도이며, 푸짐한 닭고기와 버섯이 가득한 닭버섯매운탕(Dak-Beoseot Maeuntang)은 추운 날씨에 완벽한 풍미를 선사합니다."
blueribbon,개성집,서울특별시 양천구 목동중앙서로 48,Seoul,South Korea,RIBBON_ONE,"한식(면류), 만둣국, 한식(육류), 보쌈",,02-2642-5695,,2026,,37.53287,126.8691,2026-02-17T22:29:33.775718+00:00,,,,개성집,서울특별시 양천구 목동중앙서로 48,"This popular spot in Bangbae-dong is a must-visit for anyone craving a hearty bowl of manduguk (만두국). Be prepared for a wait, as this place is known to draw crowds and often sells out by early afternoon. The star of the show is their signature manduguk, featuring a rich and deep beef bone broth (sagol, 사골) that's perfect for a comforting meal. Don't miss their homemade kimchi, which perfectly complements the savory dumplings.","방배동의 인기 만두국 맛집으로, 든든한 한 끼 식사를 찾는 분들에게 꼭 추천하고 싶은 곳입니다. 이른 오후에 재료가 소진될 정도로 인기가 많아 웨이팅은 필수이니, 방문 전 참고하세요. 이곳의 시그니처 메뉴인 만두국은 깊고 진한 사골 육수가 일품이며, 곁들여 나오는 직접 담근 김치는 만두의 풍미를 한층 더 끌어올립니다."
blueribbon,개화옥,서울특별시 강남구 압구정로50길 7,Seoul,South Korea,RIBBON_ONE,"한식(일반한식), 일반한식, 모던한식, 한식(육류), 소불고기",,02-549-1459,,2026,,37.52771,127.0386,2026-02-17T22:29:33.775718+00:00,,,,개화옥,서울특별시 강남구 압구정로50길 7,"Nestled in the trendy Apgujeong Rodeo Street, Gaehwaok (개화옥) offers a refined Korean dining experience, recognized by ""Wednesday Food Tour"" and ""Baekban Trip"" with Heo Young-man. The restaurant boasts a clean and spacious ambiance, making it a great spot for gatherings. While the menu features classic Korean comfort foods, the signature dishes like the Doenjang Guksu (된장국수) and Kimchi Mari Guksu (김치말이국수) are noted for their clean flavors, complemented by delicious Tteokgalbi (떡갈비).","트렌디한 압구정 로데오 거리에 위치한 개화옥(Gaehwaok)은 '수요미식회'와 허영만 선생님의 '백반기행'에도 소개된 정갈한 한식 다이닝 경험을 선사합니다. 깔끔하고 넓은 공간은 모임 장소로도 손색이 없습니다. 시그니처 메뉴인 된장국수(Doenjang Guksu)와 김치말이국수(Kimchi Mari Guksu)는 깔끔한 맛이 특징이며, 맛있는 떡갈비(Tteokgalbi)와 함께 즐길 수 있습니다."
blueribbon,가양칼국수버섯매운탕,서울특별시 영등포구 국제금융로 78,Seoul,South Korea,RIBBON_ONE,"한식(면류), 칼국수",,02-784-0409 ,,2026,,37.52078,126.9311,2026-02-17T22:29:33.775718+00:00,,,,가양칼국수버섯매운탕,서울특별시 영등포구 국제금융로 78,"This popular spot near Yeouinaru Station is a must-visit, even earning the top spot on the ""Another Visit"" (또간집) show for its delicious food. Be prepared for a wait, as long lines are common, but the unique queuing system with options for seated or floor seating (좌식) can help manage the crowd. The restaurant itself is surprisingly spacious, with multiple dining areas. The star of the show is the spicy mushroom stew (버섯매운탕), a flavorful broth brimming with mushrooms and water parsley (미나리). What sets it apart is the generous free refills on mushrooms, vegetables, rice, and noodles, making it a great value. Don't miss their incredible kimchi (김치), which is so good it might just be the secret ingredient to their fame!","여의나루역 인근의 이 인기 명소는 맛있는 음식으로 '또간집' 프로그램에서 1위를 차지할 정도로 꼭 방문해야 할 곳입니다. 긴 줄이 흔하므로 기다릴 준비를 해야 하지만, 좌식 및 일반 좌석 옵션이 있는 독특한 대기 시스템이 인파 관리에 도움이 될 수 있습니다. 식당 내부는 놀랍도록 넓으며 여러 개의 식사 공간이 있습니다. 이 집의 하이라이트는 버섯과 미나리가 가득한 맛있는 매콤한 버섯매운탕입니다. 버섯, 채소, 밥, 면을 무제한으로 무료 리필해주는 점이 특별하며, 가성비가 뛰어납니다. 너무 맛있어서 이 집의 비결일지도 모르는 환상적인 김치(김치)도 놓치지 마세요!"
blueribbon,다이닝마,"8, Eonju-ro 152-gil, Gangnam-gu, Seoul",Seoul,South Korea,RIBBON_THREE,"중식, 일반중식",,02-518-7400,,2026,,37.52249740233286,127.03426739117289,2026-02-14T03:25:11.704132+00:00,,,,다이닝마,,,
blueribbon,권숙수,"37, Apgujeong-ro 80-gil, Gangnam-gu, Seoul",Seoul,South Korea,RIBBON_THREE,"한식(일반한식), 모던한식",,0507-1354-6268,http://kwonsooksoo.com,2026,,37.524328,127.043571,2026-02-14T03:25:11.704132+00:00,,,,권숙수,,,
