source,name,address,city,country,category,cuisine,price,phone,url,year,description,latitude,longitude,captured_at,kakao_id,kakao_url,korean_query,name_ko,address_ko
blueribbon,영춘옥,서울특별시 종로구 돈화문로5가길 13,Seoul,South Korea,RIBBON_TWO,,,02-765-4237 ,,2026,,37.57132,126.991513,2026-02-17T22:29:33.775718+00:00,,,,영춘옥,서울특별시 종로구 돈화문로5가길 13
blueribbon,서북면옥,서울특별시 광진구 자양로 199-1,Seoul,South Korea,RIBBON_TWO,,,02-457-8319 ,,2026,,37.54538,127.0853,2026-02-17T22:29:33.775718+00:00,,,,서북면옥,서울특별시 광진구 자양로 199-1
blueribbon,하동관,서울특별시 중구 명동9길 12,Seoul,South Korea,RIBBON_TWO,,,02-776-5656 ,,2026,,37.56441,126.9851,2026-02-17T22:29:33.775718+00:00,,,,하동관,서울특별시 중구 명동9길 12
blueribbon,경인미술관전통다원,서울특별시 종로구 인사동10길 11-4,Seoul,South Korea,RIBBON_TWO,,,02-730-6305 ,,2026,,37.57451,126.9856,2026-02-17T22:29:33.775718+00:00,,,,경인미술관전통다원,서울특별시 종로구 인사동10길 11-4
blueribbon,MAYBELL BAKERY,서울특별시 용산구 이태원로45길 34,Seoul,South Korea,RIBBON_TWO,,,0507-1332-9481,,2026,MAYBELL BAKERY,37.5366074435475,126.997831352071,2026-02-17T22:29:33.775718+00:00,,,,오월의종,서울특별시 용산구 이태원로45길 34
blueribbon,Onion,서울특별시 종로구 계동길 5,Seoul,South Korea,RIBBON_TWO,,,070-7543-2123,,2026,Onion,37.57738681090379,126.98637445896094,2026-02-17T22:29:33.775718+00:00,,,,어니언(안국점),서울특별시 종로구 계동길 5
blueribbon,NAMUSAIRO,서울특별시 종로구 사직로8길 21,Seoul,South Korea,RIBBON_TWO,,,070-7590-0885,,2026,NAMUSAIRO,37.5746,126.971,2026-02-17T22:29:33.775718+00:00,,,,나무사이로내자,서울특별시 종로구 사직로8길 21
blueribbon,평양면옥,서울특별시 중구 장충단로 207,Seoul,South Korea,RIBBON_TWO,,,02-2267-7784 ,,2026,,37.56302915750704,127.0064696447095,2026-02-17T22:29:33.775718+00:00,,,,평양면옥,서울특별시 중구 장충단로 207
blueribbon,우래옥,서울특별시 중구 창경궁로 62-29,Seoul,South Korea,RIBBON_TWO,,,02-2265-0151 ,,2026,,37.56817,126.9988,2026-02-17T22:29:33.775718+00:00,,,,우래옥,서울특별시 중구 창경궁로 62-29
blueribbon,평래옥,서울특별시 중구 마른내로 21-1,Seoul,South Korea,RIBBON_TWO,,,02-2267-5892 ,,2026,,37.56487,126.9904,2026-02-17T22:29:33.775718+00:00,,,,평래옥,서울특별시 중구 마른내로 21-1
blueribbon,청진옥,서울특별시 종로구 종로3길 32,Seoul,South Korea,RIBBON_TWO,,,02-735-1690 ,,2026,,37.571716,126.979423,2026-02-17T22:29:33.775718+00:00,,,,청진옥,서울특별시 종로구 종로3길 32
blueribbon,대성집,서울특별시 종로구 사직로 5,Seoul,South Korea,RIBBON_TWO,,,02-735-4259 ,,2026,,37.57269,126.960904,2026-02-17T22:29:33.775718+00:00,,,,대성집,서울특별시 종로구 사직로 5
blueribbon,The Ninth Gate Grille,서울특별시 중구 소공로 106,Seoul,South Korea,RIBBON_TWO,,,02-317-0366,,2026,The Ninth Gate Grille,37.5644841324893,126.980184460247,2026-02-17T22:29:33.775718+00:00,,,,나인스게이트,서울특별시 중구 소공로 106
blueribbon,무수옥,서울특별시 도봉구 도봉로165길 15,Seoul,South Korea,RIBBON_TWO,,,02-954-6292 ,,2026,,37.67699,127.0442,2026-02-17T22:29:33.775718+00:00,,,,무수옥,서울특별시 도봉구 도봉로165길 15
blueribbon,Napoleon,서울특별시 성북구 성북로 7,Seoul,South Korea,RIBBON_TWO,,,02-742-7421 ,,2026,Napoleon,37.58889,127.0051,2026-02-17T22:29:33.775718+00:00,,,,나폴레옹과자점,서울특별시 성북구 성북로 7
blueribbon,Richemont bakery,서울특별시 마포구 월드컵북로 86,Seoul,South Korea,RIBBON_TWO,,,02-325-0221,,2026,Richemont bakery,37.56141,126.9156,2026-02-17T22:29:33.775718+00:00,,,,리치몬드과자점,서울특별시 마포구 월드컵북로 86
blueribbon,이태리재,서울특별시 종로구 율곡로1길 74-9,Seoul,South Korea,RIBBON_TWO,,,070-4233-6262 ,,2026,,37.578765,126.981726,2026-02-17T22:29:33.775718+00:00,,,,이태리재,서울특별시 종로구 율곡로1길 74-9
blueribbon,두가헌,서울특별시 종로구 삼청로 14,Seoul,South Korea,RIBBON_TWO,,,02-3210-2100 ,,2026,,37.577089,126.980272,2026-02-17T22:29:33.775718+00:00,,,,두가헌,서울특별시 종로구 삼청로 14
blueribbon,토속촌,서울특별시 종로구 자하문로5길 5,Seoul,South Korea,RIBBON_TWO,,,02-737-7444 ,,2026,,37.5776,126.9717,2026-02-17T22:29:33.775718+00:00,,,,토속촌,서울특별시 종로구 자하문로5길 5
blueribbon,키즈나,서울특별시 종로구 율곡로1길 78,Seoul,South Korea,RIBBON_TWO,,,02-722-0411 ,,2026,,37.578806133812215,126.98162396312134,2026-02-17T22:29:33.775718+00:00,,,,키즈나,서울특별시 종로구 율곡로1길 78
blueribbon,몽탄,서울특별시 용산구 백범로99길 50,Seoul,South Korea,RIBBON_TWO,,,02-794-8592,,2026,,37.53599611626749,126.97224352471865,2026-02-17T22:29:33.775718+00:00,,,,몽탄,서울특별시 용산구 백범로99길 50
blueribbon,금돼지식당,서울특별시 중구 다산로 149,Seoul,South Korea,RIBBON_TWO,,,0507-1307-8750,,2026,,37.55709299058367,127.01166616636434,2026-02-17T22:29:33.775718+00:00,,,,금돼지식당,서울특별시 중구 다산로 149
blueribbon,Panello,서울특별시 마포구 어울마당로5길 29,Seoul,South Korea,RIBBON_TWO,,,010-3460-9899,,2026,Panello,37.549353,126.918942,2026-02-17T22:29:33.775718+00:00,,,,빠넬로,서울특별시 마포구 어울마당로5길 29
blueribbon,Matthew,서울특별시 성동구 뚝섬로15길 31,Seoul,South Korea,RIBBON_TWO,,,02-465-9125,,2026,Matthew,37.5392021126229,127.061988341323,2026-02-17T22:29:33.775718+00:00,,,,매튜,서울특별시 성동구 뚝섬로15길 31
blueribbon,JUEUN,서울특별시 종로구 경희궁길 36,Seoul,South Korea,RIBBON_TWO,,,02-540-8580,,2026,JUEUN,37.5729199136655,126.970063182815,2026-02-17T22:29:33.775718+00:00,,,,주은,서울특별시 종로구 경희궁길 36
blueribbon,GiGAS,서울특별시 중구 퇴계로6가길 30,Seoul,South Korea,RIBBON_TWO,,,02-3448-9929,,2026,GiGAS,37.5569763923852,126.978121332046,2026-02-17T22:29:33.775718+00:00,,,,기가스,서울특별시 중구 퇴계로6가길 30
blueribbon,CESTA,서울특별시 용산구 한남대로20길 21-18,Seoul,South Korea,RIBBON_TWO,,,02-793-9400,,2026,CESTA,37.5352206526869,127.009105052515,2026-02-17T22:29:33.775718+00:00,,,,세스타,서울특별시 용산구 한남대로20길 21-18
blueribbon,XESC MENZL,서울특별시 성동구 성수이로14길 7,Seoul,South Korea,RIBBON_TWO,,,02-6082-0393,,2026,XESC MENZL,37.54106033675408,127.05641286396366,2026-02-17T22:29:33.775718+00:00,,,,세스크멘슬,서울특별시 성동구 성수이로14길 7
blueribbon,오장동흥남집,서울특별시 중구 마른내로 114,Seoul,South Korea,RIBBON_TWO,,,02-2266-0735 ,,2026,,37.56425,127.0005,2026-02-17T22:29:33.775718+00:00,,,,오장동흥남집,서울특별시 중구 마른내로 114
blueribbon,오장동함흥냉면,서울특별시 중구 마른내로 108,Seoul,South Korea,RIBBON_TWO,,,02-2267-9500 ,,2026,,37.56425,126.9999,2026-02-17T22:29:33.775718+00:00,,,,오장동함흥냉면,서울특별시 중구 마른내로 108
blueribbon,default value,서울특별시 서대문구 성산로 333,Seoul,South Korea,RIBBON_TWO,,,02-2293-3889 ,,2026,default value,37.5661857885447,126.927353106836,2026-02-17T22:29:33.775718+00:00,,,,디폴트밸류,서울특별시 서대문구 성산로 333
blueribbon,Mesh Coffee,서울특별시 성동구 서울숲길 43,Seoul,South Korea,RIBBON_TWO,,,02-464-7078,,2026,Mesh Coffee,37.54808,127.04244,2026-02-17T22:29:33.775718+00:00,,,,메쉬커피,서울특별시 성동구 서울숲길 43
blueribbon,EL Cafe,서울특별시 용산구 후암로 68,Seoul,South Korea,RIBBON_TWO,,,0507-1304-0736,,2026,EL Cafe,37.5519690862067,126.977112544264,2026-02-17T22:29:33.775718+00:00,,,,엘카페커피로스터스,서울특별시 용산구 후암로 68
blueribbon,Coffee Libre,서울특별시 마포구 성미산로32길 20-5,Seoul,South Korea,RIBBON_TWO,,,0507-1488-0633,,2026,Coffee Libre,37.5636435058861,126.923730236588,2026-02-17T22:29:33.775718+00:00,,,,커피리브레,서울특별시 마포구 성미산로32길 20-5
blueribbon,IDENTITY COFFEE LAB,서울특별시 마포구 동교로 139,Seoul,South Korea,RIBBON_TWO,,,02-6015-0418,,2026,IDENTITY COFFEE LAB,37.5554112242628,126.917486143443,2026-02-17T22:29:33.775718+00:00,,,,아이덴티티커피랩,서울특별시 마포구 동교로 139
blueribbon,Deep blue lake,서울특별시 마포구 포은로6길 11,Seoul,South Korea,RIBBON_TWO,,,02-333-8532,,2026,Deep blue lake,37.555775,126.905635,2026-02-17T22:29:33.775718+00:00,,,,딥블루레이크,서울특별시 마포구 포은로6길 11
blueribbon,휴135,서울특별시 용산구 이태원로55나길 6,Seoul,South Korea,RIBBON_TWO,,,070-4155-0135,,2026,,37.53666611513179,126.99909484024475,2026-02-17T22:29:33.775718+00:00,,,,휴135,서울특별시 용산구 이태원로55나길 6
blueribbon,Butcheli House,서울특별시 용산구 독서당로 122-1,Seoul,South Korea,RIBBON_TWO,,,02-792-5676,,2026,Butcheli House,37.536814,127.012713,2026-02-17T22:29:33.775718+00:00,,,,부첼리하우스,서울특별시 용산구 독서당로 122-1
blueribbon,BLT Steak,서울특별시 종로구 청계천로 279,Seoul,South Korea,RIBBON_TWO,,,02-2276-3330 ,,2026,BLT Steak,37.57044961338216,127.00874326329739,2026-02-17T22:29:33.775718+00:00,,,,BLT스테이크,서울특별시 종로구 청계천로 279
blueribbon,댓잎갈비,서울특별시 용산구 서빙고로91길 2,Seoul,South Korea,RIBBON_TWO,,,02-796-3355,,2026,,37.524733243328555,127.00170595433845,2026-02-17T22:29:33.775718+00:00,,,,댓잎갈비,서울특별시 용산구 서빙고로91길 2
blueribbon,금룡,서울특별시 광진구 워커힐로 177,Seoul,South Korea,RIBBON_TWO,,,02-6330-9040,,2026,,37.55863008236035,127.1117068379481,2026-02-17T22:29:33.775718+00:00,,,,금룡,서울특별시 광진구 워커힐로 177
blueribbon,FELL&COLE,서울특별시 마포구 와우산로 39-21,Seoul,South Korea,RIBBON_TWO,,,070-4411-1434,,2026,FELL&COLE,37.54813,126.9222,2026-02-17T22:29:33.775718+00:00,,,,펠앤콜,서울특별시 마포구 와우산로 39-21
blueribbon,발우공양,서울특별시 종로구 우정국로 56,Seoul,South Korea,RIBBON_TWO,,,02-733-2081 ,,2026,,37.57386,126.9832,2026-02-17T22:29:33.775718+00:00,,,,발우공양,서울특별시 종로구 우정국로 56
blueribbon,모모야마,서울특별시 중구 을지로 30,Seoul,South Korea,RIBBON_TWO,,,02-317-7031,,2026,,37.56461,126.9809,2026-02-17T22:29:33.775718+00:00,,,,모모야마,서울특별시 중구 을지로 30
blueribbon,Tian mi mi,서울특별시 마포구 양화로 144,Seoul,South Korea,RIBBON_TWO,,,010-8823-1071,,2026,Tian mi mi,37.5553436435547,126.922393972623,2026-02-17T22:29:33.775718+00:00,,,,티엔미미(홍대점),서울특별시 마포구 양화로 144
blueribbon,Deepin Ok-Su,서울특별시 성동구 독서당로 194,Seoul,South Korea,RIBBON_TWO,,,02-2292-4410,,2026,Deepin Ok-Su,37.5426912380213,127.012662054013,2026-02-17T22:29:33.775718+00:00,,,,디핀옥수,서울특별시 성동구 독서당로 194
blueribbon,도량,서울특별시 종로구 자하문로6길 6,Seoul,South Korea,RIBBON_TWO,,,02-739-0147,,2026,,37.5779680592302,126.972504517859,2026-02-17T22:29:33.775718+00:00,,,,도량,서울특별시 종로구 자하문로6길 6
blueribbon,YAKITORI MOOK,서울특별시 마포구 성미산로 165-1,Seoul,South Korea,RIBBON_TWO,,,070-8835-3433,,2026,YAKITORI MOOK,37.5646633414656,126.92456870688,2026-02-17T22:29:33.775718+00:00,,,,야키도리묵,서울특별시 마포구 성미산로 165-1
blueribbon,진진,서울특별시 마포구 월드컵북로1길 60,Seoul,South Korea,RIBBON_TWO,,,02-332-9866,,2026,,37.553806747709,126.918422364162,2026-02-17T22:29:33.775718+00:00,,,,진진,서울특별시 마포구 월드컵북로1길 60
blueribbon,Ca' Del Lupo,서울특별시 종로구 자하문로16길 5-5,Seoul,South Korea,RIBBON_TWO,,,02-734-5233 ,,2026,Ca' Del Lupo,37.58179,126.9714,2026-02-17T22:29:33.775718+00:00,,,,까델루뽀,서울특별시 종로구 자하문로16길 5-5
blueribbon,SEOUL DINING,서울특별시 중구 동호로 272,Seoul,South Korea,RIBBON_TWO,,,02-6325-6321,,2026,SEOUL DINING,37.55922,127.003614,2026-02-17T22:29:33.775718+00:00,,,,서울다이닝,서울특별시 중구 동호로 272
blueribbon,카덴,서울특별시 서대문구 연희로 173,Seoul,South Korea,RIBBON_TWO,,,02-3142-6362 ,,2026,,37.572533,126.935079,2026-02-17T22:29:33.775718+00:00,,,,카덴,서울특별시 서대문구 연희로 173
blueribbon,옥동식,서울특별시 마포구 양화로7길 44-10,Seoul,South Korea,RIBBON_TWO,,,010-5571-9915,,2026,,37.55262,126.914492,2026-02-17T22:29:33.775718+00:00,,,,옥동식,서울특별시 마포구 양화로7길 44-10
blueribbon,계향각,서울특별시 종로구 동숭길 86,Seoul,South Korea,RIBBON_TWO,,,02-3674-7770,,2026,,37.5820958419415,127.004326234581,2026-02-17T22:29:33.775718+00:00,,,,계향각,서울특별시 종로구 동숭길 86
blueribbon,산청숯불가든,서울특별시 중구 을지로 114-6,Seoul,South Korea,RIBBON_TWO,,,02-2273-8188,,2026,,37.5658338527593,126.990609042403,2026-02-17T22:29:33.775718+00:00,,,,산청숯불가든,서울특별시 중구 을지로 114-6
blueribbon,Cucciolo,서울특별시 용산구 한강대로 100,Seoul,South Korea,RIBBON_TWO,,,010-5232-9851,,2026,Cucciolo,37.5287911785354,126.968673565462,2026-02-17T22:29:33.775718+00:00,,,,쿠촐로서울,서울특별시 용산구 한강대로 100
blueribbon,Modern Shabu House,서울특별시 종로구 종로3길 17,Seoul,South Korea,RIBBON_TWO,,,02-2251-8501,,2026,Modern Shabu House,37.5709958592808,126.978914477333,2026-02-17T22:29:33.775718+00:00,,,,모던샤브하우스(광화문D타워점),서울특별시 종로구 종로3길 17
blueribbon,만리지화,서울특별시 종로구 종로3길 17,Seoul,South Korea,RIBBON_TWO,,,02-2251-8522,,2026,,37.5709958592808,126.978914477333,2026-02-17T22:29:33.775718+00:00,,,,만리지화,서울특별시 종로구 종로3길 17
blueribbon,남영돈,서울특별시 용산구 한강대로80길 17,Seoul,South Korea,RIBBON_TWO,,,02-793-3598,,2026,,37.5427493719708,126.973775844291,2026-02-17T22:29:33.775718+00:00,,,,남영돈,서울특별시 용산구 한강대로80길 17
blueribbon,호반,서울특별시 종로구 삼일대로26길 20,Seoul,South Korea,RIBBON_TWO,,,02-745-6618,,2026,,37.573264,126.989129,2026-02-17T22:29:33.775718+00:00,,,,호반,서울특별시 종로구 삼일대로26길 20
blueribbon,홍연,서울특별시 중구 소공로 106,Seoul,South Korea,RIBBON_TWO,,,02-317-0494 ,,2026,,37.564483681788396,126.98018321530917,2026-02-17T22:29:33.775718+00:00,,,,홍연,서울특별시 중구 소공로 106
blueribbon,Flavour town ,서울특별시 성동구 서울숲4길 18-7,Seoul,South Korea,RIBBON_TWO,,,02-469-9954,,2026,Flavour town ,37.5469844940099,127.042925648075,2026-02-17T22:29:33.775718+00:00,,,,플레이버타운,서울특별시 성동구 서울숲4길 18-7
blueribbon,Piece,서울특별시 용산구 한남대로 91,Seoul,South Korea,RIBBON_TWO,,,02-790-0768,,2026,Piece,37.5365636555465,127.002134363783,2026-02-17T22:29:33.775718+00:00,,,,피에세,서울특별시 용산구 한남대로 91
blueribbon,필동칼국수,서울특별시 중구 퇴계로36길 9,Seoul,South Korea,RIBBON_TWO,,,없음 ,,2026,,37.5608213723708,126.993849717992,2026-02-17T22:29:33.775718+00:00,,,,필동칼국수,서울특별시 중구 퇴계로36길 9
blueribbon,Pierre Gagnaire a seoul,서울특별시 중구 을지로 30,Seoul,South Korea,RIBBON_TWO,,,02-317-7181,,2026,Pierre Gagnaire a seoul,37.56534516953803,126.98100699814147,2026-02-17T22:29:33.775718+00:00,,,,피에르가니에르서울,서울특별시 중구 을지로 30
blueribbon,pizzeria 'O,서울특별시 종로구 동숭길 86,Seoul,South Korea,RIBBON_TWO,,,02-3673-5005 ,,2026,pizzeria 'O,37.5820958419415,127.004326234581,2026-02-17T22:29:33.775718+00:00,,,,핏제리아오,서울특별시 종로구 동숭길 86
blueribbon,한남북엇국,서울특별시 용산구 독서당로 65-7,Seoul,South Korea,RIBBON_TWO,,,02-2297-1988,,2026,,37.53395563305231,127.00806468152406,2026-02-17T22:29:33.775718+00:00,,,,한남북엇국,서울특별시 용산구 독서당로 65-7
blueribbon,Paul & Paulina,서울특별시 서대문구 연희로11길 56,Seoul,South Korea,RIBBON_TWO,,,02-333-0185 ,,2026,Paul & Paulina,37.568844,126.929055,2026-02-17T22:29:33.775718+00:00,,,,폴앤폴리나,서울특별시 서대문구 연희로11길 56
blueribbon,평안도만두집,서울특별시 종로구 새문안로3길 30,Seoul,South Korea,RIBBON_TWO,,,02-723-6592 ,,2026,,37.57275,126.9733,2026-02-17T22:29:33.775718+00:00,,,,평안도만두집,서울특별시 종로구 새문안로3길 30
blueribbon,하카다분코,서울특별시 마포구 독막로19길 43,Seoul,South Korea,RIBBON_TWO,,,02-338-5536,,2026,,37.54886,126.9237,2026-02-17T22:29:33.775718+00:00,,,,하카다분코,서울특별시 마포구 독막로19길 43
blueribbon,Palais de Chine,서울특별시 중구 퇴계로 67,Seoul,South Korea,RIBBON_TWO,,,02-317-4001,,2026,Palais de Chine,37.5597323437561,126.979523390315,2026-02-17T22:29:33.775718+00:00,,,,팔레드신,서울특별시 중구 퇴계로 67
blueribbon,Paolo de maria,서울특별시 서대문구 연희로26길 24,Seoul,South Korea,RIBBON_TWO,,,02-599-9936,,2026,Paolo de maria,37.5727556539163,126.936890577525,2026-02-17T22:29:33.775718+00:00,,,,파올로데마리아,서울특별시 서대문구 연희로26길 24
blueribbon,큰기와집,서울특별시 종로구 북촌로 22,Seoul,South Korea,RIBBON_TWO,,,02-722-9024 ,,2026,,37.5787470168012,126.985411258625,2026-02-17T22:29:33.775718+00:00,,,,큰기와집,서울특별시 종로구 북촌로 22
blueribbon,CHARLES H.,서울특별시 종로구 새문안로 97,Seoul,South Korea,RIBBON_TWO,,,02-6388-5000 ,,2026,CHARLES H.,37.570539,126.975391,2026-02-17T22:29:33.775718+00:00,,,,찰스H,서울특별시 종로구 새문안로 97
blueribbon,Conference House Dalgaebi,서울특별시 중구 세종대로19길 16,Seoul,South Korea,RIBBON_TWO,,,02-765-2035,,2026,Conference House Dalgaebi,37.56677,126.976,2026-02-17T22:29:33.775718+00:00,,,,컨퍼런스하우스달개비,서울특별시 중구 세종대로19길 16
blueribbon,충무집,서울특별시 중구 을지로3길 30-14,Seoul,South Korea,RIBBON_TWO,,,010-2019-4088,,2026,,37.567332,126.981994,2026-02-17T22:29:33.775718+00:00,,,,충무집,서울특별시 중구 을지로3길 30-14
blueribbon,Jonny Dumpling,서울특별시 용산구 보광로59길 33,Seoul,South Korea,RIBBON_TWO,,,02-790-8831,,2026,Jonny Dumpling,37.5338250009562,126.992128689959,2026-02-17T22:29:33.775718+00:00,,,,쟈니덤플링,서울특별시 용산구 보광로59길 33
blueribbon,Jue,서울특별시 용산구 독서당로 124-7,Seoul,South Korea,RIBBON_TWO,,,02-798-9700,,2026,Jue,37.53748713839805,127.01279004754028,2026-02-17T22:29:33.775718+00:00,,,,쥬에,서울특별시 용산구 독서당로 124-7
blueribbon,지화자,서울특별시 종로구 자하문로 125,Seoul,South Korea,RIBBON_TWO,,,02-2269-5834 ,,2026,,37.58706,126.969378,2026-02-17T22:29:33.775718+00:00,,,,지화자,서울특별시 종로구 자하문로 125
blueribbon,자하손만두,서울특별시 종로구 백석동길 12,Seoul,South Korea,RIBBON_TWO,,,02-379-2648 ,,2026,,37.59307,126.966,2026-02-17T22:29:33.775718+00:00,,,,자하손만두,서울특별시 종로구 백석동길 12
blueribbon,YU YUAN,서울특별시 종로구 새문안로 97,Seoul,South Korea,RIBBON_TWO,,,02-6388-5500 ,,2026,YU YUAN,37.570539,126.975391,2026-02-17T22:29:33.775718+00:00,,,,유유안,서울특별시 종로구 새문안로 97
blueribbon,을지면옥,서울특별시 종로구 삼일대로30길 12,Seoul,South Korea,RIBBON_TWO,,,02-2266-7052 ,,2026,,37.573686660928,126.988587758979,2026-02-17T22:29:33.775718+00:00,,,,을지면옥,서울특별시 종로구 삼일대로30길 12
blueribbon,우동카덴,서울특별시 마포구 양화로7안길 2-1,Seoul,South Korea,RIBBON_TWO,,,02-6463-6362,,2026,,37.55165,126.915,2026-02-17T22:29:33.775718+00:00,,,,우동카덴,서울특별시 마포구 양화로7안길 2-1
blueribbon,Oursblanc,서울특별시 용산구 효창원로70길 4,Seoul,South Korea,RIBBON_TWO,,,02-706-9356,,2026,Oursblanc,37.54138,126.9624,2026-02-17T22:29:33.775718+00:00,,,,우스블랑,서울특별시 용산구 효창원로70길 4
blueribbon,용수산비원,서울특별시 종로구 창덕궁1길 2,Seoul,South Korea,RIBBON_TWO,,,02-743-5999,,2026,,37.579407,126.989116,2026-02-17T22:29:33.775718+00:00,,,,용수산비원,서울특별시 종로구 창덕궁1길 2
blueribbon,양미옥(남대문점),서울특별시 중구 남대문로 27-2,Seoul,South Korea,RIBBON_TWO,,,02-3789-9288,,2026,,37.5614211308706,126.978778867088,2026-02-17T22:29:33.775718+00:00,,,,양미옥(남대문점),서울특별시 중구 남대문로 27-2
blueribbon,Akira Back Seoul,서울특별시 종로구 새문안로 97,Seoul,South Korea,RIBBON_TWO,,,02-6388-5500 ,,2026,Akira Back Seoul,37.57069965284965,126.97540015123504,2026-02-17T22:29:33.775718+00:00,,,,아키라백서울,서울특별시 종로구 새문안로 97
blueribbon,SUSHI SEONGBUK,서울특별시 성북구 성북로 74,Seoul,South Korea,RIBBON_TWO,,,없음,,2026,SUSHI SEONGBUK,37.5936027665025,127.000787409179,2026-02-17T22:29:33.775718+00:00,,,,스시성북,서울특별시 성북구 성북로 74
blueribbon,SICILI,서울특별시 용산구 이태원로55가길 13,Seoul,South Korea,RIBBON_TWO,,,02-6951-4250,,2026,SICILI,37.5376679399283,127.000499654869,2026-02-17T22:29:33.775718+00:00,,,,시칠리,서울특별시 용산구 이태원로55가길 13
blueribbon,순대실록,서울특별시 종로구 동숭길 113,Seoul,South Korea,RIBBON_TWO,,,02-742-5338,,2026,,37.5829715425845,127.003577707596,2026-02-17T22:29:33.775718+00:00,,,,순대실록,서울특별시 종로구 동숭길 113
blueribbon,수엔190,서울특별시 중구 퇴계로 190,Seoul,South Korea,RIBBON_TWO,,,02-2000-2888,,2026,,37.56052,126.9929,2026-02-17T22:29:33.775718+00:00,,,,수엔190,서울특별시 중구 퇴계로 190
blueribbon,순라길,서울특별시 종로구 서순라길 141,Seoul,South Korea,RIBBON_TWO,,,02-3672-5513 ,,2026,,37.57648,126.9915,2026-02-17T22:29:33.775718+00:00,,,,순라길,서울특별시 종로구 서순라길 141
blueribbon,서령(본점),서울특별시 중구 소월로 10,Seoul,South Korea,RIBBON_TWO,,,0507-1427-8766,,2026,,37.5585411616418,126.975411166003,2026-02-17T22:29:33.775718+00:00,,,,서령(본점),서울특별시 중구 소월로 10
blueribbon,SALT HOUSE CRAFT MEATS,서울특별시 마포구 월드컵로19길 14,Seoul,South Korea,RIBBON_TWO,,,02-336-2617,,2026,SALT HOUSE CRAFT MEATS,37.556823649468,126.90823736311545,2026-02-17T22:29:33.775718+00:00,,,,소금집델리,서울특별시 마포구 월드컵로19길 14
blueribbon,SOSEOUL hannam,서울특별시 용산구 한남대로20길 21-18,Seoul,South Korea,RIBBON_TWO,,,02-797-5995,,2026,SOSEOUL hannam,37.535220562541056,127.00910573136069,2026-02-17T22:29:33.775718+00:00,,,,소설한남,서울특별시 용산구 한남대로20길 21-18
blueribbon,삼청각한식당,서울특별시 성북구 대사관로 3,Seoul,South Korea,RIBBON_TWO,,,02-765-3000,,2026,,37.5971,126.9843,2026-02-17T22:29:33.775718+00:00,,,,삼청각한식당,서울특별시 성북구 대사관로 3
blueribbon,Bar Cham,서울특별시 종로구 자하문로7길 34,Seoul,South Korea,RIBBON_TWO,,,02-6402-4750,,2026,Bar Cham,37.57917145468498,126.97038445847463,2026-02-17T22:29:33.775718+00:00,,,,바참,서울특별시 종로구 자하문로7길 34
blueribbon,BOCCALINO,서울특별시 종로구 새문안로 97,Seoul,South Korea,RIBBON_TWO,,,02-6388-5500,,2026,BOCCALINO,37.570539,126.975391,2026-02-17T22:29:33.775718+00:00,,,,보칼리노,서울특별시 종로구 새문안로 97
blueribbon,배꼽집(본점),서울특별시 마포구 월드컵북로54길 17,Seoul,South Korea,RIBBON_TWO,,,02-304-9293,,2026,,37.581254,126.888871,2026-02-17T22:29:33.775718+00:00,,,,배꼽집(본점),서울특별시 마포구 월드컵북로54길 17
blueribbon,미로식당,서울특별시 마포구 와우산로30길 80,Seoul,South Korea,RIBBON_TWO,,,0507-1412-3777,,2026,,37.552014,126.927861,2026-02-17T22:29:33.775718+00:00,,,,미로식당,서울특별시 마포구 와우산로30길 80
blueribbon,무교동유정낙지,서울특별시 중구 세종대로21길 22,Seoul,South Korea,RIBBON_TWO,,,02-725-0646,,2026,,37.56762919252033,126.97604409036988,2026-02-17T22:29:33.775718+00:00,,,,무교동유정낙지,서울특별시 중구 세종대로21길 22
blueribbon,모에기,서울특별시 광진구 워커힐로 177,Seoul,South Korea,RIBBON_TWO,,,02-2022-0222 ,,2026,,37.55863008236035,127.1117068379481,2026-02-17T22:29:33.775718+00:00,,,,모에기,서울특별시 광진구 워커힐로 177
blueribbon,MAISON LOUPBLANC,서울특별시 용산구 한강대로15길 19-22,Seoul,South Korea,RIBBON_TWO,,,0507-1417-2040,,2026,MAISON LOUPBLANC,37.5256854191743,126.96275666622,2026-02-17T22:29:33.775718+00:00,,,,메종루블랑,서울특별시 용산구 한강대로15길 19-22
blueribbon,무궁화,서울특별시 중구 을지로 30,Seoul,South Korea,RIBBON_TWO,,,02-317-7061,,2026,,37.56461,126.9809,2026-02-17T22:29:33.775718+00:00,,,,무궁화,서울특별시 중구 을지로 30
blueribbon,목란,서울특별시 서대문구 연희로15길 21,Seoul,South Korea,RIBBON_TWO,,,02-732-0054,,2026,,37.56834,126.9305,2026-02-17T22:29:33.775718+00:00,,,,목란,서울특별시 서대문구 연희로15길 21
blueribbon,명륜손칼국수,서울특별시 종로구 혜화로 45-5,Seoul,South Korea,RIBBON_TWO,,,02-742-8662 ,,2026,,37.58939,126.9989,2026-02-17T22:29:33.775718+00:00,,,,명륜손칼국수,서울특별시 종로구 혜화로 45-5
blueribbon,로스옥(한남점),서울특별시 용산구 한남대로21길 14,Seoul,South Korea,RIBBON_TWO,,,02-790-1025,,2026,,37.5343180384265,127.006194266565,2026-02-17T22:29:33.775718+00:00,,,,로스옥(한남점),서울특별시 용산구 한남대로21길 14
blueribbon,Matteo' Travelog,서울특별시 성동구 금호로 17,Seoul,South Korea,RIBBON_TWO,,,02-2298-1112,,2026,Matteo' Travelog,37.5468826236179,127.024072726848,2026-02-17T22:29:33.775718+00:00,,,,마테오견문록,서울특별시 성동구 금호로 17
blueribbon,O'neul,서울특별시 용산구 장문로 60,Seoul,South Korea,RIBBON_TWO,,,02-792-1054 ,,2026,O'neul,37.5263443616406,126.996046467614,2026-02-17T22:29:33.775718+00:00,,,,레스토랑오늘,서울특별시 용산구 장문로 60
blueribbon,tutoiement,서울특별시 성동구 광나루로11길 20,Seoul,South Korea,RIBBON_TWO,,,0507-1345-9056,,2026,tutoiement,37.5496477236086,127.066679401316,2026-02-17T22:29:33.775718+00:00,,,,뛰뚜아멍,서울특별시 성동구 광나루로11길 20
blueribbon,DOOREYOO,서울특별시 종로구 평창문화로 84,Seoul,South Korea,RIBBON_TWO,,,02-743-2468 ,,2026,DOOREYOO,37.6065673142822,126.970504064967,2026-02-17T22:29:33.775718+00:00,,,,두레유,서울특별시 종로구 평창문화로 84
blueribbon,라연,서울특별시 중구 동호로 249,Seoul,South Korea,RIBBON_TWO,,,02-2230-3367 ,,2026,,37.55698,127.0059,2026-02-17T22:29:33.775718+00:00,,,,라연,서울특별시 중구 동호로 249
blueribbon,La Seine,서울특별시 중구 을지로 30,Seoul,South Korea,RIBBON_TWO,,,02-317-7171 ,,2026,La Seine,37.56534,126.981,2026-02-17T22:29:33.775718+00:00,,,,라세느,서울특별시 중구 을지로 30
blueribbon,La Cucina,서울특별시 용산구 회나무로44길 10,Seoul,South Korea,RIBBON_TWO,,,02-794-6006 ,,2026,La Cucina,37.540522,126.996446,2026-02-17T22:29:33.775718+00:00,,,,라쿠치나,서울특별시 용산구 회나무로44길 10
blueribbon,두레,서울특별시 종로구 삼청로 30,Seoul,South Korea,RIBBON_TWO,,,02-732-2919,,2026,,37.5786280284849,126.980087994867,2026-02-17T22:29:33.775718+00:00,,,,두레,서울특별시 종로구 삼청로 30
blueribbon,The Parkview,서울특별시 중구 동호로 249,Seoul,South Korea,RIBBON_TWO,,,02-2230-3374,,2026,The Parkview,37.55698,127.0059,2026-02-17T22:29:33.775718+00:00,,,,더파크뷰,서울특별시 중구 동호로 249
blueribbon,The Restaurant,서울특별시 종로구 삼청로 54,Seoul,South Korea,RIBBON_TWO,,,02-735-8441,,2026,The Restaurant,37.58069,126.9805,2026-02-17T22:29:33.775718+00:00,,,,더레스토랑,서울특별시 종로구 삼청로 54
blueribbon,다크에디션커피,서울특별시 서대문구 연희로11마길 12,Seoul,South Korea,RIBBON_TWO,,,0507-1404-7939,,2026,,37.5690018837641,126.927996029512,2026-02-17T22:29:33.775718+00:00,,,,다크에디션커피,서울특별시 서대문구 연희로11마길 12
blueribbon,남한강민물매운탕,서울특별시 광진구 동일로 150,Seoul,South Korea,RIBBON_TWO,,,02-464-7568 ,,2026,,37.545626109663,127.066210285087,2026-02-17T22:29:33.775718+00:00,,,,남한강민물매운탕,서울특별시 광진구 동일로 150
blueribbon,Damman freres,서울특별시 중구 세종대로 136,Seoul,South Korea,RIBBON_TWO,,,02-6730-1323 ,,2026,Damman freres,37.56842249719518,126.9782578910947,2026-02-17T22:29:33.775718+00:00,,,,다만프레르,서울특별시 중구 세종대로 136
blueribbon,깡통만두,서울특별시 종로구 북촌로2길 5-6,Seoul,South Korea,RIBBON_TWO,,,02-794-4243 ,,2026,,37.57811,126.9861,2026-02-17T22:29:33.775718+00:00,,,,깡통만두,서울특별시 종로구 북촌로2길 5-6
blueribbon,교다이야,서울특별시 마포구 성지길 39,Seoul,South Korea,RIBBON_TWO,,,02-2654-2645 ,,2026,,37.54682,126.9132,2026-02-17T22:29:33.775718+00:00,,,,교다이야,서울특별시 마포구 성지길 39
blueribbon,Grill Demiglace,서울특별시 중구 삼일대로2길 50,Seoul,South Korea,RIBBON_TWO,,,02-723-1233 ,,2026,Grill Demiglace,37.560088148067926,126.9911266583733,2026-02-17T22:29:33.775718+00:00,,,,그릴데미그라스,서울특별시 중구 삼일대로2길 50
blueribbon,JL dessert bar,서울특별시 용산구 대사관로31길 7-2,Seoul,South Korea,RIBBON_TWO,,,02-543-6140 ,,2026,JL dessert bar,37.5339030611536,127.005723679677,2026-02-17T22:29:33.775718+00:00,,,,JL디저트바,서울특별시 용산구 대사관로31길 7-2
blueribbon,구복만두,서울특별시 용산구 두텁바위로 7,Seoul,South Korea,RIBBON_ONE,,,02-797-8656,,2026,,37.545406152402,126.972992424883,2026-02-17T22:29:33.775718+00:00,,,,구복만두,서울특별시 용산구 두텁바위로 7
blueribbon,마포진짜원조최대포(본점),서울특별시 마포구 만리재로1길 1-2,Seoul,South Korea,RIBBON_ONE,,,02-719-9292 ,,2026,,37.5444618385571,126.952057296928,2026-02-17T22:29:33.775718+00:00,,,,마포진짜원조최대포(본점),서울특별시 마포구 만리재로1길 1-2
blueribbon,역전회관,서울특별시 마포구 토정로37길 47,Seoul,South Korea,RIBBON_ONE,,,02-703-0019 ,,2026,,37.54288,126.947,2026-02-17T22:29:33.775718+00:00,,,,역전회관,서울특별시 마포구 토정로37길 47
blueribbon,남해바다,서울특별시 마포구 토정로37길 46,Seoul,South Korea,RIBBON_ONE,,,02-707-3101,,2026,,37.54248,126.9473,2026-02-17T22:29:33.775718+00:00,,,,남해바다,서울특별시 마포구 토정로37길 46
blueribbon,마포양지설렁탕,서울특별시 마포구 새창로 6,Seoul,South Korea,RIBBON_ONE,,,02-716-8616 ,,2026,,37.54192,126.9505,2026-02-17T22:29:33.775718+00:00,,,,마포양지설렁탕,서울특별시 마포구 새창로 6
blueribbon,The Factory,서울특별시 마포구 백범로31길 7,Seoul,South Korea,RIBBON_ONE,,,02-337-3133,,2026,The Factory,37.5452545904697,126.948750766953,2026-02-17T22:29:33.775718+00:00,,,,팩토리정,서울특별시 마포구 백범로31길 7
blueribbon,대물상회,서울특별시 마포구 새창로6길 29,Seoul,South Korea,RIBBON_ONE,,,02-712-1237 ,,2026,,37.5408011604849,126.95248554210742,2026-02-17T22:29:33.775718+00:00,,,,대물상회,서울특별시 마포구 새창로6길 29
blueribbon,월화식당(마포본점),서울특별시 마포구 도화길 29,Seoul,South Korea,RIBBON_ONE,,,02-701-7592,,2026,,37.5408991543251,126.949156453911,2026-02-17T22:29:33.775718+00:00,,,,월화식당(마포본점),서울특별시 마포구 도화길 29
blueribbon,오롯,서울특별시 마포구 백범로24길 5-5,Seoul,South Korea,RIBBON_ONE,,,02-3272-3555,,2026,,37.5458116617778,126.945299948138,2026-02-17T22:29:33.775718+00:00,,,,오롯,서울특별시 마포구 백범로24길 5-5
blueribbon,Liebhaber,서울특별시 마포구 백범로24길 11-4,Seoul,South Korea,RIBBON_ONE,,,없음,,2026,Liebhaber,37.5459540326884,126.944940337991,2026-02-17T22:29:33.775718+00:00,,,,립하버,서울특별시 마포구 백범로24길 11-4
blueribbon,LEE BUK BANG,서울특별시 마포구 마포대로1길 16,Seoul,South Korea,RIBBON_ONE,,,02-720-2345,,2026,LEE BUK BANG,37.5397308784185,126.943142441441,2026-02-17T22:29:33.775718+00:00,,,,리북방,서울특별시 마포구 마포대로1길 16
blueribbon,계고기집,서울특별시 마포구 백범로24길 1,Seoul,South Korea,RIBBON_ONE,,,02-717-7624,,2026,,37.5459839648361,126.945564274909,2026-02-17T22:29:33.775718+00:00,,,,계고기집,서울특별시 마포구 백범로24길 1
blueribbon,모연,서울특별시 마포구 토정로 318,Seoul,South Korea,RIBBON_ONE,,,02-704-0770 ,,2026,,37.53943141378686,126.9437648759179,2026-02-17T22:29:33.775718+00:00,,,,모연,서울특별시 마포구 토정로 318
blueribbon,곰탕반,서울특별시 마포구 백범로 152,Seoul,South Korea,RIBBON_ONE,,,02-712-1801,,2026,,37.544749366441955,126.94826001068026,2026-02-17T22:29:33.775718+00:00,,,,곰탕반,서울특별시 마포구 백범로 152
blueribbon,타쿠미야,서울특별시 마포구 백범로 152,Seoul,South Korea,RIBBON_ONE,,,02-713-5536,,2026,,37.544749366441955,126.94826001068026,2026-02-17T22:29:33.775718+00:00,,,,타쿠미야,서울특별시 마포구 백범로 152
blueribbon,하하,서울특별시 마포구 새창로 28,Seoul,South Korea,RIBBON_ONE,,,02-706-0212,,2026,,37.541624,126.952919,2026-02-17T22:29:33.775718+00:00,,,,하하,서울특별시 마포구 새창로 28
blueribbon,LAKHEEOAK,서울특별시 마포구 백범로 170,Seoul,South Korea,RIBBON_ONE,,,0507-1444-9797,,2026,LAKHEEOAK,37.544303,126.948973,2026-02-17T22:29:33.775718+00:00,,,,락희옥(마포본점),서울특별시 마포구 백범로 170
blueribbon,청춘구락부,서울특별시 마포구 토정로 308,Seoul,South Korea,RIBBON_ONE,,,0507-1389-1399,,2026,,37.540082,126.942878,2026-02-17T22:29:33.775718+00:00,,,,청춘구락부,서울특별시 마포구 토정로 308
blueribbon,을밀대,서울특별시 마포구 숭문길 24,Seoul,South Korea,RIBBON_ONE,,,02-717-1922 ,,2026,,37.54745,126.9455,2026-02-17T22:29:33.775718+00:00,,,,을밀대,서울특별시 마포구 숭문길 24
blueribbon,ʙᴇᴛᴏɴ,서울특별시 성동구 연무장7가길 8,Seoul,South Korea,RIBBON_ONE,,,02-499-1112,,2026,ʙᴇᴛᴏɴ,37.542935609775,127.055221402925,2026-02-17T22:29:33.775718+00:00,,,,베통성수더플래그십,서울특별시 성동구 연무장7가길 8
blueribbon,Jade&Water,서울특별시 성동구 한림말3길 21-1,Seoul,South Korea,RIBBON_ONE,,,010-9539-7159,,2026,Jade&Water,37.5428890418295,127.015405175755,2026-02-17T22:29:33.775718+00:00,,,,제이드앤워터,서울특별시 성동구 한림말3길 21-1
blueribbon,aeum,서울특별시 마포구 서강로11길 36,Seoul,South Korea,RIBBON_ONE,,,0507-1368-1169,,2026,aeum,37.5540882155381,126.931766648648,2026-02-17T22:29:33.775718+00:00,,,,에움,서울특별시 마포구 서강로11길 36
blueribbon,떡의미학,서울특별시 서대문구 연희로25길 72,Seoul,South Korea,RIBBON_ONE,,,02-324-3638,,2026,,37.57061814217744,126.9326663108036,2026-02-17T22:29:33.775718+00:00,,,,떡의미학,서울특별시 서대문구 연희로25길 72
blueribbon,BONJAK,서울특별시 성동구 광나루로9길 2,Seoul,South Korea,RIBBON_ONE,,,070-4833-7272,,2026,BONJAK,37.548479397281,127.063912435314,2026-02-17T22:29:33.775718+00:00,,,,본작,서울특별시 성동구 광나루로9길 2
blueribbon,경기떡집,서울특별시 마포구 동교로9길 24,Seoul,South Korea,RIBBON_ONE,,,02-333-8880 ,,2026,,37.555,126.9103,2026-02-17T22:29:33.775718+00:00,,,,경기떡집,서울특별시 마포구 동교로9길 24
blueribbon,Aux Petits Verres,서울특별시 종로구 자하문로 47-1,Seoul,South Korea,RIBBON_ONE,,,070-8231-2199,,2026,Aux Petits Verres,37.5802603634986,126.970979516515,2026-02-17T22:29:33.775718+00:00,,,,오쁘띠베르,서울특별시 종로구 자하문로 47-1
blueribbon,Passion 5,서울특별시 용산구 이태원로 272,Seoul,South Korea,RIBBON_ONE,,,02-2071-9505 ,,2026,Passion 5,37.53875,127.002,2026-02-17T22:29:33.775718+00:00,,,,패션5,서울특별시 용산구 이태원로 272
blueribbon,Petit tong,서울특별시 종로구 자하문로6길 11-9,Seoul,South Korea,RIBBON_ONE,,,02-733-4162 ,,2026,Petit tong,37.5785581301671,126.972546980418,2026-02-17T22:29:33.775718+00:00,,,,쁘띠통,서울특별시 종로구 자하문로6길 11-9
blueribbon,le peche mignon,서울특별시 용산구 녹사평대로40가길 3-3,Seoul,South Korea,RIBBON_ONE,,,02-6487-5525,,2026,le peche mignon,37.5352850570059,126.987719358376,2026-02-17T22:29:33.775718+00:00,,,,르페셰미뇽,서울특별시 용산구 녹사평대로40가길 3-3
blueribbon,동빙고,서울특별시 용산구 이촌로 319,Seoul,South Korea,RIBBON_ONE,,,02-794-7171,,2026,,37.51796359991885,126.98232664293936,2026-02-17T22:29:33.775718+00:00,,,,동빙고,서울특별시 용산구 이촌로 319
blueribbon,서울서둘째로잘하는집,서울특별시 종로구 삼청로 122-1,Seoul,South Korea,RIBBON_ONE,,,02-734-5302 ,,2026,,37.5862,126.9818,2026-02-17T22:29:33.775718+00:00,,,,서울서둘째로잘하는집,서울특별시 종로구 삼청로 122-1
blueribbon,봉산집,서울특별시 용산구 한강대로62나길 24,Seoul,South Korea,RIBBON_ONE,,,02-793-5022,,2026,,37.53437,126.975,2026-02-17T22:29:33.775718+00:00,,,,봉산집,서울특별시 용산구 한강대로62나길 24
blueribbon,곰국시집,서울특별시 중구 무교로 24,Seoul,South Korea,RIBBON_ONE,,,02-756-3249 ,,2026,,37.56806,126.9795,2026-02-17T22:29:33.775718+00:00,,,,곰국시집,서울특별시 중구 무교로 24
blueribbon,국시집,서울특별시 성북구 창경궁로43길 9,Seoul,South Korea,RIBBON_ONE,,,02-762-1924 ,,2026,,37.58839,127.0043,2026-02-17T22:29:33.775718+00:00,,,,국시집,서울특별시 성북구 창경궁로43길 9
blueribbon,남도식당,서울특별시 종로구 종로3길 42,Seoul,South Korea,RIBBON_ONE,,,02-734-0719 ,,2026,,37.572194,126.979423,2026-02-17T22:29:33.775718+00:00,,,,남도식당,서울특별시 종로구 종로3길 42
blueribbon,도향촌,서울특별시 중구 남대문로 52-13,Seoul,South Korea,RIBBON_ONE,,,02-776-5671 ,,2026,,37.5621320478482,126.982238910434,2026-02-17T22:29:33.775718+00:00,,,,도향촌,서울특별시 중구 남대문로 52-13
blueribbon,부민옥,서울특별시 중구 다동길 24-12,Seoul,South Korea,RIBBON_ONE,,,02-777-2345 ,,2026,,37.567519,126.980269,2026-02-17T22:29:33.775718+00:00,,,,부민옥,서울특별시 중구 다동길 24-12
blueribbon,부산식당,서울특별시 종로구 인사동11길 12,Seoul,South Korea,RIBBON_ONE,,,02-733-5761 ,,2026,,37.57389,126.984,2026-02-17T22:29:33.775718+00:00,,,,부산식당,서울특별시 종로구 인사동11길 12
blueribbon,양평매운탕,서울특별시 용산구 청파로 329,Seoul,South Korea,RIBBON_ONE,,,02-712-6657 ,,2026,,37.54896,126.9697,2026-02-17T22:29:33.775718+00:00,,,,양평매운탕,서울특별시 용산구 청파로 329
blueribbon,혜화칼국수,서울특별시 종로구 창경궁로35길 13,Seoul,South Korea,RIBBON_ONE,,,02-743-8212,,2026,,37.58651,127.0015,2026-02-17T22:29:33.775718+00:00,,,,혜화칼국수,서울특별시 종로구 창경궁로35길 13
blueribbon,유래회관,서울특별시 성동구 마장로 196,Seoul,South Korea,RIBBON_ONE,,,02-2293-8866 ,,2026,,37.56639,127.0316,2026-02-17T22:29:33.775718+00:00,,,,유래회관,서울특별시 성동구 마장로 196
blueribbon,은호식당,서울특별시 중구 남대문시장4길 28-4,Seoul,South Korea,RIBBON_ONE,,,02-753-3263 ,,2026,,37.55898,126.977,2026-02-17T22:29:33.775718+00:00,,,,은호식당,서울특별시 중구 남대문시장4길 28-4
blueribbon,충무로쭈꾸미불고기,서울특별시 중구 퇴계로31길 11,Seoul,South Korea,RIBBON_ONE,,,02-2279-0803 ,,2026,,37.56172,126.9922,2026-02-17T22:29:33.775718+00:00,,,,충무로쭈꾸미불고기,서울특별시 중구 퇴계로31길 11
blueribbon,인텔리젠시아커피서촌,서울특별시 종로구 자하문로 34,Seoul,South Korea,RIBBON_ONE,,,070-4146-2400,,2026,,37.5790933151243,126.971759754007,2026-02-17T22:29:33.775718+00:00,,,,인텔리젠시아커피서촌,서울특별시 종로구 자하문로 34
blueribbon,지유명차(종로점),서울특별시 종로구 돈화문로 79,Seoul,South Korea,RIBBON_ONE,,,02-762-5634 ,,2026,,37.575528,126.99047,2026-02-17T22:29:33.775718+00:00,,,,지유명차(종로점),서울특별시 종로구 돈화문로 79
blueribbon,신안촌,서울특별시 종로구 사직로12길 8,Seoul,South Korea,RIBBON_ONE,,,0507-1418-7744,,2026,,37.57567,126.971,2026-02-17T22:29:33.775718+00:00,,,,신안촌,서울특별시 종로구 사직로12길 8
blueribbon,PIZZERIA D'BUZZA,서울특별시 용산구 이태원로55가길 28,Seoul,South Korea,RIBBON_ONE,,,02-794-9474,,2026,PIZZERIA D'BUZZA,37.53723,126.9998,2026-02-17T22:29:33.775718+00:00,,,,부자피자,서울특별시 용산구 이태원로55가길 28
blueribbon,Di Matteo,서울특별시 종로구 동숭길 29,Seoul,South Korea,RIBBON_ONE,,,02-747-4444,,2026,Di Matteo,37.579976,127.003922,2026-02-17T22:29:33.775718+00:00,,,,디마떼오,서울특별시 종로구 동숭길 29
blueribbon,국화정원,서울특별시 성북구 성북로 154,Seoul,South Korea,RIBBON_ONE,,,02-741-0021 ,,2026,,37.59455,126.9927,2026-02-17T22:29:33.775718+00:00,,,,국화정원,서울특별시 성북구 성북로 154
blueribbon,VENEZ,서울특별시 광진구 군자로 70,Seoul,South Korea,RIBBON_ONE,,,0507-1307-5794,,2026,VENEZ,37.54903901328583,127.07084950531714,2026-02-17T22:29:33.775718+00:00,,,,브네,서울특별시 광진구 군자로 70
blueribbon,bear cafe,서울특별시 종로구 자하문로24길 24,Seoul,South Korea,RIBBON_ONE,,,070-7775-8001,,2026,bear cafe,37.582877,126.971122,2026-02-17T22:29:33.775718+00:00,,,,베어카페,서울특별시 종로구 자하문로24길 24
blueribbon,진고개,서울특별시 중구 충무로 19-1,Seoul,South Korea,RIBBON_ONE,,,02-2267-0955 ,,2026,,37.56299,126.9928,2026-02-17T22:29:33.775718+00:00,,,,진고개,서울특별시 중구 충무로 19-1
blueribbon,원대구탕,서울특별시 용산구 한강대로62가길 8,Seoul,South Korea,RIBBON_ONE,,,02-797-4488 ,,2026,,37.534653,126.974207,2026-02-17T22:29:33.775718+00:00,,,,원대구탕,서울특별시 용산구 한강대로62가길 8
blueribbon,용문집,서울특별시 성동구 살곶이길 18,Seoul,South Korea,RIBBON_ONE,,,02-2292-2218 ,,2026,,37.5713825413725,127.040519485291,2026-02-17T22:29:33.775718+00:00,,,,용문집,서울특별시 성동구 살곶이길 18
blueribbon,대도식당,서울특별시 성동구 무학로12길 3,Seoul,South Korea,RIBBON_ONE,,,02-2292-9772,,2026,,37.56741500765416,127.03065677544468,2026-02-17T22:29:33.775718+00:00,,,,대도식당,서울특별시 성동구 무학로12길 3
blueribbon,고려삼계탕,서울특별시 중구 서소문로11길 1,Seoul,South Korea,RIBBON_ONE,,,02-752-9376 ,,2026,,37.56294,126.9729,2026-02-17T22:29:33.775718+00:00,,,,고려삼계탕,서울특별시 중구 서소문로11길 1
blueribbon,강원정,서울특별시 용산구 원효로89길 13-10,Seoul,South Korea,RIBBON_ONE,,,02-719-9978 ,,2026,,37.54043,126.9678,2026-02-17T22:29:33.775718+00:00,,,,강원정,서울특별시 용산구 원효로89길 13-10
blueribbon,진주회관,서울특별시 중구 세종대로11길 26,Seoul,South Korea,RIBBON_ONE,,,02-753-5388 ,,2026,,37.56235,126.9745,2026-02-17T22:29:33.775718+00:00,,,,진주회관,서울특별시 중구 세종대로11길 26
blueribbon,용금옥,서울특별시 종로구 자하문로 41-2,Seoul,South Korea,RIBBON_ONE,,,02-777-4749 ,,2026,,37.57973,126.9709,2026-02-17T22:29:33.775718+00:00,,,,용금옥,서울특별시 종로구 자하문로 41-2
blueribbon,어머니대성집,서울특별시 동대문구 왕산로11길 4,Seoul,South Korea,RIBBON_ONE,,,02-923-1718 ,,2026,,37.5774742408426,127.028564198078,2026-02-17T22:29:33.775718+00:00,,,,어머니대성집,서울특별시 동대문구 왕산로11길 4
blueribbon,La Cantina,서울특별시 중구 을지로 19,Seoul,South Korea,RIBBON_ONE,,,02-777-2580,,2026,La Cantina,37.566262,126.979954,2026-02-17T22:29:33.775718+00:00,,,,라칸티나,서울특별시 중구 을지로 19
blueribbon,사랑방칼국수,서울특별시 중구 퇴계로27길 46,Seoul,South Korea,RIBBON_ONE,,,02-2272-2020,,2026,,37.56324,126.9914,2026-02-17T22:29:33.775718+00:00,,,,사랑방칼국수,서울특별시 중구 퇴계로27길 46
blueribbon,이태원숯불구이,서울특별시 용산구 녹사평대로32길 41-5,Seoul,South Korea,RIBBON_ONE,,,02-797-7777 ,,2026,,37.5330850108669,126.990902900609,2026-02-17T22:29:33.775718+00:00,,,,이태원숯불구이,서울특별시 용산구 녹사평대로32길 41-5
blueribbon,잼배옥,서울특별시 중구 세종대로9길 68-9,Seoul,South Korea,RIBBON_ONE,,,02-755-8106 ,,2026,,37.56246,126.9737,2026-02-17T22:29:33.775718+00:00,,,,잼배옥,서울특별시 중구 세종대로9길 68-9
blueribbon,장수갈비집본가,서울특별시 중구 명동2길 54-1,Seoul,South Korea,RIBBON_ONE,,,02-775-9292 ,,2026,,37.560967,126.983114,2026-02-17T22:29:33.775718+00:00,,,,장수갈비집본가,서울특별시 중구 명동2길 54-1
blueribbon,형제갈비,서울특별시 서대문구 명물1길 2,Seoul,South Korea,RIBBON_ONE,,,02-365-0001 ,,2026,,37.55788,126.937344,2026-02-17T22:29:33.775718+00:00,,,,형제갈비,서울특별시 서대문구 명물1길 2
blueribbon,진남포면옥,서울특별시 중구 다산로 108,Seoul,South Korea,RIBBON_ONE,,,02-2252-2457 ,,2026,,37.55341,127.0101,2026-02-17T22:29:33.775718+00:00,,,,진남포면옥,서울특별시 중구 다산로 108
blueribbon,남포면옥,서울특별시 중구 을지로3길 24,Seoul,South Korea,RIBBON_ONE,,,02-777-2269,,2026,,37.56725,126.9816,2026-02-17T22:29:33.775718+00:00,,,,남포면옥,서울특별시 중구 을지로3길 24
blueribbon,창성옥,서울특별시 용산구 새창로 124-10,Seoul,South Korea,RIBBON_ONE,,,02-718-2878 ,,2026,,37.53638918177256,126.96040845953524,2026-02-17T22:29:33.775718+00:00,,,,창성옥,서울특별시 용산구 새창로 124-10
blueribbon,흥진옥,서울특별시 종로구 종로5길 19-12,Seoul,South Korea,RIBBON_ONE,,,02-732-2214 ,,2026,,37.571359,126.98026,2026-02-17T22:29:33.775718+00:00,,,,흥진옥,서울특별시 종로구 종로5길 19-12
blueribbon,태극당,서울특별시 중구 동호로24길 7,Seoul,South Korea,RIBBON_ONE,,,02-2279-3152 ,,2026,,37.559389,127.002667,2026-02-17T22:29:33.775718+00:00,,,,태극당,서울특별시 중구 동호로24길 7
blueribbon,진주집,서울특별시 중구 남대문시장길 22-2,Seoul,South Korea,RIBBON_ONE,,,02-753-9813,,2026,,37.5600090440077,126.977093560851,2026-02-17T22:29:33.775718+00:00,,,,진주집,서울특별시 중구 남대문시장길 22-2
blueribbon,청평매운탕,서울특별시 중랑구 공릉로 46,Seoul,South Korea,RIBBON_ONE,,,02-976-9891 ,,2026,,37.614682,127.07843,2026-02-17T22:29:33.775718+00:00,,,,청평매운탕,서울특별시 중랑구 공릉로 46
blueribbon,부원집,서울특별시 중구 남대문시장4길 41-6,Seoul,South Korea,RIBBON_ONE,,,02-753-7728,,2026,,37.55839,126.977598,2026-02-17T22:29:33.775718+00:00,,,,부원집,서울특별시 중구 남대문시장4길 41-6
blueribbon,닭진미,서울특별시 중구 남대문시장길 22-20,Seoul,South Korea,RIBBON_ONE,,,02-753-9063,,2026,,37.55952,126.977,2026-02-17T22:29:33.775718+00:00,,,,닭진미,서울특별시 중구 남대문시장길 22-20
blueribbon,용문해장국,서울특별시 용산구 효창원로 110,Seoul,South Korea,RIBBON_ONE,,,02-712-6290 ,,2026,,37.53791,126.9608,2026-02-17T22:29:33.775718+00:00,,,,용문해장국,서울특별시 용산구 효창원로 110
blueribbon,계림,서울특별시 종로구 돈화문로4길 39,Seoul,South Korea,RIBBON_ONE,,,02-2263-6658 ,,2026,,37.57013,126.9945,2026-02-17T22:29:33.775718+00:00,,,,계림,서울특별시 종로구 돈화문로4길 39
blueribbon,대흥설농탕,서울특별시 동대문구 한천로 60,Seoul,South Korea,RIBBON_ONE,,,02-2249-2828,,2026,,37.5669741682164,127.06256224752,2026-02-17T22:29:33.775718+00:00,,,,대흥설농탕,서울특별시 동대문구 한천로 60
blueribbon,홍복,서울특별시 중구 남대문시장길 73-3,Seoul,South Korea,RIBBON_ONE,,,02-755-7633 ,,2026,,37.56098778646127,126.9800121050206,2026-02-17T22:29:33.775718+00:00,,,,홍복,서울특별시 중구 남대문시장길 73-3
blueribbon,용문갈비집,서울특별시 용산구 새창로 127,Seoul,South Korea,RIBBON_ONE,,,02-712-3900 ,,2026,,37.53625971396709,126.96124127038736,2026-02-17T22:29:33.775718+00:00,,,,용문갈비집,서울특별시 용산구 새창로 127
blueribbon,은하곱창,서울특별시 동대문구 전농로15길 22,Seoul,South Korea,RIBBON_ONE,,,02-2247-0254 ,,2026,,37.578040900912804,127.05631395943723,2026-02-17T22:29:33.775718+00:00,,,,은하곱창,서울특별시 동대문구 전농로15길 22
blueribbon,만포면옥,서울특별시 은평구 연서로 171,Seoul,South Korea,RIBBON_ONE,,,02-389-3917,,2026,,37.614102,126.917447,2026-02-17T22:29:33.775718+00:00,,,,만포면옥,서울특별시 은평구 연서로 171
blueribbon,arouz,서울특별시 중구 다산로 32,Seoul,South Korea,RIBBON_ONE,,,0507-1467-7507,,2026,arouz,37.5471667734011,127.005677166122,2026-02-17T22:29:33.775718+00:00,,,,어라우즈,서울특별시 중구 다산로 32
blueribbon,산촌,서울특별시 종로구 인사동길 30-13,Seoul,South Korea,RIBBON_ONE,,,02-735-0312,,2026,,37.57374,126.9861,2026-02-17T22:29:33.775718+00:00,,,,산촌,서울특별시 종로구 인사동길 30-13
blueribbon,Chez Simon,서울특별시 용산구 회나무로 66,Seoul,South Korea,RIBBON_ONE,,,02-730-1045,,2026,Chez Simon,37.5400893090696,126.993852779094,2026-02-17T22:29:33.775718+00:00,,,,쉐시몽,서울특별시 용산구 회나무로 66
blueribbon,소선재,서울특별시 종로구 삼청로 113-1,Seoul,South Korea,RIBBON_ONE,,,02-730-7002 ,,2026,,37.585493,126.981752,2026-02-17T22:29:33.775718+00:00,,,,소선재,서울특별시 종로구 삼청로 113-1
blueribbon,이북만두,서울특별시 중구 무교로 17-13,Seoul,South Korea,RIBBON_ONE,,,02-776-7361 ,,2026,,37.56825,126.9784,2026-02-17T22:29:33.775718+00:00,,,,이북만두,서울특별시 중구 무교로 17-13
blueribbon,뉘조,서울특별시 종로구 인사동14길 27,Seoul,South Korea,RIBBON_ONE,,,02-730-9311 ,,2026,,37.57508,126.9852,2026-02-17T22:29:33.775718+00:00,,,,뉘조,서울특별시 종로구 인사동14길 27
blueribbon,규방도감집,서울특별시 종로구 북촌로1길 24-4,Seoul,South Korea,RIBBON_ONE,,,0507-1309-6609,,2026,,37.5775170381476,126.984458297744,2026-02-17T22:29:33.775718+00:00,,,,규방도감집,서울특별시 종로구 북촌로1길 24-4
blueribbon,고센기와집갈비,서울특별시 성북구 화랑로25길 18,Seoul,South Korea,RIBBON_ONE,,,02-943-3851,,2026,,37.609449827136,127.052207218213,2026-02-17T22:29:33.775718+00:00,,,,고센기와집갈비,서울특별시 성북구 화랑로25길 18
blueribbon,도취하녹식당,서울특별시 종로구 사직로9가길 12,Seoul,South Korea,RIBBON_ONE,,,02-725-1288,,2026,,37.5768472187949,126.968862082641,2026-02-17T22:29:33.775718+00:00,,,,도취하녹식당,서울특별시 종로구 사직로9가길 12
blueribbon,미미옥(신용산점),서울특별시 용산구 한강대로15길 27,Seoul,South Korea,RIBBON_ONE,,,02-6954-0819,,2026,,37.526282574268,126.962950612322,2026-02-17T22:29:33.775718+00:00,,,,미미옥(신용산점),서울특별시 용산구 한강대로15길 27
blueribbon,국빈관,서울특별시 종로구 자하문로2길 17-4,Seoul,South Korea,RIBBON_ONE,,,02-722-3833 ,,2026,,37.5766282218463,126.973830985417,2026-02-17T22:29:33.775718+00:00,,,,국빈관,서울특별시 종로구 자하문로2길 17-4
blueribbon,익선디미방,서울특별시 종로구 돈화문로11나길 30,Seoul,South Korea,RIBBON_ONE,,,02-747-3418 ,,2026,,37.5740691956402,126.990292742097,2026-02-17T22:29:33.775718+00:00,,,,익선디미방,서울특별시 종로구 돈화문로11나길 30
blueribbon,호호식당,서울특별시 종로구 대학로9길 35,Seoul,South Korea,RIBBON_ONE,,,02-741-2384 ,,2026,,37.58190337889023,127.00003622828625,2026-02-17T22:29:33.775718+00:00,,,,호호식당,서울특별시 종로구 대학로9길 35
blueribbon,DOTZ,서울특별시 용산구 이태원로55나길 6,Seoul,South Korea,RIBBON_ONE,,,02-792-7445,,2026,DOTZ,37.536611,126.99913,2026-02-17T22:29:33.775718+00:00,,,,다츠,서울특별시 용산구 이태원로55나길 6
blueribbon,한뫼촌,서울특별시 종로구 북촌로 24-4,Seoul,South Korea,RIBBON_ONE,,,02-766-5539,,2026,,37.578944,126.985564,2026-02-17T22:29:33.775718+00:00,,,,한뫼촌,서울특별시 종로구 북촌로 24-4
blueribbon,아름다운차박물관,서울특별시 종로구 인사동길 19-11,Seoul,South Korea,RIBBON_ONE,,,02-735-6678 ,,2026,,37.57233,126.9859,2026-02-17T22:29:33.775718+00:00,,,,아름다운차박물관,서울특별시 종로구 인사동길 19-11
blueribbon,수연산방,서울특별시 성북구 성북로26길 8,Seoul,South Korea,RIBBON_ONE,,,02-764-1736 ,,2026,,37.59505415381474,126.99483656083896,2026-02-17T22:29:33.775718+00:00,,,,수연산방,서울특별시 성북구 성북로26길 8
blueribbon,문츠바베큐,서울특별시 성동구 상원1길 22,Seoul,South Korea,RIBBON_ONE,,,0507-1311-3054,,2026,,37.5456998488488,127.048512796873,2026-02-17T22:29:33.775718+00:00,,,,문츠바베큐,서울특별시 성동구 상원1길 22
blueribbon,레스토랑바위,서울특별시 용산구 이태원로 254,Seoul,South Korea,RIBBON_ONE,,,0507-1318-1496,,2026,,37.5372288776059,127.001178979441,2026-02-17T22:29:33.775718+00:00,,,,레스토랑바위,서울특별시 용산구 이태원로 254
blueribbon,AU BOUILLON,서울특별시 성동구 독서당로51길 29-1,Seoul,South Korea,RIBBON_ONE,,,02-6401-1048 ,,2026,AU BOUILLON,37.5506171094749,127.026068932213,2026-02-17T22:29:33.775718+00:00,,,,오부이용,서울특별시 성동구 독서당로51길 29-1
blueribbon,bâton meal cafe,서울특별시 용산구 한강대로15길 33,Seoul,South Korea,RIBBON_ONE,,,070-8869-6003,,2026,bâton meal cafe,37.5264866412544,126.962632956649,2026-02-17T22:29:33.775718+00:00,,,,바통밀카페,서울특별시 용산구 한강대로15길 33
blueribbon,금토일샴페인빠,서울특별시 중구 충무로 43-2,Seoul,South Korea,RIBBON_ONE,,,0507-1460-2783,,2026,,37.5650958071738,126.992583246148,2026-02-17T22:29:33.775718+00:00,,,,금토일샴페인빠,서울특별시 중구 충무로 43-2
blueribbon,부산갈비,서울특별시 중구 마른내로 107-1,Seoul,South Korea,RIBBON_ONE,,,02-2279-5821 ,,2026,,37.56275,126.9978,2026-02-17T22:29:33.775718+00:00,,,,부산갈비,서울특별시 중구 마른내로 107-1
blueribbon,조선옥,서울특별시 중구 을지로15길 6-5,Seoul,South Korea,RIBBON_ONE,,,02-2266-0333,,2026,,37.5667960482466,126.993638013279,2026-02-17T22:29:33.775718+00:00,,,,조선옥,서울특별시 중구 을지로15길 6-5
blueribbon,이남장,서울특별시 중구 삼일대로12길 16,Seoul,South Korea,RIBBON_ONE,,,02-2267-4081,,2026,,37.566606,126.988638,2026-02-17T22:29:33.775718+00:00,,,,이남장,서울특별시 중구 삼일대로12길 16
blueribbon,보건옥,서울특별시 중구 창경궁로8길 12,Seoul,South Korea,RIBBON_ONE,,,02-2275-3743 ,,2026,,37.5685,126.9988,2026-02-17T22:29:33.775718+00:00,,,,보건옥,서울특별시 중구 창경궁로8길 12
blueribbon,YM COFFEE PROJECT,서울특별시 은평구 연서로29길 21-8,Seoul,South Korea,RIBBON_ONE,,,070-7767-0829,,2026,YM COFFEE PROJECT,37.6191336121159,126.917559511221,2026-02-17T22:29:33.775718+00:00,,,,와이엠커피프로젝트,서울특별시 은평구 연서로29길 21-8
blueribbon,Reissue Coffee Roasters,서울특별시 마포구 연남로 35,Seoul,South Korea,RIBBON_ONE,,,02-336-6884 ,,2026,Reissue Coffee Roasters,37.5626957260034,126.921362029118,2026-02-17T22:29:33.775718+00:00,,,,리이슈커피로스터스,서울특별시 마포구 연남로 35
blueribbon,pastel coffee works,서울특별시 마포구 성지길 58,Seoul,South Korea,RIBBON_ONE,,,02-322-7549,,2026,pastel coffee works,37.5462699792267,126.912617576909,2026-02-17T22:29:33.775718+00:00,,,,파스텔커피웍스,서울특별시 마포구 성지길 58
blueribbon,Greenmile Coffee,서울특별시 종로구 북촌로 64,Seoul,South Korea,RIBBON_ONE,,,02-744-2404 ,,2026,Greenmile Coffee,37.582351,126.985222,2026-02-17T22:29:33.775718+00:00,,,,그린마일커피,서울특별시 종로구 북촌로 64
blueribbon,COFFEE TOUR,서울특별시 종로구 사직로10길 12,Seoul,South Korea,RIBBON_ONE,,,02-733-6612,,2026,COFFEE TOUR,37.575341,126.970203,2026-02-17T22:29:33.775718+00:00,,,,커피투어(광화문점),서울특별시 종로구 사직로10길 12
blueribbon,MANUFACT COFFEE ROASTERS,서울특별시 서대문구 연희로11길 29,Seoul,South Korea,RIBBON_ONE,,,02-6406-8777,,2026,MANUFACT COFFEE ROASTERS,37.56776,126.9296,2026-02-17T22:29:33.775718+00:00,,,,매뉴팩트커피,서울특별시 서대문구 연희로11길 29
blueribbon,millo coffee roasters,서울특별시 마포구 양화로18안길 36,Seoul,South Korea,RIBBON_ONE,,,02-554-3916 ,,2026,millo coffee roasters,37.55701,126.92659,2026-02-17T22:29:33.775718+00:00,,,,밀로커피로스터스,서울특별시 마포구 양화로18안길 36
blueribbon,HELL CAFE ROASTERS,서울특별시 용산구 보광로 76,Seoul,South Korea,RIBBON_ONE,,,070-7604-3456,,2026,HELL CAFE ROASTERS,37.53031,126.997,2026-02-17T22:29:33.775718+00:00,,,,헬카페로스터즈,서울특별시 용산구 보광로 76
blueribbon,Cafe Imi,서울특별시 마포구 동교로25길 7,Seoul,South Korea,RIBBON_ONE,,,02-6368-5228,,2026,Cafe Imi,37.55744,126.9219,2026-02-17T22:29:33.775718+00:00,,,,이미커피,서울특별시 마포구 동교로25길 7
blueribbon,PROTOKOLL,서울특별시 서대문구 연희로 109,Seoul,South Korea,RIBBON_ONE,,,0507-1389-6159,,2026,PROTOKOLL,37.5677931372994,126.931372918465,2026-02-17T22:29:33.775718+00:00,,,,프로토콜(연희점),서울특별시 서대문구 연희로 109
blueribbon,LOF COFFEE ROASTERS,서울특별시 광진구 동일로 304,Seoul,South Korea,RIBBON_ONE,,,010-8662-5891,,2026,LOF COFFEE ROASTERS,37.5582513703731,127.073477495613,2026-02-17T22:29:33.775718+00:00,,,,로프커피,서울특별시 광진구 동일로 304
blueribbon,La Pluma,서울특별시 성북구 고려대로27길 18,Seoul,South Korea,RIBBON_ONE,,,02-927-7949,,2026,La Pluma,37.5870992240896,127.029898451923,2026-02-17T22:29:33.775718+00:00,,,,라플루마앤보헤미안,서울특별시 성북구 고려대로27길 18
blueribbon,haerye coffee,서울특별시 성동구 연무장길 28-20,Seoul,South Korea,RIBBON_ONE,,,02-465-3357,,2026,haerye coffee,37.5428502128868,127.052211096059,2026-02-17T22:29:33.775718+00:00,,,,클래식해례커피,서울특별시 성동구 연무장길 28-20
blueribbon,KOONG,서울특별시 종로구 인사동10길 11-3,Seoul,South Korea,RIBBON_ONE,,,02-733-9240,,2026,KOONG,37.57423,126.9854,2026-02-17T22:29:33.775718+00:00,,,,개성만두궁,서울특별시 종로구 인사동10길 11-3
blueribbon,l’Auberge,서울특별시 종로구 자하문로5길 11,Seoul,South Korea,RIBBON_ONE,,,02-722-9445 ,,2026,l’Auberge,37.577607529639074,126.97119563919911,2026-02-17T22:29:33.775718+00:00,,,,오베르쥬 ,서울특별시 종로구 자하문로5길 11
blueribbon,local EAT,서울특별시 성동구 한림말길 33,Seoul,South Korea,RIBBON_ONE,,,02-2282-1124,,2026,local EAT,37.5409414348017,127.014746912628,2026-02-17T22:29:33.775718+00:00,,,,로컬릿,서울특별시 성동구 한림말길 33
blueribbon,LEESAR COFFEE,서울특별시 중구 다산로8길 16-7,Seoul,South Korea,RIBBON_ONE,,,070-7677-5538 ,,2026,LEESAR COFFEE,37.552472790258584,127.01042511544821,2026-02-17T22:29:33.775718+00:00,,,,리사르커피(약수점),서울특별시 중구 다산로8길 16-7
blueribbon,L'atelier COMTÉ,서울특별시 종로구 성균관로17길 53,Seoul,South Korea,RIBBON_ONE,,,0507-1445-0147,,2026,L'atelier COMTÉ,37.59139981236814,126.9972780042131,2026-02-17T22:29:33.775718+00:00,,,,라뜰리에꼼때,서울특별시 종로구 성균관로17길 53
blueribbon,TAJ,서울특별시 중구 명동길 73,Seoul,South Korea,RIBBON_ONE,,,02-776-0677,,2026,TAJ,37.5644105705291,126.986233754442,2026-02-17T22:29:33.775718+00:00,,,,타지,서울특별시 중구 명동길 73
blueribbon,Le Chef Bleu,서울특별시 중구 청파로 435-10,Seoul,South Korea,RIBBON_ONE,,,02-6010-8088,,2026,Le Chef Bleu,37.5586686785768,126.968671473835,2026-02-17T22:29:33.775718+00:00,,,,르셰프블루,서울특별시 중구 청파로 435-10
blueribbon,미치루스시,서울특별시 종로구 종로1길 42,Seoul,South Korea,RIBBON_ONE,,,02-761-4090,,2026,,37.5739029320481,126.978983502911,2026-02-17T22:29:33.775718+00:00,,,,미치루스시,서울특별시 종로구 종로1길 42
blueribbon,온천집,서울특별시 종로구 돈화문로11나길 31-8,Seoul,South Korea,RIBBON_ONE,,,02-762-8215,,2026,,37.5740999680943,126.989799745222,2026-02-17T22:29:33.775718+00:00,,,,온천집,서울특별시 종로구 돈화문로11나길 31-8
blueribbon,스시미토,서울특별시 중구 남대문로 117,Seoul,South Korea,RIBBON_ONE,,,02-3789-1634,,2026,,37.567745,126.982291,2026-02-17T22:29:33.775718+00:00,,,,스시미토,서울특별시 중구 남대문로 117
blueribbon,오가와,서울특별시 종로구 새문안로5길 19,Seoul,South Korea,RIBBON_ONE,,,02-735-1001,,2026,,37.57202928626468,126.97429489709765,2026-02-17T22:29:33.775718+00:00,,,,오가와,서울특별시 종로구 새문안로5길 19
blueribbon,NEGI LIVE,서울특별시 성동구 성수이로 97,Seoul,South Korea,RIBBON_ONE,,,02-466-2490,,2026,NEGI LIVE,37.5436475647062,127.056584886113,2026-02-17T22:29:33.775718+00:00,,,,네기라이브,서울특별시 성동구 성수이로 97
blueribbon,SAAMANN COFFEE ROASTERS,서울특별시 성북구 성북로6길 2-2,Seoul,South Korea,RIBBON_ONE,,,0504-0952-2271,,2026,SAAMANN COFFEE ROASTERS,37.589502138993,127.005429926687,2026-02-17T22:29:33.775718+00:00,,,,사만커피로스터스,서울특별시 성북구 성북로6길 2-2
blueribbon,중앙감속기,서울특별시 성동구 성수일로6길 7-1,Seoul,South Korea,RIBBON_ONE,,,02-466-9628,,2026,,37.5455735247076,127.051086163784,2026-02-17T22:29:33.775718+00:00,,,,중앙감속기,서울특별시 성동구 성수일로6길 7-1
blueribbon,을지로보석,서울특별시 중구 마른내로 11-10,Seoul,South Korea,RIBBON_ONE,,,063-9070-7070,,2026,,37.56514798844486,126.98924713690984,2026-02-17T22:29:33.775718+00:00,,,,을지로보석,서울특별시 중구 마른내로 11-10
blueribbon,MACPIE BREWING CO,서울특별시 용산구 녹사평대로 244-1,Seoul,South Korea,RIBBON_ONE,,,0507-1342-2703,,2026,MACPIE BREWING CO,37.53941,126.9875,2026-02-17T22:29:33.775718+00:00,,,,맥파이브루샵,서울특별시 용산구 녹사평대로 244-1
blueribbon,egg & flour,서울특별시 용산구 신흥로26길 35,Seoul,South Korea,RIBBON_ONE,,,02-3789-7681,,2026,egg & flour,37.5453628880082,126.984383275318,2026-02-17T22:29:33.775718+00:00,,,,에그앤플라워,서울특별시 용산구 신흥로26길 35
blueribbon,MANGATA,서울특별시 종로구 삼청로2길 40-5,Seoul,South Korea,RIBBON_ONE,,,02-722-8151,,2026,MANGATA,37.5801813093084,126.980982059626,2026-02-17T22:29:33.775718+00:00,,,,만가타,서울특별시 종로구 삼청로2길 40-5
blueribbon,회현식당,서울특별시 중구 퇴계로2길 9-8,Seoul,South Korea,RIBBON_ONE,,,02-318-8011 ,,2026,,37.557010458319,126.977683897926,2026-02-17T22:29:33.775718+00:00,,,,회현식당,서울특별시 중구 퇴계로2길 9-8
blueribbon,Gooey brunch bar,서울특별시 용산구 효창원로64길 6,Seoul,South Korea,RIBBON_ONE,,,0507-1327-9092,,2026,Gooey brunch bar,37.5401156018448,126.962252873816,2026-02-17T22:29:33.775718+00:00,,,,구위브런치바,서울특별시 용산구 효창원로64길 6
blueribbon,마마수제만두,서울특별시 은평구 증산로 397,Seoul,South Korea,RIBBON_ONE,,,02-375-1688 ,,2026,,37.59176,126.9135,2026-02-17T22:29:33.775718+00:00,,,,마마수제만두,서울특별시 은평구 증산로 397
blueribbon,L'impasse81,서울특별시 마포구 동교로30길 17-1,Seoul,South Korea,RIBBON_ONE,,,070-7779-8181,,2026,L'impasse81,37.560222,126.925129,2026-02-17T22:29:33.775718+00:00,,,,랑빠스81,서울특별시 마포구 동교로30길 17-1
blueribbon,TAKA,서울특별시 용산구 장문로 23,Seoul,South Korea,RIBBON_ONE,,,02-794-7661 ,,2026,TAKA,37.5285655568387,126.993107501389,2026-02-17T22:29:33.775718+00:00,,,,타카,서울특별시 용산구 장문로 23
blueribbon,osteria sam kim,서울특별시 마포구 양화로3길 55,Seoul,South Korea,RIBBON_ONE,,,02-324-3338 ,,2026,osteria sam kim,37.551304,126.910887,2026-02-17T22:29:33.775718+00:00,,,,오스테리아샘킴,서울특별시 마포구 양화로3길 55
blueribbon,BASAK MACHA,서울특별시 마포구 월드컵로13길 64,Seoul,South Korea,RIBBON_ONE,,,02-336-4486 ,,2026,BASAK MACHA,37.555286,126.906548,2026-02-17T22:29:33.775718+00:00,,,,바삭마차,서울특별시 마포구 월드컵로13길 64
blueribbon,SARUKAME RAMEN ,서울특별시 마포구 연남로 15,Seoul,South Korea,RIBBON_ONE,,,없음,,2026,SARUKAME RAMEN ,37.5610703891437,126.922681739908,2026-02-17T22:29:33.775718+00:00,,,,사루카메,서울특별시 마포구 연남로 15
blueribbon,PEER COFFEE,서울특별시 성동구 광나루로4가길 24,Seoul,South Korea,RIBBON_ONE,,,02-474-1464,,2026,PEER COFFEE,37.5489241684925,127.054880332448,2026-02-17T22:29:33.775718+00:00,,,,피어커피,서울특별시 성동구 광나루로4가길 24
blueribbon,Camillo Lasagneria,서울특별시 마포구 동교로12길 41,Seoul,South Korea,RIBBON_ONE,,,02-332-8622 ,,2026,Camillo Lasagneria,37.552551,126.912878,2026-02-17T22:29:33.775718+00:00,,,,카밀로라자네리아,서울특별시 마포구 동교로12길 41
blueribbon,MEXI CALI,서울특별시 광진구 천호대로 634,Seoul,South Korea,RIBBON_ONE,,,0507-1360-1707,,2026,MEXI CALI,37.5535987488369,127.087558019018,2026-02-17T22:29:33.775718+00:00,,,,멕시칼리,서울특별시 광진구 천호대로 634
blueribbon,atelier POND,서울특별시 용산구 이태원로54길 19,Seoul,South Korea,RIBBON_ONE,,,010-7764-7663,,2026,atelier POND,37.537321485981,127.002192542405,2026-02-17T22:29:33.775718+00:00,,,,아뜰리에폰드,서울특별시 용산구 이태원로54길 19
blueribbon,남해바다마차,서울특별시 성북구 한천로78길 71,Seoul,South Korea,RIBBON_ONE,,,02-966-5036,,2026,,37.61351,127.065,2026-02-17T22:29:33.775718+00:00,,,,남해바다마차,서울특별시 성북구 한천로78길 71
blueribbon,Lenuage,서울특별시 마포구 동교로46길 42-9,Seoul,South Korea,RIBBON_ONE,,,0507-1387-7396,,2026,Lenuage,37.5617663577595,126.926697768319,2026-02-17T22:29:33.775718+00:00,,,,르누아즈,서울특별시 마포구 동교로46길 42-9
blueribbon,Peony,서울특별시 마포구 독막로7길 51,Seoul,South Korea,RIBBON_ONE,,,02-333-5325,,2026,Peony,37.5500851944722,126.919764712297,2026-02-17T22:29:33.775718+00:00,,,,피오니,서울특별시 마포구 독막로7길 51
blueribbon,Truffle di Alba,서울특별시 용산구 대사관로15길 8-3,Seoul,South Korea,RIBBON_ONE,,,070-5015-1706,,2026,Truffle di Alba,37.5341665277593,127.002861453913,2026-02-17T22:29:33.775718+00:00,,,,트러플디알바,서울특별시 용산구 대사관로15길 8-3
blueribbon,Leemarco,서울특별시 강북구 삼양로 685,Seoul,South Korea,RIBBON_ONE,,,02-903-0337,,2026,Leemarco,37.6636901789406,127.011856348586,2026-02-17T22:29:33.775718+00:00,,,,리마르코,서울특별시 강북구 삼양로 685
blueribbon,흐붓,서울특별시 용산구 이태원로54길 62-8,Seoul,South Korea,RIBBON_ONE,,,,,2026,,37.5355500471467,127.000687232302,2026-02-17T22:29:33.775718+00:00,,,,흐붓,서울특별시 용산구 이태원로54길 62-8
blueribbon,황금콩밭,서울특별시 마포구 마포대로16길 9,Seoul,South Korea,RIBBON_ONE,,,02-313-2952,,2026,,37.5509656114371,126.956732003277,2026-02-17T22:29:33.775718+00:00,,,,황금콩밭,서울특별시 마포구 마포대로16길 9
blueribbon,효도치킨(광화문점),서울특별시 종로구 사직로8길 21-1,Seoul,South Korea,RIBBON_ONE,,,02-737-0628,,2026,,37.5746362867009,126.971058563556,2026-02-17T22:29:33.775718+00:00,,,,효도치킨(광화문점),서울특별시 종로구 사직로8길 21-1
blueribbon,Hieutu,서울특별시 용산구 한강대로38길 35,Seoul,South Korea,RIBBON_ONE,,,02-794-0526,,2026,Hieutu,37.5287707660887,126.970222478429,2026-02-17T22:29:33.775718+00:00,,,,효뜨,서울특별시 용산구 한강대로38길 35
blueribbon,후암편백,서울특별시 용산구 후암로 57-1,Seoul,South Korea,RIBBON_ONE,,,02-318-2208 ,,2026,,37.55101137211389,126.976891369992,2026-02-17T22:29:33.775718+00:00,,,,후암편백,서울특별시 용산구 후암로 57-1
blueribbon,히노키공방,서울특별시 마포구 신촌로14안길 3,Seoul,South Korea,RIBBON_ONE,,,010-8347-2979,,2026,,37.55446,126.9333,2026-02-17T22:29:33.775718+00:00,,,,히노키공방,서울특별시 마포구 신촌로14안길 3
blueribbon,호미관,서울특별시 종로구 종로5길 13,Seoul,South Korea,RIBBON_ONE,,,02-723-5651,,2026,,37.570994,126.980451,2026-02-17T22:29:33.775718+00:00,,,,호미관,서울특별시 종로구 종로5길 13
blueribbon,향미,서울특별시 마포구 성미산로 193,Seoul,South Korea,RIBBON_ONE,,,02-333-2943 ,,2026,,37.562858,126.926699,2026-02-17T22:29:33.775718+00:00,,,,향미,서울특별시 마포구 성미산로 193
blueribbon,황생가칼국수,서울특별시 종로구 북촌로5길 78,Seoul,South Korea,RIBBON_ONE,,,02-739-6334 ,,2026,,37.58006,126.9806,2026-02-17T22:29:33.775718+00:00,,,,황생가칼국수,서울특별시 종로구 북촌로5길 78
blueribbon,pho ong xa,서울특별시 은평구 진관2로 29-21,Seoul,South Korea,RIBBON_ONE,,,02-6448-0115,,2026,pho ong xa,37.635741734904,126.919341649662,2026-02-17T22:29:33.775718+00:00,,,,포옹싸,서울특별시 은평구 진관2로 29-21
blueribbon,풍류,서울특별시 종로구 필운대로5나길 20-12,Seoul,South Korea,RIBBON_ONE,,,0507-1376-0006,,2026,,37.5802745815836,126.967456726676,2026-02-17T22:29:33.775718+00:00,,,,풍류,서울특별시 종로구 필운대로5나길 20-12
blueribbon,FOOD SYLVAIN ,서울특별시 마포구 포은로 61,Seoul,South Korea,RIBBON_ONE,,,0507-1403-8120,,2026,FOOD SYLVAIN ,37.5528119921071,126.906329720168,2026-02-17T22:29:33.775718+00:00,,,,푸드실방,서울특별시 마포구 포은로 61
blueribbon,포가,서울특별시 마포구 동교로46길 24-4,Seoul,South Korea,RIBBON_ONE,,,0507-1327-5901,,2026,,37.5620091934239,126.925859408365,2026-02-17T22:29:33.775718+00:00,,,,포가,서울특별시 마포구 동교로46길 24-4
blueribbon,Haidilao Hot Pot,서울특별시 중구 명동3길 36,Seoul,South Korea,RIBBON_ONE,,,02-3789-3888,,2026,Haidilao Hot Pot,37.565347288841,126.983735515555,2026-02-17T22:29:33.775718+00:00,,,,하이디라오,서울특별시 중구 명동3길 36
blueribbon,편의방,서울특별시 서대문구 연희로 36,Seoul,South Korea,RIBBON_ONE,,,02-363-5887,,2026,,37.56179,126.9275,2026-02-17T22:29:33.775718+00:00,,,,편의방,서울특별시 서대문구 연희로 36
blueribbon,하카타나카,서울특별시 마포구 와우산로23길 50,Seoul,South Korea,RIBBON_ONE,,,02-332-3207,,2026,,37.55499,126.9237,2026-02-17T22:29:33.775718+00:00,,,,하카타나카,서울특별시 마포구 와우산로23길 50
blueribbon,Ham's Brot,서울특별시 도봉구 도봉로 483,Seoul,South Korea,RIBBON_ONE,,,02-996-4488 ,,2026,Ham's Brot,37.648898,127.034519,2026-02-17T22:29:33.775718+00:00,,,,함스브로트과자점,서울특별시 도봉구 도봉로 483
blueribbon,하단,서울특별시 성북구 성북로6길 14,Seoul,South Korea,RIBBON_ONE,,,02-764-5744 ,,2026,,37.58995,127.005,2026-02-17T22:29:33.775718+00:00,,,,하단,서울특별시 성북구 성북로6길 14
blueribbon,한성옥,서울특별시 종로구 삼봉로 42-1,Seoul,South Korea,RIBBON_ONE,,,02-735-8121 ,,2026,,37.57244,126.9794,2026-02-17T22:29:33.775718+00:00,,,,한성옥,서울특별시 종로구 삼봉로 42-1
blueribbon,Petra,서울특별시 용산구 녹사평대로40길 33,Seoul,South Korea,RIBBON_ONE,,,02-790-4433,,2026,Petra,37.53463,126.9877,2026-02-17T22:29:33.775718+00:00,,,,페트라,서울특별시 용산구 녹사평대로40길 33
blueribbon,필동면옥,서울특별시 중구 서애로 26,Seoul,South Korea,RIBBON_ONE,,,02-2266-2611 ,,2026,,37.56034,126.9969,2026-02-17T22:29:33.775718+00:00,,,,필동면옥,서울특별시 중구 서애로 26
blueribbon,파브리키친,서울특별시 용산구 한강대로15길 23-6,Seoul,South Korea,RIBBON_ONE,,,070-7576-4830,,2026,,37.5261483522748,126.962751005883,2026-02-17T22:29:33.775718+00:00,,,,파브리키친,서울특별시 용산구 한강대로15길 23-6
blueribbon,TRAVERTINE,서울특별시 용산구 한강대로7길 18-7,Seoul,South Korea,RIBBON_ONE,,,070-8862-6003,,2026,TRAVERTINE,37.5248745716605,126.962078419523,2026-02-17T22:29:33.775718+00:00,,,,트래버틴,서울특별시 용산구 한강대로7길 18-7
blueribbon,CONFIER,서울특별시 중구 세종대로 14,Seoul,South Korea,RIBBON_ONE,,,0507-1373-0827,,2026,CONFIER,37.5578385325826,126.9744151,2026-02-17T22:29:33.775718+00:00,,,,콘피에르,서울특별시 중구 세종대로 14
blueribbon,타케모토,서울특별시 용산구 두텁바위로 61,Seoul,South Korea,RIBBON_ONE,,,02-777-4649,,2026,,37.5461687337223,126.979089400658,2026-02-17T22:29:33.775718+00:00,,,,타케모토,서울특별시 용산구 두텁바위로 61
blueribbon,태천면옥,서울특별시 광진구 광장로 49,Seoul,South Korea,RIBBON_ONE,,,02-466-7224 ,,2026,,37.5471245269241,127.10267053054,2026-02-17T22:29:33.775718+00:00,,,,태천면옥,서울특별시 광진구 광장로 49
blueribbon,Cuisine La Cle,서울특별시 종로구 자하문로7길 36,Seoul,South Korea,RIBBON_ONE,,,02-6053-1514,,2026,Cuisine La Cle,37.579211074520316,126.97028934695817,2026-02-17T22:29:33.775718+00:00,,,,퀴진라끌레,서울특별시 종로구 자하문로7길 36
blueribbon,쿠시카츠쿠시엔,서울특별시 마포구 월드컵북로5나길 18,Seoul,South Korea,RIBBON_ONE,,,02-322-6928,,2026,,37.557334550269836,126.9167973827794,2026-02-17T22:29:33.775718+00:00,,,,쿠시카츠쿠시엔,서울특별시 마포구 월드컵북로5나길 18
blueribbon,Passage,서울특별시 마포구 백범로20길 24-5,Seoul,South Korea,RIBBON_ONE,,,02-332-8994 ,,2026,Passage,37.5459144876248,126.943811380412,2026-02-17T22:29:33.775718+00:00,,,,파사주,서울특별시 마포구 백범로20길 24-5
blueribbon,Kushimura,서울특별시 마포구 와우산로3길 13,Seoul,South Korea,RIBBON_ONE,,,02-333-2650,,2026,Kushimura,37.54599,126.9223,2026-02-17T22:29:33.775718+00:00,,,,쿠시무라,서울특별시 마포구 와우산로3길 13
blueribbon,CARNABY,서울특별시 용산구 한강대로62길 55,Seoul,South Korea,RIBBON_ONE,,,070-8833-5560,,2026,CARNABY,37.5323942311005,126.973623678648,2026-02-17T22:29:33.775718+00:00,,,,카나비,서울특별시 용산구 한강대로62길 55
blueribbon,Cha'R,서울특별시 종로구 종로3길 17,Seoul,South Korea,RIBBON_ONE,,,02-2251-8345,,2026,Cha'R,37.5709958592808,126.978914477333,2026-02-17T22:29:33.775718+00:00,,,,차알(광화문디타워점),서울특별시 종로구 종로3길 17
blueribbon,청수당,서울특별시 종로구 돈화문로11나길 31-9,Seoul,South Korea,RIBBON_ONE,,,02-747-8215,,2026,,37.5738814755255,126.989784379653,2026-02-17T22:29:33.775718+00:00,,,,청수당,서울특별시 종로구 돈화문로11나길 31-9
blueribbon,CONNECTS COFFEE,서울특별시 마포구 성지길 60,Seoul,South Korea,RIBBON_ONE,,,02-6080-9449,,2026,CONNECTS COFFEE,37.5460993018096,126.91257941517,2026-02-17T22:29:33.775718+00:00,,,,커넥츠커피(합정점),서울특별시 마포구 성지길 60
blueribbon,Cafe Comma,서울특별시 마포구 포은로 49,Seoul,South Korea,RIBBON_ONE,,,070-4179-2205,,2026,Cafe Comma,37.551946564453,126.906760728614,2026-02-17T22:29:33.775718+00:00,,,,카페꼼마(합정점),서울특별시 마포구 포은로 49
blueribbon,Kalas Coffee,서울특별시 마포구 월드컵북로16길 16,Seoul,South Korea,RIBBON_ONE,,,02-3494-2388,,2026,Kalas Coffee,37.5628324702465,126.915330283401,2026-02-17T22:29:33.775718+00:00,,,,칼라스커피,서울특별시 마포구 월드컵북로16길 16
blueribbon,천이오겹살,서울특별시 마포구 양화로7길 12,Seoul,South Korea,RIBBON_ONE,,,02-325-2920 ,,2026,,37.5514096192093,126.915191676236,2026-02-17T22:29:33.775718+00:00,,,,천이오겹살,서울특별시 마포구 양화로7길 12
blueribbon,진향,서울특별시 마포구 월드컵북로1길 62,Seoul,South Korea,RIBBON_ONE,,,070-8713-8888,,2026,,37.5537098162821,126.918315070824,2026-02-17T22:29:33.775718+00:00,,,,진향,서울특별시 마포구 월드컵북로1길 62
blueribbon,초원,서울특별시 용산구 한강대로80길 7,Seoul,South Korea,RIBBON_ONE,,,02-749-5949,,2026,,37.5427605404136,126.973355698925,2026-02-17T22:29:33.775718+00:00,,,,초원,서울특별시 용산구 한강대로80길 7
blueribbon,COFFEE NINE,서울특별시 동대문구 전농로3길 12,Seoul,South Korea,RIBBON_ONE,,,02-6396-9992,,2026,COFFEE NINE,37.56854787150042,127.05662375259054,2026-02-17T22:29:33.775718+00:00,,,,커피나인,서울특별시 동대문구 전농로3길 12
blueribbon,COMM COMM BAKERY CAFE,서울특별시 용산구 한강대로44길 14,Seoul,South Korea,RIBBON_ONE,,,02-788-7365 ,,2026,COMM COMM BAKERY CAFE,37.53078,126.97057,2026-02-17T22:29:33.775718+00:00,,,,컴컴베이커리카페,서울특별시 용산구 한강대로44길 14
blueribbon,Churi Churi,서울특별시 마포구 독막로15길 3-13,Seoul,South Korea,RIBBON_ONE,,,02-749-9996,,2026,Churi Churi,37.54837,126.9213,2026-02-17T22:29:33.775718+00:00,,,,츄리츄리,서울특별시 마포구 독막로15길 3-13
blueribbon,최사장네닭,서울특별시 마포구 연남로 4-1,Seoul,South Korea,RIBBON_ONE,,,02-334-9242 ,,2026,,37.560343,126.923626,2026-02-17T22:29:33.775718+00:00,,,,최사장네닭,서울특별시 마포구 연남로 4-1
blueribbon,청송함흥냉면,서울특별시 서대문구 연희맛로 6,Seoul,South Korea,RIBBON_ONE,,,02-334-3545,,2026,,37.56585,126.9287,2026-02-17T22:29:33.775718+00:00,,,,청송함흥냉면,서울특별시 서대문구 연희맛로 6
blueribbon,철철복집,서울특별시 중구 을지로3길 29,Seoul,South Korea,RIBBON_ONE,,,02-776-2418 ,,2026,,37.56728,126.9815,2026-02-17T22:29:33.775718+00:00,,,,철철복집,서울특별시 중구 을지로3길 29
blueribbon,진아춘,서울특별시 종로구 대명1길 18,Seoul,South Korea,RIBBON_ONE,,,02-765-5688 ,,2026,,37.582813,127.000472,2026-02-17T22:29:33.775718+00:00,,,,진아춘,서울특별시 종로구 대명1길 18
blueribbon,참숯골,서울특별시 중구 무교로 16,Seoul,South Korea,RIBBON_ONE,,,02-774-2100,,2026,,37.567293,126.979532,2026-02-17T22:29:33.775718+00:00,,,,참숯골,서울특별시 중구 무교로 16
blueribbon,진어참치,서울특별시 마포구 연남로3길 34,Seoul,South Korea,RIBBON_ONE,,,02-332-7412 ,,2026,,37.5607,126.9207,2026-02-17T22:29:33.775718+00:00,,,,진어참치,서울특별시 마포구 연남로3길 34
blueribbon,Coffeest,서울특별시 종로구 경희궁길 39,Seoul,South Korea,RIBBON_ONE,,,02-725-5557 ,,2026,Coffeest,37.57275,126.9694,2026-02-17T22:29:33.775718+00:00,,,,커피스트,서울특별시 종로구 경희궁길 39
blueribbon,ITER MYEONGDONG,서울특별시 중구 남대문로5길 39,Seoul,South Korea,RIBBON_ONE,,,02-3789-7177,,2026,ITER MYEONGDONG,37.5631341649501,126.97860860372,2026-02-17T22:29:33.775718+00:00,,,,이테르,서울특별시 중구 남대문로5길 39
blueribbon,제제,서울특별시 성동구 서울숲길 46-1,Seoul,South Korea,RIBBON_ONE,,,0507-1329-7000,,2026,,37.5478966119798,127.042574916474,2026-02-17T22:29:33.775718+00:00,,,,제제,서울특별시 성동구 서울숲길 46-1
blueribbon,Joo052,서울특별시 성동구 고산자로14길 26,Seoul,South Korea,RIBBON_ONE,,,02-2281-0343,,2026,Joo052,37.5633674241059,127.037643745197,2026-02-17T22:29:33.775718+00:00,,,,주052,서울특별시 성동구 고산자로14길 26
blueribbon,정육면체,서울특별시 서대문구 연세로5다길 22-8,Seoul,South Korea,RIBBON_ONE,,,070-4179-3819 ,,2026,,37.5568390268236,126.934589678597,2026-02-17T22:29:33.775718+00:00,,,,정육면체,서울특별시 서대문구 연세로5다길 22-8
blueribbon,JAEIN,서울특별시 용산구 이태원로54길 48,Seoul,South Korea,RIBBON_ONE,,,02-797-2454,,2026,JAEIN,37.5363402198792,127.001269028454,2026-02-17T22:29:33.775718+00:00,,,,재인,서울특별시 용산구 이태원로54길 48
blueribbon,종점숯불갈비,서울특별시 용산구 장문로 112,Seoul,South Korea,RIBBON_ONE,,,02-749-6887 ,,2026,,37.526362,127.001948,2026-02-17T22:29:33.775718+00:00,,,,종점숯불갈비,서울특별시 용산구 장문로 112
blueribbon,중화복춘,서울특별시 마포구 동교로 220-7,Seoul,South Korea,RIBBON_ONE,,,0507-1436-2209,,2026,,37.559528,126.924244,2026-02-17T22:29:33.775718+00:00,,,,중화복춘,서울특별시 마포구 동교로 220-7
blueribbon,진가,서울특별시 마포구 동교로34길 12,Seoul,South Korea,RIBBON_ONE,,,02-326-1668 ,,2026,,37.560867,126.924926,2026-02-17T22:29:33.775718+00:00,,,,진가,서울특별시 마포구 동교로34길 12
blueribbon,jowoo,서울특별시 종로구 경희궁1길 10-1,Seoul,South Korea,RIBBON_ONE,,,02-732-1383,,2026,jowoo,37.571343815041786,126.97119805167881,2026-02-17T22:29:33.775718+00:00,,,,조우,서울특별시 종로구 경희궁1길 10-1
blueribbon,일광쪽갈비,서울특별시 동대문구 전농로 48,Seoul,South Korea,RIBBON_ONE,,,02-489-5055,,2026,,37.56903,127.0573,2026-02-17T22:29:33.775718+00:00,,,,일광쪽갈비,서울특별시 동대문구 전농로 48
blueribbon,장군갈비,서울특별시 광진구 용마산로 11,Seoul,South Korea,RIBBON_ONE,,,02-447-3479 ,,2026,,37.55473,127.0881,2026-02-17T22:29:33.775718+00:00,,,,장군갈비,서울특별시 광진구 용마산로 11
blueribbon,장모님해장국,서울특별시 종로구 진흥로 421,Seoul,South Korea,RIBBON_ONE,,,02-379-4294 ,,2026,,37.60884,126.9556,2026-02-17T22:29:33.775718+00:00,,,,장모님해장국,서울특별시 종로구 진흥로 421
blueribbon,제일콩집,서울특별시 노원구 동일로174길 37-8,Seoul,South Korea,RIBBON_ONE,,,02-972-7016,,2026,,37.6195,127.0776,2026-02-17T22:29:33.775718+00:00,,,,제일콩집,서울특별시 노원구 동일로174길 37-8
blueribbon,이품,서울특별시 서대문구 연희로11길 20,Seoul,South Korea,RIBBON_ONE,,,02-322-6172,,2026,,37.56753,126.9301,2026-02-17T22:29:33.775718+00:00,,,,이품,서울특별시 서대문구 연희로11길 20
blueribbon,이조식탁,서울특별시 중구 마른내로 14,Seoul,South Korea,RIBBON_ONE,,,02-2265-1058,,2026,,37.5646598422505,126.989396953863,2026-02-17T22:29:33.775718+00:00,,,,이조식탁,서울특별시 중구 마른내로 14
blueribbon,WUI Tea House & Restaurant,서울특별시 용산구 한강대로21길 25,Seoul,South Korea,RIBBON_ONE,,,02-795-2125,,2026,WUI Tea House & Restaurant,37.5270237235917,126.963773835076,2026-02-17T22:29:33.775718+00:00,,,,웨이티하우스앤레스토랑,서울특별시 용산구 한강대로21길 25
blueribbon,Your Dining,서울특별시 마포구 망원로6길 56,Seoul,South Korea,RIBBON_ONE,,,0507-1378-0601,,2026,Your Dining,37.5544353519126,126.903792753464,2026-02-17T22:29:33.775718+00:00,,,,유어다이닝,서울특별시 마포구 망원로6길 56
blueribbon,이츠모라멘,서울특별시 마포구 와우산로23길 18-7,Seoul,South Korea,RIBBON_ONE,,,02-333-1997 ,,2026,,37.5540010720065,126.924626873497,2026-02-17T22:29:33.775718+00:00,,,,이츠모라멘,서울특별시 마포구 와우산로23길 18-7
blueribbon,월강부산돼지국밥,서울특별시 마포구 동교로 241-1,Seoul,South Korea,RIBBON_ONE,,,02-326-5800,,2026,,37.56156,126.9241,2026-02-17T22:29:33.775718+00:00,,,,월강부산돼지국밥,서울특별시 마포구 동교로 241-1
blueribbon,유진막국수,서울특별시 용산구 장문로 18,Seoul,South Korea,RIBBON_ONE,,,0507-1328-2307,,2026,,37.5284,126.9924,2026-02-17T22:29:33.775718+00:00,,,,유진막국수,서울특별시 용산구 장문로 18
blueribbon,우물집(구의점),서울특별시 광진구 아차산로49길 21,Seoul,South Korea,RIBBON_ONE,,,0507-1491-1273,,2026,,37.5378742920838,127.084275458765,2026-02-17T22:29:33.775718+00:00,,,,우물집(구의점),서울특별시 광진구 아차산로49길 21
blueribbon,오일제,서울특별시 용산구 한강대로62다길 29,Seoul,South Korea,RIBBON_ONE,,,0507-1340-5534,,2026,,37.5325403467892,126.974737930578,2026-02-17T22:29:33.775718+00:00,,,,오일제,서울특별시 용산구 한강대로62다길 29
blueribbon,OSTERIA HYUN,서울특별시 광진구 능동로 237,Seoul,South Korea,RIBBON_ONE,,,02-6949-3346,,2026,OSTERIA HYUN,37.5513250013994,127.076101717325,2026-02-17T22:29:33.775718+00:00,,,,오스테리아현,서울특별시 광진구 능동로 237
blueribbon,용마갈비,서울특별시 중랑구 용마산로 498,Seoul,South Korea,RIBBON_ONE,,,02-435-4038,,2026,,37.5955083392501,127.100331994394,2026-02-17T22:29:33.775718+00:00,,,,용마갈비,서울특별시 중랑구 용마산로 498
blueribbon,용마해장국,서울특별시 중랑구 용마공원로5길 20,Seoul,South Korea,RIBBON_ONE,,,02-2209-5938,,2026,,37.594539002298,127.102280443169,2026-02-17T22:29:33.775718+00:00,,,,용마해장국,서울특별시 중랑구 용마공원로5길 20
blueribbon,yosoojung,서울특별시 마포구 대흥로 80-2,Seoul,South Korea,RIBBON_ONE,,,010-3043-5368,,2026,yosoojung,37.547119300873,126.941578380249,2026-02-17T22:29:33.775718+00:00,,,,요수정,서울특별시 마포구 대흥로 80-2
blueribbon,오복수산,서울특별시 마포구 성미산로 190-4,Seoul,South Korea,RIBBON_ONE,,,070-8683-3500 ,,2026,,37.5628428242687,126.926049298178,2026-02-17T22:29:33.775718+00:00,,,,오복수산,서울특별시 마포구 성미산로 190-4
blueribbon,Osteria Orzo,서울특별시 용산구 한남대로20길 47,Seoul,South Korea,RIBBON_ONE,,,02-322-0801 ,,2026,Osteria Orzo,37.534899776712614,127.0094813247948,2026-02-17T22:29:33.775718+00:00,,,,오스테리아오르조,서울특별시 용산구 한남대로20길 47
blueribbon,Yellow Bowl,서울특별시 서대문구 충정로 7,Seoul,South Korea,RIBBON_ONE,,,02-6364-4961,,2026,Yellow Bowl,37.560133,126.962236,2026-02-17T22:29:33.775718+00:00,,,,옐로우보울,서울특별시 서대문구 충정로 7
blueribbon,오통영,서울특별시 용산구 이촌로 300,Seoul,South Korea,RIBBON_ONE,,,0507-1315-2377,,2026,,37.517844350546795,126.98032224591155,2026-02-17T22:29:33.775718+00:00,,,,오통영,서울특별시 용산구 이촌로 300
blueribbon,오리지널시카고피자,서울특별시 마포구 독막로7길 51,Seoul,South Korea,RIBBON_ONE,,,02-322-4636 ,,2026,,37.55007,126.9197,2026-02-17T22:29:33.775718+00:00,,,,오리지널시카고피자,서울특별시 마포구 독막로7길 51
blueribbon,우동가조쿠,서울특별시 성동구 왕십리로 215-1,Seoul,South Korea,RIBBON_ONE,,,0507-1406-2177,,2026,,37.556728,127.042893,2026-02-17T22:29:33.775718+00:00,,,,우동가조쿠,서울특별시 성동구 왕십리로 215-1
blueribbon,오향만두,서울특별시 서대문구 연희맛로 22,Seoul,South Korea,RIBBON_ONE,,,02-323-3749,,2026,,37.5669,126.9301,2026-02-17T22:29:33.775718+00:00,,,,오향만두,서울특별시 서대문구 연희맛로 22
blueribbon,우마이도,서울특별시 광진구 능동로 135-2,Seoul,South Korea,RIBBON_ONE,,,02-467-8788 ,,2026,,37.54295,127.0718,2026-02-17T22:29:33.775718+00:00,,,,우마이도,서울특별시 광진구 능동로 135-2
blueribbon,우성갈비,서울특별시 중구 동호로7길 13,Seoul,South Korea,RIBBON_ONE,,,02-2231-6722 ,,2026,,37.55320433277618,127.01116761232842,2026-02-17T22:29:33.775718+00:00,,,,우성갈비,서울특별시 중구 동호로7길 13
blueribbon,우리밀국시,서울특별시 성북구 혜화로 84-2,Seoul,South Korea,RIBBON_ONE,,,02-745-3764 ,,2026,,37.59267,126.9984,2026-02-17T22:29:33.775718+00:00,,,,우리밀국시,서울특별시 성북구 혜화로 84-2
blueribbon,AL'AISE,서울특별시 용산구 독서당로 89,Seoul,South Korea,RIBBON_ONE,,,070-8868-1686,,2026,AL'AISE,37.5347647400939,127.01027850691,2026-02-17T22:29:33.775718+00:00,,,,알레즈,서울특별시 용산구 독서당로 89
blueribbon,ART SPACE WOOWOL,서울특별시 마포구 와우산로29가길 84,Seoul,South Korea,RIBBON_ONE,,,0507-1465-1516,,2026,ART SPACE WOOWOL,37.5538350029778,126.924885862587,2026-02-17T22:29:33.775718+00:00,,,,아트스페이스우월,서울특별시 마포구 와우산로29가길 84
blueribbon,안주마을,서울특별시 종로구 자하문로1길 3,Seoul,South Korea,RIBBON_ONE,,,02-723-3529 ,,2026,,37.5764581852171,126.9721721367,2026-02-17T22:29:33.775718+00:00,,,,안주마을,서울특별시 종로구 자하문로1길 3
blueribbon,애성회관,서울특별시 중구 남대문로5길 23,Seoul,South Korea,RIBBON_ONE,,,02-352-0303,,2026,,37.5624,126.9789,2026-02-17T22:29:33.775718+00:00,,,,애성회관,서울특별시 중구 남대문로5길 23
blueribbon,Artisan Bakers,서울특별시 용산구 한남대로18길 26,Seoul,South Korea,RIBBON_ONE,,,02-749-3426 ,,2026,Artisan Bakers,37.53454304398228,127.00865308193832,2026-02-17T22:29:33.775718+00:00,,,,아티장베이커스,서울특별시 용산구 한남대로18길 26
blueribbon,N Grill,서울특별시 용산구 남산공원길 105,Seoul,South Korea,RIBBON_ONE,,,02-3455-9297 ,,2026,N Grill,37.55193,126.9884,2026-02-17T22:29:33.775718+00:00,,,,엔그릴,서울특별시 용산구 남산공원길 105
blueribbon,영덕회식당,서울특별시 중구 창경궁로1길 6,Seoul,South Korea,RIBBON_ONE,,,02-2267-0942,,2026,,37.562918,126.997997,2026-02-17T22:29:33.775718+00:00,,,,영덕회식당,서울특별시 중구 창경궁로1길 6
blueribbon,Everest,서울특별시 종로구 종로51가길 2-1,Seoul,South Korea,RIBBON_ONE,,,02-766-8850 ,,2026,Everest,37.57257,127.0125,2026-02-17T22:29:33.775718+00:00,,,,에베레스트,서울특별시 종로구 종로51가길 2-1
blueribbon,SUSHIKASE,서울특별시 중구 남대문로 81,Seoul,South Korea,RIBBON_ONE,,,0507-1351-9260,,2026,SUSHIKASE,37.5647299033135,126.981730421825,2026-02-17T22:29:33.775718+00:00,,,,스시카세(롯데백화점본점),서울특별시 중구 남대문로 81
blueribbon,Sailer ,서울특별시 용산구 서빙고로 17,Seoul,South Korea,RIBBON_ONE,,,02-749-1914,,2026,Sailer ,37.5269056148241,126.966566172294,2026-02-17T22:29:33.775718+00:00,,,,싸일러용산,서울특별시 용산구 서빙고로 17
blueribbon,수유갈비산성골,서울특별시 강북구 덕릉로 126,Seoul,South Korea,RIBBON_ONE,,,0507-1414-7341,,2026,,37.634719,127.027637,2026-02-17T22:29:33.775718+00:00,,,,수유갈비산성골,서울특별시 강북구 덕릉로 126
blueribbon,수정궁,서울특별시 도봉구 방학로 173,Seoul,South Korea,RIBBON_ONE,,,02-3491-0440 ,,2026,,37.66209,127.0329,2026-02-17T22:29:33.775718+00:00,,,,수정궁,서울특별시 도봉구 방학로 173
blueribbon,서촌프렌치,서울특별시 종로구 옥인길 18,Seoul,South Korea,RIBBON_ONE,,,0507-1398-2297,,2026,,37.5806661015476,126.967595466794,2026-02-17T22:29:33.775718+00:00,,,,서촌프렌치,서울특별시 종로구 옥인길 18
blueribbon,CHEF. JUNGHYUN,서울특별시 용산구 한강대로40길 14,Seoul,South Korea,RIBBON_ONE,,,010-8361-1292,,2026,CHEF. JUNGHYUN,37.5301466215658,126.969969527032,2026-02-17T22:29:33.775718+00:00,,,,셰프정현,서울특별시 용산구 한강대로40길 14
blueribbon,SECOND COFFEE,서울특별시 종로구 율곡로10길 16,Seoul,South Korea,RIBBON_ONE,,,070-8226-0012,,2026,SECOND COFFEE,37.5767802454922,126.990885361301,2026-02-17T22:29:33.775718+00:00,,,,세컨드커피,서울특별시 종로구 율곡로10길 16
blueribbon,수락이오냉면,서울특별시 노원구 동일로237다길 7,Seoul,South Korea,RIBBON_ONE,,,02-935-2515,,2026,,37.6739162617427,127.052583116043,2026-02-17T22:29:33.775718+00:00,,,,수락이오냉면,서울특별시 노원구 동일로237다길 7
blueribbon,Chef Tainer,서울특별시 용산구 이태원로27길 101,Seoul,South Korea,RIBBON_ONE,,,02-794-9172,,2026,Chef Tainer,37.537703961537986,126.99491293167496,2026-02-17T22:29:33.775718+00:00,,,,셰프테이너,서울특별시 용산구 이태원로27길 101
blueribbon,성수속향연,서울특별시 성동구 성수이로 65,Seoul,South Korea,RIBBON_ONE,,,02-463-0753,,2026,,37.540974299543926,127.05544422259797,2026-02-17T22:29:33.775718+00:00,,,,성수속향연,서울특별시 성동구 성수이로 65
blueribbon,송화산시도삭면,서울특별시 광진구 뚝섬로27길 48,Seoul,South Korea,RIBBON_ONE,,,02-6052-7826,,2026,,37.53790518192312,127.06651676132604,2026-02-17T22:29:33.775718+00:00,,,,송화산시도삭면,서울특별시 광진구 뚝섬로27길 48
blueribbon,성북동빵공장,서울특별시 성북구 대사관로 40,Seoul,South Korea,RIBBON_ONE,,,02-762-3450,,2026,,37.595858,126.988618,2026-02-17T22:29:33.775718+00:00,,,,성북동빵공장,서울특별시 성북구 대사관로 40
blueribbon,소바쿠,서울특별시 광진구 천호대로 650,Seoul,South Korea,RIBBON_ONE,,,02-447-1470 ,,2026,,37.552697,127.088769,2026-02-17T22:29:33.775718+00:00,,,,소바쿠,서울특별시 광진구 천호대로 650
blueribbon,center coffee,서울특별시 성동구 서울숲2길 28-11,Seoul,South Korea,RIBBON_ONE,,,070-8868-2008,,2026,center coffee,37.546489,127.041653,2026-02-17T22:29:33.775718+00:00,,,,센터커피,서울특별시 성동구 서울숲2길 28-11
blueribbon,소이연남,서울특별시 마포구 동교로 267,Seoul,South Korea,RIBBON_ONE,,,02-323-5130 ,,2026,,37.56349,126.9254,2026-02-17T22:29:33.775718+00:00,,,,소이연남,서울특별시 마포구 동교로 267
blueribbon,서촌계단집,서울특별시 종로구 자하문로1길 15,Seoul,South Korea,RIBBON_ONE,,,02-737-8412 ,,2026,,37.576407472395424,126.97147232183104,2026-02-17T22:29:33.775718+00:00,,,,서촌계단집,서울특별시 종로구 자하문로1길 15
blueribbon,설가온,서울특별시 종로구 세종대로 175,Seoul,South Korea,RIBBON_ONE,,,02-733-3276 ,,2026,,37.57262064091815,126.97572100551191,2026-02-17T22:29:33.775718+00:00,,,,설가온,서울특별시 종로구 세종대로 175
blueribbon,서부감자국,서울특별시 은평구 서오릉로 8,Seoul,South Korea,RIBBON_ONE,,,02-356-4555 ,,2026,,37.602260750611,126.926933124828,2026-02-17T22:29:33.775718+00:00,,,,서부감자국,서울특별시 은평구 서오릉로 8
blueribbon,성산왕갈비,서울특별시 마포구 월드컵북로 233,Seoul,South Korea,RIBBON_ONE,,,02-306-2001,,2026,,37.569732651542004,126.90313681206744,2026-02-17T22:29:33.775718+00:00,,,,성산왕갈비,서울특별시 마포구 월드컵북로 233
blueribbon,성수족발,서울특별시 성동구 아차산로7길 7,Seoul,South Korea,RIBBON_ONE,,,02-464-0425,,2026,,37.54599,127.0542,2026-02-17T22:29:33.775718+00:00,,,,성수족발,서울특별시 성동구 아차산로7길 7
blueribbon,성너머집,서울특별시 은평구 불광로18길 13-1,Seoul,South Korea,RIBBON_ONE,,,02-764-8571 ,,2026,,37.622489,126.932763,2026-02-17T22:29:33.775718+00:00,,,,성너머집,서울특별시 은평구 불광로18길 13-1
blueribbon,속초생태집,서울특별시 중구 남대문로 25-17,Seoul,South Korea,RIBBON_ONE,,,02-753-8944 ,,2026,,37.562029012273435,126.97816920253568,2026-02-17T22:29:33.775718+00:00,,,,속초생태집,서울특별시 중구 남대문로 25-17
blueribbon,성북동누룽지백숙,서울특별시 성북구 성북로31길 9,Seoul,South Korea,RIBBON_ONE,,,02-764-0707,,2026,,37.5945850956093,126.990464229478,2026-02-17T22:29:33.775718+00:00,,,,성북동누룽지백숙,서울특별시 성북구 성북로31길 9
blueribbon,삼청동수제비,서울특별시 종로구 삼청로 101-1,Seoul,South Korea,RIBBON_ONE,,,02-735-2965 ,,2026,,37.58460857932275,126.98192595977827,2026-02-17T22:29:33.775718+00:00,,,,삼청동수제비,서울특별시 종로구 삼청로 101-1
blueribbon,Brewing ceremony,서울특별시 성동구 연무장5가길 22-1,Seoul,South Korea,RIBBON_ONE,,,0507-1317-4771,,2026,Brewing ceremony,37.5432727118261,127.055139727387,2026-02-17T22:29:33.775718+00:00,,,,브루잉세레모니,서울특별시 성동구 연무장5가길 22-1
blueribbon,Bistro Chin Chin,서울특별시 종로구 효자로13길 54,Seoul,South Korea,RIBBON_ONE,,,02-720-6143 ,,2026,Bistro Chin Chin,37.5821290013901,126.972773908135,2026-02-17T22:29:33.775718+00:00,,,,비스트로친친,서울특별시 종로구 효자로13길 54
blueribbon,via merengue,서울특별시 서대문구 명물길 27-18,Seoul,South Korea,RIBBON_ONE,,,02-363-3812,,2026,via merengue,37.5586280532636,126.93811157695,2026-02-17T22:29:33.775718+00:00,,,,비아메렝게,서울특별시 서대문구 명물길 27-18
blueribbon,brera,서울특별시 중구 동호로17길 295,Seoul,South Korea,RIBBON_ONE,,,02-2236-0770,,2026,brera,37.54837530553894,127.00694366116952,2026-02-17T22:29:33.775718+00:00,,,,브레라,서울특별시 중구 동호로17길 295
blueribbon,산울림1992,서울특별시 마포구 서강로9길 60,Seoul,South Korea,RIBBON_ONE,,,02-334-0118,,2026,,37.554603,126.930511,2026-02-17T22:29:33.775718+00:00,,,,산울림1992,서울특별시 마포구 서강로9길 60
blueribbon,Pakito,서울특별시 마포구 성미산로17길 4,Seoul,South Korea,RIBBON_ONE,,,0507-1305-6064,,2026,Pakito,37.561736,126.918344,2026-02-17T22:29:33.775718+00:00,,,,빠끼또,서울특별시 마포구 성미산로17길 4
blueribbon,빠오즈푸,서울특별시 광진구 광나루로 373,Seoul,South Korea,RIBBON_ONE,,,02-462-9256,,2026,,37.548136,127.071506,2026-02-17T22:29:33.775718+00:00,,,,빠오즈푸,서울특별시 광진구 광나루로 373
blueribbon,Parc,서울특별시 용산구 이태원로55가길 26-5,Seoul,South Korea,RIBBON_ONE,,,0507-1409-2022,,2026,Parc,37.53746,126.9997,2026-02-17T22:29:33.775718+00:00,,,,빠르크,서울특별시 용산구 이태원로55가길 26-5
blueribbon,BUDDHA'S BELLY,서울특별시 용산구 녹사평대로40길 48,Seoul,South Korea,RIBBON_ONE,,,02-796-9330,,2026,BUDDHA'S BELLY,37.53436,126.98835,2026-02-17T22:29:33.775718+00:00,,,,부다스벨리,서울특별시 용산구 녹사평대로40길 48
blueribbon,봉화묵집,서울특별시 성북구 아리랑로19길 46-2,Seoul,South Korea,RIBBON_ONE,,,02-918-1668,,2026,,37.60266,127.0108,2026-02-17T22:29:33.775718+00:00,,,,봉화묵집,서울특별시 성북구 아리랑로19길 46-2
blueribbon,북악정,서울특별시 종로구 평창36길 6,Seoul,South Korea,RIBBON_ONE,,,02-394-2340 ,,2026,,37.61123,126.9777,2026-02-17T22:29:33.775718+00:00,,,,북악정,서울특별시 종로구 평창36길 6
blueribbon,산골막국수,서울특별시 중구 을지로 175-3,Seoul,South Korea,RIBBON_ONE,,,02-2266-5409,,2026,,37.56694,126.9974,2026-02-17T22:29:33.775718+00:00,,,,산골막국수,서울특별시 중구 을지로 175-3
blueribbon,Shanti,서울특별시 마포구 와우산로27길 70,Seoul,South Korea,RIBBON_ONE,,,02-6052-3989,,2026,Shanti,37.55551,126.925,2026-02-17T22:29:33.775718+00:00,,,,산띠,서울특별시 마포구 와우산로27길 70
blueribbon,불이아,서울특별시 마포구 동교로 182-6,Seoul,South Korea,RIBBON_ONE,,,02-335-6689,,2026,,37.55657,126.922,2026-02-17T22:29:33.775718+00:00,,,,불이아,서울특별시 마포구 동교로 182-6
blueribbon,mils,서울특별시 성동구 뚝섬로4길 21,Seoul,South Korea,RIBBON_ONE,,,0507-1327-4677,,2026,mils,37.5389686315866,127.050937053628,2026-02-17T22:29:33.775718+00:00,,,,밀스,서울특별시 성동구 뚝섬로4길 21
blueribbon,BIRCH coffee,서울특별시 용산구 대사관로34길 26,Seoul,South Korea,RIBBON_ONE,,,02-6083-0186,,2026,BIRCH coffee,37.5320438475849,127.005678848091,2026-02-17T22:29:33.775718+00:00,,,,버치커피,서울특별시 용산구 대사관로34길 26
blueribbon,bohey coffee,서울특별시 중구 동호로15가길 15,Seoul,South Korea,RIBBON_ONE,,,0507-1333-1375,,2026,bohey coffee,37.555447268885,127.007920663857,2026-02-17T22:29:33.775718+00:00,,,,보헤이커피,서울특별시 중구 동호로15가길 15
blueribbon,bamaself,서울특별시 용산구 원효로89길 12,Seoul,South Korea,RIBBON_ONE,,,없음 ,,2026,bamaself,37.54072007005738,126.96867977728446,2026-02-17T22:29:33.775718+00:00,,,,바마셀,서울특별시 용산구 원효로89길 12
blueribbon,meal°,서울특별시 성동구 왕십리로 96,Seoul,South Korea,RIBBON_ONE,,,0507-1476-5052,,2026,meal°,37.54623,127.0449,2026-02-17T22:29:33.775718+00:00,,,,밀도,서울특별시 성동구 왕십리로 96
blueribbon,미스터서왕만두,서울특별시 서대문구 신촌역로 16,Seoul,South Korea,RIBBON_ONE,,,0507-1368-8869,,2026,,37.55803,126.9432,2026-02-17T22:29:33.775718+00:00,,,,미스터서왕만두,서울특별시 서대문구 신촌역로 16
blueribbon,베이커리봉교,서울특별시 마포구 성미산로 25,Seoul,South Korea,RIBBON_ONE,,,02-332-8030,,2026,,37.5587854480624,126.911020390226,2026-02-17T22:29:33.775718+00:00,,,,베이커리봉교,서울특별시 마포구 성미산로 25
blueribbon,VERA PIZZA NAPOLI,서울특별시 용산구 이태원로 272,Seoul,South Korea,RIBBON_ONE,,,02-796-7223,,2026,VERA PIZZA NAPOLI,37.53867,127.0021,2026-02-17T22:29:33.775718+00:00,,,,베라피자,서울특별시 용산구 이태원로 272
blueribbon,VATOS,서울특별시 용산구 이태원로15길 1,Seoul,South Korea,RIBBON_ONE,,,02-797-8226,,2026,VATOS,37.53457,126.9902,2026-02-17T22:29:33.775718+00:00,,,,바토스,서울특별시 용산구 이태원로15길 1
blueribbon,Beijingkoya,서울특별시 종로구 율곡로2길 25,Seoul,South Korea,RIBBON_ONE,,,02-313-5292 ,,2026,Beijingkoya,37.5743642341595,126.98051726008,2026-02-17T22:29:33.775718+00:00,,,,베이징코야,서울특별시 종로구 율곡로2길 25
blueribbon,MUTIN,서울특별시 용산구 대사관로12길 4-2,Seoul,South Korea,RIBBON_ONE,,,070-7776-3052,,2026,MUTIN,37.5335266626566,127.001449439441,2026-02-17T22:29:33.775718+00:00,,,,뮤땅,서울특별시 용산구 대사관로12길 4-2
blueribbon,MANGIONE,서울특별시 용산구 한강대로 95,Seoul,South Korea,RIBBON_ONE,,,0507-1411-3757,,2026,MANGIONE,37.5288173852679,126.966653789116,2026-02-17T22:29:33.775718+00:00,,,,만지오네,서울특별시 용산구 한강대로 95
blueribbon,MANIMAL SMOKE HOUSE,서울특별시 용산구 녹사평대로40길 47,Seoul,South Korea,RIBBON_ONE,,,02-790-6788,,2026,MANIMAL SMOKE HOUSE,37.5345209941094,126.988471989299,2026-02-17T22:29:33.775718+00:00,,,,매니멀스모크하우스,서울특별시 용산구 녹사평대로40길 47
blueribbon,몽중식,서울특별시 마포구 동교로 257,Seoul,South Korea,RIBBON_ONE,,,02-335-7567,,2026,,37.5628310413654,126.924656121785,2026-02-17T22:29:33.775718+00:00,,,,몽중식,서울특별시 마포구 동교로 257
blueribbon,MYEONGDONG PIZZA,서울특별시 중구 명동10길 41,Seoul,South Korea,RIBBON_ONE,,,02-777-8979,,2026,MYEONGDONG PIZZA,37.562055413512205,126.98587471746742,2026-02-17T22:29:33.775718+00:00,,,,명동피자,서울특별시 중구 명동10길 41
blueribbon,MOTOR CITY,서울특별시 용산구 이태원로 140-1,Seoul,South Korea,RIBBON_ONE,,,02-794-8877 ,,2026,MOTOR CITY,37.533944,126.989441,2026-02-17T22:29:33.775718+00:00,,,,모터시티,서울특별시 용산구 이태원로 140-1
blueribbon,MOZZA,서울특별시 성북구 성북로 102,Seoul,South Korea,RIBBON_ONE,,,02-742-1020 ,,2026,MOZZA,37.593025,126.997544,2026-02-17T22:29:33.775718+00:00,,,,모짜,서울특별시 성북구 성북로 102
blueribbon,Moulin,서울특별시 종로구 자하문로16길 8,Seoul,South Korea,RIBBON_ONE,,,070-4404-7978,,2026,Moulin,37.58145,126.9719,2026-02-17T22:29:33.775718+00:00,,,,물랑,서울특별시 종로구 자하문로16길 8
blueribbon,맛이차이나,서울특별시 마포구 독막로 68,Seoul,South Korea,RIBBON_ONE,,,010-9822-2654,,2026,,37.547556,126.920844,2026-02-17T22:29:33.775718+00:00,,,,맛이차이나,서울특별시 마포구 독막로 68
blueribbon,만족오향족발,서울특별시 중구 서소문로 134-7,Seoul,South Korea,RIBBON_ONE,,,02-753-4755,,2026,,37.563215,126.976002,2026-02-17T22:29:33.775718+00:00,,,,만족오향족발,서울특별시 중구 서소문로 134-7
blueribbon,명동돈가스,서울특별시 중구 명동3길 8,Seoul,South Korea,RIBBON_ONE,,,02-775-5300,,2026,,37.563981,126.983573,2026-02-17T22:29:33.775718+00:00,,,,명동돈가스,서울특별시 중구 명동3길 8
blueribbon,루리커피,서울특별시 중구 퇴계로20길 31,Seoul,South Korea,RIBBON_ONE,,,0507-1420-9976,,2026,,37.558820603639,126.986206375134,2026-02-17T22:29:33.775718+00:00,,,,루리커피,서울특별시 중구 퇴계로20길 31
blueribbon,RECOVERY COFFEE BAR,서울특별시 성동구 왕십리로16가길 10,Seoul,South Korea,RIBBON_ONE,,,0507-1319-5024,,2026,RECOVERY COFFEE BAR,37.5503309855629,127.0448580594,2026-02-17T22:29:33.775718+00:00,,,,리커버리커피바,서울특별시 성동구 왕십리로16가길 10
blueribbon,LOOKBACK COFFEE&ROASTERS,서울특별시 서대문구 연희로11길 41,Seoul,South Korea,RIBBON_ONE,,,0507-1387-1128,,2026,LOOKBACK COFFEE&ROASTERS,37.5682422653995,126.92920588507,2026-02-17T22:29:33.775718+00:00,,,,룩백커피,서울특별시 서대문구 연희로11길 41
blueribbon,L'ESTIU,서울특별시 용산구 대사관로20길 5,Seoul,South Korea,RIBBON_ONE,,,02-722-2127,,2026,L'ESTIU,37.5331395404854,127.003796513813,2026-02-17T22:29:33.775718+00:00,,,,레에스티우,서울특별시 용산구 대사관로20길 5
blueribbon,lombre378,서울특별시 용산구 한강대로10길 11-54,Seoul,South Korea,RIBBON_ONE,,,070-7537-3780,,2026,lombre378,37.5245391729878,126.964843291404,2026-02-17T22:29:33.775718+00:00,,,,롱브르378,서울특별시 용산구 한강대로10길 11-54
blueribbon,LEE JIN,서울특별시 동대문구 전농로 105,Seoul,South Korea,RIBBON_ONE,,,02-2215-4105,,2026,LEE JIN,37.5743269631718,127.057330885456,2026-02-17T22:29:33.775718+00:00,,,,리진,서울특별시 동대문구 전농로 105
blueribbon,Le Cochon,서울특별시 종로구 율곡로 83,Seoul,South Korea,RIBBON_ONE,,,0507-1479-1392,,2026,Le Cochon,37.5777601305254,126.988415175695,2026-02-17T22:29:33.775718+00:00,,,,르꼬숑,서울특별시 종로구 율곡로 83
blueribbon,Rossini,서울특별시 종로구 북촌로 18,Seoul,South Korea,RIBBON_ONE,,,02-766-8771 ,,2026,Rossini,37.57838,126.9859,2026-02-17T22:29:33.775718+00:00,,,,로씨니,서울특별시 종로구 북촌로 18
blueribbon,Dibs patisserie,서울특별시 마포구 성미산로29안길 19-4,Seoul,South Korea,RIBBON_ONE,,,0507-1344-7961,,2026,Dibs patisserie,37.5655905752208,126.923338995659,2026-02-17T22:29:33.775718+00:00,,,,딥스파티세리,서울특별시 마포구 성미산로29안길 19-4
blueribbon,딤딤섬(명동점),서울특별시 중구 명동길 14,Seoul,South Korea,RIBBON_ONE,,,0507-1497-5522,,2026,,37.5634116488196,126.98288772495,2026-02-17T22:29:33.775718+00:00,,,,딤딤섬(명동점),서울특별시 중구 명동길 14
blueribbon,L'enfance,서울특별시 종로구 경희궁길 36,Seoul,South Korea,RIBBON_ONE,,,02-722-8053,,2026,L'enfance,37.5729199136655,126.970063182815,2026-02-17T22:29:33.775718+00:00,,,,렁팡스,서울특별시 종로구 경희궁길 36
blueribbon,락희안(가좌본점),서울특별시 서대문구 가재울로4길 53,Seoul,South Korea,RIBBON_ONE,,,02-375-7576,,2026,,37.5760936402375,126.924152924933,2026-02-17T22:29:33.775718+00:00,,,,락희안(가좌본점),서울특별시 서대문구 가재울로4길 53
blueribbon,두툼,서울특별시 중구 중림로 10,Seoul,South Korea,RIBBON_ONE,,,02-392-8592,,2026,,37.5589266608979,126.964320892997,2026-02-17T22:29:33.775718+00:00,,,,두툼,서울특별시 중구 중림로 10
blueribbon,LAMBSYA,서울특별시 광진구 아차산로78길 166,Seoul,South Korea,RIBBON_ONE,,,02-456-0213,,2026,LAMBSYA,37.5480826850688,127.108572799417,2026-02-17T22:29:33.775718+00:00,,,,램스야,서울특별시 광진구 아차산로78길 166
blueribbon,LA SUISSE,서울특별시 종로구 자하문로6길 11-36,Seoul,South Korea,RIBBON_ONE,,,070-8800-4162 ,,2026,LA SUISSE,37.5786556317875,126.972607511153,2026-02-17T22:29:33.775718+00:00,,,,라스위스,서울특별시 종로구 자하문로6길 11-36
blueribbon,la goutte,서울특별시 광진구 능동로 90,Seoul,South Korea,RIBBON_ONE,,,02-2218-5771,,2026,la goutte,37.53836393117944,127.07092087005326,2026-02-17T22:29:33.775718+00:00,,,,라구뜨,서울특별시 광진구 능동로 90
blueribbon,땅코참숯구이,서울특별시 성동구 행당로17길 26,Seoul,South Korea,RIBBON_ONE,,,02-2281-6908,,2026,,37.56068572701359,127.03303082484841,2026-02-17T22:29:33.775718+00:00,,,,땅코참숯구이,서울특별시 성동구 행당로17길 26
blueribbon,DUOMO,서울특별시 종로구 자하문로16길 5,Seoul,South Korea,RIBBON_ONE,,,02-730-0902 ,,2026,DUOMO,37.58162,126.9715,2026-02-17T22:29:33.775718+00:00,,,,두오모,서울특별시 종로구 자하문로16길 5
blueribbon,La Bonne Tarte,서울특별시 서대문구 연대동문길 29,Seoul,South Korea,RIBBON_ONE,,,02-393-1117 ,,2026,La Bonne Tarte,37.5639171508019,126.943832497098,2026-02-17T22:29:33.775718+00:00,,,,라본느타르트,서울특별시 서대문구 연대동문길 29
blueribbon,THE GRIFFIN BAR,서울특별시 종로구 청계천로 279,Seoul,South Korea,RIBBON_ONE,,,02-2276-3344,,2026,THE GRIFFIN BAR,37.5704485321397,127.008743829151,2026-02-17T22:29:33.775718+00:00,,,,더그리핀바,서울특별시 종로구 청계천로 279
blueribbon,The Spot Fabulous,서울특별시 중구 명동2길 22,Seoul,South Korea,RIBBON_ONE,,,02-779-1981,,2026,The Spot Fabulous,37.5623328436628,126.982600032183,2026-02-17T22:29:33.775718+00:00,,,,더스팟패뷸러스,서울특별시 중구 명동2길 22
blueribbon,동아리(정동본점),서울특별시 중구 정동길 12-6,Seoul,South Korea,RIBBON_ONE,,,02-773-1103 ,,2026,,37.5673657681152,126.969516767128,2026-02-17T22:29:33.775718+00:00,,,,동아리(정동본점),서울특별시 중구 정동길 12-6
blueribbon,The Charcuteria,서울특별시 용산구 독서당로 86,Seoul,South Korea,RIBBON_ONE,,,02-798-9402,,2026,The Charcuteria,37.53428344113129,127.01009673581584,2026-02-17T22:29:33.775718+00:00,,,,더샤퀴테리아,서울특별시 용산구 독서당로 86
blueribbon,The Xef,서울특별시 용산구 백범로77길 33,Seoul,South Korea,RIBBON_ONE,,,02-6398-7594,,2026,The Xef,37.5399721712719,126.965214759448,2026-02-17T22:29:33.775718+00:00,,,,더셰프,서울특별시 용산구 백범로77길 33
blueribbon,대성갈비,서울특별시 성동구 상원1길 26,Seoul,South Korea,RIBBON_ONE,,,02-464-3012,,2026,,37.546194350143,127.048432321547,2026-02-17T22:29:33.775718+00:00,,,,대성갈비,서울특별시 성동구 상원1길 26
blueribbon,단비,서울특별시 용산구 한남대로20길 21-12,Seoul,South Korea,RIBBON_ONE,,,02-797-8375,,2026,,37.535202,127.008799,2026-02-17T22:29:33.775718+00:00,,,,단비,서울특별시 용산구 한남대로20길 21-12
blueribbon,The Bakers Table,서울특별시 용산구 녹사평대로 244-1,Seoul,South Korea,RIBBON_ONE,,,0507-1461-3503,,2026,The Bakers Table,37.53941,126.9875,2026-02-17T22:29:33.775718+00:00,,,,더베이커스테이블,서울특별시 용산구 녹사평대로 244-1
blueribbon,대장장이화덕피자집,서울특별시 종로구 북촌로 42-4,Seoul,South Korea,RIBBON_ONE,,,02-765-4298 ,,2026,,37.580529,126.985338,2026-02-17T22:29:33.775718+00:00,,,,대장장이화덕피자집,서울특별시 종로구 북촌로 42-4
blueribbon,Namsan winery,서울특별시 용산구 회나무로10길 5,Seoul,South Korea,RIBBON_ONE,,,02-792-5849,,2026,Namsan winery,37.5389676740777,126.989128810378,2026-02-17T22:29:33.775718+00:00,,,,남산와이너리,서울특별시 용산구 회나무로10길 5
blueribbon,꺼거,서울특별시 용산구 한강대로48길 10,Seoul,South Korea,RIBBON_ONE,,,0507-1420-5433,,2026,,37.5315505801618,126.971126584354,2026-02-17T22:29:33.775718+00:00,,,,꺼거,서울특별시 용산구 한강대로48길 10
blueribbon,osteria juyeon,서울특별시 중랑구 봉우재로37길 9,Seoul,South Korea,RIBBON_ONE,,,02-433-9098 ,,2026,osteria juyeon,37.59349331688812,127.088084611645,2026-02-17T22:29:33.775718+00:00,,,,다이닝주연,서울특별시 중랑구 봉우재로37길 9
blueribbon,"꽃,밥에피다",서울특별시 종로구 인사동16길 3-6,Seoul,South Korea,RIBBON_ONE,,,02-732-0276 ,,2026,,37.575236,126.984001,2026-02-17T22:29:33.775718+00:00,,,,"꽃,밥에피다",서울특별시 종로구 인사동16길 3-6
blueribbon,능라밥상,서울특별시 종로구 사직로2길 14,Seoul,South Korea,RIBBON_ONE,,,02-747-9907,,2026,,37.5729405662598,126.964003814558,2026-02-17T22:29:33.775718+00:00,,,,능라밥상,서울특별시 종로구 사직로2길 14
blueribbon,높은집종가산꼼장어,서울특별시 성동구 왕십리로21길 17,Seoul,South Korea,RIBBON_ONE,,,02-2292-4074,,2026,,37.56087,127.0329,2026-02-17T22:29:33.775718+00:00,,,,높은집종가산꼼장어,서울특별시 성동구 왕십리로21길 17
blueribbon,나리의집,서울특별시 용산구 이태원로 245,Seoul,South Korea,RIBBON_ONE,,,02-793-4860,,2026,,37.536878,127.000121,2026-02-17T22:29:33.775718+00:00,,,,나리의집,서울특별시 용산구 이태원로 245
blueribbon,GROWERS,서울특별시 서대문구 연희로27길 52,Seoul,South Korea,RIBBON_ONE,,,0507-1427-3782,,2026,GROWERS,37.5722825693755,126.933334949292,2026-02-17T22:29:33.775718+00:00,,,,그로어스,서울특별시 서대문구 연희로27길 52
blueribbon,GIMISA,서울특별시 성동구 성수이로26길 47,Seoul,South Korea,RIBBON_ONE,,,070-8672-9385,,2026,GIMISA,37.545134419964,127.062772457313,2026-02-17T22:29:33.775718+00:00,,,,기미사,서울특별시 성동구 성수이로26길 47
blueribbon,경양카츠,서울특별시 마포구 동교로 238-1,Seoul,South Korea,RIBBON_ONE,,,070-7543-5445 ,,2026,,37.56115634873273,126.92449856120587,2026-02-17T22:29:33.775718+00:00,,,,경양카츠,서울특별시 마포구 동교로 238-1
blueribbon,광화문국밥,서울특별시 중구 세종대로21길 53,Seoul,South Korea,RIBBON_ONE,,,02-738-5688 ,,2026,,37.568908,126.975418,2026-02-17T22:29:33.775718+00:00,,,,광화문국밥,서울특별시 중구 세종대로21길 53
blueribbon,GUSTO TACO,서울특별시 마포구 와우산로 41,Seoul,South Korea,RIBBON_ONE,,,02-338-8226 ,,2026,GUSTO TACO,37.5481,126.9228,2026-02-17T22:29:33.775718+00:00,,,,구스토타코,서울특별시 마포구 와우산로 41
blueribbon,군산아구산꽃게,서울특별시 성동구 마장로 327,Seoul,South Korea,RIBBON_ONE,,,02-2295-7019 ,,2026,,37.5679,127.0451,2026-02-17T22:29:33.775718+00:00,,,,군산아구산꽃게,서울특별시 성동구 마장로 327
blueribbon,계열사,서울특별시 종로구 백석동길 7,Seoul,South Korea,RIBBON_ONE,,,02-391-3566 ,,2026,,37.59285,126.9656,2026-02-17T22:29:33.775718+00:00,,,,계열사,서울특별시 종로구 백석동길 7
blueribbon,TXT Coffee,서울특별시 종로구 창덕궁길 121,Seoul,South Korea,RIBBON_ONE,,,070-7760-0121 ,,2026,TXT Coffee,37.5828255,126.98902989999999,2026-02-17T22:29:33.775718+00:00,,,,txt커피,서울특별시 종로구 창덕궁길 121
blueribbon,glt gelato,서울특별시 마포구 양화로23길 10-8,Seoul,South Korea,RIBBON_ONE,,,0507-1353-5629,,2026,glt gelato,37.559162,126.925678,2026-02-17T22:29:33.775718+00:00,,,,glt젤라또,서울특별시 마포구 양화로23길 10-8
blueribbon,17℃,서울특별시 마포구 양화로19길 22-16,Seoul,South Korea,RIBBON_ONE,,,02-337-1706 ,,2026,17℃,37.5587445543563,126.924488771563,2026-02-17T22:29:33.775718+00:00,,,,17도씨,서울특별시 마포구 양화로19길 22-16
blueribbon,가봉루,서울특별시 종로구 새문안로5길 5-27,Seoul,South Korea,RIBBON_ONE,,,02-736-8100,,2026,,37.5710268990296,126.974571894891,2026-02-17T22:29:33.775718+00:00,,,,가봉루,서울특별시 종로구 새문안로5길 5-27
blueribbon,갯마을,서울특별시 용산구 서빙고로 56,Seoul,South Korea,RIBBON_ONE,,,02-795-2277,,2026,,37.523035646485845,126.97033878731338,2026-02-17T22:29:33.775718+00:00,,,,갯마을,서울특별시 용산구 서빙고로 56
blueribbon,겐로쿠우동(홍대본점),서울특별시 마포구 어울마당로 39,Seoul,South Korea,RIBBON_ONE,,,02-325-8555,,2026,,37.548721,126.920283,2026-02-17T22:29:33.775718+00:00,,,,겐로쿠우동(홍대본점),서울특별시 마포구 어울마당로 39
blueribbon,Deux Amis,서울특별시 강남구 도산대로11길 28,Seoul,South Korea,RIBBON_TWO,,,02-3443-0030,,2026,Deux Amis,37.51933,127.0226,2026-02-17T22:29:33.775718+00:00,,,,듀자미,서울특별시 강남구 도산대로11길 28
blueribbon,Restaurant ON,서울특별시 강남구 도산대로92길 42,Seoul,South Korea,RIBBON_TWO,,,02-547-0467 ,,2026,Restaurant ON,37.521946,127.049384,2026-02-17T22:29:33.775718+00:00,,,,레스토랑온,서울특별시 강남구 도산대로92길 42
blueribbon,DRESDEN GREEN,서울특별시 강남구 도산대로 420,Seoul,South Korea,RIBBON_TWO,,,02-6205-0329,,2026,DRESDEN GREEN,37.5230546690263,127.042083071774,2026-02-17T22:29:33.775718+00:00,,,,드레스덴그린,서울특별시 강남구 도산대로 420
blueribbon,MONGONE,서울특별시 강남구 선릉로155길 5,Seoul,South Korea,RIBBON_TWO,,,02-540-0680 ,,2026,MONGONE,37.525231,127.039135,2026-02-17T22:29:33.775718+00:00,,,,몽고네,서울특별시 강남구 선릉로155길 5
blueribbon,프로간장게장,서울특별시 서초구 강남대로97길 7,Seoul,South Korea,RIBBON_TWO,,,02-543-4126,,2026,,37.5145780257989,127.019168572867,2026-02-17T22:29:33.775718+00:00,,,,프로간장게장,서울특별시 서초구 강남대로97길 7
blueribbon,김영모과자점,서울특별시 서초구 효령로 403,Seoul,South Korea,RIBBON_TWO,,,02-2055-1983,,2026,,37.4889155854443,127.027749222342,2026-02-17T22:29:33.775718+00:00,,,,김영모과자점,서울특별시 서초구 효령로 403
blueribbon,정대,서울특별시 강남구 도산대로 501,Seoul,South Korea,RIBBON_TWO,,,02-737-3204,,2026,,37.5246564917753,127.047716782173,2026-02-17T22:29:33.775718+00:00,,,,정대,서울특별시 강남구 도산대로 501
blueribbon,모노로그,서울특별시 강남구 도산대로 442,Seoul,South Korea,RIBBON_TWO,,,02-545-9996,,2026,,37.5233111622682,127.044119009562,2026-02-17T22:29:33.775718+00:00,,,,모노로그,서울특별시 강남구 도산대로 442
blueribbon,버드나무집,서울특별시 서초구 효령로 434,Seoul,South Korea,RIBBON_TWO,,,02-3473-4167 ,,2026,,37.4891,127.0312,2026-02-17T22:29:33.775718+00:00,,,,버드나무집,서울특별시 서초구 효령로 434
blueribbon,송강,서울특별시 서초구 명달로9길 5,Seoul,South Korea,RIBBON_TWO,,,02-598-9288,,2026,,37.48186,127.0045,2026-02-17T22:29:33.775718+00:00,,,,송강,서울특별시 서초구 명달로9길 5
blueribbon,한일관,서울특별시 강남구 압구정로38길 14,Seoul,South Korea,RIBBON_TWO,,,1577-9963 ,,2026,,37.52779,127.0325,2026-02-17T22:29:33.775718+00:00,,,,한일관,서울특별시 강남구 압구정로38길 14
blueribbon,필경재,서울특별시 강남구 광평로 205,Seoul,South Korea,RIBBON_TWO,,,02-445-2115 ,,2026,,37.48484,127.0952,2026-02-17T22:29:33.775718+00:00,,,,필경재,서울특별시 강남구 광평로 205
blueribbon,서관면옥,서울특별시 서초구 서초대로56길 11,Seoul,South Korea,RIBBON_TWO,,,02-521-9945,,2026,,37.49398971324013,127.01726966280745,2026-02-17T22:29:33.775718+00:00,,,,서관면옥,서울특별시 서초구 서초대로56길 11
blueribbon,미우,서울특별시 강남구 압구정로 113-22,Seoul,South Korea,RIBBON_TWO,,,02-544-7775,,2026,,37.5247411726121,127.019644043561,2026-02-17T22:29:33.775718+00:00,,,,미우,서울특별시 강남구 압구정로 113-22
blueribbon,Buvette,서울특별시 강남구 논현로 854,Seoul,South Korea,RIBBON_TWO,,,02-3442-7859,,2026,Buvette,37.5253215967063,127.028865132152,2026-02-17T22:29:33.775718+00:00,,,,부베트,서울특별시 강남구 논현로 854
blueribbon,김인복의광평(삼성본점),서울특별시 강남구 영동대로106길 45,Seoul,South Korea,RIBBON_TWO,,,02-561-9990,,2026,,37.5143594876356,127.064878819823,2026-02-17T22:29:33.775718+00:00,,,,김인복의광평(삼성본점),서울특별시 강남구 영동대로106길 45
blueribbon,BLUE by. Filleter,서울특별시 강남구 선릉로141길 4,Seoul,South Korea,RIBBON_TWO,,,0507-1350-0407,,2026,BLUE by. Filleter,37.5204615260968,127.039643755702,2026-02-17T22:29:33.775718+00:00,,,,블루바이필레터,서울특별시 강남구 선릉로141길 4
blueribbon,GUCCI OSTERIA SEOUL,서울특별시 강남구 압구정로 462,Seoul,South Korea,RIBBON_TWO,,,02-795-1119,,2026,GUCCI OSTERIA SEOUL,37.5250692655256,127.046525926229,2026-02-17T22:29:33.775718+00:00,,,,구찌오스테리아 다 마시모보투라 서울,서울특별시 강남구 압구정로 462
blueribbon,아루히니와,서울특별시 영등포구 여의나루로 42,Seoul,South Korea,RIBBON_TWO,,,0507-1426-3909,,2026,,37.521470230225,126.924971147893,2026-02-17T22:29:33.775718+00:00,,,,아루히니와,서울특별시 영등포구 여의나루로 42
blueribbon,ELPIC,서울특별시 강남구 도산대로78길 25,Seoul,South Korea,RIBBON_TWO,,,0507-1489-7006,,2026,ELPIC,37.5223327912275,127.046626942892,2026-02-17T22:29:33.775718+00:00,,,,엘픽,서울특별시 강남구 도산대로78길 25
blueribbon,CRAB52,서울특별시 강남구 영동대로 511,Seoul,South Korea,RIBBON_TWO,,,1644-2066,,2026,CRAB52,37.510356849269,127.061023782931,2026-02-17T22:29:33.775718+00:00,,,,크랩52,서울특별시 강남구 영동대로 511
blueribbon,HANSANG THE TABLE,서울특별시 강남구 선릉로148길 28,Seoul,South Korea,RIBBON_TWO,,,0507-1435-1584,,2026,HANSANG THE TABLE,37.5226041599715,127.041851367598,2026-02-17T22:29:33.775718+00:00,,,,한상더테이블,서울특별시 강남구 선릉로148길 28
blueribbon,Restaurant O Y,서울특별시 강남구 선릉로148길 48-12,Seoul,South Korea,RIBBON_TWO,,,02-515-7250,,2026,Restaurant O Y,37.5222303672862,127.043259315881,2026-02-17T22:29:33.775718+00:00,,,,오와이,서울특별시 강남구 선릉로148길 48-12
blueribbon,스시마츠모토,서울특별시 강남구 도산대로75길 24,Seoul,South Korea,RIBBON_TWO,,,02-543-4334 ,,2026,,37.5257986944472,127.045659927706,2026-02-17T22:29:33.775718+00:00,,,,스시마츠모토,서울특별시 강남구 도산대로75길 24
blueribbon,OSTERIA COTTO,서울특별시 강남구 언주로165길 7-12,Seoul,South Korea,RIBBON_TWO,,,02-518-1962,,2026,OSTERIA COTTO,37.5250892597473,127.032226965053,2026-02-17T22:29:33.775718+00:00,,,,오스테리아꼬또,서울특별시 강남구 언주로165길 7-12
blueribbon,명인밥상,서울특별시 송파구 송이로 155,Seoul,South Korea,RIBBON_TWO,,,02-409-3355 ,,2026,,37.4933167175702,127.125036887944,2026-02-17T22:29:33.775718+00:00,,,,명인밥상,서울특별시 송파구 송이로 155
blueribbon,영동장어,서울특별시 강남구 언주로148길 8,Seoul,South Korea,RIBBON_TWO,,,02-3448-9991,,2026,,37.5203166598331,127.03533877402701,2026-02-17T22:29:33.775718+00:00,,,,영동장어,서울특별시 강남구 언주로148길 8
blueribbon,coffee montage,서울특별시 강동구 올림픽로48길 23-12,Seoul,South Korea,RIBBON_TWO,,,0507-1418-1303,,2026,coffee montage,37.52946,127.1219,2026-02-17T22:29:33.775718+00:00,,,,커피몽타주,서울특별시 강동구 올림픽로48길 23-12
blueribbon,SMALL BATCH COFFEE,서울특별시 강남구 언주로168길 6-7,Seoul,South Korea,RIBBON_TWO,,,070-4323-4355,,2026,SMALL BATCH COFFEE,37.5259982940752,127.034104955634,2026-02-17T22:29:33.775718+00:00,,,,스몰배치서울,서울특별시 강남구 언주로168길 6-7
blueribbon,The Margaux Grill,서울특별시 서초구 신반포로 176,Seoul,South Korea,RIBBON_TWO,,,02-6282-6760 ,,2026,The Margaux Grill,37.504147,127.004603,2026-02-17T22:29:33.775718+00:00,,,,더마고그릴,서울특별시 서초구 신반포로 176
blueribbon,WOLFGANG’S STEAKHOUSE,서울특별시 강남구 선릉로152길 21,Seoul,South Korea,RIBBON_TWO,,,0507-1486-8700,,2026,WOLFGANG’S STEAKHOUSE,37.52447,127.0415,2026-02-17T22:29:33.775718+00:00,,,,울프강스테이크하우스,서울특별시 강남구 선릉로152길 21
blueribbon,GOO STK 528,서울특별시 강남구 압구정로 108,Seoul,South Korea,RIBBON_TWO,,,02-511-0917 ,,2026,GOO STK 528,37.52288,127.0206,2026-02-17T22:29:33.775718+00:00,,,,구스테이크528,서울특별시 강남구 압구정로 108
blueribbon,yanchul seoul,서울특별시 강남구 언주로135길 34,Seoul,South Korea,RIBBON_TWO,,,02-547-4420,,2026,yanchul seoul,37.5166188678736,127.032459279407,2026-02-17T22:29:33.775718+00:00,,,,양출서울,서울특별시 강남구 언주로135길 34
blueribbon,고도식,서울특별시 송파구 백제고분로45길 28,Seoul,South Korea,RIBBON_TWO,,,02-422-8692 ,,2026,,37.510353720640786,127.10865792523055,2026-02-17T22:29:33.775718+00:00,,,,고도식,서울특별시 송파구 백제고분로45길 28
blueribbon,WEILOU,서울특별시 강남구 테헤란로 521,Seoul,South Korea,RIBBON_TWO,,,02-559-7620,,2026,WEILOU,37.509191510745374,127.0608089555861,2026-02-17T22:29:33.775718+00:00,,,,웨이루,서울특별시 강남구 테헤란로 521
blueribbon,Le pain,서울특별시 송파구 백제고분로41길 12,Seoul,South Korea,RIBBON_TWO,,,02-420-7004,,2026,Le pain,37.5072078494456,127.10818286753653,2026-02-17T22:29:33.775718+00:00,,,,르빵,서울특별시 송파구 백제고분로41길 12
blueribbon,이수부,서울특별시 강남구 논현로57길 38,Seoul,South Korea,RIBBON_TWO,,,0507-1354-0570,,2026,,37.490921,127.037987,2026-02-17T22:29:33.775718+00:00,,,,이수부,서울특별시 강남구 논현로57길 38
blueribbon,기꾸,서울특별시 서초구 동광로1길 112,Seoul,South Korea,RIBBON_TWO,,,02-525-6530 ,,2026,,37.497127,126.985225,2026-02-17T22:29:33.775718+00:00,,,,기꾸,서울특별시 서초구 동광로1길 112
blueribbon,포노부오노,서울특별시 강남구 도산대로45길 8-7,Seoul,South Korea,RIBBON_TWO,,,0507-1361-4501,,2026,,37.5230671928548,127.036387716609,2026-02-17T22:29:33.775718+00:00,,,,포노부오노,서울특별시 강남구 도산대로45길 8-7
blueribbon,윤서울,서울특별시 강남구 선릉로 805,Seoul,South Korea,RIBBON_TWO,,,02-336-3323,,2026,,37.5241263043193,127.038982210697,2026-02-17T22:29:33.775718+00:00,,,,윤서울,서울특별시 강남구 선릉로 805
blueribbon,Restaurant EVETT,서울특별시 강남구 도산대로45길 10-5,Seoul,South Korea,RIBBON_TWO,,,070-4231-1022 ,,2026,Restaurant EVETT,37.5234326965405,127.036202029788,2026-02-17T22:29:33.775718+00:00,,,,레스토랑에빗,서울특별시 강남구 도산대로45길 10-5
blueribbon,Perigee,서울특별시 강남구 봉은사로68길 6-5,Seoul,South Korea,RIBBON_TWO,,,010-6550-8912,,2026,Perigee,37.5112491980008,127.049479155493,2026-02-17T22:29:33.775718+00:00,,,,페리지,서울특별시 강남구 봉은사로68길 6-5
blueribbon,산로,서울특별시 강남구 도산대로 518,Seoul,South Korea,RIBBON_TWO,,,0506-465-6292,,2026,,37.5241684694236,127.049777176061,2026-02-17T22:29:33.775718+00:00,,,,산로,서울특별시 강남구 도산대로 518
blueribbon,PAO PAO RESTAURANT,서울특별시 강남구 언주로174길 30,Seoul,South Korea,RIBBON_TWO,,,0507-1346-7436,,2026,PAO PAO RESTAURANT,37.527861899218,127.036312210926,2026-02-17T22:29:33.775718+00:00,,,,보보식당,서울특별시 강남구 언주로174길 30
blueribbon,The Italian Club,서울특별시 송파구 잠실로 209,Seoul,South Korea,RIBBON_TWO,,,0507-1330-3238,,2026,The Italian Club,37.5138710747422,127.106364392884,2026-02-17T22:29:33.775718+00:00,,,,더이탈리안클럽,서울특별시 송파구 잠실로 209
blueribbon,Kojacha,서울특별시 강남구 학동로97길 17,Seoul,South Korea,RIBBON_TWO,,,010-9023-7771,,2026,Kojacha,37.5208683828468,127.055215316615,2026-02-17T22:29:33.775718+00:00,,,,코자차,서울특별시 강남구 학동로97길 17
blueribbon,이치에,서울특별시 강남구 선릉로155길 23-3,Seoul,South Korea,RIBBON_TWO,,,070-4273-4087,,2026,,37.52534,127.0377,2026-02-17T22:29:33.775718+00:00,,,,이치에,서울특별시 강남구 선릉로155길 23-3
blueribbon,Imok SMOKE DINING,서울특별시 강남구 압구정로2길 6,Seoul,South Korea,RIBBON_TWO,,,0507-1341-4729,,2026,Imok SMOKE DINING,37.5210863385776,127.019138224359,2026-02-17T22:29:33.775718+00:00,,,,이목스모크다이닝,서울특별시 강남구 압구정로2길 6
blueribbon,Super PAN,서울특별시 강남구 논현로167길 15,Seoul,South Korea,RIBBON_TWO,,,02-515-3848,,2026,Super PAN,37.5244390021596,127.026839035907,2026-02-17T22:29:33.775718+00:00,,,,수퍼판,서울특별시 강남구 논현로167길 15
blueribbon,미가키,서울특별시 강남구 선릉로158길 14-2,Seoul,South Korea,RIBBON_TWO,,,0507-1343-5014,,2026,,37.5251906223084,127.04095242964,2026-02-17T22:29:33.775718+00:00,,,,미가키,서울특별시 강남구 선릉로158길 14-2
blueribbon,키이로,서울특별시 강남구 강남대로 652,Seoul,South Korea,RIBBON_TWO,,,070-4413-1160,,2026,,37.5195101291255,127.019106035326,2026-02-17T22:29:33.775718+00:00,,,,키이로,서울특별시 강남구 강남대로 652
blueribbon,당옥,서울특별시 강남구 강남대로162길 22,Seoul,South Korea,RIBBON_TWO,,,02-3443-1227,,2026,,37.520066,127.020428,2026-02-17T22:29:33.775718+00:00,,,,당옥,서울특별시 강남구 강남대로162길 22
blueribbon,KAPPO AKII,서울특별시 강남구 테헤란로 610,Seoul,South Korea,RIBBON_TWO,,,02-6203-8660,,2026,KAPPO AKII,37.5088229113126,127.064541844422,2026-02-17T22:29:33.775718+00:00,,,,갓포아키(삼성점),서울특별시 강남구 테헤란로 610
blueribbon,육통령(교대직영점),서울특별시 서초구 반포대로20길 69,Seoul,South Korea,RIBBON_TWO,,,0507-1379-8592,,2026,,37.4887950669684,127.013660090025,2026-02-17T22:29:33.775718+00:00,,,,육통령(교대직영점),서울특별시 서초구 반포대로20길 69
blueribbon,Yeong Dong Pochana,서울특별시 강남구 언주로148길 14,Seoul,South Korea,RIBBON_TWO,,,0507-1355-4883,,2026,Yeong Dong Pochana,37.5206301397046,127.036162554013,2026-02-17T22:29:33.775718+00:00,,,,영동포차나,서울특별시 강남구 언주로148길 14
blueribbon,무니,서울특별시 강남구 도산대로72길 16,Seoul,South Korea,RIBBON_TWO,,,02-511-1303 ,,2026,,37.5229398817454,127.045484539744,2026-02-17T22:29:33.775718+00:00,,,,무니,서울특별시 강남구 도산대로72길 16
blueribbon,MATER,서울특별시 강남구 언주로154길 16,Seoul,South Korea,RIBBON_TWO,,,02-518-5879,,2026,MATER,37.5232844070518,127.034648302789,2026-02-17T22:29:33.775718+00:00,,,,마테르,서울특별시 강남구 언주로154길 16
blueribbon,스시사이토쥬욘,서울특별시 강남구 압구정로75길 30,Seoul,South Korea,RIBBON_TWO,,,0507-1367-5476,,2026,,37.5275867130132,127.047760394029,2026-02-17T22:29:33.775718+00:00,,,,스시사이토쥬욘,서울특별시 강남구 압구정로75길 30
blueribbon,월화고기(보라매점),서울특별시 관악구 보라매로3길 16,Seoul,South Korea,RIBBON_TWO,,,02-888-7592 ,,2026,,37.4916283438844,126.926302976249,2026-02-17T22:29:33.775718+00:00,,,,월화고기(보라매점),서울특별시 관악구 보라매로3길 16
blueribbon,SICHUAN HOUSE,서울특별시 강남구 테헤란로87길 29,Seoul,South Korea,RIBBON_TWO,,,02-508-1320,,2026,SICHUAN HOUSE,37.50964,127.0579,2026-02-17T22:29:33.775718+00:00,,,,시추안하우스,서울특별시 강남구 테헤란로87길 29
blueribbon,MODERN NÜLANG,서울특별시 송파구 잠실로 209,Seoul,South Korea,RIBBON_TWO,,,02-3431-9666,,2026,MODERN NÜLANG,37.5138710747422,127.106364392884,2026-02-17T22:29:33.775718+00:00,,,,모던눌랑(잠실점),서울특별시 송파구 잠실로 209
blueribbon,배나무골오리집,서울특별시 서초구 마방로2길 12,Seoul,South Korea,RIBBON_TWO,,,02-571-5252,,2026,,37.473052,127.039139,2026-02-17T22:29:33.775718+00:00,,,,배나무골오리집,서울특별시 서초구 마방로2길 12
blueribbon,휴135다온반상,서울특별시 강남구 압구정로 165,Seoul,South Korea,RIBBON_TWO,,,02-545-0135,,2026,,37.5273661232786,127.027468526838,2026-02-17T22:29:33.775718+00:00,,,,휴135다온반상,서울특별시 강남구 압구정로 165
blueribbon,현우동,서울특별시 강남구 논현로149길 53,Seoul,South Korea,RIBBON_TWO,,,02-515-3622 ,,2026,,37.517039793687886,127.02430622206757,2026-02-17T22:29:33.775718+00:00,,,,현우동,서울특별시 강남구 논현로149길 53
blueribbon,홍명,서울특별시 강남구 논현로131길 10,Seoul,South Korea,RIBBON_TWO,,,02-548-2223,,2026,,37.51449,127.029443,2026-02-17T22:29:33.775718+00:00,,,,홍명,서울특별시 강남구 논현로131길 10
blueribbon,흑산도홍어,서울특별시 서초구 방배천로 40-2,Seoul,South Korea,RIBBON_TWO,,,02-584-1275 ,,2026,,37.4801,126.9827,2026-02-17T22:29:33.775718+00:00,,,,흑산도홍어,서울특별시 서초구 방배천로 40-2
blueribbon,황소곱창,서울특별시 관악구 관악로15길 39,Seoul,South Korea,RIBBON_TWO,,,02-875-7622 ,,2026,,37.4803175879078,126.95018578679264,2026-02-17T22:29:33.775718+00:00,,,,황소곱창,서울특별시 관악구 관악로15길 39
blueribbon,현복집,서울특별시 강남구 도산대로50길 14,Seoul,South Korea,RIBBON_TWO,,,02-511-6888 ,,2026,,37.521478,127.037326,2026-02-17T22:29:33.775718+00:00,,,,현복집,서울특별시 강남구 도산대로50길 14
blueribbon,près de moi,서울특별시 강남구 선릉로148길 52,Seoul,South Korea,RIBBON_TWO,,,0507-1466-1919,,2026,près de moi,37.522867715501,127.0438052815,2026-02-17T22:29:33.775718+00:00,,,,프레드므아청담,서울특별시 강남구 선릉로148길 52
blueribbon,Flavors,서울특별시 서초구 신반포로 176,Seoul,South Korea,RIBBON_TWO,,,02-6282-6268,,2026,Flavors,37.503934456230404,127.00241119724721,2026-02-17T22:29:33.775718+00:00,,,,플레이버즈,서울특별시 서초구 신반포로 176
blueribbon,한성칼국수,서울특별시 강남구 언주로148길 14,Seoul,South Korea,RIBBON_TWO,,,02-544-0540 ,,2026,,37.5206301397046,127.036162554013,2026-02-17T22:29:33.775718+00:00,,,,한성칼국수,서울특별시 강남구 언주로148길 14
blueribbon,PATISSERIE CREMIEL,서울특별시 서초구 양재천로21길 3,Seoul,South Korea,RIBBON_TWO,,,없음,,2026,PATISSERIE CREMIEL,37.4758044816939,127.039151097456,2026-02-17T22:29:33.775718+00:00,,,,크레미엘,서울특별시 서초구 양재천로21길 3
blueribbon,타마유라,서울특별시 서초구 신반포로 176,Seoul,South Korea,RIBBON_TWO,,,02-6282-6752,,2026,,37.503934456230404,127.00241119724721,2026-02-17T22:29:33.775718+00:00,,,,타마유라,서울특별시 서초구 신반포로 176
blueribbon,Toc Toc,서울특별시 강남구 학동로97길 41,Seoul,South Korea,RIBBON_TWO,,,0507-1478-3030,,2026,Toc Toc,37.522410597151854,127.05431282319448,2026-02-17T22:29:33.775718+00:00,,,,톡톡,서울특별시 강남구 학동로97길 41
blueribbon,ZENZERO,서울특별시 강남구 선릉로126길 14,Seoul,South Korea,RIBBON_TWO,,,02-543-1261,,2026,ZENZERO,37.5152700382785,127.043229960702,2026-02-17T22:29:33.775718+00:00,,,,젠제로,서울특별시 강남구 선릉로126길 14
blueribbon,ZEST,서울특별시 강남구 도산대로55길 26,Seoul,South Korea,RIBBON_TWO,,,010-3177-8801,,2026,ZEST,37.525227889754,127.040790451167,2026-02-17T22:29:33.775718+00:00,,,,제스트,서울특별시 강남구 도산대로55길 26
blueribbon,Exquisine,서울특별시 강남구 삼성로140길 6,Seoul,South Korea,RIBBON_TWO,,,02-542-6921,,2026,Exquisine,37.520999,127.049653,2026-02-17T22:29:33.775718+00:00,,,,익스퀴진,서울특별시 강남구 삼성로140길 6
blueribbon,중앙해장,서울특별시 강남구 영동대로86길 17,Seoul,South Korea,RIBBON_TWO,,,02-558-7905,,2026,,37.508245,127.065467,2026-02-17T22:29:33.775718+00:00,,,,중앙해장,서울특별시 강남구 영동대로86길 17
blueribbon,진미평양냉면,서울특별시 강남구 학동로 305-3,Seoul,South Korea,RIBBON_TWO,,,02-515-3469 ,,2026,,37.516107,127.03603,2026-02-17T22:29:33.775718+00:00,,,,진미평양냉면,서울특별시 강남구 학동로 305-3
blueribbon,정인면옥,서울특별시 영등포구 국회대로76길 10,Seoul,South Korea,RIBBON_TWO,,,02-2683-2615 ,,2026,,37.53071,126.9217,2026-02-17T22:29:33.775718+00:00,,,,정인면옥,서울특별시 영등포구 국회대로76길 10
blueribbon,쥬안,서울특별시 강남구 도산대로75길 24,Seoul,South Korea,RIBBON_TWO,,,02-512-4833 ,,2026,,37.5257986944472,127.045659927706,2026-02-17T22:29:33.775718+00:00,,,,쥬안,서울특별시 강남구 도산대로75길 24
blueribbon,y'east,서울특별시 강남구 언주로170길 26-6,Seoul,South Korea,RIBBON_TWO,,,070-8855-0470,,2026,y'east,37.526364756231,127.035549219304,2026-02-17T22:29:33.775718+00:00,,,,이스트,서울특별시 강남구 언주로170길 26-6
blueribbon,은화계,서울특별시 강남구 도산대로 152,Seoul,South Korea,RIBBON_TWO,,,02-542-9992,,2026,,37.5181618896329,127.025230865206,2026-02-17T22:29:33.775718+00:00,,,,은화계,서울특별시 강남구 도산대로 152
blueribbon,hulotte,서울특별시 강남구 선릉로148길 48,Seoul,South Korea,RIBBON_TWO,,,02-722-0689 ,,2026,hulotte,37.5227679418531,127.043405669306,2026-02-17T22:29:33.775718+00:00,,,,윌로뜨,서울특별시 강남구 선릉로148길 48
blueribbon,Yi Ning,서울특별시 강남구 도산대로58길 14,Seoul,South Korea,RIBBON_TWO,,,02-547-7444 ,,2026,Yi Ning,37.522365,127.041275,2026-02-17T22:29:33.775718+00:00,,,,이닝,서울특별시 강남구 도산대로58길 14
blueribbon,우정,서울특별시 강남구 도산대로55길 23,Seoul,South Korea,RIBBON_TWO,,,02-515-1808,,2026,,37.5250678429106,127.040349845762,2026-02-17T22:29:33.775718+00:00,,,,우정,서울특별시 강남구 도산대로55길 23
blueribbon,UOVO,서울특별시 강남구 논현로26길 8,Seoul,South Korea,RIBBON_TWO,,,02-2222-2221,,2026,UOVO,37.4819218756209,127.043796290477,2026-02-17T22:29:33.775718+00:00,,,,우오보,서울특별시 강남구 논현로26길 8
blueribbon,왕스덕,서울특별시 강남구 도산대로 130,Seoul,South Korea,RIBBON_TWO,,,02-540-8524,,2026,,37.517187824504305,127.02297603119361,2026-02-17T22:29:33.775718+00:00,,,,왕스덕,서울특별시 강남구 도산대로 130
blueribbon,Hotel Douce,서울특별시 서초구 서래로10길 9,Seoul,South Korea,RIBBON_TWO,,,02-595-5705 ,,2026,Hotel Douce,37.49953,126.9989,2026-02-17T22:29:33.775718+00:00,,,,오뗄두스,서울특별시 서초구 서래로10길 9
blueribbon,외고집설렁탕,서울특별시 강남구 삼성로 555,Seoul,South Korea,RIBBON_TWO,,,02-567-5225 ,,2026,,37.51101489356036,127.05390190668514,2026-02-17T22:29:33.775718+00:00,,,,외고집설렁탕,서울특별시 강남구 삼성로 555
blueribbon,ESSENCE,서울특별시 서초구 반포대로4길 12,Seoul,South Korea,RIBBON_TWO,,,010-8010-5099,,2026,ESSENCE,37.4818351712773,127.01336700925,2026-02-17T22:29:33.775718+00:00,,,,에쌍스,서울특별시 서초구 반포대로4길 12
blueribbon,Allen,서울특별시 강남구 테헤란로 231,Seoul,South Korea,RIBBON_TWO,,,02-6985-7214,,2026,Allen,37.5028813541774,127.041356540268,2026-02-17T22:29:33.775718+00:00,,,,알렌,서울특별시 강남구 테헤란로 231
blueribbon,Alice Bar,서울특별시 강남구 도산대로55길 47,Seoul,South Korea,RIBBON_TWO,,,02-511-8420,,2026,Alice Bar,37.5266775490869,127.040943739564,2026-02-17T22:29:33.775718+00:00,,,,앨리스청담,서울특별시 강남구 도산대로55길 47
blueribbon,Urban Knife,서울특별시 강동구 구천면로100길 11,Seoul,South Korea,RIBBON_TWO,,,0507-1332-5279,,2026,Urban Knife,37.5504097906844,127.171724193164,2026-02-17T22:29:33.775718+00:00,,,,어반나이프,서울특별시 강동구 구천면로100길 11
blueribbon,Stick with Me,서울특별시 강남구 압구정로46길 4,Seoul,South Korea,RIBBON_TWO,,,02-511-4641,,2026,Stick with Me,37.528391947359,127.036640212616,2026-02-17T22:29:33.775718+00:00,,,,스틱윗미,서울특별시 강남구 압구정로46길 4
blueribbon,SUSHI ARAMIZ,서울특별시 강남구 테헤란로 231,Seoul,South Korea,RIBBON_TWO,,,02-6985-7213,,2026,SUSHI ARAMIZ,37.5028813541774,127.041356540268,2026-02-17T22:29:33.775718+00:00,,,,스시아라미즈,서울특별시 강남구 테헤란로 231
blueribbon,스시상현,서울특별시 강남구 도산대로70길 24,Seoul,South Korea,RIBBON_TWO,,,010-7579-6943,,2026,,37.5221099525237,127.045055412969,2026-02-17T22:29:33.775718+00:00,,,,스시상현,서울특별시 강남구 도산대로70길 24
blueribbon,Adore,서울특별시 강남구 선릉로116길 24,Seoul,South Korea,RIBBON_TWO,,,0507-1345-3921,,2026,Adore,37.512809780779634,127.0450942735762,2026-02-17T22:29:33.775718+00:00,,,,아도르,서울특별시 강남구 선릉로116길 24
blueribbon,스시시미즈,서울특별시 강남구 언주로152길 11-3,Seoul,South Korea,RIBBON_TWO,,,02-543-0887,,2026,,37.52294062837627,127.03449836732372,2026-02-17T22:29:33.775718+00:00,,,,스시시미즈,서울특별시 강남구 언주로152길 11-3
blueribbon,SUN THE BUD,서울특별시 강남구 압구정로60길 18,Seoul,South Korea,RIBBON_TWO,,,02-2138-1377 ,,2026,SUN THE BUD,37.52615,127.041687,2026-02-17T22:29:33.775718+00:00,,,,썬더버드,서울특별시 강남구 압구정로60길 18
blueribbon,stay,서울특별시 송파구 올림픽로 300,Seoul,South Korea,RIBBON_TWO,,,02-3213-1230,,2026,stay,37.51375250260386,127.10444609981751,2026-02-17T22:29:33.775718+00:00,,,,스테이,서울특별시 송파구 올림픽로 300
blueribbon,스시코우지,서울특별시 강남구 도산대로 318,Seoul,South Korea,RIBBON_TWO,,,02-541-6200,,2026,,37.5218417619336,127.036895154956,2026-02-17T22:29:33.775718+00:00,,,,스시코우지,서울특별시 강남구 도산대로 318
blueribbon,XINGKAI,서울특별시 강남구 논현로 508,Seoul,South Korea,RIBBON_TWO,,,02-2005-1003,,2026,XINGKAI,37.501898,127.037291,2026-02-17T22:29:33.775718+00:00,,,,싱카이,서울특별시 강남구 논현로 508
blueribbon,Sweets EPI,서울특별시 강남구 선릉로64길 23,Seoul,South Korea,RIBBON_TWO,,,02-419-3276 ,,2026,Sweets EPI,37.49826,127.0542,2026-02-17T22:29:33.775718+00:00,,,,스위트에삐,서울특별시 강남구 선릉로64길 23
blueribbon,신가예촌,서울특별시 서초구 서운로 11,Seoul,South Korea,RIBBON_TWO,,,02-525-0986,,2026,,37.4849946106957,127.029112829918,2026-02-17T22:29:33.775718+00:00,,,,신가예촌,서울특별시 서초구 서운로 11
blueribbon,슈치쿠,서울특별시 영등포구 63로 50,Seoul,South Korea,RIBBON_TWO,,,02-789-5751 ,,2026,,37.5198,126.9401,2026-02-17T22:29:33.775718+00:00,,,,슈치쿠,서울특별시 영등포구 63로 50
blueribbon,스바루,서울특별시 서초구 방배중앙로21길 7,Seoul,South Korea,RIBBON_TWO,,,02-596-4882,,2026,,37.4923799714446,126.986130514897,2026-02-17T22:29:33.775718+00:00,,,,스바루,서울특별시 서초구 방배중앙로21길 7
blueribbon,세야스시,서울특별시 강남구 선릉로148길 40-4,Seoul,South Korea,RIBBON_TWO,,,02-518-2216,,2026,,37.5224466309117,127.042700950101,2026-02-17T22:29:33.775718+00:00,,,,세야스시,서울특별시 강남구 선릉로148길 40-4
blueribbon,서초장어타운,서울특별시 서초구 반포대로28길 77,Seoul,South Korea,RIBBON_TWO,,,02-521-6934 ,,2026,,37.49289,127.0131,2026-02-17T22:29:33.775718+00:00,,,,서초장어타운,서울특별시 서초구 반포대로28길 77
blueribbon,소호정,서울특별시 서초구 논현로 27,Seoul,South Korea,RIBBON_TWO,,,02-579-7282 ,,2026,,37.473216,127.048669,2026-02-17T22:29:33.775718+00:00,,,,소호정,서울특별시 서초구 논현로 27
blueribbon,새벽집,서울특별시 강남구 도산대로101길 6,Seoul,South Korea,RIBBON_TWO,,,02-546-5739,,2026,,37.52548,127.0529,2026-02-17T22:29:33.775718+00:00,,,,새벽집,서울특별시 강남구 도산대로101길 6
blueribbon,Salon du Bouquet,서울특별시 강남구 도산대로81길 16-6,Seoul,South Korea,RIBBON_TWO,,,02-512-4067,,2026,Salon du Bouquet,37.5255834964246,127.048029153978,2026-02-17T22:29:33.775718+00:00,,,,살롱뒤부케,서울특별시 강남구 도산대로81길 16-6
blueribbon,VINHO,서울특별시 강남구 학동로43길 38,Seoul,South Korea,RIBBON_TWO,,,010-9677-2303,,2026,VINHO,37.518458048048,127.038022514319,2026-02-17T22:29:33.775718+00:00,,,,빈호,서울특별시 강남구 학동로43길 38
blueribbon,BUTCHER'S CUT,서울특별시 강남구 언주로 837,Seoul,South Korea,RIBBON_TWO,,,02-6952-5053,,2026,BUTCHER'S CUT,37.5252552599232,127.032752741018,2026-02-17T22:29:33.775718+00:00,,,,붓처스컷(도산점),서울특별시 강남구 언주로 837
blueribbon,BICENA,서울특별시 송파구 올림픽로 300,Seoul,South Korea,RIBBON_TWO,,,02-3213-1261,,2026,BICENA,37.51375250260386,127.10444609981751,2026-02-17T22:29:33.775718+00:00,,,,비채나,서울특별시 송파구 올림픽로 300
blueribbon,Piaf Artisan Chocolatier,서울특별시 강남구 논현로175길 109,Seoul,South Korea,RIBBON_TWO,,,02-545-0317,,2026,Piaf Artisan Chocolatier,37.5223173108567,127.020612195958,2026-02-17T22:29:33.775718+00:00,,,,삐아프,서울특별시 강남구 논현로175길 109
blueribbon,봉피양(방이점),서울특별시 송파구 양재대로71길 1-4,Seoul,South Korea,RIBBON_TWO,,,02-415-5527,,2026,,37.51017,127.126,2026-02-17T22:29:33.775718+00:00,,,,봉피양(방이점),서울특별시 송파구 양재대로71길 1-4
blueribbon,minu.c,서울특별시 강남구 논현로26길 4,Seoul,South Korea,RIBBON_TWO,,,02-6083-8482,,2026,minu.c,37.48170400540631,127.04356958699984,2026-02-17T22:29:33.775718+00:00,,,,미누씨,서울특별시 강남구 논현로26길 4
blueribbon,미우야,서울특별시 서초구 강남대로23길 90,Seoul,South Korea,RIBBON_TWO,,,0507-1335-6348,,2026,,37.47399,127.0354,2026-02-17T22:29:33.775718+00:00,,,,미우야,서울특별시 서초구 강남대로23길 90
blueribbon,mille gâteaux,서울특별시 서초구 서초대로58길 37,Seoul,South Korea,RIBBON_TWO,,,02-585-9997,,2026,mille gâteaux,37.493104,127.018143,2026-02-17T22:29:33.775718+00:00,,,,밀갸또,서울특별시 서초구 서초대로58길 37
blueribbon,봉우리(역삼본점),서울특별시 강남구 논현로94길 25-3,Seoul,South Korea,RIBBON_TWO,,,02-564-8551,,2026,,37.503003,127.038134,2026-02-17T22:29:33.775718+00:00,,,,봉우리(역삼본점),서울특별시 강남구 논현로94길 25-3
blueribbon,벽제갈비,서울특별시 송파구 양재대로71길 1-4,Seoul,South Korea,RIBBON_TWO,,,02-415-5522,,2026,,37.50997,127.1262,2026-02-17T22:29:33.775718+00:00,,,,벽제갈비,서울특별시 송파구 양재대로71길 1-4
blueribbon,백리향,서울특별시 영등포구 63로 50,Seoul,South Korea,RIBBON_TWO,,,02-789-5741 ,,2026,,37.51982,126.9399,2026-02-17T22:29:33.775718+00:00,,,,백리향,서울특별시 영등포구 63로 50
blueribbon,명보당 ,서울특별시 강남구 선릉로158길 13-12,Seoul,South Korea,RIBBON_TWO,,,02-511-5046,,2026,,37.5261419852792,127.041483638144,2026-02-17T22:29:33.775718+00:00,,,,명보당 ,서울특별시 강남구 선릉로158길 13-12
blueribbon,MOTT 32 SEOUL,서울특별시 서초구 신반포로 176,Seoul,South Korea,RIBBON_TWO,,,02-6282-0320,,2026,MOTT 32 SEOUL,37.5039351769908,127.002413006799,2026-02-17T22:29:33.775718+00:00,,,,모트32서울,서울특별시 서초구 신반포로 176
blueribbon,MAISON M'O,서울특별시 서초구 방배로26길 22,Seoul,South Korea,RIBBON_TWO,,,070-4239-3335,,2026,MAISON M'O,37.489277,126.994082,2026-02-17T22:29:33.775718+00:00,,,,메종엠오,서울특별시 서초구 방배로26길 22
blueribbon,만발,서울특별시 서초구 서초대로29길 32,Seoul,South Korea,RIBBON_TWO,,,02-535-7456,,2026,,37.489557,126.995052,2026-02-17T22:29:33.775718+00:00,,,,만발,서울특별시 서초구 서초대로29길 32
blueribbon,Malta Tuna,서울특별시 강남구 삼성로85길 26,Seoul,South Korea,RIBBON_TWO,,,02-508-7861,,2026,Malta Tuna,37.50503,127.055,2026-02-17T22:29:33.775718+00:00,,,,몰타참치,서울특별시 강남구 삼성로85길 26
blueribbon,무등산,서울특별시 강남구 선릉로146길 3,Seoul,South Korea,RIBBON_TWO,,,02-518-4001,,2026,,37.52189,127.04,2026-02-17T22:29:33.775718+00:00,,,,무등산,서울특별시 강남구 선릉로146길 3
blueribbon,만두집,서울특별시 강남구 압구정로 338,Seoul,South Korea,RIBBON_TWO,,,02-544-3710 ,,2026,,37.52789,127.0389,2026-02-17T22:29:33.775718+00:00,,,,만두집,서울특별시 강남구 압구정로 338
blueribbon,Trattoria Rialto,서울특별시 강남구 삼성로149길 13,Seoul,South Korea,RIBBON_TWO,,,02-544-4761,,2026,Trattoria Rialto,37.5231984225484,127.046530194424,2026-02-17T22:29:33.775718+00:00,,,,리알토,서울특별시 강남구 삼성로149길 13
blueribbon,MAMALEE DINING,서울특별시 영등포구 국제금융로 10,Seoul,South Korea,RIBBON_TWO,,,02-6137-9665,,2026,MAMALEE DINING,37.5251775245928,126.924876706923,2026-02-17T22:29:33.775718+00:00,,,,마마리다이닝,서울특별시 영등포구 국제금융로 10
blueribbon,MAILLET,서울특별시 서초구 사평대로22길 14,Seoul,South Korea,RIBBON_TWO,,,02-749-1411 ,,2026,MAILLET,37.4989604535524,126.99760965781,2026-02-17T22:29:33.775718+00:00,,,,마얘,서울특별시 서초구 사평대로22길 14
blueribbon,Lawry's the prime rib,서울특별시 서초구 서초대로 411,Seoul,South Korea,RIBBON_TWO,,,0507-1402-2800,,2026,Lawry's the prime rib,37.49778,127.0262,2026-02-17T22:29:33.775718+00:00,,,,로리스더프라임립,서울특별시 서초구 서초대로 411
blueribbon,SE CHAMBER,서울특별시 강남구 도산대로55길 42,Seoul,South Korea,RIBBON_TWO,,,010-9903-3790,,2026,SE CHAMBER,37.52622,127.0411,2026-02-17T22:29:33.775718+00:00,,,,르챔버,서울특별시 강남구 도산대로55길 42
blueribbon,마루심,서울특별시 서초구 고무래로10길 10,Seoul,South Korea,RIBBON_TWO,,,02-592-8998 ,,2026,,37.50186,127.0105,2026-02-17T22:29:33.775718+00:00,,,,마루심,서울특별시 서초구 고무래로10길 10
blueribbon,Ryunique,서울특별시 강남구 도산대로45길 8-1,Seoul,South Korea,RIBBON_TWO,,,02-546-9279,,2026,Ryunique,37.522953871348,127.036013446545,2026-02-17T22:29:33.775718+00:00,,,,류니끄,서울특별시 강남구 도산대로45길 8-1
blueribbon,Ristorante EO,서울특별시 영등포구 여의대로 108,Seoul,South Korea,RIBBON_TWO,,,02-3277-0651,,2026,Ristorante EO,37.5251913154781,126.929112756574,2026-02-17T22:29:33.775718+00:00,,,,리스토란테에오,서울특별시 영등포구 여의대로 108
blueribbon,SAN,서울특별시 강남구 언주로168길 6,Seoul,South Korea,RIBBON_TWO,,,02-540-1729,,2026,SAN,37.5263562252256,127.033920491416,2026-02-17T22:29:33.775718+00:00,,,,레스토랑산,서울특별시 강남구 언주로168길 6
blueribbon,LÉGUME,서울특별시 강남구 강남대로 652,Seoul,South Korea,RIBBON_TWO,,,0507-1365-1567,,2026,LÉGUME,37.5195101291255,127.019106035326,2026-02-17T22:29:33.775718+00:00,,,,레귬,서울특별시 강남구 강남대로 652
blueribbon,따뚱,서울특별시 서초구 강남대로107길 6,Seoul,South Korea,RIBBON_TWO,,,02-6710-1888 ,,2026,,37.51853,127.0181,2026-02-17T22:29:33.775718+00:00,,,,따뚱,서울특별시 서초구 강남대로107길 6
blueribbon,뜨락,서울특별시 강남구 영동대로142길 13-3,Seoul,South Korea,RIBBON_TWO,,,02-543-2987,,2026,,37.5244,127.0555,2026-02-17T22:29:33.775718+00:00,,,,뜨락,서울특별시 강남구 영동대로142길 13-3
blueribbon,La Saveur,서울특별시 서초구 서래로 24,Seoul,South Korea,RIBBON_TWO,,,02-591-6713 ,,2026,La Saveur,37.49705,126.9985,2026-02-17T22:29:33.775718+00:00,,,,라싸브어,서울특별시 서초구 서래로 24
blueribbon,THE GREAT HONG YUAN,서울특별시 강남구 테헤란로 231,Seoul,South Korea,RIBBON_TWO,,,02-727-7620,,2026,THE GREAT HONG YUAN,37.5028813541774,127.041356540268,2026-02-17T22:29:33.775718+00:00,,,,더그레이트홍연,서울특별시 강남구 테헤란로 231
blueribbon,dexter,서울특별시 강남구 삼성로149길 13,Seoul,South Korea,RIBBON_TWO,,,02-540-4761,,2026,dexter,37.52319959376904,127.04653042140113,2026-02-17T22:29:33.775718+00:00,,,,덱스터,서울특별시 강남구 삼성로149길 13
blueribbon,The Round,서울특별시 강남구 선릉로148길 37,Seoul,South Korea,RIBBON_TWO,,,02-545-4448,,2026,The Round,37.522977,127.042515,2026-02-17T22:29:33.775718+00:00,,,,더라운드,서울특별시 강남구 선릉로148길 37
blueribbon,대치정육식당,서울특별시 강남구 역삼로 450,Seoul,South Korea,RIBBON_TWO,,,02-557-0883,,2026,,37.502187,127.056394,2026-02-17T22:29:33.775718+00:00,,,,대치정육식당,서울특별시 강남구 역삼로 450
blueribbon,대려도,서울특별시 강남구 역삼로 118,Seoul,South Korea,RIBBON_TWO,,,02-555-0550 ,,2026,,37.493389,127.032278,2026-02-17T22:29:33.775718+00:00,,,,대려도,서울특별시 강남구 역삼로 118
blueribbon,collage,서울특별시 강남구 논현로136길 11,Seoul,South Korea,RIBBON_TWO,,,0507-1491-4115,,2026,collage,37.5162242501301,127.031037264311,2026-02-17T22:29:33.775718+00:00,,,,꼴라쥬,서울특별시 강남구 논현로136길 11
blueribbon,COMME MOA,서울특별시 강남구 선릉로135길 29,Seoul,South Korea,RIBBON_TWO,,,02-6958-5330,,2026,COMME MOA,37.5181990350542,127.038222826352,2026-02-17T22:29:33.775718+00:00,,,,꼼모아,서울특별시 강남구 선릉로135길 29
blueribbon,CUISSON82,서울특별시 강남구 양재천로 167,Seoul,South Korea,RIBBON_TWO,,,02-529-3582,,2026,CUISSON82,37.48158,127.0447,2026-02-17T22:29:33.775718+00:00,,,,뀌쏭82,서울특별시 강남구 양재천로 167
blueribbon,Guillaume,서울특별시 강남구 선릉로152길 17,Seoul,South Korea,RIBBON_TWO,,,02-512-6701,,2026,Guillaume,37.52405,127.0411,2026-02-17T22:29:33.775718+00:00,,,,기욤,서울특별시 강남구 선릉로152길 17
blueribbon,Casa del Vino,서울특별시 강남구 선릉로162길 43,Seoul,South Korea,RIBBON_TWO,,,02-542-8003 ,,2026,Casa del Vino,37.526291,127.044077,2026-02-17T22:29:33.775718+00:00,,,,까사델비노,서울특별시 강남구 선릉로162길 43
blueribbon, ,서울특별시 강남구 논현로79길 62,Seoul,South Korea,RIBBON_TWO,,,02-556-3677,,2026, ,37.49624,127.0339,2026-02-17T22:29:33.775718+00:00,,,,고래불,서울특별시 강남구 논현로79길 62
blueribbon,Gombawie,서울특별시 강남구 영동대로115길 10,Seoul,South Korea,RIBBON_TWO,,,02-511-0068 ,,2026,Gombawie,37.51488,127.0588,2026-02-17T22:29:33.775718+00:00,,,,곰바위,서울특별시 강남구 영동대로115길 10
blueribbon,가담,서울특별시 강남구 언주로167길 35,Seoul,South Korea,RIBBON_TWO,,,02-545-5163 ,,2026,,37.5263661402159,127.030258157623,2026-02-17T22:29:33.775718+00:00,,,,가담,서울특별시 강남구 언주로167길 35
blueribbon,강남진해장,서울특별시 강남구 테헤란로5길 11,Seoul,South Korea,RIBBON_TWO,,,02-557-2662 ,,2026,,37.49949430360649,127.02926287275582,2026-02-17T22:29:33.775718+00:00,,,,강남진해장,서울특별시 강남구 테헤란로5길 11
blueribbon,갯바위,서울특별시 관악구 남부순환로216길 13,Seoul,South Korea,RIBBON_TWO,,,02-878-7728,,2026,,37.48083,126.9491,2026-02-17T22:29:33.775718+00:00,,,,갯바위,서울특별시 관악구 남부순환로216길 13
blueribbon,아야진생태찌개,서울특별시 강남구 삼성로108길 8,Seoul,South Korea,RIBBON_ONE,,,02-555-2680 ,,2026,,37.51175,127.0547,2026-02-17T22:29:33.775718+00:00,,,,아야진생태찌개,서울특별시 강남구 삼성로108길 8
blueribbon,La Main de Chef,서울특별시 강남구 강남대로62길 18,Seoul,South Korea,RIBBON_ONE,,,02-6338-6984 ,,2026,La Main de Chef,37.490398,127.033044,2026-02-17T22:29:33.775718+00:00,,,,라망드셰프,서울특별시 강남구 강남대로62길 18
blueribbon,Lisian,서울특별시 서초구 서초대로74길 11,Seoul,South Korea,RIBBON_ONE,,,02-587-6700 ,,2026,Lisian,37.49661,127.0269,2026-02-17T22:29:33.775718+00:00,,,,리샨,서울특별시 서초구 서초대로74길 11
blueribbon,우동명가기리야마본진,서울특별시 강남구 강남대로84길 23,Seoul,South Korea,RIBBON_ONE,,,0507-1401-0068,,2026,,37.49716,127.0304,2026-02-17T22:29:33.775718+00:00,,,,우동명가기리야마본진,서울특별시 강남구 강남대로84길 23
blueribbon,떡함지,서울특별시 송파구 올림픽로 212,Seoul,South Korea,RIBBON_ONE,,,0507-1372-6323,,2026,,37.511007,127.094003,2026-02-17T22:29:33.775718+00:00,,,,떡함지,서울특별시 송파구 올림픽로 212
blueribbon,백년화편,서울특별시 강동구 양재대로81길 32,Seoul,South Korea,RIBBON_ONE,,,1588-5678,,2026,,37.5233052345274,127.132528261747,2026-02-17T22:29:33.775718+00:00,,,,백년화편,서울특별시 강동구 양재대로81길 32
blueribbon,호원당,서울특별시 강남구 압구정로34길 26,Seoul,South Korea,RIBBON_ONE,,,02-511-0855,,2026,,37.526336,127.030513,2026-02-17T22:29:33.775718+00:00,,,,호원당,서울특별시 강남구 압구정로34길 26
blueribbon,조광201,서울특별시 송파구 새말로8길 13,Seoul,South Korea,RIBBON_ONE,,,0507-1392-0503,,2026,,37.4815263519172,127.126776704558,2026-02-17T22:29:33.775718+00:00,,,,조광201,서울특별시 송파구 새말로8길 13
blueribbon,Le Boeuf,서울특별시 영등포구 여의나루로 42,Seoul,South Korea,RIBBON_ONE,,,02-782-0616,,2026,Le Boeuf,37.521470230225,126.924971147893,2026-02-17T22:29:33.775718+00:00,,,,르뵈프,서울특별시 영등포구 여의나루로 42
blueribbon,RANJUKU,서울특별시 강남구 봉은사로82길 31,Seoul,South Korea,RIBBON_ONE,,,0507-1357-3844,,2026,RANJUKU,37.5112123940707,127.055649770696,2026-02-17T22:29:33.775718+00:00,,,,란주쿠,서울특별시 강남구 봉은사로82길 31
blueribbon,Dessertist ,서울특별시 송파구 송파대로48길 37,Seoul,South Korea,RIBBON_ONE,,,0507-1363-3724,,2026,Dessertist ,37.5106818395712,127.107604482119,2026-02-17T22:29:33.775718+00:00,,,,디저티스트,서울특별시 송파구 송파대로48길 37
blueribbon,shoto,서울특별시 강남구 압구정로18길 14-6,Seoul,South Korea,RIBBON_ONE,,,02-512-3625,,2026,shoto,37.52384777173811,127.02430843056398,2026-02-17T22:29:33.775718+00:00,,,,쇼토,서울특별시 강남구 압구정로18길 14-6
blueribbon,ALADDIN'S LAMB,서울특별시 송파구 백제고분로7길 42-16,Seoul,South Korea,RIBBON_ONE,,,02-421-5534 ,,2026,ALADDIN'S LAMB,37.51008,127.0837,2026-02-17T22:29:33.775718+00:00,,,,알라딘의양고기,서울특별시 송파구 백제고분로7길 42-16
blueribbon,서궁,서울특별시 영등포구 국제금융로 86,Seoul,South Korea,RIBBON_ONE,,,02-780-7548 ,,2026,,37.52020494927552,126.93180215312694,2026-02-17T22:29:33.775718+00:00,,,,서궁,서울특별시 영등포구 국제금융로 86
blueribbon,강남면옥,서울특별시 강남구 논현로152길 34,Seoul,South Korea,RIBBON_ONE,,,02-3446-5539 ,,2026,,37.52141,127.0309,2026-02-17T22:29:33.775718+00:00,,,,강남면옥,서울특별시 강남구 논현로152길 34
blueribbon,서글렁탕,서울특별시 영등포구 여의대방로 394,Seoul,South Korea,RIBBON_ONE,,,02-780-8858 ,,2026,,37.51942,126.933,2026-02-17T22:29:33.775718+00:00,,,,서글렁탕,서울특별시 영등포구 여의대방로 394
blueribbon,영동설렁탕,서울특별시 서초구 강남대로101안길 24,Seoul,South Korea,RIBBON_ONE,,,02-543-4716,,2026,,37.51616,127.0174,2026-02-17T22:29:33.775718+00:00,,,,영동설렁탕,서울특별시 서초구 강남대로101안길 24
blueribbon,BEunusual,서울특별시 강남구 선릉로108길 5,Seoul,South Korea,RIBBON_ONE,,,0507-1428-7828,,2026,BEunusual,37.5095752689071,127.0446101651,2026-02-17T22:29:33.775718+00:00,,,,비언유주얼,서울특별시 강남구 선릉로108길 5
blueribbon,아선재,서울특별시 강남구 영동대로 333,Seoul,South Korea,RIBBON_ONE,,,02-6339-1112,,2026,,37.504150929638236,127.06487179442593,2026-02-17T22:29:33.775718+00:00,,,,아선재,서울특별시 강남구 영동대로 333
blueribbon,성민양꼬치,서울특별시 관악구 관악로16길 38,Seoul,South Korea,RIBBON_ONE,,,02-888-8665 ,,2026,,37.47968,126.9547,2026-02-17T22:29:33.775718+00:00,,,,성민양꼬치,서울특별시 관악구 관악로16길 38
blueribbon,청와옥,서울특별시 송파구 위례성대로 48,Seoul,South Korea,RIBBON_ONE,,,02-416-3456 ,,2026,,37.515315163777615,127.11752862698826,2026-02-17T22:29:33.775718+00:00,,,,청와옥,서울특별시 송파구 위례성대로 48
blueribbon,TAOYUEN STYLE,서울특별시 강남구 압구정로 165,Seoul,South Korea,RIBBON_ONE,,,0507-1329-5890,,2026,TAOYUEN STYLE,37.5273661232786,127.027468526838,2026-02-17T22:29:33.775718+00:00,,,,도원스타일(압구정점),서울특별시 강남구 압구정로 165
blueribbon,Imperato,서울특별시 송파구 올림픽로37길 130,Seoul,South Korea,RIBBON_ONE,,,02-420-2131 ,,2026,Imperato,37.521061,127.104461,2026-02-17T22:29:33.775718+00:00,,,,임뻬라또,서울특별시 송파구 올림픽로37길 130
blueribbon,Le Jiu,서울특별시 서초구 사평대로26길 40,Seoul,South Korea,RIBBON_ONE,,,02-3476-7036,,2026,Le Jiu,37.498314991796,126.998912893897,2026-02-17T22:29:33.775718+00:00,,,,르지우,서울특별시 서초구 사평대로26길 40
blueribbon,Tombola,서울특별시 서초구 서래로7길 16,Seoul,South Korea,RIBBON_ONE,,,02-593-4660,,2026,Tombola,37.49882,126.9975,2026-02-17T22:29:33.775718+00:00,,,,톰볼라,서울특별시 서초구 서래로7길 16
blueribbon,진주집,서울특별시 영등포구 국제금융로6길 33,Seoul,South Korea,RIBBON_ONE,,,02-780-6108 ,,2026,,37.52134,126.9274,2026-02-17T22:29:33.775718+00:00,,,,진주집,서울특별시 영등포구 국제금융로6길 33
blueribbon,원주추어탕,서울특별시 강남구 봉은사로2길 3,Seoul,South Korea,RIBBON_ONE,,,02-557-8647 ,,2026,,37.5043812274429,127.025558842904,2026-02-17T22:29:33.775718+00:00,,,,원주추어탕,서울특별시 강남구 봉은사로2길 3
blueribbon,덕원,서울특별시 영등포구 버드나루로6길 6,Seoul,South Korea,RIBBON_ONE,,,02-2634-8663 ,,2026,,37.52225,126.912,2026-02-17T22:29:33.775718+00:00,,,,덕원,서울특별시 영등포구 버드나루로6길 6
blueribbon,길풍식당,서울특별시 영등포구 양평로 118,Seoul,South Korea,RIBBON_ONE,,,02-2634-1359 ,,2026,,37.5378376344984,126.894643881557,2026-02-17T22:29:33.775718+00:00,,,,길풍식당,서울특별시 영등포구 양평로 118
blueribbon,등나무집,서울특별시 동작구 대림로 52,Seoul,South Korea,RIBBON_ONE,,,02-843-8989 ,,2026,,37.48816,126.9079,2026-02-17T22:29:33.775718+00:00,,,,등나무집,서울특별시 동작구 대림로 52
blueribbon,첨벙아구찜,서울특별시 강남구 강남대로150길 12,Seoul,South Korea,RIBBON_ONE,,,02-543-8873,,2026,,37.51579,127.0209,2026-02-17T22:29:33.775718+00:00,,,,첨벙아구찜,서울특별시 강남구 강남대로150길 12
blueribbon,삼거리먼지막순대국,서울특별시 영등포구 시흥대로185길 11,Seoul,South Korea,RIBBON_ONE,,,02-848-2469,,2026,,37.491696,126.90722,2026-02-17T22:29:33.775718+00:00,,,,삼거리먼지막순대국,서울특별시 영등포구 시흥대로185길 11
blueribbon,오복꼬리곰탕,서울특별시 서초구 강남대로97길 16,Seoul,South Korea,RIBBON_ONE,,,02-542-4610,,2026,,37.514777,127.018792,2026-02-17T22:29:33.775718+00:00,,,,오복꼬리곰탕,서울특별시 서초구 강남대로97길 16
blueribbon,대문점,서울특별시 영등포구 영중로10길 30,Seoul,South Korea,RIBBON_ONE,,,02-2678-3256,,2026,,37.518566,126.908564,2026-02-17T22:29:33.775718+00:00,,,,대문점,서울특별시 영등포구 영중로10길 30
blueribbon,소나무집,서울특별시 서초구 식유촌길 71,Seoul,South Korea,RIBBON_ONE,,,02-577-9292 ,,2026,,37.458346,127.011579,2026-02-17T22:29:33.775718+00:00,,,,소나무집,서울특별시 서초구 식유촌길 71
blueribbon,brandnewhimont,서울특별시 강동구 천호옛14길 11,Seoul,South Korea,RIBBON_ONE,,,02-478-2402 ,,2026,brandnewhimont,37.536433399041,127.126157127477,2026-02-17T22:29:33.775718+00:00,,,,브랜뉴하이몬드,서울특별시 강동구 천호옛14길 11
blueribbon,CONTE DE TULEAR,서울특별시 강남구 도산대로49길 39,Seoul,South Korea,RIBBON_ONE,,,070-8846-8490,,2026,CONTE DE TULEAR,37.5255631741936,127.036889294894,2026-02-17T22:29:33.775718+00:00,,,,꽁티드툴레아,서울특별시 강남구 도산대로49길 39
blueribbon,GORDON RAMSAY burger,서울특별시 송파구 올림픽로 300,Seoul,South Korea,RIBBON_ONE,,,02-3213-4797,,2026,GORDON RAMSAY burger,37.5137519612953,127.104446890835,2026-02-17T22:29:33.775718+00:00,,,,고든램지버거,서울특별시 송파구 올림픽로 300
blueribbon,압구정진주,서울특별시 강남구 압구정로46길 5-10,Seoul,South Korea,RIBBON_ONE,,,070-4120-8788 ,,2026,,37.5279203642126,127.037497633767,2026-02-17T22:29:33.775718+00:00,,,,압구정진주,서울특별시 강남구 압구정로46길 5-10
blueribbon,mememi GARDEN,서울특별시 강남구 도산대로 417,Seoul,South Korea,RIBBON_ONE,,,02-514-8765 ,,2026,mememi GARDEN,37.523811310561,127.041117630865,2026-02-17T22:29:33.775718+00:00,,,,미미미가든,서울특별시 강남구 도산대로 417
blueribbon,압구정면옥,서울특별시 강남구 압구정로30길 16,Seoul,South Korea,RIBBON_ONE,,,02-516-3016 ,,2026,,37.52646320855546,127.02906072050142,2026-02-17T22:29:33.775718+00:00,,,,압구정면옥,서울특별시 강남구 압구정로30길 16
blueribbon,STONE+WATER,서울특별시 송파구 가락로 283,Seoul,South Korea,RIBBON_ONE,,,02-6013-9593,,2026,STONE+WATER,37.5131208985041,127.119821871507,2026-02-17T22:29:33.775718+00:00,,,,스톤앤워터,서울특별시 송파구 가락로 283
blueribbon,GRAY GRISTMILL,서울특별시 강남구 압구정로2길 15,Seoul,South Korea,RIBBON_ONE,,,02-546-8902 ,,2026,GRAY GRISTMILL,37.5207186841862,127.019955768192,2026-02-17T22:29:33.775718+00:00,,,,그레이그리스트밀,서울특별시 강남구 압구정로2길 15
blueribbon,devastate,서울특별시 강남구 선릉로162길 51,Seoul,South Korea,RIBBON_ONE,,,070-7717-6100,,2026,devastate,37.526127,127.044787,2026-02-17T22:29:33.775718+00:00,,,,데바스테이트,서울특별시 강남구 선릉로162길 51
blueribbon,FIBEVREWING,서울특별시 서초구 서초대로27길 15,Seoul,South Korea,RIBBON_ONE,,,02-593-3578,,2026,FIBEVREWING,37.488809874587,126.994502515981,2026-02-17T22:29:33.775718+00:00,,,,파이브브루잉,서울특별시 서초구 서초대로27길 15
blueribbon,COFFEE FIEL,서울특별시 강남구 논현로149길 62,Seoul,South Korea,RIBBON_ONE,,,0507-1407-8138,,2026,COFFEE FIEL,37.51697,127.0236,2026-02-17T22:29:33.775718+00:00,,,,커피휘엘,서울특별시 강남구 논현로149길 62
blueribbon,Within Coffee,서울특별시 송파구 가락로17길 4-9,Seoul,South Korea,RIBBON_ONE,,,0507-1374-3075,,2026,Within Coffee,37.5027670147241,127.110766419496,2026-02-17T22:29:33.775718+00:00,,,,위딘커피,서울특별시 송파구 가락로17길 4-9
blueribbon,February Roasters,서울특별시 송파구 백제고분로45길 14,Seoul,South Korea,RIBBON_ONE,,,070-8839-1004,,2026,February Roasters,37.5096796932223,127.11000582851,2026-02-17T22:29:33.775718+00:00,,,,이월로스터스 ,서울특별시 송파구 백제고분로45길 14
blueribbon,VAULT82,서울특별시 강남구 압구정로72길 22,Seoul,South Korea,RIBBON_ONE,,,02-544-9235,,2026,VAULT82,37.52497,127.045,2026-02-17T22:29:33.775718+00:00,,,,볼트스테이크하우스,서울특별시 강남구 압구정로72길 22
blueribbon,가네끼스시,서울특별시 동작구 보라매로5가길 16,Seoul,South Korea,RIBBON_ONE,,,02-831-3472 ,,2026,,37.491243,126.924082,2026-02-17T22:29:33.775718+00:00,,,,가네끼스시,서울특별시 동작구 보라매로5가길 16
blueribbon,진지아,서울특별시 송파구 백제고분로41길 12-9,Seoul,South Korea,RIBBON_ONE,,,02-418-5354,,2026,,37.50757900481695,127.1082467397109,2026-02-17T22:29:33.775718+00:00,,,,진지아,서울특별시 송파구 백제고분로41길 12-9
blueribbon,Jean Boulangerie,서울특별시 관악구 낙성대역길 8,Seoul,South Korea,RIBBON_ONE,,,02-889-5170 ,,2026,Jean Boulangerie,37.47720087747186,126.9619863012828,2026-02-17T22:29:33.775718+00:00,,,,쟝블랑제리,서울특별시 관악구 낙성대역길 8
blueribbon,Charmandre,서울특별시 송파구 오금로16길 4-15,Seoul,South Korea,RIBBON_ONE,,,02-422-0812,,2026,Charmandre,37.5112193646564,127.108309794125,2026-02-17T22:29:33.775718+00:00,,,,차만다,서울특별시 송파구 오금로16길 4-15
blueribbon,chick peace,서울특별시 강남구 강남대로152길 69,Seoul,South Korea,RIBBON_ONE,,,02-6956-6780,,2026,chick peace,37.51912282497437,127.02473222317606,2026-02-17T22:29:33.775718+00:00,,,,칙피스 ,서울특별시 강남구 강남대로152길 69
blueribbon,El Tapeo,서울특별시 관악구 봉천로 580,Seoul,South Korea,RIBBON_ONE,,,02-882-8835 ,,2026,El Tapeo,37.476844,126.961775,2026-02-17T22:29:33.775718+00:00,,,,엘따뻬오,서울특별시 관악구 봉천로 580
blueribbon,bistro MOHING,서울특별시 관악구 남부순환로226길 36,Seoul,South Korea,RIBBON_ONE,,,02-873-5164,,2026,bistro MOHING,37.479028,126.953504,2026-02-17T22:29:33.775718+00:00,,,,모힝,서울특별시 관악구 남부순환로226길 36
blueribbon,스시욘즈,서울특별시 강남구 삼성로96길 11,Seoul,South Korea,RIBBON_ONE,,,010-5225-6210,,2026,,37.5089551867803,127.056808306719,2026-02-17T22:29:33.775718+00:00,,,,스시욘즈,서울특별시 강남구 삼성로96길 11
blueribbon,Sushi Ai,서울특별시 영등포구 국회대로76길 18,Seoul,South Korea,RIBBON_ONE,,,0507-1417-0136,,2026,Sushi Ai,37.52994,126.922215,2026-02-17T22:29:33.775718+00:00,,,,스시아이,서울특별시 영등포구 국회대로76길 18
blueribbon,김수사,서울특별시 강남구 도산대로12길 7,Seoul,South Korea,RIBBON_ONE,,,02-542-5235,,2026,,37.5172302884873,127.023751904221,2026-02-17T22:29:33.775718+00:00,,,,김수사,서울특별시 강남구 도산대로12길 7
blueribbon,Sushi Go,서울특별시 서초구 사평대로22길 15,Seoul,South Korea,RIBBON_ONE,,,02-595-4700 ,,2026,Sushi Go,37.49889,126.9979,2026-02-17T22:29:33.775718+00:00,,,,스시고,서울특별시 서초구 사평대로22길 15
blueribbon,BORNYON,서울특별시 강남구 논현로 742,Seoul,South Korea,RIBBON_ONE,,,0507-1434-0923,,2026,BORNYON,37.5182839563241,127.029223038718,2026-02-17T22:29:33.775718+00:00,,,,본연,서울특별시 강남구 논현로 742
blueribbon,면서울by윤,서울특별시 강남구 선릉로 805,Seoul,South Korea,RIBBON_ONE,,,0507-1449-8878,,2026,,37.5241263043193,127.038982210697,2026-02-17T22:29:33.775718+00:00,,,,면서울by윤,서울특별시 강남구 선릉로 805
blueribbon,달리아다이닝,서울특별시 강남구 도산대로45길 14,Seoul,South Korea,RIBBON_ONE,,,070-4482-0102,,2026,,37.5232258722082,127.035755766179,2026-02-17T22:29:33.775718+00:00,,,,달리아다이닝,서울특별시 강남구 도산대로45길 14
blueribbon,우주옥,서울특별시 강남구 도산대로70길 9,Seoul,South Korea,RIBBON_ONE,,,070-4168-4812 ,,2026,,37.5230539498747,127.045246821503,2026-02-17T22:29:33.775718+00:00,,,,우주옥,서울특별시 강남구 도산대로70길 9
blueribbon,송하정스시,서울특별시 강동구 상일로 39-8,Seoul,South Korea,RIBBON_ONE,,,0507-1407-9482,,2026,,37.550696993229145,127.17224337890242,2026-02-17T22:29:33.775718+00:00,,,,송하정스시,서울특별시 강동구 상일로 39-8
blueribbon,려,서울특별시 관악구 봉천로 456,Seoul,South Korea,RIBBON_ONE,,,0507-1416-1436,,2026,,37.4821054065899,126.950487720839,2026-02-17T22:29:33.775718+00:00,,,,려,서울특별시 관악구 봉천로 456
blueribbon,MUTAN,서울특별시 강남구 논현로176길 22,Seoul,South Korea,RIBBON_ONE,,,02-549-9339 ,,2026,MUTAN,37.5272989341349,127.030310574565,2026-02-17T22:29:33.775718+00:00,,,,무탄,서울특별시 강남구 논현로176길 22
blueribbon,TRATTORIA SAM KIM,서울특별시 강남구 도산대로49길 10-3,Seoul,South Korea,RIBBON_ONE,,,02-511-3334,,2026,TRATTORIA SAM KIM,37.5238090344097,127.037677142475,2026-02-17T22:29:33.775718+00:00,,,,뜨라또리아샘킴,서울특별시 강남구 도산대로49길 10-3
blueribbon,CROWN PIG,서울특별시 강남구 강남대로156길 17-1,Seoul,South Korea,RIBBON_ONE,,,02-512-5700,,2026,CROWN PIG,37.51852177044802,127.02046975493539,2026-02-17T22:29:33.775718+00:00,,,,크라운돼지,서울특별시 강남구 강남대로156길 17-1
blueribbon,멘야미코,서울특별시 강남구 삼성로 642,Seoul,South Korea,RIBBON_ONE,,,02-511-1227,,2026,,37.517356,127.051313,2026-02-17T22:29:33.775718+00:00,,,,멘야미코,서울특별시 강남구 삼성로 642
blueribbon,JOWU,서울특별시 강남구 논현로 831,Seoul,South Korea,RIBBON_ONE,,,02-547-5800,,2026,JOWU,37.5225808095194,127.027855578503,2026-02-17T22:29:33.775718+00:00,,,,조우,서울특별시 강남구 논현로 831
blueribbon,CHUNGDAM NINE,서울특별시 강남구 삼성로 634,Seoul,South Korea,RIBBON_ONE,,,02-2002-9800,,2026,CHUNGDAM NINE,37.5166377998582,127.051864456444,2026-02-17T22:29:33.775718+00:00,,,,청담나인,서울특별시 강남구 삼성로 634
blueribbon,청담백송,서울특별시 강남구 도산대로100길 13,Seoul,South Korea,RIBBON_ONE,,,0507-1357-9303 ,,2026,,37.5238228613413,127.052038439495,2026-02-17T22:29:33.775718+00:00,,,,청담백송,서울특별시 강남구 도산대로100길 13
blueribbon,한우면개나리(압구정본점),서울특별시 강남구 압구정로30길 17,Seoul,South Korea,RIBBON_ONE,,,02-547-0325,,2026,,37.5263301884169,127.029553686621,2026-02-17T22:29:33.775718+00:00,,,,한우면개나리(압구정본점),서울특별시 강남구 압구정로30길 17
blueribbon,IRORIYAKI SAI,서울특별시 강남구 언주로151길 17,Seoul,South Korea,RIBBON_ONE,,,0507-1331-4242,,2026,IRORIYAKI SAI,37.5218357995893,127.032006786603,2026-02-17T22:29:33.775718+00:00,,,,사이,서울특별시 강남구 언주로151길 17
blueribbon,UUUM Eatery & Bakery,서울특별시 강남구 논현로28길 47,Seoul,South Korea,RIBBON_ONE,,,02-572-2023,,2026,UUUM Eatery & Bakery,37.4846790484395,127.045475354701,2026-02-17T22:29:33.775718+00:00,,,,음이터리,서울특별시 강남구 논현로28길 47
blueribbon,대삼식당,서울특별시 강남구 학동로41길 23,Seoul,South Korea,RIBBON_ONE,,,02-545-2255,,2026,,37.5174902364919,127.036153686218,2026-02-17T22:29:33.775718+00:00,,,,대삼식당,서울특별시 강남구 학동로41길 23
blueribbon,더형제,서울특별시 강남구 학동로 110,Seoul,South Korea,RIBBON_ONE,,,0507-1408-7003,,2026,,37.511362188877,127.02305070551,2026-02-17T22:29:33.775718+00:00,,,,더형제,서울특별시 강남구 학동로 110
blueribbon,ANSEOLI BAKING LAB,서울특별시 강남구 삼성로 755,Seoul,South Korea,RIBBON_ONE,,,0507-1489-5955,,2026,ANSEOLI BAKING LAB,37.5222713073295,127.048064135117,2026-02-17T22:29:33.775718+00:00,,,,안서리베이킹랩,서울특별시 강남구 삼성로 755
blueribbon,Royal Cake,서울특별시 강남구 선릉로161길 25,Seoul,South Korea,RIBBON_ONE,,,02-541-8914,,2026,Royal Cake,37.5274075022415,127.038375612826,2026-02-17T22:29:33.775718+00:00,,,,로얄케익,서울특별시 강남구 선릉로161길 25
blueribbon,영천영화(청담점),서울특별시 강남구 도산대로90길 3,Seoul,South Korea,RIBBON_ONE,,,02-3442-0381 ,,2026,,37.52394,127.0496,2026-02-17T22:29:33.775718+00:00,,,,영천영화(청담점),서울특별시 강남구 도산대로90길 3
blueribbon,monert,서울특별시 강남구 선릉로68길 7,Seoul,South Korea,RIBBON_ONE,,,070-4798-1213,,2026,monert,37.4990662136131,127.052295606682,2026-02-17T22:29:33.775718+00:00,,,,모너트,서울특별시 강남구 선릉로68길 7
blueribbon,츠키요와,서울특별시 강남구 선릉로158길 13-12,Seoul,South Korea,RIBBON_ONE,,,02-548-0824,,2026,,37.5261419852792,127.041483638144,2026-02-17T22:29:33.775718+00:00,,,,츠키요와,서울특별시 강남구 선릉로158길 13-12
blueribbon,UZINGA,서울특별시 서초구 법원로4길 32,Seoul,South Korea,RIBBON_ONE,,,02-537-4234,,2026,UZINGA,37.494649871484306,127.0123077962813,2026-02-17T22:29:33.775718+00:00,,,,우진가,서울특별시 서초구 법원로4길 32
blueribbon,툇마루밥상,서울특별시 송파구 송파대로 111,Seoul,South Korea,RIBBON_ONE,,,02-409-6979 ,,2026,,37.4796683841344,127.124913859704,2026-02-17T22:29:33.775718+00:00,,,,툇마루밥상,서울특별시 송파구 송파대로 111
blueribbon,small talk,서울특별시 영등포구 당산로 161-7,Seoul,South Korea,RIBBON_ONE,,,0507-1323-305,,2026,small talk,37.529029935862,126.89734126539,2026-02-17T22:29:33.775718+00:00,,,,스몰톡,서울특별시 영등포구 당산로 161-7
blueribbon,Texas de Brazil,서울특별시 서초구 사평대로 205,Seoul,South Korea,RIBBON_ONE,,,0507-1367-5031,,2026,Texas de Brazil,37.504425,127.00776,2026-02-17T22:29:33.775718+00:00,,,,텍사스데브라질,서울특별시 서초구 사평대로 205
blueribbon,Carols,서울특별시 송파구 올림픽로 300,Seoul,South Korea,RIBBON_ONE,,,02-3213-4370,,2026,Carols,37.5137519612953,127.104446890835,2026-02-17T22:29:33.775718+00:00,,,,캐롤스,서울특별시 송파구 올림픽로 300
blueribbon,곱(문래점),서울특별시 영등포구 당산로 34,Seoul,South Korea,RIBBON_ONE,,,02-2633-5201,,2026,,37.5174631210953,126.896493699106,2026-02-17T22:29:33.775718+00:00,,,,곱(문래점),서울특별시 영등포구 당산로 34
blueribbon,해월,서울특별시 강남구 언주로150길 24,Seoul,South Korea,RIBBON_ONE,,,0507-1377-3751,,2026,,37.5213133462612,127.036240598407,2026-02-17T22:29:33.775718+00:00,,,,해월,서울특별시 강남구 언주로150길 24
blueribbon,월화갈비,서울특별시 영등포구 경인로79길 17,Seoul,South Korea,RIBBON_ONE,,,02-2678-7592,,2026,,37.5133146983831,126.893528263865,2026-02-17T22:29:33.775718+00:00,,,,월화갈비,서울특별시 영등포구 경인로79길 17
blueribbon,히키니쿠토코메도산,서울특별시 강남구 선릉로155길 21,Seoul,South Korea,RIBBON_ONE,,,02-545-1129,,2026,,37.5254955370963,127.037938072114,2026-02-17T22:29:33.775718+00:00,,,,히키니쿠토코메도산,서울특별시 강남구 선릉로155길 21
blueribbon,HWACHOONOK CHEONGDAM,서울특별시 강남구 도산대로50길 15,Seoul,South Korea,RIBBON_ONE,,,02-511-1945,,2026,HWACHOONOK CHEONGDAM,37.5214834460024,127.037710249005,2026-02-17T22:29:33.775718+00:00,,,,화춘옥청담,서울특별시 강남구 도산대로50길 15
blueribbon,늘복집,서울특별시 강남구 밤고개로14길 13-48,Seoul,South Korea,RIBBON_ONE,,,02-459-3347,,2026,,37.479473537579,127.102804582731,2026-02-17T22:29:33.775718+00:00,,,,늘복집,서울특별시 강남구 밤고개로14길 13-48
blueribbon,혜장국,서울특별시 서초구 사평대로56길 4,Seoul,South Korea,RIBBON_ONE,,,02-595-3339 ,,2026,,37.5034603568189,127.022680491549,2026-02-17T22:29:33.775718+00:00,,,,혜장국,서울특별시 서초구 사평대로56길 4
blueribbon,황푸차이나,서울특별시 강동구 양재대로 1590,Seoul,South Korea,RIBBON_ONE,,,02-442-1211 ,,2026,,37.5474482522073,127.143698245033,2026-02-17T22:29:33.775718+00:00,,,,황푸차이나,서울특별시 강동구 양재대로 1590
blueribbon,히까리,서울특별시 강남구 강남대로 506,Seoul,South Korea,RIBBON_ONE,,,0507-1392-8793,,2026,,37.50742,127.0235,2026-02-17T22:29:33.775718+00:00,,,,히까리,서울특별시 강남구 강남대로 506
blueribbon,히노야마,서울특별시 양천구 목동서로 349,Seoul,South Korea,RIBBON_ONE,,,0507-1305-8667,,2026,,37.517373,126.865309,2026-02-17T22:29:33.775718+00:00,,,,히노야마,서울특별시 양천구 목동서로 349
blueribbon,해남천일관,서울특별시 서초구 반포대로39길 36-1,Seoul,South Korea,RIBBON_ONE,,,02-568-7775,,2026,,37.4986606964681,127.001972587035,2026-02-17T22:29:33.775718+00:00,,,,해남천일관,서울특별시 서초구 반포대로39길 36-1
blueribbon,해동복국(동여의도점),서울특별시 영등포구 여의대방로67길 22,Seoul,South Korea,RIBBON_ONE,,,02-783-6011,,2026,,37.5207013372117,126.929997650238,2026-02-17T22:29:33.775718+00:00,,,,해동복국(동여의도점),서울특별시 영등포구 여의대방로67길 22
blueribbon,FAIT MAISON,서울특별시 송파구 잠실로 209,Seoul,South Korea,RIBBON_ONE,,,02-2092-6100,,2026,FAIT MAISON,37.5138710747422,127.106364392884,2026-02-17T22:29:33.775718+00:00,,,,페메종,서울특별시 송파구 잠실로 209
blueribbon,PUN JU,서울특별시 송파구 새말로 114,Seoul,South Korea,RIBBON_ONE,,,02-408-6444,,2026,PUN JU,37.4826273644389,127.126626946849,2026-02-17T22:29:33.775718+00:00,,,,푼주,서울특별시 송파구 새말로 114
blueribbon,한우리,서울특별시 강남구 도산대로 304,Seoul,South Korea,RIBBON_ONE,,,02-545-3334,,2026,,37.5211495474917,127.034729328677,2026-02-17T22:29:33.775718+00:00,,,,한우리,서울특별시 강남구 도산대로 304
blueribbon,Francaise,서울특별시 동작구 현충로 96,Seoul,South Korea,RIBBON_ONE,,,0507-1349-5265,,2026,Francaise,37.507901,126.964262,2026-02-17T22:29:33.775718+00:00,,,,프랑세즈,서울특별시 동작구 현충로 96
blueribbon,하모,서울특별시 강남구 언주로 819,Seoul,South Korea,RIBBON_ONE,,,02-515-4266,,2026,,37.523315,127.032782,2026-02-17T22:29:33.775718+00:00,,,,하모,서울특별시 강남구 언주로 819
blueribbon,한성돈까스,서울특별시 서초구 강남대로97길 10,Seoul,South Korea,RIBBON_ONE,,,02-540-7054 ,,2026,,37.5147588693048,127.019094304612,2026-02-17T22:29:33.775718+00:00,,,,한성돈까스,서울특별시 서초구 강남대로97길 10
blueribbon,평미가,서울특별시 양천구 목동동로10길 16,Seoul,South Korea,RIBBON_ONE,,,02-2644-0721 ,,2026,,37.51892,126.8715,2026-02-17T22:29:33.775718+00:00,,,,평미가,서울특별시 양천구 목동동로10길 16
blueribbon,피양콩할마니,서울특별시 강남구 삼성로81길 30,Seoul,South Korea,RIBBON_ONE,,,02-508-0476 ,,2026,,37.5041098746658,127.055240972615,2026-02-17T22:29:33.775718+00:00,,,,피양콩할마니,서울특별시 강남구 삼성로81길 30
blueribbon,Trouver,서울특별시 강남구 도산대로11길 31-10,Seoul,South Korea,RIBBON_ONE,,,010-5849-0931,,2026,Trouver,37.5193147149293,127.021640185144,2026-02-17T22:29:33.775718+00:00,,,,토우베,서울특별시 강남구 도산대로11길 31-10
blueribbon,키고,서울특별시 강남구 삼성로149길 13,Seoul,South Korea,RIBBON_ONE,,,0507-1421-5929,,2026,,37.5231984225484,127.046530194424,2026-02-17T22:29:33.775718+00:00,,,,키고,서울특별시 강남구 삼성로149길 13
blueribbon,키라메키,서울특별시 강남구 도산대로28길 18,Seoul,South Korea,RIBBON_ONE,,,010-3894-2356,,2026,,37.5180657989333,127.028212028125,2026-02-17T22:29:33.775718+00:00,,,,키라메키,서울특별시 강남구 도산대로28길 18
blueribbon,kushikawa,서울특별시 강남구 논현로24길 37,Seoul,South Korea,RIBBON_ONE,,,02-579-0538,,2026,kushikawa,37.4827269349012,127.045678929685,2026-02-17T22:29:33.775718+00:00,,,,쿠시카와,서울특별시 강남구 논현로24길 37
blueribbon,KIHEI Coffee,서울특별시 강남구 봉은사로78길 15,Seoul,South Korea,RIBBON_ONE,,,0507-1469-1252,,2026,KIHEI Coffee,37.5118320645968,127.053194780969,2026-02-17T22:29:33.775718+00:00,,,,키헤이커피,서울특별시 강남구 봉은사로78길 15
blueribbon,팔화당,서울특별시 송파구 송파대로 201,Seoul,South Korea,RIBBON_ONE,,,02-526-8566,,2026,,37.4877387829749,127.120685887596,2026-02-17T22:29:33.775718+00:00,,,,팔화당,서울특별시 송파구 송파대로 201
blueribbon,팔식당,서울특별시 강남구 도산대로90길 7,Seoul,South Korea,RIBBON_ONE,,,02-3444-8877,,2026,,37.5237373375472,127.049353121756,2026-02-17T22:29:33.775718+00:00,,,,팔식당,서울특별시 강남구 도산대로90길 7
blueribbon,patisserie sona,서울특별시 양천구 목동중앙북로5길 34,Seoul,South Korea,RIBBON_ONE,,,02-2606-4454 ,,2026,patisserie sona,37.5497060138632,126.866308526225,2026-02-17T22:29:33.775718+00:00,,,,파티세리소나,서울특별시 양천구 목동중앙북로5길 34
blueribbon,태천옥,서울특별시 구로구 개봉로 9,Seoul,South Korea,RIBBON_ONE,,,02-2613-6317 ,,2026,,37.48654040068214,126.85617585284692,2026-02-17T22:29:33.775718+00:00,,,,태천옥,서울특별시 구로구 개봉로 9
blueribbon,KUNSOMCHAI,서울특별시 서초구 서초대로53길 23,Seoul,South Korea,RIBBON_ONE,,,02-596-6411,,2026,KUNSOMCHAI,37.4961957717521,127.0143254664647,2026-02-17T22:29:33.775718+00:00,,,,쿤쏨차이,서울특별시 서초구 서초대로53길 23
blueribbon,타쿠미곤,서울특별시 강남구 도산대로58길 14,Seoul,South Korea,RIBBON_ONE,,,02-595-1935 ,,2026,,37.5224125341187,127.041289942082,2026-02-17T22:29:33.775718+00:00,,,,타쿠미곤,서울특별시 강남구 도산대로58길 14
blueribbon,KuMa,서울특별시 영등포구 여의대방로69길 7,Seoul,South Korea,RIBBON_ONE,,,02-2645-7222 ,,2026,KuMa,37.519724,126.931242,2026-02-17T22:29:33.775718+00:00,,,,쿠마,서울특별시 영등포구 여의대방로69길 7
blueribbon,Treeanon,서울특별시 강남구 학동로59길 43,Seoul,South Korea,RIBBON_ONE,,,070-8129-5955,,2026,Treeanon,37.520284,127.044556,2026-02-17T22:29:33.775718+00:00,,,,트리아농,서울특별시 강남구 학동로59길 43
blueribbon,파크루안,서울특별시 강남구 논현로 430,Seoul,South Korea,RIBBON_ONE,,,02-562-5565 ,,2026,,37.498963,127.038343,2026-02-17T22:29:33.775718+00:00,,,,파크루안,서울특별시 강남구 논현로 430
blueribbon,PaPaho,서울특별시 강남구 영동대로137길 3,Seoul,South Korea,RIBBON_ONE,,,02-543-6885,,2026,PaPaho,37.5217938336297,127.055341903929,2026-02-17T22:29:33.775718+00:00,,,,파파호,서울특별시 강남구 영동대로137길 3
blueribbon,CHIBO,서울특별시 강남구 강남대로154길 21,Seoul,South Korea,RIBBON_ONE,,,02-511-1973,,2026,CHIBO,37.5180141725087,127.020828762118,2026-02-17T22:29:33.775718+00:00,,,,치보,서울특별시 강남구 강남대로154길 21
blueribbon,코끼리베이글,서울특별시 영등포구 선유로 176,Seoul,South Korea,RIBBON_ONE,,,070-4184-0082,,2026,,37.5286104254461,126.893270984521,2026-02-17T22:29:33.775718+00:00,,,,코끼리베이글,서울특별시 영등포구 선유로 176
blueribbon,BLUE ROOF TOWN,서울특별시 영등포구 영중로10길 32-4,Seoul,South Korea,RIBBON_ONE,,,02-2068-9203,,2026,BLUE ROOF TOWN,37.5184094093552,126.908454213015,2026-02-17T22:29:33.775718+00:00,,,,청기와타운,서울특별시 영등포구 영중로10길 32-4
blueribbon,채윤희,서울특별시 영등포구 도림로128길 21,Seoul,South Korea,RIBBON_ONE,,,070-7799-8292,,2026,,37.515397466383,126.894642746351,2026-02-17T22:29:33.775718+00:00,,,,채윤희,서울특별시 영등포구 도림로128길 21
blueribbon,chai lyn,서울특별시 강남구 삼성로112길 10,Seoul,South Korea,RIBBON_ONE,,,02-543-2847 ,,2026,chai lyn,37.5146,127.0533,2026-02-17T22:29:33.775718+00:00,,,,차이린,서울특별시 강남구 삼성로112길 10
blueribbon,춘천옥,서울특별시 금천구 디지털로12길 19,Seoul,South Korea,RIBBON_ONE,,,02-868-9937,,2026,,37.47789,126.8897,2026-02-17T22:29:33.775718+00:00,,,,춘천옥,서울특별시 금천구 디지털로12길 19
blueribbon,초롱이고모부대찌개,서울특별시 강동구 상암로11길 4,Seoul,South Korea,RIBBON_ONE,,,02-442-3546 ,,2026,,37.54987,127.1288,2026-02-17T22:29:33.775718+00:00,,,,초롱이고모부대찌개,서울특별시 강동구 상암로11길 4
blueribbon,청담골,서울특별시 강남구 선릉로148길 48,Seoul,South Korea,RIBBON_ONE,,,02-543-1252,,2026,,37.5227,127.0434,2026-02-17T22:29:33.775718+00:00,,,,청담골,서울특별시 강남구 선릉로148길 48
blueribbon,참나무숯불에닭이만나는순간,서울특별시 서초구 동산로6길 37,Seoul,South Korea,RIBBON_ONE,,,02-572-6616,,2026,,37.4697,127.0447,2026-02-17T22:29:33.775718+00:00,,,,참나무숯불에닭이만나는순간,서울특별시 서초구 동산로6길 37
blueribbon,Cakehouse Wien,서울특별시 강남구 삼성로 719,Seoul,South Korea,RIBBON_ONE,,,02-546-1585,,2026,Cakehouse Wien,37.519933,127.049232,2026-02-17T22:29:33.775718+00:00,,,,케익하우스윈,서울특별시 강남구 삼성로 719
blueribbon,진진만두,서울특별시 영등포구 국제금융로8길 34,Seoul,South Korea,RIBBON_ONE,,,02-780-7867 ,,2026,,37.52018,126.9273,2026-02-17T22:29:33.775718+00:00,,,,진진만두,서울특별시 영등포구 국제금융로8길 34
blueribbon,조리인,서울특별시 강남구 도산대로53길 16,Seoul,South Korea,RIBBON_ONE,,,02-517-3355,,2026,,37.5242210324382,127.038608151757,2026-02-17T22:29:33.775718+00:00,,,,조리인,서울특별시 강남구 도산대로53길 16
blueribbon,진가와(한국본점),서울특별시 강남구 논현로94길 25-3,Seoul,South Korea,RIBBON_ONE,,,02-564-8553,,2026,,37.5030410113859,127.03814644944,2026-02-17T22:29:33.775718+00:00,,,,진가와(한국본점),서울특별시 강남구 논현로94길 25-3
blueribbon,지인고기,서울특별시 송파구 송파대로 167,Seoul,South Korea,RIBBON_ONE,,,0507-1408-2958,,2026,,37.4846614982049,127.120933640924,2026-02-17T22:29:33.775718+00:00,,,,지인고기,서울특별시 송파구 송파대로 167
blueribbon,일일향,서울특별시 강남구 언주로 123,Seoul,South Korea,RIBBON_ONE,,,02-545-6154,,2026,,37.4876033476735,127.049755052514,2026-02-17T22:29:33.775718+00:00,,,,일일향,서울특별시 강남구 언주로 123
blueribbon,ildossi dakgalbi,서울특별시 서초구 방배로8길 4,Seoul,South Korea,RIBBON_ONE,,,02-581-0709,,2026,ildossi dakgalbi,37.479727563019,126.999133741459,2026-02-17T22:29:33.775718+00:00,,,,일도씨닭갈비(방배점),서울특별시 서초구 방배로8길 4
blueribbon,자맛풍,서울특별시 서초구 남부순환로356길 18-5,Seoul,South Korea,RIBBON_ONE,,,02-579-7284,,2026,,37.484029950182,127.037560260553,2026-02-17T22:29:33.775718+00:00,,,,자맛풍,서울특별시 서초구 남부순환로356길 18-5
blueribbon,gentil,서울특별시 송파구 삼전로13길 36,Seoul,South Korea,RIBBON_ONE,,,010-7327-7005,,2026,gentil,37.5081533736736,127.086278321079,2026-02-17T22:29:33.775718+00:00,,,,정띠,서울특별시 송파구 삼전로13길 36
blueribbon,일미락,서울특별시 양천구 목동동로 226-16,Seoul,South Korea,RIBBON_ONE,,,02-2642-9292 ,,2026,,37.5254169018151,126.872955497947,2026-02-17T22:29:33.775718+00:00,,,,일미락,서울특별시 양천구 목동동로 226-16
blueribbon,진사향,서울특별시 구로구 새말로 20,Seoul,South Korea,RIBBON_ONE,,,02-2229-5507 ,,2026,,37.50199919273351,126.88335175195856,2026-02-17T22:29:33.775718+00:00,,,,진사향,서울특별시 구로구 새말로 20
blueribbon,J'ANTIQUE,서울특별시 서초구 서초대로64길 50,Seoul,South Korea,RIBBON_ONE,,,02-598-7600,,2026,J'ANTIQUE,37.49345568764088,127.02114139054106,2026-02-17T22:29:33.775718+00:00,,,,장티크베이커리,서울특별시 서초구 서초대로64길 50
blueribbon,조양관,서울특별시 서초구 서초대로74길 29,Seoul,South Korea,RIBBON_ONE,,,02-3473-8181 ,,2026,,37.4949,127.0274,2026-02-17T22:29:33.775718+00:00,,,,조양관,서울특별시 서초구 서초대로74길 29
blueribbon,Juilette,서울특별시 서초구 동광로 178,Seoul,South Korea,RIBBON_ONE,,,02-535-4002 ,,2026,Juilette,37.493937,127.00103,2026-02-17T22:29:33.775718+00:00,,,,줄리에뜨,서울특별시 서초구 동광로 178
blueribbon,Giani's Napoli,서울특별시 강남구 논현로94길 15,Seoul,South Korea,RIBBON_ONE,,,02-566-0501,,2026,Giani's Napoli,37.502626,127.03754,2026-02-17T22:29:33.775718+00:00,,,,지아니스나폴리,서울특별시 강남구 논현로94길 15
blueribbon,장사랑,서울특별시 강남구 언주로165길 7-4,Seoul,South Korea,RIBBON_ONE,,,02-546-9994 ,,2026,,37.52554,127.0323,2026-02-17T22:29:33.775718+00:00,,,,장사랑,서울특별시 강남구 언주로165길 7-4
blueribbon,주,서울특별시 서초구 동광로19길 16,Seoul,South Korea,RIBBON_ONE,,,010-5836-3374,,2026,,37.49322,126.9893,2026-02-17T22:29:33.775718+00:00,,,,주,서울특별시 서초구 동광로19길 16
blueribbon,임진강민물장어,서울특별시 강서구 양천로 723,Seoul,South Korea,RIBBON_ONE,,,02-3663-7900 ,,2026,,37.54946,126.8763,2026-02-17T22:29:33.775718+00:00,,,,임진강민물장어,서울특별시 강서구 양천로 723
blueribbon,yido cheongdam,서울특별시 강남구 도산대로 445,Seoul,South Korea,RIBBON_ONE,,,0507-1382-2143,,2026,yido cheongdam,37.5243352600843,127.044788076146,2026-02-17T22:29:33.775718+00:00,,,,이도청담,서울특별시 강남구 도산대로 445
blueribbon,이봉,서울특별시 강남구 테헤란로98길 28,Seoul,South Korea,RIBBON_ONE,,,02-561-0132,,2026,,37.5065396188048,127.06280753409,2026-02-17T22:29:33.775718+00:00,,,,이봉,서울특별시 강남구 테헤란로98길 28
blueribbon,IKIKI,서울특별시 양천구 목동동로14길 10,Seoul,South Korea,RIBBON_ONE,,,070-4759-0736,,2026,IKIKI,37.5241845160433,126.87245802316,2026-02-17T22:29:33.775718+00:00,,,,이키이키,서울특별시 양천구 목동동로14길 10
blueribbon,wootender,서울특별시 강남구 압구정로42길 25-10,Seoul,South Korea,RIBBON_ONE,,,0507-1419-8588,,2026,wootender,37.526957,127.03578,2026-02-17T22:29:33.775718+00:00,,,,우텐더,서울특별시 강남구 압구정로42길 25-10
blueribbon,Bakery YUL,서울특별시 강동구 양재대로103길 43,Seoul,South Korea,RIBBON_ONE,,,0507-1351-1867,,2026,Bakery YUL,37.5333584448635,127.135449331754,2026-02-17T22:29:33.775718+00:00,,,,율베이커리,서울특별시 강동구 양재대로103길 43
blueribbon,이도곰탕,서울특별시 강남구 논현로94길 29-5,Seoul,South Korea,RIBBON_ONE,,,02-569-0524 ,,2026,,37.50335158488171,127.03843409410236,2026-02-17T22:29:33.775718+00:00,,,,이도곰탕,서울특별시 강남구 논현로94길 29-5
blueribbon,이조보쌈,서울특별시 영등포구 당산로 244,Seoul,South Korea,RIBBON_ONE,,,02-2671-3257 ,,2026,,37.53493,126.9031,2026-02-17T22:29:33.775718+00:00,,,,이조보쌈,서울특별시 영등포구 당산로 244
blueribbon,운봉산장,서울특별시 동작구 장승배기로 118-1,Seoul,South Korea,RIBBON_ONE,,,02-815-2850 ,,2026,,37.50805,126.9404,2026-02-17T22:29:33.775718+00:00,,,,운봉산장,서울특별시 동작구 장승배기로 118-1
blueribbon,원조호수삼계탕,서울특별시 영등포구 도림로 276,Seoul,South Korea,RIBBON_ONE,,,02-848-2440 ,,2026,,37.502647972871,126.904373139824,2026-02-17T22:29:33.775718+00:00,,,,원조호수삼계탕,서울특별시 영등포구 도림로 276
blueribbon,원강,서울특별시 강남구 학동로6길 16,Seoul,South Korea,RIBBON_ONE,,,02-3445-1518 ,,2026,,37.51076,127.0239,2026-02-17T22:29:33.775718+00:00,,,,원강,서울특별시 강남구 학동로6길 16
blueribbon,Washoku Yein,서울특별시 강남구 도산대로49길 30,Seoul,South Korea,RIBBON_ONE,,,02-517-6900,,2026,Washoku Yein,37.5248993947056,127.037212059306,2026-02-17T22:29:33.775718+00:00,,,,와쇼쿠예인,서울특별시 강남구 도산대로49길 30
blueribbon,온유월식당,서울특별시 서초구 신반포로 177,Seoul,South Korea,RIBBON_ONE,,,02-534-3608,,2026,,37.5060995475667,127.003407328203,2026-02-17T22:29:33.775718+00:00,,,,온유월식당,서울특별시 서초구 신반포로 177
blueribbon,Onyva,서울특별시 강남구 도산대로75길 15,Seoul,South Korea,RIBBON_ONE,,,02-516-3352,,2026,Onyva,37.5251927478858,127.045718384766,2026-02-17T22:29:33.775718+00:00,,,,오니바,서울특별시 강남구 도산대로75길 15
blueribbon,Oak Restaurant & Bar,서울특별시 강남구 테헤란로87길 46,Seoul,South Korea,RIBBON_ONE,,,02-3466-7277,,2026,Oak Restaurant & Bar,37.5109823973192,127.058205573267,2026-02-17T22:29:33.775718+00:00,,,,오크레스토랑,서울특별시 강남구 테헤란로87길 46
blueribbon,우정양곱창,서울특별시 강남구 도산대로30길 23,Seoul,South Korea,RIBBON_ONE,,,02-6083-5830,,2026,,37.51843321067631,127.03010733587352,2026-02-17T22:29:33.775718+00:00,,,,우정양곱창,서울특별시 강남구 도산대로30길 23
blueribbon,우가,서울특별시 강남구 도산대로49길 22,Seoul,South Korea,RIBBON_ONE,,,02-6272-2223 ,,2026,,37.524327,127.037348,2026-02-17T22:29:33.775718+00:00,,,,우가,서울특별시 강남구 도산대로49길 22
blueribbon,The Original Pancake House,서울특별시 강남구 강남대로162길 41,Seoul,South Korea,RIBBON_ONE,,,02-511-7481 ,,2026,The Original Pancake House,37.52098,127.0216,2026-02-17T22:29:33.775718+00:00,,,,오리지널팬케이크하우스,서울특별시 강남구 강남대로162길 41
blueribbon,Oasis,서울특별시 강남구 도산대로55길 20,Seoul,South Korea,RIBBON_ONE,,,02-548-8859,,2026,Oasis,37.52475,127.0406,2026-02-17T22:29:33.775718+00:00,,,,오아시스,서울특별시 강남구 도산대로55길 20
blueribbon,영의정,서울특별시 영등포구 국제금융로 72,Seoul,South Korea,RIBBON_ONE,,,02-761-0236,,2026,,37.52106,126.9309,2026-02-17T22:29:33.775718+00:00,,,,영의정,서울특별시 영등포구 국제금융로 72
blueribbon,와라쿠,서울특별시 강남구 압구정로4길 13-7,Seoul,South Korea,RIBBON_ONE,,,02-517-2292 ,,2026,,37.5221,127.0207,2026-02-17T22:29:33.775718+00:00,,,,와라쿠,서울특별시 강남구 압구정로4길 13-7
blueribbon,Obaltan,서울특별시 송파구 위례성대로 206,Seoul,South Korea,RIBBON_ONE,,,02-404-0090 ,,2026,Obaltan,37.50907,127.1334,2026-02-17T22:29:33.775718+00:00,,,,오발탄,서울특별시 송파구 위례성대로 206
blueribbon,ENTIQUE PATISSERIE,서울특별시 서초구 서초중앙로20길 14,Seoul,South Korea,RIBBON_ONE,,,02-587-2253,,2026,ENTIQUE PATISSERIE,37.4921769463951,127.014842256086,2026-02-17T22:29:33.775718+00:00,,,,앙띠크파티세리,서울특별시 서초구 서초중앙로20길 14
blueribbon,A.N.OTHER,서울특별시 강남구 학동로 313,Seoul,South Korea,RIBBON_ONE,,,02-515-1935,,2026,A.N.OTHER,37.5162618583468,127.037439201501,2026-02-17T22:29:33.775718+00:00,,,,에이엔아더,서울특별시 강남구 학동로 313
blueribbon,안남,서울특별시 강남구 언주로 118,Seoul,South Korea,RIBBON_ONE,,,02-571-9412,,2026,,37.4869159664401,127.051855548139,2026-02-17T22:29:33.775718+00:00,,,,안남,서울특별시 강남구 언주로 118
blueribbon,Epanoui,서울특별시 강남구 선릉로146길 33,Seoul,South Korea,RIBBON_ONE,,,02-548-2020 ,,2026,Epanoui,37.5218581526673,127.042543826804,2026-02-17T22:29:33.775718+00:00,,,,에빠뉘,서울특별시 강남구 선릉로146길 33
blueribbon,ENSEMBLE,서울특별시 강동구 양재대로147길 5,Seoul,South Korea,RIBBON_ONE,,,02-441-9451,,2026,ENSEMBLE,37.552187608984575,127.14368312591535,2026-02-17T22:29:33.775718+00:00,,,,앙상블,서울특별시 강동구 양재대로147길 5
blueribbon,어성일식,서울특별시 강남구 언주로 843,Seoul,South Korea,RIBBON_ONE,,,02-3442-6686,,2026,,37.52573778252187,127.03294753291887,2026-02-17T22:29:33.775718+00:00,,,,어성일식,서울특별시 강남구 언주로 843
blueribbon,OUR bakery,서울특별시 강남구 도산대로45길 10-11,Seoul,South Korea,RIBBON_ONE,,,02-545-5556,,2026,OUR bakery,37.52354898537393,127.03688332564025,2026-02-17T22:29:33.775718+00:00,,,,아우어베이커리,서울특별시 강남구 도산대로45길 10-11
blueribbon,암사민물장어,서울특별시 강동구 고덕로 33,Seoul,South Korea,RIBBON_ONE,,,0507-1492-2256,,2026,,37.55496,127.129,2026-02-17T22:29:33.775718+00:00,,,,암사민물장어,서울특별시 강동구 고덕로 33
blueribbon,Unknown diner,서울특별시 강남구 논현로28길 42,Seoul,South Korea,RIBBON_ONE,,,02-573-6672 ,,2026,Unknown diner,37.48414,127.0455,2026-02-17T22:29:33.775718+00:00,,,,언노운다이너,서울특별시 강남구 논현로28길 42
blueribbon,여의도따로국밥,서울특별시 영등포구 여의대방로69길 28,Seoul,South Korea,RIBBON_ONE,,,02-782-0047 ,,2026,,37.52143,126.9302,2026-02-17T22:29:33.775718+00:00,,,,여의도따로국밥,서울특별시 영등포구 여의대방로69길 28
blueribbon,여수오동도,서울특별시 강남구 삼성로71길 7,Seoul,South Korea,RIBBON_ONE,,,02-557-0039,,2026,,37.502091,127.0583,2026-02-17T22:29:33.775718+00:00,,,,여수오동도,서울특별시 강남구 삼성로71길 7
blueribbon,양마니,서울특별시 영등포구 국회대로74길 20,Seoul,South Korea,RIBBON_ONE,,,02-761-9282,,2026,,37.5296057693694,126.921553019468,2026-02-17T22:29:33.775718+00:00,,,,양마니,서울특별시 영등포구 국회대로74길 20
blueribbon,스시스즈메,서울특별시 강남구 언주로174길 22,Seoul,South Korea,RIBBON_ONE,,,0507-1417-1274,,2026,,37.5280787785618,127.035694162854,2026-02-17T22:29:33.775718+00:00,,,,스시스즈메,서울특별시 강남구 언주로174길 22
blueribbon,스시사,서울특별시 강남구 도산대로101길 28,Seoul,South Korea,RIBBON_ONE,,,010-7287-7768,,2026,,37.5265388376347,127.053461008336,2026-02-17T22:29:33.775718+00:00,,,,스시사,서울특별시 강남구 도산대로101길 28
blueribbon,시라카와,서울특별시 강남구 선릉로161길 7,Seoul,South Korea,RIBBON_ONE,,,070-4115-4769,,2026,,37.526968302491305,127.03962276267629,2026-02-17T22:29:33.775718+00:00,,,,시라카와,서울특별시 강남구 선릉로161길 7
blueribbon,스시쇼우,서울특별시 서초구 사평대로22길 17,Seoul,South Korea,RIBBON_ONE,,,02-595-4510,,2026,,37.49878070777355,126.99786942617622,2026-02-17T22:29:33.775718+00:00,,,,스시쇼우,서울특별시 서초구 사평대로22길 17
blueribbon,SURIN,서울특별시 강남구 언주로164길 24,Seoul,South Korea,RIBBON_ONE,,,02-515-9220,,2026,SURIN,37.525289,127.035494,2026-02-17T22:29:33.775718+00:00,,,,수린,서울특별시 강남구 언주로164길 24
blueribbon,Scopa The Chef,서울특별시 강남구 도산대로89길 13,Seoul,South Korea,RIBBON_ONE,,,070-8828-7717,,2026,Scopa The Chef,37.52552,127.0507,2026-02-17T22:29:33.775718+00:00,,,,스코파더쉐프,서울특별시 강남구 도산대로89길 13
blueribbon,SWEETS PLANET,서울특별시 강남구 선릉로131길 23,Seoul,South Korea,RIBBON_ONE,,,02-541-0402 ,,2026,SWEETS PLANET,37.51717,127.0391,2026-02-17T22:29:33.775718+00:00,,,,스위츠플래닛,서울특별시 강남구 선릉로131길 23
blueribbon,아나고야,서울특별시 강남구 강남대로124길 3-9,Seoul,South Korea,RIBBON_ONE,,,02-877-5391,,2026,,37.509286,127.022812,2026-02-17T22:29:33.775718+00:00,,,,아나고야,서울특별시 강남구 강남대로124길 3-9
blueribbon,스시선수,서울특별시 강남구 도산대로45길 6,Seoul,South Korea,RIBBON_ONE,,,02-514-0812 ,,2026,,37.52283,127.0364,2026-02-17T22:29:33.775718+00:00,,,,스시선수,서울특별시 강남구 도산대로45길 6
blueribbon,신기루황소곱창구이,서울특별시 관악구 관악로13길 25,Seoul,South Korea,RIBBON_ONE,,,02-887-5000,,2026,,37.479197,126.95068,2026-02-17T22:29:33.775718+00:00,,,,신기루황소곱창구이,서울특별시 관악구 관악로13길 25
blueribbon,신사면옥,서울특별시 강남구 도산대로46길 11,Seoul,South Korea,RIBBON_ONE,,,02-518-7228,,2026,,37.52125,127.0366,2026-02-17T22:29:33.775718+00:00,,,,신사면옥,서울특별시 강남구 도산대로46길 11
blueribbon,수정,서울특별시 영등포구 국제금융로7길 32,Seoul,South Korea,RIBBON_ONE,,,02-784-4745,,2026,,37.5233085543086,126.933882068409,2026-02-17T22:29:33.775718+00:00,,,,수정,서울특별시 영등포구 국제금융로7길 32
blueribbon,CHACONNE,서울특별시 강남구 논현로97길 23,Seoul,South Korea,RIBBON_ONE,,,0507-1315-639,,2026,CHACONNE,37.5027377148747,127.033765382744,2026-02-17T22:29:33.775718+00:00,,,,샤콘느,서울특별시 강남구 논현로97길 23
blueribbon,SAGE & BUTTER,서울특별시 강남구 언주로157길 6,Seoul,South Korea,RIBBON_ONE,,,0507-1491-4123,,2026,SAGE & BUTTER,37.5239720541697,127.032419816463,2026-02-17T22:29:33.775718+00:00,,,,세이지앤버터,서울특별시 강남구 언주로157길 6
blueribbon,상남스시,서울특별시 동작구 여의대방로24길 64,Seoul,South Korea,RIBBON_ONE,,,02-822-3455,,2026,,37.4982007062265,126.923839026725,2026-02-17T22:29:33.775718+00:00,,,,상남스시,서울특별시 동작구 여의대방로24길 64
blueribbon,Sunho Coffee,서울특별시 송파구 송이로2길 4,Seoul,South Korea,RIBBON_ONE,,,0507-1468-1465,,2026,Sunho Coffee,37.5040191892562,127.114496353632,2026-02-17T22:29:33.775718+00:00,,,,선호커피,서울특별시 송파구 송이로2길 4
blueribbon,서평면옥,서울특별시 동작구 보라매로5길 15,Seoul,South Korea,RIBBON_ONE,,,02-3284-3677,,2026,,37.4921758625358,126.924271334879,2026-02-17T22:29:33.775718+00:00,,,,서평면옥,서울특별시 동작구 보라매로5길 15
blueribbon,Sowoori Butcher Restaurant,서울특별시 송파구 오금로46길 20,Seoul,South Korea,RIBBON_ONE,,,02-3012-3342,,2026,Sowoori Butcher Restaurant,37.4957720180583,127.134972963035,2026-02-17T22:29:33.775718+00:00,,,,소우리정육점식당,서울특별시 송파구 오금로46길 20
blueribbon,서래오뎅,서울특별시 서초구 사평대로26길 22,Seoul,South Korea,RIBBON_ONE,,,02-591-5505,,2026,,37.4992525794113,126.998962639243,2026-02-17T22:29:33.775718+00:00,,,,서래오뎅,서울특별시 서초구 사평대로26길 22
blueribbon,Sulnoon,서울특별시 서초구 서초대로46길 20-7,Seoul,South Korea,RIBBON_ONE,,,02-6959-9339,,2026,Sulnoon,37.491233489324316,127.00976980121769,2026-02-17T22:29:33.775718+00:00,,,,설눈,서울특별시 서초구 서초대로46길 20-7
blueribbon,서백자간장게장,서울특별시 강남구 삼성로 542,Seoul,South Korea,RIBBON_ONE,,,02-552-2254,,2026,,37.5102187627967,127.05527375054,2026-02-17T22:29:33.775718+00:00,,,,서백자간장게장,서울특별시 강남구 삼성로 542
blueribbon,삼일정육식당,서울특별시 서초구 언남17길 14,Seoul,South Korea,RIBBON_ONE,,,02-576-8592,,2026,,37.4758882227788,127.045346573447,2026-02-17T22:29:33.775718+00:00,,,,삼일정육식당,서울특별시 서초구 언남17길 14
blueribbon,삼성원조양곱창,서울특별시 강남구 학동로101길 7,Seoul,South Korea,RIBBON_ONE,,,02-545-8895,,2026,,37.52083,127.0576,2026-02-17T22:29:33.775718+00:00,,,,삼성원조양곱창,서울특별시 강남구 학동로101길 7
blueribbon,샘밭막국수,서울특별시 서초구 서초중앙로24길 27,Seoul,South Korea,RIBBON_ONE,,,02-585-1702 ,,2026,,37.495414,127.016403,2026-02-17T22:29:33.775718+00:00,,,,샘밭막국수,서울특별시 서초구 서초중앙로24길 27
blueribbon,VINOLOGY,서울특별시 강남구 선릉로148길 14,Seoul,South Korea,RIBBON_ONE,,,0507-1448-0307,,2026,VINOLOGY,37.5224895714539,127.040766561869,2026-02-17T22:29:33.775718+00:00,,,,비놀로지,서울특별시 강남구 선릉로148길 14
blueribbon,Salon de Noir,서울특별시 서초구 반포대로23길 13,Seoul,South Korea,RIBBON_ONE,,,0507-1312-7205,,2026,Salon de Noir,37.48891983042504,127.00806436032765,2026-02-17T22:29:33.775718+00:00,,,,살롱드누아,서울특별시 서초구 반포대로23길 13
blueribbon,BEFLIQUE,서울특별시 강남구 도산대로59길 16,Seoul,South Korea,RIBBON_ONE,,,02-544-5288 ,,2026,BEFLIQUE,37.5247782662573,127.042391971637,2026-02-17T22:29:33.775718+00:00,,,,비플리끄,서울특별시 강남구 도산대로59길 16
blueribbon,Villa Guerrero,서울특별시 강남구 봉은사로78길 12,Seoul,South Korea,RIBBON_ONE,,,02-538-8915,,2026,Villa Guerrero,37.511924,127.052772,2026-02-17T22:29:33.775718+00:00,,,,비야게레로,서울특별시 강남구 봉은사로78길 12
blueribbon,bistro POLPO,서울특별시 서초구 방배로42길 29,Seoul,South Korea,RIBBON_ONE,,,02-537-7090,,2026,bistro POLPO,37.494716,126.990082,2026-02-17T22:29:33.775718+00:00,,,,뽈뽀,서울특별시 서초구 방배로42길 29
blueribbon,Brick Oven,서울특별시 강남구 강남대로102길 31,Seoul,South Korea,RIBBON_ONE,,,02-508-1325,,2026,Brick Oven,37.50305,127.0277,2026-02-17T22:29:33.775718+00:00,,,,브릭오븐,서울특별시 강남구 강남대로102길 31
blueribbon,산호,서울특별시 강남구 논현로175길 111,Seoul,South Korea,RIBBON_ONE,,,02-517-0035 ,,2026,,37.5223,127.0204,2026-02-17T22:29:33.775718+00:00,,,,산호,서울특별시 강남구 논현로175길 111
blueribbon,Bread Fit,서울특별시 영등포구 국제금융로 86,Seoul,South Korea,RIBBON_ONE,,,02-782-0102 ,,2026,Bread Fit,37.5199,126.9318,2026-02-17T22:29:33.775718+00:00,,,,브레드피트,서울특별시 영등포구 국제금융로 86
blueribbon,부산양곱창,서울특별시 강남구 언주로98길 8-1,Seoul,South Korea,RIBBON_ONE,,,02-554-7780,,2026,,37.50472,127.0426,2026-02-17T22:29:33.775718+00:00,,,,부산양곱창,서울특별시 강남구 언주로98길 8-1
blueribbon,비금도,서울특별시 강남구 압구정로80길 26,Seoul,South Korea,RIBBON_ONE,,,02-512-1714,,2026,,37.52476,127.0446,2026-02-17T22:29:33.775718+00:00,,,,비금도,서울특별시 강남구 압구정로80길 26
blueribbon,보름쇠,서울특별시 강남구 테헤란로81길 36,Seoul,South Korea,RIBBON_ONE,,,02-569-9967,,2026,,37.5093154932345,127.056631685649,2026-02-17T22:29:33.775718+00:00,,,,보름쇠,서울특별시 강남구 테헤란로81길 36
blueribbon,Becca Premium Deli-Shop,서울특별시 강남구 역삼로 521,Seoul,South Korea,RIBBON_ONE,,,010-9737-6021,,2026,Becca Premium Deli-Shop,37.5037840530077,127.06025436091,2026-02-17T22:29:33.775718+00:00,,,,베카프리미엄델리샵,서울특별시 강남구 역삼로 521
blueribbon,BARBEQUE LAB,서울특별시 서초구 마방로10길 18-13,Seoul,South Korea,RIBBON_ONE,,,02-571-3380,,2026,BARBEQUE LAB,37.4759862858024,127.043337447354,2026-02-17T22:29:33.775718+00:00,,,,바베큐랩,서울특별시 서초구 마방로10길 18-13
blueribbon,봉산평양냉면,서울특별시 강남구 학동로1길 21,Seoul,South Korea,RIBBON_ONE,,,02-515-3989 ,,2026,,37.51280919580697,127.02165357641486,2026-02-17T22:29:33.775718+00:00,,,,봉산평양냉면,서울특별시 강남구 학동로1길 21
blueribbon,bar81,서울특별시 송파구 올림픽로 300,Seoul,South Korea,RIBBON_ONE,,,02-3213-1281,,2026,bar81,37.51375250260386,127.10444609981751,2026-02-17T22:29:33.775718+00:00,,,,바81,서울특별시 송파구 올림픽로 300
blueribbon,봉밀가,서울특별시 강남구 선릉로 664,Seoul,South Korea,RIBBON_ONE,,,02-546-2305,,2026,,37.515834,127.042281,2026-02-17T22:29:33.775718+00:00,,,,봉밀가,서울특별시 강남구 선릉로 664
blueribbon,미미면가,서울특별시 강남구 강남대로160길 29,Seoul,South Korea,RIBBON_ONE,,,070-4233-5466,,2026,,37.520036,127.021089,2026-02-17T22:29:33.775718+00:00,,,,미미면가,서울특별시 강남구 강남대로160길 29
blueribbon,MINAMI,서울특별시 서초구 서초대로58길 31-2,Seoul,South Korea,RIBBON_ONE,,,0507-1322-0373,,2026,MINAMI,37.4933,127.0181,2026-02-17T22:29:33.775718+00:00,,,,미나미,서울특별시 서초구 서초대로58길 31-2
blueribbon,반룡산,서울특별시 강남구 테헤란로78길 26,Seoul,South Korea,RIBBON_ONE,,,02-3446-8966,,2026,,37.504473,127.055795,2026-02-17T22:29:33.775718+00:00,,,,반룡산,서울특별시 강남구 테헤란로78길 26
blueribbon,별양집,서울특별시 강남구 테헤란로43길 17,Seoul,South Korea,RIBBON_ONE,,,02-501-2937 ,,2026,,37.5044034043625,127.043661150546,2026-02-17T22:29:33.775718+00:00,,,,별양집,서울특별시 강남구 테헤란로43길 17
blueribbon,Volare,서울특별시 서초구 사평대로20길 8,Seoul,South Korea,RIBBON_ONE,,,02-537-1100,,2026,Volare,37.499069,126.996889,2026-02-17T22:29:33.775718+00:00,,,,볼라레,서울특별시 서초구 사평대로20길 8
blueribbon,봉산옥,서울특별시 서초구 반포대로8길 5-6,Seoul,South Korea,RIBBON_ONE,,,02-525-2282,,2026,,37.4833,127.0124,2026-02-17T22:29:33.775718+00:00,,,,봉산옥,서울특별시 서초구 반포대로8길 5-6
blueribbon,Butter Finger Pancakes,서울특별시 강남구 선릉로152길 11,Seoul,South Korea,RIBBON_ONE,,,02-3448-1070 ,,2026,Butter Finger Pancakes,37.52428,127.0404,2026-02-17T22:29:33.775718+00:00,,,,버터핑거팬케익스,서울특별시 강남구 선릉로152길 11
blueribbon,뱃고동,서울특별시 강남구 언주로172길 54,Seoul,South Korea,RIBBON_ONE,,,02-514-8008,,2026,,37.52681,127.038,2026-02-17T22:29:33.775718+00:00,,,,뱃고동,서울특별시 강남구 언주로172길 54
blueribbon,백원,서울특별시 영등포구 여의공원로 101,Seoul,South Korea,RIBBON_ONE,,,02-784-6161 ,,2026,,37.529196,126.924881,2026-02-17T22:29:33.775718+00:00,,,,백원,서울특별시 영등포구 여의공원로 101
blueribbon,메종조청담,서울특별시 강남구 영동대로137길 6,Seoul,South Korea,RIBBON_ONE,,,010-2854-4443,,2026,,37.5220426253105,127.05509604545,2026-02-17T22:29:33.775718+00:00,,,,메종조청담,서울특별시 강남구 영동대로137길 6
blueribbon,면육당,서울특별시 강남구 강남대로162길 41-15,Seoul,South Korea,RIBBON_ONE,,,0507-1355-8415,,2026,,37.5217193336924,127.02101927207,2026-02-17T22:29:33.775718+00:00,,,,면육당,서울특별시 강남구 강남대로162길 41-15
blueribbon,myeongin deungsim,서울특별시 강남구 도산대로 211,Seoul,South Korea,RIBBON_ONE,,,02-3446-5544,,2026,myeongin deungsim,37.52059572557547,127.02968287095139,2026-02-17T22:29:33.775718+00:00,,,,명인등심(압구정본점),서울특별시 강남구 도산대로 211
blueribbon,maison de ZOÉ,서울특별시 강남구 도산대로90길 17,Seoul,South Korea,RIBBON_ONE,,,02-540-1858,,2026,maison de ZOÉ,37.52331,127.049,2026-02-17T22:29:33.775718+00:00,,,,메종드조에,서울특별시 강남구 도산대로90길 17
blueribbon,맛자랑,서울특별시 강남구 선릉로 524,Seoul,South Korea,RIBBON_ONE,,,02-563-9646,,2026,,37.5066550675471,127.04838618187,2026-02-17T22:29:33.775718+00:00,,,,맛자랑,서울특별시 강남구 선릉로 524
blueribbon,목로,서울특별시 강남구 압구정로28길 18,Seoul,South Korea,RIBBON_ONE,,,02-548-7500,,2026,,37.525422,127.027559,2026-02-17T22:29:33.775718+00:00,,,,목로,서울특별시 강남구 압구정로28길 18
blueribbon,Le Monde du Vin,서울특별시 강남구 도산대로 420,Seoul,South Korea,RIBBON_ONE,,,0507-1393-8603,,2026,Le Monde du Vin,37.5230539082669,127.042195064505,2026-02-17T22:29:33.775718+00:00,,,,르몽뒤뱅,서울특별시 강남구 도산대로 420
blueribbon,Re:mark's,서울특별시 강남구 언주로168길 6,Seoul,South Korea,RIBBON_ONE,,,0507-1380-3129,,2026,Re:mark's,37.5263562252256,127.033920491416,2026-02-17T22:29:33.775718+00:00,,,,리마크스,서울특별시 강남구 언주로168길 6
blueribbon,류경회관,서울특별시 강남구 논현로71길 18,Seoul,South Korea,RIBBON_ONE,,,02-568-5114,,2026,,37.4948527051808,127.038027166994,2026-02-17T22:29:33.775718+00:00,,,,류경회관,서울특별시 강남구 논현로71길 18
blueribbon,Matilda,서울특별시 서초구 신반포로 219,Seoul,South Korea,RIBBON_ONE,,,02-594-7592 ,,2026,Matilda,37.5075121874388,127.008065342049,2026-02-17T22:29:33.775718+00:00,,,,마틸다바베큐치킨,서울특별시 서초구 신반포로 219
blueribbon,ROMAOK,서울특별시 강남구 강남대로48길 11,Seoul,South Korea,RIBBON_ONE,,,02-577-2396,,2026,ROMAOK,37.4869990199787,127.034068788108,2026-02-17T22:29:33.775718+00:00,,,,로마옥,서울특별시 강남구 강남대로48길 11
blueribbon,Manu terrace,서울특별시 강남구 양재천로 179,Seoul,South Korea,RIBBON_ONE,,,0507-1359-9515,,2026,Manu terrace,37.4822286276945,127.045573477903,2026-02-17T22:29:33.775718+00:00,,,,마누테라스,서울특별시 강남구 양재천로 179
blueribbon,Ryumokmin,서울특별시 강남구 학동로25길 11,Seoul,South Korea,RIBBON_ONE,,,02-6404-8080 ,,2026,Ryumokmin,37.5143957753291,127.028815905333,2026-02-17T22:29:33.775718+00:00,,,,류몽민,서울특별시 강남구 학동로25길 11
blueribbon,RORAMEAN,서울특별시 영등포구 도림로131길 17,Seoul,South Korea,RIBBON_ONE,,,02-2677-7115 ,,2026,RORAMEAN,37.5139946050255,126.893738701859,2026-02-17T22:29:33.775718+00:00,,,,로라멘,서울특별시 영등포구 도림로131길 17
blueribbon,Le82,서울특별시 강남구 양재천로 167,Seoul,South Korea,RIBBON_ONE,,,02-575-3582 ,,2026,Le82,37.481620693698794,127.04469111273866,2026-02-17T22:29:33.775718+00:00,,,,르82,서울특별시 강남구 양재천로 167
blueribbon,린궁즈멘관,서울특별시 영등포구 디지털로49길 13-1,Seoul,South Korea,RIBBON_ONE,,,02-845-5888 ,,2026,,37.490841370015886,126.89928112630038,2026-02-17T22:29:33.775718+00:00,,,,린궁즈멘관,서울특별시 영등포구 디지털로49길 13-1
blueribbon,Ruelle de Paris,서울특별시 서초구 서초중앙로 18,Seoul,South Korea,RIBBON_ONE,,,02-322-0939 ,,2026,Ruelle de Paris,37.484014,127.017341,2026-02-17T22:29:33.775718+00:00,,,,루엘드파리,서울특별시 서초구 서초중앙로 18
blueribbon,Rooftop Kloud,서울특별시 강남구 테헤란로25길 10,Seoul,South Korea,RIBBON_ONE,,,02-2050-6035,,2026,Rooftop Kloud,37.50122,127.0355,2026-02-17T22:29:33.775718+00:00,,,,루프탑클라우드,서울특별시 강남구 테헤란로25길 10
blueribbon,마코토,서울특별시 강남구 압구정로80길 37,Seoul,South Korea,RIBBON_ONE,,,0507-1400-9218,,2026,,37.52433,127.0436,2026-02-17T22:29:33.775718+00:00,,,,마코토,서울특별시 강남구 압구정로80길 37
blueribbon,마포숯불갈비,서울특별시 강남구 도산대로 232,Seoul,South Korea,RIBBON_ONE,,,02-516-1522,,2026,,37.5206,127.0328,2026-02-17T22:29:33.775718+00:00,,,,마포숯불갈비,서울특별시 강남구 도산대로 232
blueribbon,막내회센타,서울특별시 영등포구 도신로53길 7,Seoul,South Korea,RIBBON_ONE,,,02-844-6150 ,,2026,,37.51188,126.9144,2026-02-17T22:29:33.775718+00:00,,,,막내회센타,서울특별시 영등포구 도신로53길 7
blueribbon,Little Saigon,서울특별시 강남구 언주로174길 26,Seoul,South Korea,RIBBON_ONE,,,02-547-9050 ,,2026,Little Saigon,37.52796,127.0359,2026-02-17T22:29:33.775718+00:00,,,,리틀사이공,서울특별시 강남구 언주로174길 26
blueribbon,두레국수,서울특별시 강남구 언주로98길 14,Seoul,South Korea,RIBBON_ONE,,,02-552-7456,,2026,,37.5048440320759,127.042824150655,2026-02-17T22:29:33.775718+00:00,,,,두레국수,서울특별시 강남구 언주로98길 14
blueribbon,TRATTORIA ROMAGNA,서울특별시 서초구 사평대로14길 11,Seoul,South Korea,RIBBON_ONE,,,0507-1370-2944,,2026,TRATTORIA ROMAGNA,37.4977352485924,126.994441473718,2026-02-17T22:29:33.775718+00:00,,,,뜨라또리아로마냐,서울특별시 서초구 사평대로14길 11
blueribbon,TERRES DE CAFÉ,서울특별시 서초구 양재천로 111,Seoul,South Korea,RIBBON_ONE,,,02-572-1906,,2026,TERRES DE CAFÉ,37.4772935648142,127.040795021293,2026-02-17T22:29:33.775718+00:00,,,,떼르드카페,서울특별시 서초구 양재천로 111
blueribbon,디히랑,서울특별시 강남구 언주로121길 4-3,Seoul,South Korea,RIBBON_ONE,,,02-511-7284,,2026,,37.5118740693026,127.035057905947,2026-02-17T22:29:33.775718+00:00,,,,디히랑,서울특별시 강남구 언주로121길 4-3
blueribbon,Deweet,서울특별시 동작구 대방동1길 10,Seoul,South Korea,RIBBON_ONE,,,02-324-2017,,2026,Deweet,37.5003637668422,126.92671225982,2026-02-17T22:29:33.775718+00:00,,,,듀윗,서울특별시 동작구 대방동1길 10
blueribbon,등촌최월선칼국수,서울특별시 강서구 화곡로64길 68,Seoul,South Korea,RIBBON_ONE,,,02-3661-2744,,2026,,37.556,126.8567,2026-02-17T22:29:33.775718+00:00,,,,등촌최월선칼국수,서울특별시 강서구 화곡로64길 68
blueribbon,Red Marble House,서울특별시 강남구 논현로 408,Seoul,South Korea,RIBBON_ONE,,,02-1644-3392 ,,2026,Red Marble House,37.49664,127.0392,2026-02-17T22:29:33.775718+00:00,,,,레드마블하우스,서울특별시 강남구 논현로 408
blueribbon,또순이네집,서울특별시 영등포구 선유로47길 16,Seoul,South Korea,RIBBON_ONE,,,02-2672-2255,,2026,,37.53583,126.8954,2026-02-17T22:29:33.775718+00:00,,,,또순이네집,서울특별시 영등포구 선유로47길 16
blueribbon,당산오돌,서울특별시 영등포구 국회대로37길 6,Seoul,South Korea,RIBBON_ONE,,,02-2068-5592,,2026,,37.5275625288744,126.899817341967,2026-02-17T22:29:33.775718+00:00,,,,당산오돌,서울특별시 영등포구 국회대로37길 6
blueribbon,돈불리제담,서울특별시 강남구 압구정로2길 46,Seoul,South Korea,RIBBON_ONE,,,02-546-2995,,2026,,37.5187672551656,127.020691646267,2026-02-17T22:29:33.775718+00:00,,,,돈불리제담,서울특별시 강남구 압구정로2길 46
blueribbon,대관원,서울특별시 영등포구 당산로37길 1,Seoul,South Korea,RIBBON_ONE,,,02-2068-8791,,2026,,37.52941398328275,126.89790787963236,2026-02-17T22:29:33.775718+00:00,,,,대관원,서울특별시 영등포구 당산로37길 1
blueribbon,Tokyo Saikabo,서울특별시 강남구 도산대로101길 9,Seoul,South Korea,RIBBON_ONE,,,02-517-0108,,2026,Tokyo Saikabo,37.525707,127.052421,2026-02-17T22:29:33.775718+00:00,,,,도쿄사이카보,서울특별시 강남구 도산대로101길 9
blueribbon,대가방,서울특별시 강남구 봉은사로 333,Seoul,South Korea,RIBBON_ONE,,,02-544-6336,,2026,,37.5105620922653,127.043036549402,2026-02-17T22:29:33.775718+00:00,,,,대가방,서울특별시 강남구 봉은사로 333
blueribbon,담장옆에국화꽃,서울특별시 서초구 사평대로 205,Seoul,South Korea,RIBBON_ONE,,,02-591-1157,,2026,,37.5044921229104,127.007845270854,2026-02-17T22:29:33.775718+00:00,,,,담장옆에국화꽃,서울특별시 서초구 사평대로 205
blueribbon,대동문,서울특별시 영등포구 국제금융로6길 30,Seoul,South Korea,RIBBON_ONE,,,02-782-1780 ,,2026,,37.52174,126.9265,2026-02-17T22:29:33.775718+00:00,,,,대동문,서울특별시 영등포구 국제금융로6길 30
blueribbon,느루집(문래본점),서울특별시 영등포구 당산로 34,Seoul,South Korea,RIBBON_ONE,,,0507-1362-5201,,2026,,37.5174631210953,126.896493699106,2026-02-17T22:29:33.775718+00:00,,,,느루집(문래본점),서울특별시 영등포구 당산로 34
blueribbon,농민백암순대,서울특별시 강남구 선릉로86길 40-4,Seoul,South Korea,RIBBON_ONE,,,02-555-9603,,2026,,37.5037329376349,127.052982069884,2026-02-17T22:29:33.775718+00:00,,,,농민백암순대,서울특별시 강남구 선릉로86길 40-4
blueribbon,꿉당,서울특별시 서초구 강남대로 615,Seoul,South Korea,RIBBON_ONE,,,02-545-9600,,2026,,37.5166413661632,127.018909049863,2026-02-17T22:29:33.775718+00:00,,,,꿉당,서울특별시 서초구 강남대로 615
blueribbon,꽃새우영번지,서울특별시 강남구 언주로 536,Seoul,South Korea,RIBBON_ONE,,,02-501-2050,,2026,,37.5061762449161,127.041344559745,2026-02-17T22:29:33.775718+00:00,,,,꽃새우영번지,서울특별시 강남구 언주로 536
blueribbon,NYeock,서울특별시 강남구 봉은사로4길 32,Seoul,South Korea,RIBBON_ONE,,,070-8884-0710,,2026,NYeock,37.5027658420773,127.026657450782,2026-02-17T22:29:33.775718+00:00,,,,녘,서울특별시 강남구 봉은사로4길 32
blueribbon,CARNE BRASIL GRILL,서울특별시 서초구 방배로 83-9,Seoul,South Korea,RIBBON_ONE,,,02-598-5066,,2026,CARNE BRASIL GRILL,37.482007,126.996644,2026-02-17T22:29:33.775718+00:00,,,,까르니브라질그릴,서울특별시 서초구 방배로 83-9
blueribbon,늘푸른정육식당,서울특별시 강남구 강남대로124길 19,Seoul,South Korea,RIBBON_ONE,,,02-479-2224,,2026,,37.50926,127.0241,2026-02-17T22:29:33.775718+00:00,,,,늘푸른정육식당,서울특별시 강남구 강남대로124길 19
blueribbon,늘푸른목장,서울특별시 송파구 백제고분로9길 34,Seoul,South Korea,RIBBON_ONE,,,02-3431-4520,,2026,,37.509538,127.082624,2026-02-17T22:29:33.775718+00:00,,,,늘푸른목장,서울특별시 송파구 백제고분로9길 34
blueribbon,남도포장마차,서울특별시 관악구 청룡2길 3,Seoul,South Korea,RIBBON_ONE,,,02-871-9121 ,,2026,,37.48116,126.9459,2026-02-17T22:29:33.775718+00:00,,,,남도포장마차,서울특별시 관악구 청룡2길 3
blueribbon,꽃지,서울특별시 강남구 봉은사로 610,Seoul,South Korea,RIBBON_ONE,,,02-561-8788,,2026,,37.51465,127.0619,2026-02-17T22:29:33.775718+00:00,,,,꽃지,서울특별시 강남구 봉은사로 610
blueribbon,다미,서울특별시 영등포구 국제금융로8길 34,Seoul,South Korea,RIBBON_ONE,,,02-783-5167 ,,2026,,37.52016,126.9273,2026-02-17T22:29:33.775718+00:00,,,,다미,서울특별시 영등포구 국제금융로8길 34
blueribbon,남서울민물장어,서울특별시 강남구 봉은사로 137,Seoul,South Korea,RIBBON_ONE,,,02-544-1010,,2026,,37.50627,127.0295,2026-02-17T22:29:33.775718+00:00,,,,남서울민물장어,서울특별시 강남구 봉은사로 137
blueribbon,GOWOOGA,서울특별시 영등포구 여의대로 24,Seoul,South Korea,RIBBON_ONE,,,0507-1342-9554,,2026,GOWOOGA,37.5221803249649,126.919916550827,2026-02-17T22:29:33.775718+00:00,,,,고우가,서울특별시 영등포구 여의대로 24
blueribbon,GRee E,서울특별시 강남구 도산대로59길 13,Seoul,South Korea,RIBBON_ONE,,,0507-1358-6982,,2026,GRee E,37.5246740736383,127.041990425496,2026-02-17T22:29:33.775718+00:00,,,,그리에,서울특별시 강남구 도산대로59길 13
blueribbon,gute Leute,서울특별시 강남구 선릉로131길 16,Seoul,South Korea,RIBBON_ONE,,,02-518-1117,,2026,gute Leute,37.5176953608723,127.03963018885,2026-02-17T22:29:33.775718+00:00,,,,구테로이테,서울특별시 강남구 선릉로131길 16
blueribbon,goldfish dimsum cuisine,서울특별시 강남구 압구정로48길 35,Seoul,South Korea,RIBBON_ONE,,,02-511-5266 ,,2026,goldfish dimsum cuisine,37.52607172192224,127.03710630039664,2026-02-17T22:29:33.775718+00:00,,,,골드피쉬딤섬퀴진,서울특별시 강남구 압구정로48길 35
blueribbon,경평면옥,서울특별시 강남구 삼성로104길 12,Seoul,South Korea,RIBBON_ONE,,,02-539-6054 ,,2026,,37.51085907051559,127.05573411165798,2026-02-17T22:29:33.775718+00:00,,,,경평면옥,서울특별시 강남구 삼성로104길 12
blueribbon,경천애인2237,서울특별시 강남구 테헤란로 421,Seoul,South Korea,RIBBON_ONE,,,0507-1410-2237,,2026,,37.50594,127.0525,2026-02-17T22:29:33.775718+00:00,,,,경천애인2237,서울특별시 강남구 테헤란로 421
blueribbon,GOLDEN THAI,서울특별시 송파구 위례성대로 66,Seoul,South Korea,RIBBON_ONE,,,02-461-8089 ,,2026,GOLDEN THAI,37.51466,127.1194,2026-02-17T22:29:33.775718+00:00,,,,골든타이,서울특별시 송파구 위례성대로 66
blueribbon,군산오징어,서울특별시 송파구 삼학사로 101,Seoul,South Korea,RIBBON_ONE,,,02-413-2046 ,,2026,,37.50631,127.097,2026-02-17T22:29:33.775718+00:00,,,,군산오징어,서울특별시 송파구 삼학사로 101
blueribbon,고성막국수,서울특별시 강서구 방화대로49길 6-7,Seoul,South Korea,RIBBON_ONE,,,02-2665-1205 ,,2026,,37.577407,126.816112,2026-02-17T22:29:33.775718+00:00,,,,고성막국수,서울특별시 강서구 방화대로49길 6-7
blueribbon,Gran Gusto,서울특별시 강남구 삼성로 340,Seoul,South Korea,RIBBON_ONE,,,02-556-3960,,2026,Gran Gusto,37.50193,127.0596,2026-02-17T22:29:33.775718+00:00,,,,그란구스또,서울특별시 강남구 삼성로 340
blueribbon,고모네원조콩탕황태탕,서울특별시 강동구 풍성로57길 13,Seoul,South Korea,RIBBON_ONE,,,02-485-4675,,2026,,37.52963,127.1359,2026-02-17T22:29:33.775718+00:00,,,,고모네원조콩탕황태탕,서울특별시 강동구 풍성로57길 13
blueribbon,NOR,서울특별시 강남구 도산대로 220,Seoul,South Korea,RIBBON_ONE,,,,,2026,,37.5202736076902,127.031119256871,2026-02-17T22:29:33.775718+00:00,,,,NOR,서울특별시 강남구 도산대로 220
blueribbon,게장게장게장,서울특별시 강서구 공항대로 269-15,Seoul,South Korea,RIBBON_ONE,,,02-2668-0490,,2026,,37.5596113961056,126.837242277605,2026-02-17T22:29:33.775718+00:00,,,,게장게장게장,서울특별시 강서구 공항대로 269-15
blueribbon,3대삼계장인,서울특별시 서초구 반포대로28길 56-3,Seoul,South Korea,RIBBON_ONE,,,02-522-2270,,2026,,37.491302882416,127.011591359711,2026-02-17T22:29:33.775718+00:00,,,,3대삼계장인,서울특별시 서초구 반포대로28길 56-3
blueribbon,WGANA,서울특별시 강남구 도산대로49길 20,Seoul,South Korea,RIBBON_ONE,,,070-8848-4341,,2026,WGANA,37.5241891623529,127.037409337867,2026-02-17T22:29:33.775718+00:00,,,,W가나,서울특별시 강남구 도산대로49길 20
blueribbon,가이센,서울특별시 서초구 고무래로 10-6,Seoul,South Korea,RIBBON_ONE,,,070-7715-8149,,2026,,37.503518,127.009698,2026-02-17T22:29:33.775718+00:00,,,,가이센,서울특별시 서초구 고무래로 10-6
blueribbon,강남교자,서울특별시 서초구 강남대로69길 11,Seoul,South Korea,RIBBON_ONE,,,02-536-4133,,2026,,37.50144,127.0244,2026-02-17T22:29:33.775718+00:00,,,,강남교자,서울특별시 서초구 강남대로69길 11
blueribbon,개성집,서울특별시 양천구 목동중앙서로 48,Seoul,South Korea,RIBBON_ONE,,,02-2642-5695,,2026,,37.53287,126.8691,2026-02-17T22:29:33.775718+00:00,,,,개성집,서울특별시 양천구 목동중앙서로 48
blueribbon,개화옥,서울특별시 강남구 압구정로50길 7,Seoul,South Korea,RIBBON_ONE,,,02-549-1459,,2026,,37.52771,127.0386,2026-02-17T22:29:33.775718+00:00,,,,개화옥,서울특별시 강남구 압구정로50길 7
blueribbon,가양칼국수버섯매운탕,서울특별시 영등포구 국제금융로 78,Seoul,South Korea,RIBBON_ONE,,,02-784-0409 ,,2026,,37.52078,126.9311,2026-02-17T22:29:33.775718+00:00,,,,가양칼국수버섯매운탕,서울특별시 영등포구 국제금융로 78
