source,name,address,city,country,category,cuisine,price,phone,url,year,description,latitude,longitude,captured_at,kakao_id,kakao_url,korean_query,name_ko,address_ko
michelin,3rd Samgyetang,"56-3 Banpo-daero 28-gil, Seocho-gu, Seoul",Seoul,South Korea,Selected,Samgyetang,₩,,https://guide.michelin.com/us/en/seoul-capital-area/kr-seoul/restaurant/3rd-samgyetang,,"Now in its third generation after opening in 1973, 3rd Samgyetang is well-regarded among Seocho locals for its restorative soup. The signature samgyetang features a rich broth of over 40 ingredients, topped with mung bean and pine nut purées, and mugwort paste. The grains give the broth a satisfying body, and the meat from young chickens falls effortlessly off the bone. Spoon some glutinous rice into the broth, add a pinch of glasswort salt, and enjoy the bowl of cosy porridge. Arrive early to avoid long lines during peak hours.",37.49135,127.01155,2026-02-17T22:25:57.141146+00:00,,,,3대 삼계장인,"서초구 반포대로 28길 56-3, Seoul"
michelin,7th Door,"4F, 41 Hakdong-ro 97-gil, Gangnam-gu, Seoul",Seoul,South Korea,1 Star,Contemporary,₩₩₩₩,,https://guide.michelin.com/us/en/seoul-capital-area/kr-seoul/restaurant/7th-door,,"Chef Kim Dae-chun’s cooking continues to diversify and deepen over time. The menu at this restaurant embodies the culinary direction he wishes to pursue, largely thanks to his modern Korean preparations. Under the theme of fermentation and aging, the essential attributes of Korean gastronomy, the chef prepares ingredients with care and expertise. The 7th Door symbolises a gastronomic entrance to “the seven tastes of food,” the first five being the five basic tastes; the sixth, the taste of fermentation and aging; and the seventh, the culinary sensibility of the chef.",37.52237,127.05429,2026-02-17T22:25:57.141146+00:00,,,,세븐스도어,"강남구 학동로 97길 41, 4층, Seoul"
michelin,A Flower Blossom on the Rice,"3-6 Insadong 16-gil, Jongno-gu, Seoul",Seoul,South Korea,Bib Gourmand,Korean,₩₩,,https://guide.michelin.com/us/en/seoul-capital-area/kr-seoul/restaurant/a-flower-blossom-on-the-rice,,"Located in a quiet alley away from the touristy bustle of Insa-dong, A Flower Blossom on the Rice is a restaurant that caters to the health-conscious diner, serving wholesome home-cooked fare using only certified organic ingredients sourced straight from the farm. The signature dish at this restaurant is the Bojagi Bibimbap — a log of cooked rice topped with five different sautéed vegetables in their multi-colored glory, encased in a crépe-thin egg omelet resembling a gift, tied with a seaweed ribbon and presented with a single flower on top.",37.57535,126.98404,2026-02-17T22:25:57.141146+00:00,,,,꽃밥에피다,"종로구 인사동 16길 3-6, Seoul"
michelin,Aelgerizm,"2F, 8 Dosan-daero 49-gil, Gangnam-gu, Seoul",Seoul,South Korea,Selected,Contemporary,₩₩₩,,https://guide.michelin.com/us/en/seoul-capital-area/kr-seoul/restaurant/aelgerizm,,"Aelgerizm’s modern cuisine will delight your palate with delicate seasonal variations on a theme. The food is inspired by Chef Min-woo Yang’s culinary and life experiences in Japan. He blurs the boundaries of his brand of Japanese cuisine through the inventive use of Western ingredients, always seeking to maintain the right balance to achieve culinary perfection. The menu changes four times a year to reflect Korea’s four distinct seasons, with each seasonal menu organically related to the preceding one. Each dish brings out the inherent flavours of the ingredients, which are delicately balanced with the sauces.",37.5233164,127.0374241,2026-02-17T22:25:57.141146+00:00,,,,알고리즘,"강남구 도산대로 49길 8, 2층, Seoul"
michelin,A L'AISE,"89 Dokseodang-ro, Yongsan-gu, Seoul",Seoul,South Korea,Selected,Modern Cuisine,₩₩₩,,https://guide.michelin.com/us/en/seoul-capital-area/kr-seoul/restaurant/al-aise,,"A L'AISE embodies the effortless elegance of European ambience. An inviting dining space and casual, soft furnishings create a comfortable atmosphere for diners to relax. The course meals feature a delicate balance of ingredients and sauces, bringing out intriguing flavours. Another distinct culinary delight is the classic French sauces infused with Korean influences, giving each dish a unique touch. Each plate is a mix of simplicity and creativity, where tradition meets modernity.",37.53479,127.01029,2026-02-17T22:25:57.141146+00:00,,,,알레즈,"용산구 독서당로 89, Seoul"
michelin,alla prima,"13 Hakdong-ro 17-gil, Gangnam-gu, Seoul",Seoul,South Korea,2 Stars,Innovative,₩₩₩₩,,https://guide.michelin.com/us/en/seoul-capital-area/kr-seoul/restaurant/alla-prima,,"alla prima's natural flavors of the ingredients are preserved, while the balance of herbs and vegetables adds an alluring aroma.  The tasting menu is original without being overly complex or intimidating. The wide counter offers the best view of the the kitchen’s lively energy,  while the calm, classic ambiance and softly lit dining room ensure that no detail has been overlooked in providing a truly comfortable meal.",37.51346,127.02602,2026-02-17T22:25:57.141146+00:00,,,,알라 프리마,"강남구 학동로 17길 13, Seoul"
michelin,ALT.a,"109 Bogwang-ro, Yongsan-gu, Seoul",Seoul,South Korea,Bib Gourmand,Vegan,₩,,https://guide.michelin.com/us/en/seoul-capital-area/kr-seoul/restaurant/alt-a,,"ALT.a works exclusively with plant-based ingredients. By reimagining familiar Chinese dishes without animal products, it offers flavours that are both assured and satisfying, even for diners new to vegan cuisine. The cooking is notably light, making the meal easy to enjoy from start to finish. Signatures include vegan jjamppong and fried dishes such as tangsuyuk and yurinyuk, whose crisp coatings and pleasantly chewy textures are convincing enough to surprise even devoted meat eaters. It succeeds not only as a vegan restaurant, but simply as a very good Chinese one.",37.53245,126.99446,2026-02-17T22:25:57.141146+00:00,,,,알트에이,"용산구 보광로 109, Seoul"
michelin,ANAM,"10 Bukchon-ro 5-gil, Jongno-gu, Seoul",Seoul,South Korea,Bib Gourmand,Dwaeji-gukbap,₩,,https://guide.michelin.com/us/en/seoul-capital-area/kr-seoul/restaurant/anam,,"At this humble diner situated in Bukchon Village, the pork and rice soup comes in two sizes: medium and extra-meat. A special oil made with Cheongyang chilli pepper and kale is drizzled on top of the clean soup, creating a unique visual appearance and rich, harmonious flavours. The Spanish Duroc baby pork ribs and thin slices of pork butt that complement the dish are exceedingly tender and boast delicate flavours, further elevating the gastronomic experience.",37.57939,126.98446,2026-02-17T22:25:57.141146+00:00,,,,안암,"종로구 북촌로 5길 10, Seoul"
michelin,Andeok,"18 Jahamun-ro 17-gil, Jongno-gu, Seoul",Seoul,South Korea,Selected,Korean,₩,,https://guide.michelin.com/us/en/seoul-capital-area/kr-seoul/restaurant/andeok,,"Andeok is known for its beef naengguksu and mandutguk. The mulguksu here is similar to Pyongyang-style naengmyeon, though the noodles are softer and springier thanks to the higher buckwheat content. The clean, mild broth is complemented by lightly seasoned beef, delivering a deep, savoury flavour with each bite. Fried peppers are also popular; the meat-and-vegetable filling, encased in a crisp batter, is unexpectedly flavourful. Arriving at opening time is recommended to avoid long queues at lunchtime.",37.58143,126.96969,2026-02-17T22:25:57.141146+00:00,,,,안덕,"종로구 자하문로 17길 18, Seoul"
michelin,Au Bouillon,"29-1 Dokseodang-ro 51-gil, Seongdong-gu, Seoul",Seoul,South Korea,Selected,French,₩₩,,https://guide.michelin.com/us/en/seoul-capital-area/kr-seoul/restaurant/au-bouillon,,"Step into Au Bouillon, and you are transported to a small restaurant tucked in a narrow alleyway in France. The restaurant feels warm and cozy, much like dining in someone’s home. The menu features classic French dishes, all masterfully executed. The pâté de campagne made with duck shoulder and pistachio, pairs wonderfuly with toasted baguette and fig jam, washed down with a sip of wine. Taste the coq au vin, bouillabaisse, and ratatouille—each prepared in the traditional way—and discover a seamless harmony between cuisine and setting.",37.5311165,127.0073647,2026-02-17T22:25:57.141146+00:00,,,,오부이용,"성동구 독서당로 51길 29-1, Seoul"
michelin,Baek Nyun Ok,"2407 Nambusunhwan-ro, Seocho-gu, Seoul",Seoul,South Korea,Selected,Dubu,₩,,https://guide.michelin.com/us/en/seoul-capital-area/kr-seoul/restaurant/baecnyunok,,"Located across the main road from Seoul Arts Center, Baek Nyun Ok has been attracting loyal patrons, including local performers and musicians in droves, since 1992. This humble institution specializes in fresh homemade bean curd, which is the central ingredient in a variety of dishes offered. These include plain soft bean curd and soft bean curd stew with nutty perilla seeds. The interior is simply decorated and offers both table and floor seating.",37.48115,127.01374,2026-02-17T22:25:57.141146+00:00,,,,백년옥,"서초구 남부순환로 2407, Seoul"
michelin,Base is nice,"20 Dohwa 2-gil, Mapo-gu, Seoul",Seoul,South Korea,Bib Gourmand,Vegetarian,₩,,https://guide.michelin.com/us/en/seoul-capital-area/kr-seoul/restaurant/base-is-nice,,"Base is Nice gives vegetables center stage. The meal follows the basic structure of Korean cuisine made with ordinary local produce, and the comforting, wholesome flavors attract loyal diners. The restaurant embodies the “art of slow living”: from the leisurely wait for each dish, the owner’s calm demeanor, down to the minimalist decoration and atmospheric music playing in the background. Be sure to make a reservation as this restaurant is run alone.",37.53958,126.94908,2026-02-17T22:25:57.141146+00:00,,,,베이스 이즈 나이스,"마포구 도화 2길 20, Seoul"
michelin,Bicena,"81F Lotte World Tower, 300 Olympic-ro, Songpa-gu, Seoul",Seoul,South Korea,1 Star,Korean,₩₩₩,,https://guide.michelin.com/us/en/seoul-capital-area/kr-seoul/restaurant/bicena,,"The chef, originally from Gyeongsang-do, proudly showcases ingredients and culinary traditions from his hometown. The intriguing seasonal menu reflects the food culture of South Korea, guiding diners to experience its beauty. Meat dishes are the chef's specialities, including succulent, flavourful pork belly and one‑month house-dry Hanwoo beef sirloin. Located on the 81st floor, the restaurant offers splendid views of Seoul—window‑side seating and private rooms provide especially stunning panoramas.",37.5126,127.10253,2026-02-17T22:25:57.141146+00:00,,,,비채나,"송파구 올림픽로 300, 롯데월드 타워 81층, Seoul"
michelin,Bistrot de Yountville,"13-7 Seolleung-ro 158-gil, Gangnam-gu, Seoul",Seoul,South Korea,Selected,French,₩₩,,https://guide.michelin.com/us/en/seoul-capital-area/kr-seoul/restaurant/bistrot-de-yountville,,"Bistrot de Yountville brings classic French-bistro charm to the city, evoking the warmth of the French countryside. The cuisine reflects the chef duo's dedication to the fundamentals of French cooking, infused with meticulous care and unwavering effort. The restaurant’s name pays homage to Yountville, the home of The French Laundry in California, where the chefs were inspired to recreate its unforgettable experiences for diners. The thoughtfully prepared dishes and cosy ambience here offer a delightful escape from the hustle and bustle of city life.",37.52602,127.04126,2026-02-17T22:25:57.141146+00:00,,,,비스트로 드 욘트빌,"강남구 선릉로 158길 13-7, Seoul"
michelin,Bium,"41 Hakdong-ro 97-gil, Gangnam-gu, Seoul",Seoul,South Korea,Selected,Korean,₩₩₩₩,,https://guide.michelin.com/us/en/seoul-capital-area/kr-seoul/restaurant/bium,,"Chef Dae-chun Kim's Bium showcases his deep understanding of Korean temple cuisine. Diners find a serene escape here, savouring calm, refined flavours away from the bustle of everyday life. Made with seasonal local vegetables, his dishes reflect the four Buddhist elements: earth, water, fire, and air. Chef Kim elevates Korean temple cuisine with premium produce, traditional jang, and refined techniques—offering wholesome, sophisticated flavours in every dish.",37.52239,127.05439,2026-02-17T22:25:57.141146+00:00,,,,비움,"강남구 학동로 97길 41, Seoul"
michelin,Bongmilga,"664 Seolleung-ro, Gangnam-gu, Seoul",Seoul,South Korea,Selected,Naengmyeon,₩,,https://guide.michelin.com/us/en/seoul-capital-area/kr-seoul/restaurant/bongmilga,,"Run by a chef with a deep passion for buckwheat noodles, Bongmilga embraces meticulous preparations and strict standards for ingredients. The house-made pear vinegar, mustard sauce, daily-prepared radish kimchi, and slightly thick hand-cut buckwheat noodles set it apart from typical naengmyeon shops. The clear broth, simmered for about five hours with Korean beef and medicinal herbs, offers a clean, consommé-like flavour. Guests can enhance their experience by adding pear vinegar and mustard to the noodles and enjoying them with boiled pork. The menu offers a wider range of choices, including also Pyongyang-style noodles with minari and a comforting gomtang.",37.51598,127.0424,2026-02-17T22:25:57.141146+00:00,,,,봉밀가,"강남구 선릉로 664, Seoul"
michelin,Bongsanok,"5-6 Banpo-daero 8-gil, Seocho-gu, Seoul",Seoul,South Korea,Selected,Mandu,₩,,https://guide.michelin.com/us/en/seoul-capital-area/kr-seoul/restaurant/bongsanok,,"Mandutguk, or Korean dumpling soup, is a dish that is deeply rooted in the day-to-day lives of Koreans. Owner Yoon Young-sook became acquainted with Hwanghaedo-style dumpling soup through her mother-in-law, a native of Sariwon, which is north of the border. To emulate the pure taste of the original dumpling filling, Yoon says she follows her recipe to the tee and feels very proud when she hears customers say her dumplings remind them of their own grandmother's.",37.48336,127.01242,2026-02-17T22:25:57.141146+00:00,,,,봉산옥,"서초구 반포대로 8길 5-6, Seoul"
michelin,Boreumsae,"36 Teheran-ro 81-gil, Gangnam-gu, Seoul",Seoul,South Korea,Selected,Barbecue,₩₩,,https://guide.michelin.com/us/en/seoul-capital-area/kr-seoul/restaurant/boreumsae,,"Boreumsae is the only place in Seoul that serves heukwoo, or native Jeju black cattle raised on a farm the restaurant runs on the island. Heukwoo is much firmer in texture, as it is leaner and nuttier in flavor. The robust, savory flavor fills the palate with only a simple sprinkling of salt. The restaurant takes exceptional pride in the quality of their meat, which is flown in fresh directly from Jeju. Boeumsae is the place to visit if you seek lean, clean flavored beef in Seoul.",37.509328,127.056611,2026-02-17T22:25:57.141146+00:00,,,,보름쇠,"강남구 테헤란로 81길 36, Seoul"
michelin,Borgo Hannam,"3F, 31 Itaewon-ro 54-gil, Yongsan-gu, Seoul",Seoul,South Korea,Selected,Italian,₩₩₩,,https://guide.michelin.com/us/en/seoul-capital-area/kr-seoul/restaurant/borgo-hannam,,"Once up the tiny set of stairs of Borgo Hannam, you will be greeted with homemade dishes and liqueurs befitting the cosy space. From the bread freshly baked in the morning to pastas and desserts, everything is handmade by Chef Stefano Di Salvo. The kitchen's signature Caldaro soup, inspired by the fisherman’s soup in Tuscany, has a rich, spicy flavour with the chef’s own twist. With a friendly atmosphere, this is a great spot for enjoying heartwarming Italian food from various regions.",37.53687,127.00187,2026-02-17T22:25:57.141146+00:00,,,,보르고 한남,"용산구 이태원로 54길 31, 3층, Seoul"
michelin,Born and Bred,"2F, 1 Majang-ro 42-gil, Seongdong-gu, Seoul",Seoul,South Korea,Selected,Barbecue,₩₩₩,,https://guide.michelin.com/us/en/seoul-capital-area/kr-seoul/restaurant/born-and-bred,,"Born and Bred showcases top-grade hanwoo sourced from Majang-dong, curated by an owner truly “born and bred” there. Spanning four floors, each with its own concept, the restaurant offers a wide range—from signature burgers and steaks to Korean-style grilling cuts and specialty selections by weight. One floor serves a set tasting menu, while another presents a chef’s choice menu that best reflects the restaurant’s identity, so it’s worth choosing your floor in advance.",37.56697,127.04468,2026-02-17T22:25:57.141146+00:00,,,,본 앤 브레드,"성동구 마장로 42길 1, 2층, Seoul"
michelin,Buchon Yukhoe,"200-12 Jong-ro, Jongno-gu, Seoul",Seoul,South Korea,Bib Gourmand,Yukhoe,₩,,https://guide.michelin.com/us/en/seoul-capital-area/kr-seoul/restaurant/buchon-yukhoe,,"Occupying a corner of the well-established raw beef alley of Gwangjang Market, Buchon Yukhoe has been in business since 1965, originally started as Buchon Sikdang selling short rib soup. The founding matriarch’s original Jeollado Province-style raw beef, seasoned with red chili paste, gave way to the more popular Seoul-style in the 1980s, seasoned with sesame oil and eaten with matchstick pears. Try the raw beef bibimbap for a more substantial meal. Locally sourced beef is delivered to the restaurant each morning.",37.57034,126.99991,2026-02-17T22:25:57.141146+00:00,,,,부촌육회,"종로구 종로 200-12, Seoul"
michelin,Budnamujip,"434 Hyoryeong-ro, Seocho-gu, Seoul",Seoul,South Korea,Selected,Barbecue,₩₩,,https://guide.michelin.com/us/en/seoul-capital-area/kr-seoul/restaurant/budnamujip,,"Since 1977, this family-style restaurant has garnered an appreciative following of barbecue lovers, often seeing three generations of loyal patrons from one family frequenting the shop. A popular locality for residents south of the river, it specializes in various cuts of meat exclusively from the cow including ribs, sirloin and tripe. The rich flavors of the exceptionally tender meat is enhanced simply with quality bay salt.",37.48907,127.03118,2026-02-17T22:25:57.141146+00:00,,,,버드나무집,"서초구 효령로 434, Seoul"
michelin,Byeokje Galbi,"1-4 Yangjae-daero 71-gil, Songpa-gu, Seoul",Seoul,South Korea,Selected,Barbecue,₩₩₩,,https://guide.michelin.com/us/en/seoul-capital-area/kr-seoul/restaurant/byeokje-galbi,,"Byeokje Galbi is a local institution that has been serving legendary barbecued beef short ribs since 1986. The restaurant’s attention to quality begins from the breeding of the cows at a local farm in Pocheon. Only the top 1% (BMS No9) are purchased, whole, at a daily auction, after which they are handled by an artisan butcher. The signature dishes are the beautifully marbled short ribs and ribeye grilled over charcoal. From a simple meal of cold buckwheat noodles and soup to an elaborate barbecue feast, Byeokje Galbi caters to all occasions.",37.51007,127.12619,2026-02-17T22:25:57.141146+00:00,,,,벽제갈비,"송파구 양재대로 71길 1-4, Seoul"
michelin,Chaconne,"1F, Building 102, Yeoksam Hills, 23 Nonhyeon-ro 97-gil, Gangnam-gu, Seoul",Seoul,South Korea,Selected,French Contemporary,₩₩₩,,https://guide.michelin.com/us/en/seoul-capital-area/kr-seoul/restaurant/chaconne,,"Tucked away in a quiet location, Chaconne feels like a hidden retreat. The food, made with seasonal Korean ingredients, is rooted in French cuisine and accented with Japanese flavours, which reflects the chef’s varied culinary journey. The chef's speciality is using different fruits to add acidity and sweetness to his dishes. The contemporary, relaxed dining space creates a pleasant atmosphere, and the staff’s thoughtful explanations make each course easy to appreciate.",37.50274,127.03376,2026-02-17T22:25:57.141146+00:00,,,,샤콘느,"강남구 논현로 97길 23 역삼힐스 102동 1층, Seoul"
michelin,Chez Nous Private Kitchen,"3F, 210-6 Noksapyeong-Daero, Yongsan-gu, Seoul",Seoul,South Korea,Selected,French,₩₩,,https://guide.michelin.com/us/en/seoul-capital-area/kr-seoul/restaurant/chez-nous,,"Meaning 'our home' in French, Chez Nous Private Kitchen represents the chef-owner couple’s wish to serve guests with warm, hearty food in a homelike setting. The diner's homestyle dishes are anything but ordinary, reflecting Chef Mathieu Moles’ experience as an executive chef at major restaurants and hotels in France. In this cosy dining space, you can enjoy authentic French dishes, including scallop carpaccio and steak tartare featuring truffle emulsion.",37.53634,126.98734,2026-02-17T22:25:57.141146+00:00,,,,셰누 프라이빗 키친,"용산구 녹사평대로 210-6, 3층, Seoul"
michelin,Chez Simon,"3F, 66 Hoenamu-ro, Yongsan-gu, Seoul",Seoul,South Korea,Selected,French,₩₩,,https://guide.michelin.com/us/en/seoul-capital-area/kr-seoul/restaurant/chez-simon,,"Chez Simon, This French bistro has been growing at a steady pace. The couple who runs this eatery closes its doors every year for a certain period, so that they can travel around the world to discover new ingredients. It is this unrelenting dedication to cuisine and humility that has marked the success, even though the chefs have had no professional culinary training. This French kitchen offers only course meals, featuring plain, simple dishes that are the culmination of authentic recipes and fresh, carefully curated ingredients.",37.54015,126.99404,2026-02-17T22:25:57.141146+00:00,,,,쉐시몽,"용산구 회나무로 66, 3층, Seoul"
michelin,Collage,"2F Ananti at Gangnam, 11 Nonhyeon-ro 136-gil, Gangnam-gu, Seoul",Seoul,South Korea,Selected,French Contemporary,₩₩₩,,https://guide.michelin.com/us/en/seoul-capital-area/kr-seoul/restaurant/collage,,"Just like the visual art technique of collage, Chef Jin-sung Noh draws upon his extensive understanding of ingredients to create dishes that balance various flavours. His refined culinary skills are richly expressed through the harmonious blend of ingredients' inherent flavours and dense sauces. By incorporating seasonal local ingredients with fermentation techniques, he gives traditional French cuisine a modern, diverse touch. Enjoy his distinctively stylish dishes in a charming dining space.",37.51619,127.03099,2026-02-17T22:25:57.141146+00:00,,,,꼴라쥬,"강남구 논현로 136길 11, 아난티 앳 강남 2층, Seoul"
michelin,Comme Moa,"56 Sinheung-ro, Yongsan-gu, Seoul",Seoul,South Korea,Selected,French,₩₩,,https://guide.michelin.com/us/en/seoul-capital-area/kr-seoul/restaurant/comme-moa,,"This cozy charmer, located towards the tail end of Haebangchon’s main street, is Chef Kim Moa’s cheery French bistro that serves up authentic fare. The menu is composed of classic dishes that clearly demonstrate her philosophy that good ingredients and care for the guests should be the foundation of a tasty dish. Some of the restaurant’s best sellers include foie gras crème brûlée, pâté en croute and beef Wellington, which diners have to call ahead and order a day in advance. For dessert, the chef's special soufflé is a must.",37.54344,126.9877,2026-02-17T22:25:57.141146+00:00,,,,꼼 모아,"용산구 신흥로 56, Seoul"
michelin,Continental,"23F The Shilla Hotel, 249 Dongho-ro, Jung-gu, Seoul",Seoul,South Korea,Selected,French,₩₩₩₩,,https://guide.michelin.com/us/en/seoul-capital-area/kr-seoul/restaurant/continental,,"The Continental, which opened alongside the establishment of the Shilla Hotel remains a symbol of French cuisine in Korea.  It highlights refined French gastronomy through seasonal local ingredients and contemporary techniques. Seasonal fish served with classic French sauces alone offers a compelling reason to return throughout the year. The tables by the windows that overlook the Seoul cityscape add elegance while the attentive staff enhance the restaurant's stature as a preier dining destination.",37.5558213,127.00517,2026-02-17T22:25:57.141146+00:00,,,,콘티넨탈,"중구 동호로 249, 신라호텔 23층, Seoul"
michelin,Crystal Jade,"B1F, 16 Namdaemun-ro 7-gil, Jung-gu, Seoul",Seoul,South Korea,Selected,Chinese,₩₩,,https://guide.michelin.com/us/en/seoul-capital-area/kr-seoul/restaurant/crystal-jade,,"Crystal Jade has been serving various styles of Chinese cuisine in many cities around the Asian Pacific region, and there are 15 establishments peppered across Korea. This particular branch is a Chinese restaurant run by the global Chinese cuisine brand Crystal Jade. It serves a wide array of Asian dishes including traditional Cantonese and Hong Kong cuisine, and Singaporean food. It is the place to go to enjoy Chinese food with Crystal Jade's high standards. The selection of intensely umami barbecue and seafood dishes might just be the perfect place for a fun gathering.",37.564311,126.981212,2026-02-17T22:25:57.141146+00:00,,,,크리스탈 제이드,"중구 남대문로 7길 16, 지하 1층, Seoul"
michelin,Daesungjip,"5 Sajik-ro, Jongno-gu, Seoul",Seoul,South Korea,Bib Gourmand,Doganitang,₩,,https://guide.michelin.com/us/en/seoul-capital-area/kr-seoul/restaurant/daesungjip,,"At Daesungjip, a rich, milky broth comes brimming with tender beef knee cartilage (dogani), tendon (suji), and shank (satae), all served with a dose of old-school hospitality. There’s no trace of gaminess—just a clean, subtly sweet broth with a luxuriously silky mouthfeel from well-emulsified fat. The steaming soup, springy dogani, and fluffy rice form a perfect trio, elevated by sharp kimchi, crisp kkakdugi, and bold gochujang garlic on the side. Owner Lee Chun-hee, still behind the ladle daily, may just be the key to the unwavering quality of this beloved doganitang.",37.57269,126.96091,2026-02-17T22:25:57.141146+00:00,,,,대성집,"종로구 사직로 5, Seoul"
michelin,Damtaek,"51 Donggyo-ro 12an-gil, Mapo-gu, Seoul",Seoul,South Korea,Bib Gourmand,Ramen,₩,,https://guide.michelin.com/us/en/seoul-capital-area/kr-seoul/restaurant/damtaek,,"Damtaek is a cozy little ramen haven nestled in a quiet alley near Hapjeong Station. Chef Jo Won-hyeon has purposefully adorned this quaint space with vintage artifacts. The restaurant’s shio ramen, and associated variations that use the same soup base, are in stark contrast to its homey, down-to-earth vibe. The refined and clean flavors of the soups are singular and inspire lingering addiction. With a passion for creating tastes unbound by culinary convention, the chef has persistently dedicated his craft toward perfecting the art of shio ramen, creating ramen that can delight any palate.",37.55448,126.91512,2026-02-17T22:25:57.141146+00:00,,,,담택,"마포구 동교로12안길 51, Seoul"
michelin,De Tempore,"37 Hannam-daero, Yongsan-gu, Seoul",Seoul,South Korea,Selected,French,₩₩,,https://guide.michelin.com/us/en/seoul-capital-area/kr-seoul/restaurant/de-tempore,,"‘De tempore,’ true to its name, is a modern French restaurant that embraces the essence of seasonal ingredients in its dishes. Within the broad framework of French cuisine, the chef's refined touch brings a sense of seasonality and harmony to each plate. Signature creations like duck breast with duck jus sauce or seasonal fish paired with bisque sauce showcase the restaurant's culinary artistry, with its diverse and distinctive sauces adding an extra layer of enjoyment to the dining experience.",37.532213,127.0081086,2026-02-17T22:25:57.141146+00:00,,,,디 템포레,"용산구 한남대로 37, Seoul"
michelin,Doori,"27 Wonhyo-ro 63-gil, Yongsan-gu, Seoul",Seoul,South Korea,Selected,Korean,₩₩₩,,https://guide.michelin.com/us/en/seoul-capital-area/kr-seoul/restaurant/doori,,"Born and raised in Yongsan, the chef and his wife present inventive Korean dishes in a serene, minimalist space. The restaurant's menu evolves constantly, shaped by seasonal ingredients and a thoughtful zero-waste philosophy. A standout in the menu, 'All of Today’s Scraps', transforms leftovers of the day into a dish that is remarkably aromatic and deeply flavourful. It’s hard to imagine a finer expression of conscious, creative dining than the one Doori offers.",37.53795,126.96352,2026-02-17T22:25:57.141146+00:00,,,,두리,"용산구 원효로63길 27, Seoul"
michelin,Doughroom,"2F, 99 Donggwang-ro, Seocho-gu, Seoul",Seoul,South Korea,Selected,Italian,₩₩,,https://guide.michelin.com/us/en/seoul-capital-area/kr-seoul/restaurant/doughroom,,"Dedicated to making artisanal pasta from scratch, Doughroom is a keeper for all Italian food lovers. The dough room itself, where all the pastas are made fresh daily, is undoubtedly the heart of the restaurant. While offering authentic flavors of Italy, it also serves fusion dishes using ingredients familiar to the local palate — for example, their buckwheat cannelloni. Asking for the action-packed dough room table when making a reservation is highly recommended.",37.49379,126.99333,2026-02-17T22:25:57.141146+00:00,,,,도우룸,"서초구 동광로 99, 2층, Seoul"
michelin,Eatanic Garden,"36F Josun Palace Hotel, 231 Teheran-ro, Gangnam-gu, Seoul",Seoul,South Korea,1 Star,Korean Contemporary,₩₩₩₩,,https://guide.michelin.com/us/en/seoul-capital-area/kr-seoul/restaurant/eatanic-garden,,"As the name suggests, the space evokes a beautiful urban garden. The window seats  are prized for the commanding views of the cityscape from the 36th floor of the Josun Palace Hotel. There is no menu here; instead, diners receive a series of illustrated cards depicting the main seasonal element of each beautifully executed dish. The delightful staff are there to guide them along and explain each dish in more detail. Traditional Korean dishes are given a creative twist, which demonstrates the restaurant’s mastery of contemporary culinary techniques.",37.50304,127.04158,2026-02-17T22:25:57.141146+00:00,,,,이타닉 가든,"강남구 테헤란로 231, 조선팰리스 호텔 36층, Seoul"
michelin,Egg & Flour,"2F, 35 Shinheung-ro 26-gil, Yongsan-gu, Seoul",Seoul,South Korea,Bib Gourmand,Italian,₩₩,,https://guide.michelin.com/us/en/seoul-capital-area/kr-seoul/restaurant/egg-flour,,"Eggs and flour are the main ingredients for making fresh pasta, and fresh pasta is what Egg & Flour does best. Freshly made pastas including capellini, reginetti, tagliatelle, rigatoni, and pappardelle are carefully paired with the perfect sauces to create uniquely flavorful dishes. Dining at a window seat with an open view of Namsan Haebangchon at sunset makes an unforgettable experience. The first floor is a private space while the second floor is the dining hall; it is equally suitable for a close knit group and a large party.",37.545342,126.984447,2026-02-17T22:25:57.141146+00:00,,,,에그 앤 플라워,"용산구 신흥로 26길 35, 3층, Seoul"
michelin,ELPIC,"25 Dosan-daero 78-gil, Gangnam-gu, Seoul",Seoul,South Korea,Selected,Meats and Grills,₩₩₩,,https://guide.michelin.com/us/en/seoul-capital-area/kr-seoul/restaurant/elpic,,"ELPIC, once a famed grill house on Jeju Island, has found its new home in Seoul. Dry-aged, wet-aged, and beeswax-aged beef steaks are signature dishes at this steakhouse; its grilled fresh squid, caught in the waters off Jeju Island, is also a culinary delight. The method of grilling the steaks is unique: They are cooked over charcoal at a low temperature and cooled, with the process repeating for more than 30 minutes to maximise tenderness and juiciness. Pair the meat with wine for additional gastronomic indulgence.",37.52237,127.04659,2026-02-17T22:25:57.141146+00:00,,,,엘픽,"강남구 도산대로 78길 25, Seoul"
michelin,Épanoui,"3F, 33 Seolleung-ro 146-gil, Gangnam-gu, Seoul",Seoul,South Korea,Selected,French,₩₩₩,,https://guide.michelin.com/us/en/seoul-capital-area/kr-seoul/restaurant/epanoui,,"Épanoui adorns its walls with novel artists’ paintings every three months, thereby imbuing this back alley establishment in Cheongdam-dong with a gallery-like ambience befitting its beautifully crafted French cuisine. The kitchen team's signature dishes include lobster ravioli in a mellow champagne-vanilla sauce and foie gras marbré surrounded by crunchy bread crumbs. Perhaps as a nod to the restaurant’s artwork, the presentations are also delicate and vibrant. Chef Ji-hun Kwon’s pursuit of balanced flavours and elevated plating will delight your eyes and your palate.",37.52187,127.04254,2026-02-17T22:25:57.141146+00:00,,,,에빠뉘,"강남구 선릉로 146길 33, 3층, Seoul"
michelin,Escondido,"B1F, 61-7 Hannam-daero 20-gil, Yongsan-gu, Seoul",Seoul,South Korea,1 Star,Mexican,₩₩₩,,https://guide.michelin.com/us/en/seoul-capital-area/kr-seoul/restaurant/escondido,,"Escondido is a space replete with Chef Jin Woo-bum’s passion for Mexican food. His infatuation with the cuisine led him to Mexico, where he steadily learned and improved his culinary skills while engrossed in Mexican culture. The restaurant offers bona fide Mexican cuisine with the chef’s unique twists. He conjures up finely nuanced flavors by making particularly nuanced use of tortilla and mole, the staples of Mexican cuisine. One last tip: pairing your dish with tequila, mezcal or a cocktail will take your gourmet experience at Escondido to a whole new level.",37.53517,127.01046,2026-02-17T22:25:57.141146+00:00,,,,에스콘디도,"용산구 한남대로 20길 61-7, 지하 1층, Seoul"
michelin,Essence,"12 Banpo-daero 4-gil, Seocho-gu, Seoul",Seoul,South Korea,Selected,French,₩₩,,https://guide.michelin.com/us/en/seoul-capital-area/kr-seoul/restaurant/essence-1207862,,"After a series of twists and turns, Chef Kim Yeong-seon wrapped up his famed career as a classic French chef at Restaurant Soleil and opened Essence to offer his very own version of French cuisine. Here, the chef provides bistro-style French fare that is cozier and lighter, and therefore more accessible, than the fare at his previous restaurant. Although the winds of change are sweeping through the dining industry, he is steadfastly committed to the classic style, delivering deep flavors through precisely baked and cooked ingredients and carefully crafted sauces. In this era of contemporary cuisine that appeals to diners with a wide range of novel culinary styles, Essence’s unpretentious meals highlighting genuine authenticity remind us, once again, of the core of French cuisine.",37.48179,127.01336,2026-02-17T22:25:57.141146+00:00,,,,에쌍스,"서초구 반포대로 4길 12, Seoul"
michelin,Evett,"10-5 Dosan-daero 45-gil, Gangnam-gu, Seoul",Seoul,South Korea,2 Stars,Innovative,₩₩₩₩,,https://guide.michelin.com/us/en/seoul-capital-area/kr-seoul/restaurant/evett,,"Chef Joseph Lidgerwood turns foraging into an art form, handcrafting traditional meju and brewing his own sauces. For him, there is no such thing as an ordinary or overused ingredient. His signature meju doughnut, filled with cream, anchovy dalgona, and black garlic, elevates umami and fermented depth to new heights. The menu at Evett is a canvas of innovation, featuring bold reinterpretations of Korean culinary heritage, such as house-made pine needle oil and floral-infused medicinal liquor. By seamlessly blending tradition with a global vision, the chef’s creations shine even brighter when paired with a well-curated wine list.",37.52334,127.0362,2026-02-17T22:25:57.141146+00:00,,,,에빗,"강남구 도산대로 45길 10-5, Seoul"
michelin,Exquisine,"6 Samseong-ro 140-gil, Gangnam-gu, Seoul",Seoul,South Korea,1 Star,Contemporary,₩₩₩,,https://guide.michelin.com/us/en/seoul-capital-area/kr-seoul/restaurant/exquisine,,"Located in a quiet residential neighbourhood, Exquisine is Chef Kyung-won Jang’s creative space for exploring the characters and potentials of Korean ingredients. Using herbs grown in-house and fresh, regionally sourced produce, the restaurant offers reasonably priced menus—one for lunch and one for dinner—each changing frequently according to ingredient and kitchen conditions. With soft lighting and minimalist decor, the compact dining room in black and grey tones creates a warm, intimate atmosphere ideal for dates and quiet meals.",37.5211374,127.04969,2026-02-17T22:25:57.141146+00:00,,,,익스퀴진,"강남구 삼성로 140길 6, Seoul"
michelin,Fuje,"2F, 21 Nonhyeon-ro 24-gil, Gangnam-gu, Seoul",Seoul,South Korea,Selected,Contemporary,₩₩,,https://guide.michelin.com/us/en/seoul-capital-area/kr-seoul/restaurant/fuje,,"Fuje presents contemporary cuisine rooted in French cookery, crafted with seasonal ingredients and homegrown vegetables and herbs. The menu reflects the chef’s desire to create trustworthy dishes. One standout dish features lightly blanched geoduck served with rice cooked in a clam broth; the flavour of the broth perfectly accompanies the sweet aroma and the great texture of the geoduck. The subtle oak aroma from the grill further enhances the dining experience.",37.48207,127.04473,2026-02-17T22:25:57.141146+00:00,,,,후제,"강남구 논현로 24길 21, 2층, Seoul"
michelin,Gaeseong Mandu Koong,"11-3 Insadong 10-gil, Jongno-gu, Seoul",Seoul,South Korea,Bib Gourmand,Mandu,₩,,https://guide.michelin.com/us/en/seoul-capital-area/kr-seoul/restaurant/gaeseong-mandu-koong,,"Set inside a converted traditional hanok, this restaurant is built around its signature gaeseong-style dumplings, a recipe passed down from the owner’s grandmother. The dough, fermented for three hours, yields wrappers with a pleasantly elastic texture and a subtle wheat aroma, while the filling—pork blended with generous vegetables—offers a clean, harmonious flavour. The clear, milky broth is simmered for eight hours with beef and ten kinds of fresh vegetables, resulting in a naturally savoury depth without heavy seasoning. The accompanying mul-kimchi and kkakdugi pair beautifully with the dumplings, completing a balanced and quietly refined meal.",37.57423,126.98539,2026-02-17T22:25:57.141146+00:00,,,,개성만두 궁,"종로구 인사동 10길 11-3, Seoul"
michelin,GAGGEN by Choi Junho,"2F, 19-1 Apgujeong-ro 80-gil, Gangnam-gu, Seoul",Seoul,South Korea,Selected,Japanese,₩₩₩₩,,https://guide.michelin.com/us/en/seoul-capital-area/kr-seoul/restaurant/gaggen,,"The chef couple Hyeon-Ah Choi and Jin-hee Won, both trained at renowned Japanese restaurants, create cuisine that elegantly expresses Japanese seasonality with uncommon preparations such as hand‑pulled somen, freshly ground sesame, and bracken‑starch warabi‑mochi. Dinner begins promptly at 7 p.m. for all guests, with each course presented directly in front of them for a deeply immersive experience that highlights the chefs’ craftsmanship. Thoughtful explanations from the chefs and warm, attentive hospitality further elevate the overall dining journey.",37.52451,127.04523,2026-02-17T22:25:57.141146+00:00,,,,가겐 바이 최준호,"강남구 압구정로 80길 19-1, 2층, Seoul"
michelin,Gebangsikdang,"17 Seolleung-ro 131-gil, Gangnam-gu, Seoul",Seoul,South Korea,Bib Gourmand,Gejang,₩,,https://guide.michelin.com/us/en/seoul-capital-area/kr-seoul/restaurant/gebang-sikdang,,"Soy sauce-marinated crab and stylish décor don’t always go hand in hand, but at Gebangsikdang, they do. A collaboration between fashion marketer Bang Geon-hyuk and his parents, veterans of the soy sauce marinated crab restaurant business, Gebangsikdang caters to a trend-conscious crowd with its polished interior and its wide selection of raw crab dishes. For those who find it bothersome to eat crab on the shell, there are options that come with just the crab flesh and crab roe on a mound of hot rice.",37.51727,127.03942,2026-02-17T22:25:57.141146+00:00,,,,게방식당,"강남구 선릉로 131길 17, Seoul"
michelin,Geumdwaeji Sikdang,"149 Dasan-ro, Jung-gu, Seoul",Seoul,South Korea,Bib Gourmand,Barbecue,₩,,https://guide.michelin.com/us/en/seoul-capital-area/kr-seoul/restaurant/geumdwaeji-sikdang,,"Located along a main road in Sindang-dong, Geumdwaeji Sikdang can be easily spotted by its gold-on-white-tile signage and the queue outside the door long after peak dining hours. The establishment used to serve fine cuts of YBD pig and has recently upgraded the meat quality by switching to premium-grade cuts. The texture of the pork is firm and meaty, with a good balance of flavourful fat that renders the meat supremely juicy. Items are cooked on a cast-iron grill over coal briquettes that help keep the temperature constant.",37.55705,127.01165,2026-02-17T22:25:57.141146+00:00,,,,금돼지식당,"중구 다산로 149, Seoul"
michelin,Ggupdang,"615 Gangnam-daero, Seocho-gu, Seoul",Seoul,South Korea,Bib Gourmand,Barbecue,₩,,https://guide.michelin.com/us/en/seoul-capital-area/kr-seoul/restaurant/ggupdang,,"Situated right near Sinsa station, this restaurant specializes in grilled pork butt cured for 15 days before being quickly grilled on a specially made aluminum grate over Binchotan charcoal. Thanks to this method of cooking, the meat is fatty, tender, and juicy. As in the case of sushi, when it is eaten with rice (prepared with a recipe conceived by a Japanese consultant chef) and Korean horseradish, the meat juice is absorbed by the rice, making it even softer. The side orders are not to be missed.",37.5166307,127.0188926,2026-02-17T22:25:57.141146+00:00,,,,꿉당,"서초구 강남대로 615, Seoul"
michelin,Gigas,"3F, 30 Toegye-ro 6ga-gil, Jung-gu, Seoul",Seoul,South Korea,1 Star,Mediterranean Cuisine,₩₩₩,,https://guide.michelin.com/us/en/seoul-capital-area/kr-seoul/restaurant/gigas,,"Gigas presents seasonal Mediterranean cuisine crafted with fresh vegetables and herbs that reflect the fragrance of nature. All produce comes from the chef’s family farm 40 kilometers away, bringing true farm-to-table dining to the heart of Seoul. Chef Jung Hawan uses natural ingredients to craft Mediterranean dishes that carry his own distinct character, elevating traditional recipes with a clear sense of direction. Enjoy the charm of nature-driven food in a dining space that evokes nature, decorated with rocks and trees.",37.55696,126.97809,2026-02-17T22:25:57.141146+00:00,,,,기가스,"중구 퇴계로 6가길 30, 3층, Seoul"
michelin,GiwaKang,"4F, 9 Nonhyeon-ro 152-gil, Gangnam-gu, Seoul",Seoul,South Korea,Selected,Korean Contemporary,₩₩₩₩,,https://guide.michelin.com/us/en/seoul-capital-area/kr-seoul/restaurant/giwakang,,"At Giwakang, Chef Min-chul Kang—known for his distinctive French culinary style—presents a bold approach rooted in Korean cuisine. Melding classic Korean flavours with refined French techniques, Chef Kang creatively masters complex flavour pairings that might otherwise seem improbable. Dishes like dongchimi with caviar, ganjang gejang rice with truffle, and squid mandu are both daring and harmonious. The spotless open kitchen and elegant, modern space set a polished tone for the restaurant, while warm, attentive service rounds out a dining experience that feels both inventive and deeply satisfying.",37.52107,127.02893,2026-02-17T22:25:57.141146+00:00,,,,기와강,"강남구 논현로 152길 9, 4층, Seoul"
michelin,Gom Ba Wie,"10 Yeongdong-daero 115-gil, Gangnam-gu, Seoul",Seoul,South Korea,Selected,Barbecue,₩₩,,https://guide.michelin.com/us/en/seoul-capital-area/kr-seoul/restaurant/gom-ba-wie,,"Grilled tripe and large intestines reign supreme at Gom Ba Wie, which has seen three decades of customers hooked on their buttery, pleasantly chewy goodness. The original location and the new location stand back to back, offering a glimpse of the restaurant’s past and present. If beef intestines aren't your cup of tea, the restaurant also offers other cuts like ribeye, short ribs and brisket. All meats are grilled over wood charcoal.",37.51485,127.05885,2026-02-17T22:25:57.141146+00:00,,,,곰바위,"강남구 영동대로 115길 10, Seoul"
michelin,Gomtang Lab,"10F, Hyundai Department Store, 517 Teheran-ro, Gangnam-gu, Seoul",Seoul,South Korea,Bib Gourmand,Gomtang,₩,,https://guide.michelin.com/us/en/seoul-capital-area/kr-seoul/restaurant/gomtang-lab,,"Gomtang Lab, newly reopened on the 10th floor of Hyundai Department Store, is Chef Jeong-sik Lim’s secret base for exploring gomtang and other broth-based dishes. The signature collagen gomtang is simmered for over 10 hours with beef bones, tendons, shank, and tail, resulting in a rich, gelatinous depth of flavour. The menu is broad, ranging from tripe gomtang and clam gomtang to Pyongyang-style cold noodles and beef ramen. Ordering the set brings an array of sides, such as tofu with pollack roe, kimchi pancakes, and dumplings. The slow-cooked beef pairs well with traditional Korean liquors.",37.50859,127.05971,2026-02-17T22:25:57.141146+00:00,,,,곰탕랩,"강남구 테헤란로 517, 현대백화점 10층, Seoul"
michelin,Goobok Mandu,"7 Duteopbawi-ro, Yongsan-gu, Seoul",Seoul,South Korea,Bib Gourmand,Dim Sum,₩,,https://guide.michelin.com/us/en/seoul-capital-area/kr-seoul/restaurant/goobok-mandu,,"This small, family-run spot is operated by a Korean husband and his Chinese wife, blending a humble setting with a gentle touch of Chinese warmth. The menu is simple, offering just four kinds of dim sum, with the signature gubok kimchi dumplings drawing the most attention. Pan-fried to achieve a crisp exterior and pleasantly chewy wrapper, the dumplings are filled with pork and house-made kimchi, delivering a refreshing acidity and subtle heat. Diners who enjoy bolder flavours can enhance them with the chilli flakes and vinegar provided at the table.",37.54501,126.97318,2026-02-17T22:25:57.141146+00:00,,,,구복만두,"용산구 두텁바위로 7, Seoul"
michelin,Goryori Ken,"2F, 15-3 Eonju-ro 152-gil, Gangnam-gu, Seoul",Seoul,South Korea,1 Star,Contemporary,₩₩₩₩,,https://guide.michelin.com/us/en/seoul-capital-area/kr-seoul/restaurant/goryori-ken,,"This intimate setting, with the main bar seating only eight, allows patrons to watch the chef's every movement. While preserving its unassuming façade on the second floor of the premises, Chef Kim Geon showcases highly seasonal ingredients in creations inspired by the freshness of the produce and his own creative intuition. Consistency and care are things Kim takes very seriously when serving his customers. The drinks menu features an impressive variety of sake produced by small Japanese breweries.",37.52298,127.03478,2026-02-17T22:25:57.141146+00:00,,,,고료리 켄,"강남구 언주로 152길 15-3, 2층, Seoul"
michelin,Gosari Express,"12-10, Toegye-ro 85-gil, Jung-gu, Seoul",Seoul,South Korea,Selected,Vegan,₩,,https://guide.michelin.com/us/en/seoul-capital-area/kr-seoul/restaurant/gosari-express,,"Tucked beneath a red awning in Sindang-dong Jungang Market, Gosari Express stands out among the neighbourhood’s long-established eateries. With the motto 'Vegetarian every day', it takes a playful approach to plant-based dining. Every dish features the restaurant’s signature gosari oil sauce, from spicy bibim noodles to Taiwanese pancakes topped with sweet and tangy gosari chilli sauce. This inventive spot demonstrates the boundless potential of gosari.",37.56626,127.02001,2026-02-17T22:25:57.141146+00:00,,,,고사리 익스프레스,"중구 퇴계로85길 12-10, Seoul"
michelin,Gucci Osteria da Massimo Bottura,"5F, 462 Apgujeong-ro, Gangnam-gu, Seoul",Seoul,South Korea,Selected,Italian Contemporary,₩₩₩,,https://guide.michelin.com/us/en/seoul-capital-area/kr-seoul/restaurant/gucci-osteria-da-massimo-bottura-1203402,,"Relocated in 2025 to Gangnam’s commercial district, this restaurant now occupies a stylish space defined by calming green tones, European tableware, and artful furnishings. Its vision is rooted in Italian gastronomy while deliberately moving beyond tradition. The Korean head chef, who trained in Italy for two years, skillfully integrates local and seasonal Korean ingredients into the menu, creating a modern Italian cuisine that reflects dynamic seasonal shifts. Offered as both à la carte and tasting menus, the meticulously crafted pastas are the undeniable highlight.",37.5192193,127.0413985,2026-02-17T22:25:57.141146+00:00,,,,구찌 오스테리아 다 마시모 보투라,"강남구 압구정로 462, 5층, Seoul"
michelin,Gwanghwamun Gukbap,"53 Sejong-daero 21-gil, Jung-gu, Seoul",Seoul,South Korea,Bib Gourmand,Dwaeji-gukbap,₩,,https://guide.michelin.com/us/en/seoul-capital-area/kr-seoul/restaurant/gwanghwamun-gukbap,,"Gwanghwamun Gukbap, run by Chef Park Chan-il, offers a clean, mellow take on dwaeji gukbap using black pig pork. The mild broth, tender slices of pork, and a generous topping of chives create a well-balanced and aromatic bowl. Served with freshly cooked rice and crisp kkakdugi, it becomes a hearty, satisfying meal. A smaller portion is available for children, making it family-friendly. Located in a busy office district, expect long queues during weekday lunch hours.",37.5689,126.97541,2026-02-17T22:25:57.141146+00:00,,,,광화문 국밥,"중구 세종대로 21길 53, Seoul"
michelin,Kyoyang Siksa,"238 Itaewon-ro, Yongsan-gu, Seoul",Seoul,South Korea,Selected,Barbecue,₩,,https://guide.michelin.com/us/en/seoul-capital-area/kr-seoul/restaurant/gyoyang-siksa,,"Sapporo-style lamb barbecue is the name of the game at Kyoyang Siksa, which specializes in tender young lamb less than 10 months old. Flown in from Australia, this meat is juicy and tender and the menu offers three cuts: French rack, ribs, and loin steak. These may be grilled tableside by the staff. Other solid dishes include soup curry with grilled vegetables and aromatic garlic rice served with small sheets of laver to wrap it in. Seating is limited, so be sure to book ahead.",37.53592,126.99994,2026-02-17T22:25:57.141146+00:00,,,,교양식사,"용산구 이태원로 238, Seoul"
michelin,Hadongkwan,"12 Myeongdong 9-gil, Jung-gu, Seoul",Seoul,South Korea,Selected,Gomtang,₩,,https://guide.michelin.com/us/en/seoul-capital-area/kr-seoul/restaurant/hadongkwan,,"Established in 1939, Hadongkwan is a Myeong-dong institution renowned for its consistently delicious flavours. Its signature gomtang features a clean yet deeply savoury broth, generously filled with brisket, offal, and tripe. Served with rice warmed in the clear beef broth and topped with plenty of chopped scallions, it becomes a hearty meal best enjoyed alongside Seoul-style kkakdugi. This old-fashioned eatery opens early in the morning and closes when its soup vats run dry. Lines are expected during busy hours.",37.56439,126.98501,2026-02-17T22:25:57.141146+00:00,,,,하동관,"중구 명동 9길 12, Seoul"
michelin,Haenam Cheonilgwan,"36-1 Banpo-daero 39-gil, Seocho-gu, Seoul",Seoul,South Korea,Selected,Korean,₩₩,,https://guide.michelin.com/us/en/seoul-capital-area/kr-seoul/restaurant/haenam-cheonilgwan,,"Haenam Cheonilgwan has steadfastly preserved the rich traditions of Namdo cuisine. It carries forward the legacy of the historic Cheonil Sikdang under the leadership of CEO Hwa‑young Lee, a member of the founding family. The asset that distinguishes Lee’s establishment is its tried-and-true menus and recipes accumulated through the everyday life she shares with her family. Dishes like banji kimchi and grilled short rib patties retain the traditional Namdo flavours unchanged by modern trends.",37.49862,127.00195,2026-02-17T22:25:57.141146+00:00,,,,해남천일관,"서초구 반포대로 39길 36-1, Seoul"
michelin,Hakusi,"2F, 8-4 Eonju-ro 157-gil, Gangnam-gu, Seoul",Seoul,South Korea,Selected,Japanese,₩₩₩₩,,https://guide.michelin.com/us/en/seoul-capital-area/kr-seoul/restaurant/hakusi,,"Hakusi opens a new chapter in Cheongdam after its success in Sinsa and Hannam. Situated on the first floor of a white, canvas-like building, the restaurant has the feel of a still life painting. Its bold, open layout allows diners to watch the kitchen at work. The food matches the modern space and showcases the chef’s creativity. The signature unagi is served first with sansho, then once again wrapped in a delicate pancake with basil and paired with basil vinegar—each preparation distinct yet balanced. Dishes are served à la carte after 8 p.m., and the restaurant also offers a tasting menu consisting of past signature dishes.",37.52414,127.03227,2026-02-17T22:25:57.141146+00:00,,,,하쿠시,"강남구 언주로 157길 8-4, 2, Seoul"
michelin,Halmaejip,"1-5 Sajik-ro 12-gil, Jongno-gu, Seoul",Seoul,South Korea,Bib Gourmand,Korean,₩,,https://guide.michelin.com/us/en/seoul-capital-area/kr-seoul/restaurant/halmaejip,,"Tucked away at the end of a quiet alley, the small, shoe-off restaurant retains a cosy charm. Founded in Naejadong in 1975 and relocated to its current site in 2006, it is known for a clean, aromatic heat that eliminates any gaminess. Its gamjatang is distinctive for using only bean sprouts and chives to create a refreshingly sharp broth. The jokbal is simmered for hours in a fragrant blend of spices and house broth, resulting in tender meat free of any off-flavours and deeply flavourful, chewy skin. Guests can choose between the richer hind leg or the softer foreleg, and the generous portions make it ideal for sharing.",37.5755506,126.9715631,2026-02-17T22:25:57.141146+00:00,,,,할매집,"종로구 사직로 12길 1-5, Seoul"
michelin,HANE,"14 Eonju-ro 172-gil, Gangnam-gu, Seoul",Seoul,South Korea,1 Star,Sushi,₩₩₩₩,,https://guide.michelin.com/us/en/seoul-capital-area/kr-seoul/restaurant/hane,,"Led by a Korean chef specialising in Japanese cuisine, this restaurant focuses on sushi complemented by a selection of simple yet thoughtful sake accompaniments. Seafood is sourced primarily from Japan and Korea to ensure freshness, while the shari is soft, slightly chewy, and balanced with a restrained acidity. On occasion, guests may be served with the chef’s signature kohada sushi. At the warm wood-toned counter, the chef prepares each piece by hand, creating an intimate and engaging experience. Separate lunch and dinner courses are offered, with the longer dinner menu ideal for those wishing to explore a wider range of ingredients.",37.5275808,127.0348773,2026-02-17T22:25:57.141146+00:00,,,,하네,"강남구 언주로 172길 14, Seoul"
michelin,Haobin,"2F, Ambassador-Pullman Hotel, 287 Dongho-ro, Jung-gu, Seoul",Seoul,South Korea,1 Star,Chinese,₩₩₩₩,,https://guide.michelin.com/us/en/seoul-capital-area/kr-seoul/restaurant/haobin,,"Haobin, led by Chef Deok‑juk Hou, offers refined Chinese cuisine in a warmly lit dining room that blends Eastern and Western aesthetics with chandeliers and elegant tableware. The Cantonese‑trained chef draws on over five decades of experience to present a wide range of regional Chinese cuisines. He is especially renowned for his mastery of soups, with Buddha Jumps Over the Wall—a dish he was the first to introduce to Korea—as his signature.",37.5599583,127.0024232,2026-02-17T22:25:57.141146+00:00,,,,호빈,"중구 동호로 287, 앰배서더 서울 풀만 2층, Seoul"
michelin,Hapjeongok,"2F, 21 Yanghwa-ro 1-gil, Mapo-gu, Seoul",Seoul,South Korea,Bib Gourmand,Gomtang,₩,,https://guide.michelin.com/us/en/seoul-capital-area/kr-seoul/restaurant/hapjeongok,,"Hapjeongok is a restaurant born of nostalgia. As they were reminiscing one day on the father-in-law’s beef bone soup and boiled beef slices, the latter suggested to his daughter-in-law that they should open a beef bone soup restaurant. The establishment stays true to the inspiration — deeply flavorful beef broth, rice rendered soft and sweet in the piping hot soup, tender slices of beef, and a generous serving of boiled offal. The restaurant’s cabbage soybean paste soup is also a must try. Only around 100 portions of soup are served daily, so go early.",37.54944,126.91037,2026-02-17T22:25:57.141146+00:00,,,,합정옥,"마포구 양화로 1길 21, 2층, Seoul"
michelin,Hong Yuan,"1F The Westin Chosun Hotel, 106 Sogong-ro, Jung-gu, Seoul",Seoul,South Korea,Selected,Chinese,₩₩₩₩,,https://guide.michelin.com/us/en/seoul-capital-area/kr-seoul/restaurant/hong-yuan,,"Instantly memorable with its crimson décor, this high-end restaurant at The Westin Chosun Seoul, specializes in Cantonese cuisine. The elegant space offers a taste of the best in Chinese-style formal dining, with its classic yet innovative dishes. Hong Yuan’s commitment to using the freshest ingredients to make healthy and tasty food is unparalleled, as seen in its heavy use of seafood, tofu and vegetables. Live music during dinner service.",37.56441,126.9797,2026-02-17T22:25:57.141146+00:00,,,,홍연,"중구 소공로 106, 웨스틴 조선 호텔 1층, Seoul"
michelin,HORAPA,"2F, 37-1 Jahamun-ro, Jongno-gu, Seoul",Seoul,South Korea,Bib Gourmand,Thai,₩,,https://guide.michelin.com/us/en/seoul-capital-area/kr-seoul/restaurant/horapa,,"Horapha, which means “Thai basil” in Thai. The menu is simple, but each dish delivers remarkably deep flavors. Namtokhet is a spicy salad made with charcoal-grilled mushrooms, aromatic herbs, and toasted rice powder, which has a pleasant chewy texture. Kaeng massaman is a curry with a unique flavor profile, made with cinnamon and sweet roasted vegetables. Paired with the right wine, these dishes offer a distinctive tasting experience. There is limited seating, and the place is always packed. With limited seating and steady demand, reserving in advance is the best way to secure a spot.",37.57938,126.9711,2026-02-17T22:25:57.141146+00:00,,,,호라파,"종로구 자하문로 37-1, 2층, Seoul"
michelin,Hwa Hae Dang,"15 Gukhoe-daero 62-gil, Yeongdeungpo-gu, Seoul",Seoul,South Korea,Bib Gourmand,Gejang,₩₩,,https://guide.michelin.com/us/en/seoul-capital-area/kr-seoul/restaurant/hwa-hae-dang,,"This is the first Seoul branch of the acclaimed Taean County restaurant, located on the west coast of Korea. The name of the restaurant, which translates into “Flower crab house” specializes in soy sauce marinated blue crab, prized for its sweet flesh. Each spring, when local crabs are in season, they are caught and flash frozen to be used throughout the year. The crabs are prepared in Taean and sent to Seoul. The seafood side dishes are also good.",37.52689,126.91706,2026-02-17T22:25:57.141146+00:00,,,,화해당,"영등포구 국회대로 62길 15, Seoul"
michelin,Hwanggeum Kongbat,"9 Mapo-daero 16-gil, Mapo-gu, Seoul",Seoul,South Korea,Bib Gourmand,Dubu,₩,,https://guide.michelin.com/us/en/seoul-capital-area/kr-seoul/restaurant/hwanggeum-kongbat,,"Hwanggeum Kongbat focuses on nourishing, comforting Korean cuisine, using domestically grown soybeans to craft their house-made tofu. Seasoning is kept light to highlight the natural flavors of each ingredient, resulting in dishes that are gentle yet flavorful. Standouts include jjabak dubu, dubu jorim, dubu jeongol, dubu jeon, and dubu duruchigi, all beautifully paired with house-brewed takju made from just rice, nuruk, and water. While tofu is the star, the menu also features pork bossam, yuk jeon, and various seafood options, offering a well-rounded, soulful dining experience.",37.5509,126.9567,2026-02-17T22:25:57.141146+00:00,,,,황금콩밭,"마포구 마포대로 16길 9, Seoul"
michelin,Hwangsaengga Kalguksu,"78 Bukchon-ro 5-gil, Jongno-gu, Seoul",Seoul,South Korea,Bib Gourmand,Kalguksu,₩,,https://guide.michelin.com/us/en/seoul-capital-area/kr-seoul/restaurant/hwangsaengga-kalguksu,,"No matter what time of day, always expect to see a line outside this beloved establishment, known for their humble noodle soup and dumplings. Originally called Bukchon Kalguksu when it opened in 2001, it changed its name in 2014, but that hasn’t stopped the regulars from coming time and again for its freshly made dumplings and silky-soft noodles served in a rich ox bone broth. Boiled beef slices and noodles in cold soybean soup are also popular.",37.58003,126.98065,2026-02-17T22:25:57.141146+00:00,,,,황생가 칼국수,"종로구 북촌로 5길 78, Seoul"
michelin,Hyun Udon,"53 Nonhyeon-ro 149-gil, Gangnam-gu, Seoul",Seoul,South Korea,Bib Gourmand,Udon,₩,,https://guide.michelin.com/us/en/seoul-capital-area/kr-seoul/restaurant/hyun-udon,,"Chef Park Sang-hyeon is a well-respected master of the udon craft. At his Nonhyeon-dong location, Park continues to serve up bowls of thick, silky-smooth, home-made udon noodles with their characteristic firmness and elasticity. If you're unsure of what to order, go for his signature tempura bukkake udon. The plump bouncy noodles and the freshly fried light crispy tempura make for a delicious mouthful when dipped in the umami-rich tsuyu sauce.",37.51698,127.02429,2026-02-17T22:25:57.141146+00:00,,,,현우동,"강남구 논현로 149길 53, Seoul"
michelin,Ichiryu,"44 Jandari-ro 3 an-gil, Mapo-gu, Seoul",Seoul,South Korea,Selected,Barbecue,₩,,https://guide.michelin.com/us/en/seoul-capital-area/kr-seoul/restaurant/ichiryu,,"Meaning “first class” in Japanese, Ichiryu offers an authentic taste of a Sapporo-style grilled lamb dish prepared on a convex metal skillet. The restaurant, the first of its kind in Korea, only handles young Australian lamb under a year old, and uses skillets imported from Sapporo. The efficient chefs behind the counter make sure the meat is grilled to perfection. Counter seating makes for a casual and interactive dining experience.",37.55061,126.91913,2026-02-17T22:25:57.141146+00:00,,,,이치류,"마포구 잔다리로 3안길 44, Seoul"
michelin,Il Vecchio,"332-12 World Cup buk-ro, Mapo-gu, Seoul",Seoul,South Korea,Selected,Italian,₩₩,,https://guide.michelin.com/us/en/seoul-capital-area/kr-seoul/restaurant/il-vecchio,,"Il Vecchio is a down-to-earth, homey ristorante run by the chef couple Min-kyun Kim and Bin-na Kim. The eatery's signature dishes, made with fresh local produce and seafood, perfectly capture the tastes of the season. The chef duo's meticulous cooking brings out nuanced flavours, aromas, and textures in every ingredient, with semi‑dried fresh pasta exemplifying their precision. Continuous innovation is the standard at Il Vecchio, with the goal of providing diners with varied yet reliable dining experiences.",37.5763,126.89462,2026-02-17T22:25:57.141146+00:00,,,,일 베키오,"마포구 월드컵북로 332-12, Seoul"
michelin,Imok Smoke Dining,"B1F, 6 Apgujeong-ro 2-gil, Gangnam-gu, Seoul",Seoul,South Korea,Selected,Barbecue,₩₩₩,,https://guide.michelin.com/us/en/seoul-capital-area/kr-seoul/restaurant/imok-smoke-dining,,"After its relocation to Shinsa-dong, securing a seat at this mecca for meat lovers now requires even more patience. The restaurant's menu is composed of fixed course meals. Its fragrant and succulent dishes include thick-cut bacon glazed with maple syrup and beef ribs smoked over oakwood. Its galbi ramyeon, which features simmered ribs and a robust, spicy broth, is perfectly balanced in flavour. The food pairs well with both beer and whisky.",37.521151,127.019274,2026-02-17T22:25:57.141146+00:00,,,,이목 스모크다이닝,"강남구 압구정로 2길 6 ,지하1층, Seoul"
michelin,Imun Seolnongtang,"38-13 Ujeongguk-ro, Jongno-gu, Seoul",Seoul,South Korea,Selected,Seolleongtang,₩,,https://guide.michelin.com/us/en/seoul-capital-area/kr-seoul/restaurant/imun-seolnongtang,,"Imun Seolnogtang the first restaurant to be officially registered in Seoul has endured countless hstorical events. While there are many ways to describe this establishment, its essence can be distilled into a single bowl of selleongtang. Beef leg bone is simmered for 17 hours in a large cast iron pot, with the fat carefully skimmed to create a clean, milky broth. The mild beefy soup never fails to soothe the stomach. The thinly sliced beef suyuk and suyuk muchim are also specialties - perfect accompaniments to drinks.",37.57272,126.98388,2026-02-17T22:25:57.141146+00:00,,,,이문설농탕,"종로구 우정국로 38-13, Seoul"
michelin,Jaha Son Mandu,"12 Baekseokdong-gil, Jongno-gu, Seoul",Seoul,South Korea,Bib Gourmand,Mandu,₩,,https://guide.michelin.com/us/en/seoul-capital-area/kr-seoul/restaurant/jaha-son-mandu,,"For over two decades, this restaurant has been attracting diners with a rustic dumpling recipe passed down from the owner’s mother and her grandmother. Although humble by nature, dumpling dishes are always elegantly presented. Their signature dish is mandutguk: plump pork, bean curd and vegetable dumplings nestled in a delicate beef broth, seasoned with homemade soy sauce. The main dining room offers a spectacular view of nearby Inwangsan Mountain.",37.59309,126.96603,2026-02-17T22:25:57.141146+00:00,,,,자하 손만두,"종로구 백석동길 12, Seoul"
michelin,Jeongmyeon,"88 Neungdong-ro 13-gil, Gwangjin-gu, Seoul",Seoul,South Korea,Bib Gourmand,Noodles,₩,,https://guide.michelin.com/us/en/seoul-capital-area/kr-seoul/restaurant/jeongmyeon,,"Jeongmyeon, which translates as ‘noodles infused with meaning’, features an open kitchen and a seven-seat stainless steel counter. This one-chef operation serves meat-based noodle soups, with white and red noodle soups as the sole offerings, each boasting rich, layered flavours. The broths, made from seafood, pork, and chicken, reveal a deep, harmonious taste. Toppings—including thin slices of tender pork, onion, and red pepper—add texture and visual appeal. The red noodle soup can be customised to different spice levels and is served with a bowl of rice for added heartiness.",37.54551,127.06866,2026-02-17T22:25:57.141146+00:00,,,,정면,"광진구 능동로 13길 88, Seoul"
michelin,Jin Jin,"60 World Cup buk-ro 1-gil, Mapo-gu, Seoul",Seoul,South Korea,Bib Gourmand,Chinese,₩₩,,https://guide.michelin.com/us/en/seoul-capital-area/kr-seoul/restaurant/jin-jin,,"For over 40 years, Chef Wang Yuk-sung has been committed to popularizing Chinese cuisine in Korea. Unlike most generic Korean-style Chinese restaurants ubiquitous to Seoul, Chef Wang offers a limited menu of just ten dishes to ensure that the quality of the food he serves is consistently high. Some of the most requested dishes include shrimp toast, stir-fried crab meat with egg white, mapo tofu and stir-fried beef with gai lan.",37.55777,126.91324,2026-02-17T22:25:57.141146+00:00,,,,진진,"마포구 월드컵북로 1길 60, Seoul"
michelin,Jinmi Pyeongyang Naengmyeon,"305-3 Hakdong-ro, Gangnam-gu, Seoul",Seoul,South Korea,Selected,Naengmyeon,₩,,https://guide.michelin.com/us/en/seoul-capital-area/kr-seoul/restaurant/jinmi-pyungyang-naengmyeon,,"According to owner and chef Yim Se-kwon, long time experience in the kitchens of one of the most iconic Pyeongyang cold buckwheat noodle restaurants is the secret to the success of this place. The menu here is what you would expect to see in a typical cold buckwheat noodle restaurant. Other than the noodles, it offers staples such as boiled pork and beef slices, bulgogi, dumplings and Pyeongyang-style beef hot pot.",37.516114,127.036202,2026-02-17T22:25:57.141146+00:00,,,,진미 평양냉면,"강남구 학동로 305-3, Seoul"
michelin,Jinmi Sikdang,"186-6 Mapo-daero, Mapo-gu, Seoul",Seoul,South Korea,Selected,Gejang,₩₩,,https://guide.michelin.com/us/en/seoul-capital-area/kr-seoul/restaurant/jinmi-sikdang,,"This humble yet busy restaurant has been serving raw soy-marinated crabs and nothing else for the past decade. Only the freshest local blue swimmer crabs, sourced from the west coast, are prepared daily with the kitchen’s special recipe soy sauce marinade. Keep in mind that just enough crab for consumption is prepared each day, so if you drop by at a late hour, they may be completely sold out. A prior reservation is highly recommended.",37.55055,126.95577,2026-02-17T22:25:57.141146+00:00,,,,진미식당,"마포구 마포대로 186-6, Seoul"
michelin,JUE,"124-7 Dokseodang-ro, Yongsan-gu, Seoul",Seoul,South Korea,Selected,Chinese,₩₩₩₩,,https://guide.michelin.com/us/en/seoul-capital-area/kr-seoul/restaurant/jue,,"Resembling the Chinese pronunciation of a word which refers to a title of nobility, Jue is a restaurant that specializes in Cantonese cuisine. The set menu is also named after the different noble titles in China. One of Jue's signature dishes is its barbecued pork which, after being marinated, is roasted in a high-temperature oven to ensure a supremely crispy skin and juicy, flavorful meat. Of the 13 different varieties of dim sum on offer, the cheung fan (rice noodle roll), shumai topped with abalone, and the spring rolls are not to be missed.",37.53744,127.01277,2026-02-17T22:25:57.141146+00:00,,,,쥬에,"용산구 독서당로 124-7, Seoul"
michelin,July,"164 Donggwang-ro, Seocho-gu, Seoul",Seoul,South Korea,Selected,Modern Cuisine,₩₩₩,,https://guide.michelin.com/us/en/seoul-capital-area/kr-seoul/restaurant/july,,"July is the longest-standing fine dining restaurant in Seorae Village offering the chef's modern interpretation of European dishes inspired by his travels. He uses Korean vegetables, fish, and other seasonal ingredients to create technically refined and complex contemporary cuisine. This artistry is evident in the sauces, which combine different flavors with classic sauce recipes to create a variety of different flavor profiles. The wood-toned interiors and soft lighting create a cozy dining space - well suited for both business and romantic dates.",37.49475,127.00008,2026-02-17T22:25:57.141146+00:00,,,,줄라이,"서초구 동광로 164, Seoul"
michelin,Jungin Myeonok,"10 Gukhoe-daero 76-gil, Yeongdeungpo-gu, Seoul",Seoul,South Korea,Bib Gourmand,Naengmyeon,₩,,https://guide.michelin.com/us/en/seoul-capital-area/kr-seoul/restaurant/jungin-myeonok,,It is always a delight to find a restaurant with consistent quality. Jungin Myeonok is one such place; it has quietly maintained the flavors of its dishes across generations in rapidly changing times. Jungin Myeonok exclusively uses three-year-old natural sea salt and Korean beef to maintain the flavor of the broth for their signature Pyongyang naengmyeon. The subtly flavored noodles made only from buckwheat are another key feature of this restaurant. The hanu foreshank suyuk and mandu pair perfectly with the cold noodles. Expect a long wait during lunch hours as it is located in Yeouido.,37.5307,126.92167,2026-02-17T22:25:57.141146+00:00,,,,정인면옥,"영등포구 국회대로 76길 10, Seoul"
michelin,Jungsik,"11 Seolleung-ro 158-gil, Gangnam-gu, Seoul",Seoul,South Korea,2 Stars,Contemporary,₩₩₩₩,,https://guide.michelin.com/us/en/seoul-capital-area/kr-seoul/restaurant/jungsik511965,,"Chef Yim Jung-sik—with his Seoul and New York restaurants –is credited with introducing Korean cuisine to the world with an innovative flair that is entirely his own. What he does best is draw inspiration from the familiar, like gimbap and bibimbap, to create something innovative yet entirely authentic. Primary ingredients, from abalone to duck, make up his set menu which begins with impressive banchan; there’s also the option of adding supplementary courses. There’s an extensive wine list but the suggested pairings are also well-judged.",37.525584,127.041069,2026-02-17T22:25:57.141146+00:00,,,,정식당,"강남구 선릉로 158길 11, Seoul"
michelin,KANG MINCHUL Restaurant,"5F, 18 Dosan-daero 63-gil, Gangnam-gu, Seoul",Seoul,South Korea,1 Star,French Contemporary,₩₩₩₩,,https://guide.michelin.com/us/en/seoul-capital-area/kr-seoul/restaurant/kang-minchul-restaurant,,"Many dishes are Korean or Asian reimaginations of traditional French cuisine, which have been inspired by the chef’s collaborations and travels around the world. The restaurant offers unexpected flavor combinations, such as a sauce made of burnt dried bamboo shoots and blueberries, and a broth made from dried shiitake and miyeok incorporated into a French dish. It relocated in 2025 to a wider, brighter location, when every element - from its earth and nature-inspired design to the tableware - was chosen with meticulous care.",37.5249,127.04365,2026-02-17T22:25:57.141146+00:00,,,,강민철 레스토랑,"강남구 도산대로 63길 18, 5층, Seoul"
michelin,Kirameki,"18 Dosan-daero 28-gil, Gangnam-gu, Seoul",Seoul,South Korea,Selected,Japanese,₩₩₩₩,,https://guide.michelin.com/us/en/seoul-capital-area/kr-seoul/restaurant/kirameki,,"Kirameki is a Japanese restaurant that serves a tasting menu centered on rice. I expected rice to be the primary focus of the meal, but after experiencing the meal, but it consisted as a wide array of dishes. The menu is designed around the Japanese washoku, and showcases kaiseki cuisine prepared with seasonal ingredients. Once the ceramic pot rice is served, small morsels of food were served over scoops of aromatic white rice. Each savory bite lingered pleasantly on the palate.",37.51808,127.02822,2026-02-17T22:25:57.141146+00:00,,,,키라메키,"강남구 도산대로 28길 18, Seoul"
michelin,Kojacha,"17 Hakdong-ro 97-gil, Gangnam-gu, Seoul",Seoul,South Korea,Selected,Asian,₩₩₩₩,,https://guide.michelin.com/us/en/seoul-capital-area/kr-seoul/restaurant/kojacha,,"Kojacha—named to reflect the convergence of Japanese cuisine crafted by a Korean chef (KO), Japanese technique (JA), and Chinese influences (CHA)—offers a dining experience that deliberately defies convention. The courses alternate seamlessly between Japanese and Chinese dishes, from abalone salad presented in an imperial-era soap dish to Osaka-style hassun. Chefs personally present each course at the table, adding narrative and theatrical flair, while the restaurant’s all–private-room layout ensures an intimate and immersive experience throughout.",37.52083,127.05519,2026-02-17T22:25:57.141146+00:00,,,,코자차,"강남구 학동로 97길 17, Seoul"
michelin,Kushi Kawa,"37 Nonhyeon-ro 24-gil, Gangnam-gu, Seoul",Seoul,South Korea,Selected,Kushiage,₩₩,,https://guide.michelin.com/us/en/seoul-capital-area/kr-seoul/restaurant/kushi-kawa,,"Owner Yoon Seok-hyeon's inspiration to open Kushikawa stems from his sojourn in Japan where he became a connoisseur of popular Japanese dishes including kushikatsu (deep-fried skewered meat and vegetables). The omakase course at Kushikawa consists of 12 to 14 different types of deep-fried skewers prepared with seafood, meat and vegetables. Running a restaurant on his home turf where he grew up, Yoon tries to appeal to the local palate, and nothing brings him greater joy than the joyful expressions on his customers' beaming faces.",37.48268,127.04566,2026-02-17T22:25:57.141146+00:00,,,,쿠시카와,"강남구 논현로 24길 37, Seoul"
michelin,Kwonsooksoo,"4F, 37 Apgujeong-ro 80-gil, Gangnam-gu, Seoul",Seoul,South Korea,2 Stars,Korean,₩₩₩₩,,https://guide.michelin.com/us/en/seoul-capital-area/kr-seoul/restaurant/kwonsooksoo,,"Set in a minimalist space where modern technique meets Korean tradition, this restaurant offers a quietly compelling dining experience. The chef draws on two decades of experience to highlight the pure, delicate flavours of seasonal Korean ingredients. The meal begins with finely crafted small bites paired with traditional Korean spirits, followed by a main course served in a refined ‘doksang’ style. A dessert trolley appears at the end, bringing the experience to an elegant close. During the day, natural light fills the serene room, making it an ideal setting for business meetings or intimate gatherings.",37.52437,127.04355,2026-02-17T22:25:57.141146+00:00,,,,권숙수,"강남구 압구정로 80길 37, 4층, Seoul"
michelin,Kyewol,"8 Seongdeokjeong 3-gil, Seongdong-gu, Seoul",Seoul,South Korea,Bib Gourmand,Gomtang,₩,,https://guide.michelin.com/us/en/seoul-capital-area/kr-seoul/restaurant/kyewol-gomtang,,"Located near hip Seongsu, this restaurant specializes in Korean-style chicken gomtang and has become especially popular with younger diners. Gently cooked chicken breast is served over warm rice with blanched young napa cabbage, then finished with a clear, refined broth for a clean yet deeply savory flavor. At lunch, diners can enjoy reasonably priced side dishes such as spicy chicken salad and torch-grilled chicken with doenjang, while cold noodles are available in the summer.",37.53952,127.04762,2026-02-17T22:25:57.141146+00:00,,,,계월,"성동구 성덕정 3길 8, Seoul"
michelin,Kyodaiya,"39 Seongji-gil, Mapo-gu, Seoul",Seoul,South Korea,Bib Gourmand,Udon,₩,,https://guide.michelin.com/us/en/seoul-capital-area/kr-seoul/restaurant/kyodaiya,,"When one can hear the dull tap of a blade against a wooden board every time a customer places an order, it’s a telltale sign that the chefs are serious about their craft. At Kyodaiya, that craft is Sanuki udon. The thick noodles are always cut to order to preserve their characteristic elasticity and smoothness until the very last minute. In addition to the classic kake udon, flavored with dried and smoked sardines and seasoned with light soy sauce, the chef brothers also offer classics like tempura udon and chilled bukkake udon.",37.54681,126.91317,2026-02-17T22:25:57.141146+00:00,,,,교다이야,"마포구 성지길 39, Seoul"
michelin,L'Amant Secret,"26F L'Escape Hotel, 67 Toegye-ro, Jung-gu, Seoul",Seoul,South Korea,1 Star,Contemporary,₩₩₩₩,,https://guide.michelin.com/us/en/seoul-capital-area/kr-seoul/restaurant/l-amant-secret,,"Located on the 26th floor of L'Escape Hotel, L'Amant Secret (French for secret lover) is an intimate space inspired by Parisian sensibilities. Chef Son Jong-won, who honed his culinary chops in the United States, strives for a style which he refers to as Korean-style Western cuisine with Korean seasonal ingredients. His modern interpretations are based on local ingredients blended with Western cooking techniques, resulting in creations that are both original and familiar, respectful of the symbiosis between the producer and the ingredients as well as the kitchen and the diner.",37.55983,126.97949,2026-02-17T22:25:57.141146+00:00,,,,라망 시크레,"중구 퇴계로 67, 레스케이프 호텔 26층, Seoul"
michelin,L'Amitié,"2F, 30 Dosan-daero 67-gil, Gangnam-gu, Seoul",Seoul,South Korea,1 Star,French,₩₩₩,,https://guide.michelin.com/us/en/seoul-capital-area/kr-seoul/restaurant/l-amitie,,"Chef Jang Myoung-sik has been welcoming diners with his confidently prepared French cuisine since 2006. The bright and airy second-floor room provides an intimate and comfortable environment, while the well -choreographed serving team ensure everyone is well looked after. The set menu offers a balanced array of seasonally pertinent dishes, all bursting with color and attractively presented. Korean beef tenderloin with dauphinoise and cauliflower purée is just one example of the clean, crisp cooking where the natural flavors of the ingredients are given room to shine.",37.52591,127.04455,2026-02-17T22:25:57.141146+00:00,,,,라미띠에,"강남구 도산대로 67길 30, 2층, Seoul"
michelin,L'Impasse 81,"17-1 Donggyo-ro 30-gil, Mapo-gu, Seoul",Seoul,South Korea,Selected,French,₩₩,,https://guide.michelin.com/us/en/seoul-capital-area/kr-seoul/restaurant/l-empasse-81,,"Nestled in a quiet alley of Yeonnam-dong, L'Impasse 81 is a dining bar dedicated to the art of charcuterie, embracing the 'nose-to-tail' philosophy to utilize every part of the animal. Charcuterie, a staple of French cuisine, encompasses a variety of cured meats and sausages. Some products, such as those requiring salting and drying, undergo a meticulous aging process of six months to a year, resulting in an intense, umami-rich flavor. Adding to its charm, the restaurant is adorned with vintage furniture sourced directly from Jeju Island, enhancing its unique and sophisticated ambiance.",37.56018,126.92521,2026-02-17T22:25:57.141146+00:00,,,,랑빠스 81,"마포구 동교로 30길 17-1, Seoul"
michelin,L'Espoir du Hibou,"16 Dosan-daero 59-gil, Gangnam-gu, Seoul",Seoul,South Korea,Selected,French,₩₩₩,,https://guide.michelin.com/us/en/seoul-capital-area/kr-seoul/restaurant/l-espoir-du-hibou,,"All of the elements at this bistro — from the food to the décor to the outdoor patio — fall into place to create an ambience that is immediately charming and oh so French! Consistency has been key to L’Espoir du Hibou’s longevity, not least when it comes to food. Chef Lim Ki-hak makes traditional French charcuterie like terrines and pâtés from scratch. The onion soup is outstanding, as is the classic duck confit. Terrace dining is a must during the warmer months.",37.5245,127.04227,2026-02-17T22:25:57.141146+00:00,,,,레스쁘아 뒤 이부,"강남구 도산대로 59길 16, Seoul"
michelin,L'OIGNON,"29 Dosan-daero 17-gil, Gangnam-gu, Seoul",Seoul,South Korea,Selected,French,₩₩,,https://guide.michelin.com/us/en/seoul-capital-area/kr-seoul/restaurant/l-oignon,,"L'OIGNON is a French-inspired pescatarian restaurant serving dishes made with vegetables, fish, eggs, and dairy. Guided by a commitment to ecological balance and respect for animals, the chef opened the restaurant to share the kind of thoughtful, nourishing food he values. The kitchen uses mushroom-based vegetable stock in place of meat broth and makes cakes with cauliflower and pecorino instead of flour. Even so, the depth of umami and the textures achieved rival those of more conventional recipes.",37.52062,127.02409,2026-02-17T22:25:57.141146+00:00,,,,르오뇽,"강남구 도산대로 17길 29, Seoul"
michelin,La Yeon,"23F Shilla Hotel, 249 Dongho-ro, Jung-gu, Seoul",Seoul,South Korea,2 Stars,Korean,₩₩₩₩,,https://guide.michelin.com/us/en/seoul-capital-area/kr-seoul/restaurant/la-yeon,,"Stunning views are guaranteed from La Yeon’s position on the 23rd floor of The Shilla Hotel, but the quality of the food ensures your attention never strays far from the plate. There is a delicacy and lightness to the dishes, which take the time-honoured traditions of Korean cuisine and update them without compromising familiar flavours and textures. From crisp red mullet to tender, char-grilled Hanwoo bulgogi, the kitchen resists overcomplication and focuses instead on clean, precise flavours. The dining room is comfortable, and the service team is a delight.",37.555813,127.00517,2026-02-17T22:25:57.141146+00:00,,,,라연,"중구 동호로 249, 신라호텔 23층, Seoul"
michelin,Lee Buk Bang,"2F, 16 Mapo-daero 1-gil, Mapo-gu, Seoul",Seoul,South Korea,Selected,Korean,₩₩,,https://guide.michelin.com/us/en/seoul-capital-area/kr-seoul/restaurant/lee-buk-bang,,"At Lee Buk Bang, North Korean cuisine is reinterpreted with a modern touch, offering a distinctive dining experience. The signatures are blood sausage dishes prepared according to the chef’s family recipes. His creativity is evident across the menu, from traditional preparations to dishes that incorporate inventive new ingredients. He also aims to create food that feels both familiar and refined, blending family heritage with his own culinary experience. Worktops made from reclaimed crossbeams and doors from century-old hanoks add to the restaurant’s nostalgic atmosphere.",37.5396777,126.9431187,2026-02-17T22:25:57.141146+00:00,,,,리북방,"마포구 마포대로 1길 16, 2층, Seoul"
michelin,Légume,"2F, Sinsa Square, 652 Gangnam-daero, Gangnam-gu, Seoul",Seoul,South Korea,1 Star,Vegan,₩₩,,https://guide.michelin.com/us/en/seoul-capital-area/kr-seoul/restaurant/legume,,"Creating elegant, compelling cuisine using only plant-based ingredients is no easy task, yet Chef Si-woo Sung achieves it with confidence at Légume. His deep understanding of vegetarian cooking, combined with a distinctive personal vision, has shaped a menu with a clear identity. In pursuing a fully vegan approach, the restaurant refines contemporary cuisine while highlighting the breadth of Korean vegetarian traditions. The chef’s assured technique brings clarity and depth to each dish, and the imaginative flavours appeal not only to vegetarians but to diners with a wide range of tastes.",37.51938,127.01932,2026-02-17T22:25:57.141146+00:00,,,,레귬,"강남구 강남대로 652, 신사 스퀘어 2층, Seoul"
michelin,Limbyungjoo Sandong Kalguksu,"65 Gangnam-daero 37-gil, Seocho-gu, Seoul",Seoul,South Korea,Bib Gourmand,Kalguksu,₩,,https://guide.michelin.com/us/en/seoul-capital-area/kr-seoul/restaurant/limbyungjoo-sandong-kalguksu,,"Since 1988, this restaurant has been proving that a humble bowl of noodle soup can be truly memorable when done right. The pleasant texture of their hand-cut noodles, prepared daily from scratch, and immensely comforting broth, served piping hot and packed with flavor from the clams in all their naturally sweet glory, are stellar. Other favorites include Pyeongyang jumbo sized dumplings and noodles in cold soybean soup. Simple but warm service.",37.48458,127.02988,2026-02-17T22:25:57.141146+00:00,,,,임병주 산동 칼국수,"서초구 강남대로 37길 65, Seoul"
michelin,Manao,"2F, 18 Hannam-daero 21-gil, Yongsan-gu, Seoul",Seoul,South Korea,Selected,Thai,₩₩,,https://guide.michelin.com/us/en/seoul-capital-area/kr-seoul/restaurant/manao,,"Enter Manao, and you will be greeted with exotic vibes bolstered by seek décor and an array of art objects brought directly from Thailand. Its prix-fixe menus consist of multiple dishes in small portions, allowing guests to enjoy a variety of plates in one meal. The kitchen does an excellent job of presenting authentic Thai cuisine with its characteristic spiciness. Another appeal of this spot is that the meat and seafood are grilled to order over charcoal. Manao means “lime” in Thai, and its fare is as refreshing as its name.",37.53411,127.00613,2026-02-17T22:25:57.141146+00:00,,,,마나오,"용산구 한남대로 21길 18, 2층, Seoul"
michelin,Mandujip,"338 Apgujeong-ro, Gangnam-gu, Seoul",Seoul,South Korea,Bib Gourmand,Mandu,₩,,https://guide.michelin.com/us/en/seoul-capital-area/kr-seoul/restaurant/mandujip,,"In the midst of Cheongdam’s upscale dining scene, this modest restaurant has sustained a 30-year legacy with its handmade mandu. The owner continues his late mother’s recipe, serving delicate dumplings in a clean, savory brisket broth, with the option to omit the spicy seasoning. Popular with locals and quickly filled after opening, it also offers simple but well-loved sides like mung bean–skin pancakes and chili jeon. A small menu, honest flavors, and quiet sincerity define this enduring favorite.",37.52785,127.03898,2026-02-17T22:25:57.141146+00:00,,,,만두집,"강남구 압구정로 338, Seoul"
michelin,Manjok Ohyang Jokbal,"134-7 Seosomun-ro, Jung-gu, Seoul",Seoul,South Korea,Bib Gourmand,Jokbal,₩,,https://guide.michelin.com/us/en/seoul-capital-area/kr-seoul/restaurant/manjok-ohyang-jokbal,,"At Manjok Oyhang Jokbal, the beloved Korean braised pig's feet dish is impeccably crafted with the utmost dedication and care to hygiene and quality. The restaurant, armed with a systematic central distribution system, offers consistent quality at all of its franchised locations. Here, the popular pork dish can be enjoyed warm until the very last piece, thanks to the specially designed hotplates installed into the tables.",37.56324,126.97598,2026-02-17T22:25:57.141146+00:00,,,,만족오향족발,"중구 서소문로 134-7, Seoul"
michelin,Mapo Ok,"312 Tojeong-ro, Mapo-gu, Seoul",Seoul,South Korea,Bib Gourmand,Seolleongtang,₩,,https://guide.michelin.com/us/en/seoul-capital-area/kr-seoul/restaurant/mapo-ok,,"In the realm of Korean comfort food, there is little else more quintessential than seolleongtang — a hearty bowl of soup made by boiling ox bones and beef for hours until the broth turns almost milky white. Mapo Ok, which opened its doors in 1949, makes its signature dish by boiling brisket and ox bones until slightly opaque. The ox bone soup is served with thick slices of tender brisket and rice already mixed into the piping hot broth. Ask for a side of kimchi juice to season your soup for that extra dimension of flavor.",37.53983,126.94332,2026-02-17T22:25:57.141146+00:00,,,,마포옥,"마포구 토정로 312, Seoul"
michelin,Mater,"B1F, 16 Eonju-ro 154-gil, Gangnam-gu, Seoul",Seoul,South Korea,Selected,Contemporary,₩₩,,https://guide.michelin.com/us/en/seoul-capital-area/kr-seoul/restaurant/mater-1210122,,"Chef Young-bin Kim reinterprets Korean and Asian traditions alongside Western and Nordic influences, with fermentation at the core of his cooking. By transforming ingredients through fermentation and weaving them into his dishes, he explores their flavours in nuanced and varied ways. This approach reflects his aim to balance acidity and savoury umami. In Korea, where fermented foods are part of everyday life, Mater’s thoughtful exploration of fermentation and pursuit of flavour harmony feel both distinctive and intriguing.",37.52337,127.03464,2026-02-17T22:25:57.141146+00:00,,,,마테르,"강남구 언주로 154길 16 지하 1층, Seoul"
michelin,Mattdol,"63 Seongdeokjeong-gil, Seongdong-gu, Seoul",Seoul,South Korea,Bib Gourmand,Mexican,₩,,https://guide.michelin.com/us/en/seoul-capital-area/kr-seoul/restaurant/mattdol,,"Chef Chang-yun Lee has steadily honed his craft with an adventurous spirit. With a particular passion for tortillas, he can often be seen kneading masa and making them using the methods he learned in Mexico. At Mattdol, his training in a different culinary tradition meets Korea’s seasonal ingredients, resulting in a distinctive take on Mexican cuisine that appeals to discerning diners. Those who try his tostadas and tacos will quickly notice the care, precision, and depth of flavour in his cooking.",37.53808,127.05065,2026-02-17T22:25:57.141146+00:00,,,,맷돌,"성동구 성덕정길 63, Seoul"
michelin,Mijin,"#116-2 le Meilleur Jongno town, 19 Jong-ro, Jongno-gu, Seoul",Seoul,South Korea,Bib Gourmand,Memil-guksu,₩,,https://guide.michelin.com/us/en/seoul-capital-area/kr-seoul/restaurant/mijin,,"Located in the heart of Gwanghwamun, Mijin has been serving Korean-style cold buckwheat noodles since 1952. The restaurant operates a factory in the basement where the dipping sauce and buckwheat noodles are prepared fresh daily. One portion comes with two stacked tray baskets of noodles, a large kettle of chilled sauce and basic side dishes. Dress your dipping sauce to your desire with grated daikon, light wasabi, crispy seasoned laver and chopped green onions that have already been laid out on the table for you.",37.5708,126.97985,2026-02-17T22:25:57.141146+00:00,,,,미진,"종로구 종로 19, 르메이에르 종로타운 116-2호, Seoul"
michelin,Mimi Myeonga,"29 Gangnam-daero 160-gil, Gangnam-gu, Seoul",Seoul,South Korea,Selected,Noodles,₩,,https://guide.michelin.com/us/en/seoul-capital-area/kr-seoul/restaurant/mimi-myeonga,,"Mimi Myeonga is best known for its noodle dishes topped with playful garnishes and served in a generous helping of broth. Diners can choose hot or cold soba dishes depending on the season.  In winter, warm up with a brimming bowl of noodles with broth, crowned with shrimp, conger eel, fried eggplant, and grilled mackerel. In summer, try the refreshing and nutty option topped with sea urchin and sweet marinated tomato. Mimi Myeonga infuses its delightfully springy noodles with distinctive seasonal flavors.",37.52003,127.02108,2026-02-17T22:25:57.141146+00:00,,,,미미 면가,"강남구 강남대로 160길 29, Seoul"
michelin,Minami,"31-2 Seocho-daero 58-gil, Seocho-gu, Seoul",Seoul,South Korea,Selected,Soba,₩,,https://guide.michelin.com/us/en/seoul-capital-area/kr-seoul/restaurant/minami,,"The star of the show at Minami is Japanese-style soba noodles. Trained at the prestigious Tsuji Culinary Institute in Osaka, Japan, Chef Nam Chang-soo is no stranger to the world of Japanese cuisine, but he professes that soba is his one true love. While respecting the time-honored traditions of Japanese-style buckwheat noodles, Nam adds his own spin to the soba dishes he serves. Customer favorites include soba noodle soup topped with soy sauce-braised and grilled conger eel as well as another variety with soy sauce-braised herring imported from Kyoto.",37.4933,127.0181,2026-02-17T22:25:57.141146+00:00,,,,미나미,"서초구 서초대로 58길 31-2, Seoul"
michelin,Mingles,"2F, 19 Dosan-daero 67-gil, Gangnam-gu, Seoul",Seoul,South Korea,3 Stars,Korean,₩₩₩₩,,https://guide.michelin.com/us/en/seoul-capital-area/kr-seoul/restaurant/mingles,,"Bathed in warm tones and accented with contemporary artworks and refined tableware, Mingles embodies an elegant minimalism, its windows framing calm green views. Chef Mingoo Kang seamlessly weaves Korean culinary philosophy into a modern tasting format, using seasonal ingredients to build layered, nuanced flavors rather than overt showiness. Signature elements such as the long-simmered “Mingling Pot,” rich with concentrated umami from dried seafood, vegetables, and fruit, and the “Jang Trio,” a French-inspired dessert reinterpreting doenjang, ganjang, and gochujang, highlight the chef’s innovative use of Korean ferments. Dishes like abalone baechu-seon and fish mandu further illustrate the restaurant’s distinctive balance of tradition and modernity.",37.52535,127.04426,2026-02-17T22:25:57.141146+00:00,,,,밍글스,"강남구 도산대로 67길 19, 2층, Seoul"
michelin,Mipildam,"22 Seongji 3-gil, Mapo-gu, Seoul",Seoul,South Korea,Bib Gourmand,Mandu,₩,,https://guide.michelin.com/us/en/seoul-capital-area/kr-seoul/restaurant/mipildam,,"Situated in Hapjeong-dong, Mipildam is an unpretentious little spot specialising in handmade mandutguk in North Korean style. This light-flavoured dish is made according to the young owner couple's family recipe. Diners cannot easily resist the perfect combination of plump, juicy dumplings and the delicate broth. In addition to the signature soup, the menu offers seasonally updated traditional dishes, which reflect the owners' passion for serving good food.",37.54658,126.91419,2026-02-17T22:25:57.141146+00:00,,,,미필담,"마포구 성지 3길 22, Seoul"
michelin,Mitou,"24 Dosan-daero 70-gil, Gangnam-gu, Seoul",Seoul,South Korea,2 Stars,Japanese,₩₩₩₩,,https://guide.michelin.com/us/en/seoul-capital-area/kr-seoul/restaurant/mitou,,"At Mitou, the prowess and ingenuity of chef duo Young-woon Kwon and Bo-mi Kim are showcased through authentic Japanese cuisine prepared with fresh, seasonal ingredients. Chicken, eggs, rice, and vegetables are carefully sourced from Chef Kwon’s family farm, ensuring consistent quality. A culmination of such painstaking effort, the dishes reflect the chefs’ shared values of sincerity, restraint, and dedication, shaped by their ongoing pursuit of culinary craft. It thus comes as no surprise that diners eagerly look forward to Mitou’s evolving menu every season.",37.52206,127.04502,2026-02-17T22:25:57.141146+00:00,,,,미토우,"강남구 도산대로 70길 24, Seoul"
michelin,Moulin,"8 Jahamun-ro 16-gil, Jongno-gu, Seoul",Seoul,South Korea,Selected,French,₩₩₩,,https://guide.michelin.com/us/en/seoul-capital-area/kr-seoul/restaurant/moulin,,"Moulin is a French restaurant located on a quiet street in Seochon. The charming vintage space design greets its diners, who are sure to be delighted by chef Yoon Ye-rang’s selection of French dishes packed with seasonal flavors. Traditional French techniques meet Korean seasonal ingredients to strike a balance between the nuanced flavors of the ingredients and hearty sauces. The string of tasting menus, which have been numbered since the restaurant’s opening, each tell a story, keeping the diners excited for what comes next.",37.5814682,126.9718836,2026-02-17T22:25:57.141146+00:00,,,,물랑,"종로구 자하문로 16길 8, Seoul"
michelin,Mr. Ahn's Craft Makgeolli,"3 Hoenamu-ro, Yongsan-gu, Seoul",Seoul,South Korea,Selected,Korean,₩₩,,https://guide.michelin.com/us/en/seoul-capital-area/kr-seoul/restaurant/mr-ahn-s-craft-makgeolli-1192580,,"Mr. Ahn's Craft Makgeolli reimagines Korean banju culture through a contemporary lens, offering a wide selection of makgeolli paired with dishes designed to complement it. Signatures include house-made tofu served with saeujeot kimchi, pork belly, and pollock roe—a menu that highlights contrasting textures and layered flavours. Refined with modern technique, the menu features seasonal small plates and course options alongside a rotating selection of aged Korean liquors, making the venue suitable for both relaxed meals and convivial gatherings.",37.53858,126.9874,2026-02-17T22:25:57.141146+00:00,,,,안씨 막걸리,"용산구 회나무로 3, Seoul"
michelin,Mugunghwa,"38F Lotte Hotel, 30 Eulji-ro, Jung-gu, Seoul",Seoul,South Korea,Selected,Korean,₩₩₩₩,,https://guide.michelin.com/us/en/seoul-capital-area/kr-seoul/restaurant/mugunghwa,,"Mugunghwa at Lotte Hotel offers a refined take on classic Korean cuisine, paired with sweeping city views from its top-floor location. Embracing the philosophy that 'food is medicine', the restaurant crafts dishes using seasonal ingredients to deliver flavours that are both comforting and complex. Highlights include burdock gangjeong with coastal hog fennel sauce, imjasutang in an autumn olive and sesame broth, and haesamjeung with sea cucumber and black garlic sauce. With a focus on traditional ingredients, natural seasonings, and fermented elements, Mugunghwa presents a distinctly Korean, health-conscious dining experience.",37.56533,126.981,2026-02-17T22:25:57.141146+00:00,,,,무궁화,"중구 을지로 30, 롯데호텔 38층, Seoul"
michelin,Mukjung,"17 Teogye-ro 48-gil, Jung-gu, Seoul",Seoul,South Korea,Selected,Korean,₩₩,,https://guide.michelin.com/us/en/seoul-capital-area/kr-seoul/restaurant/mukjung,,"Korean-American chef Austin Kang prepares his own fermented foods and jang in-house, guided by the Korean belief that food is medicine. Traditional Korean dishes are presented with contemporary flair, including a flourless pyogo mushroom and shrimp jeon with myeolchi-jeot aioli. The meltingly tender slow-cooked chicken is served with citrus- and herb-scented rice, pairing well with the banchan. Be sure to order the main dish a day in advance.",37.56181,127.00053,2026-02-17T22:25:57.141146+00:00,,,,묵정,"중구 퇴계로48길 17, Seoul"
michelin,Muni,"16 Dosan-daero 72-gil, Gangnam-gu, Seoul",Seoul,South Korea,1 Star,Japanese,₩₩₩₩,,https://guide.michelin.com/us/en/seoul-capital-area/kr-seoul/restaurant/muni,,"Muni is a refined Japanese restaurant defined by its understated entrance and minimalist design centred around a long counter. Behind the open kitchen, shelves display the chef’s carefully collected ceramics, adding a personal and curated touch to the space. Chef Dong-wook Kim doesn’t strictly adhere to traditional kaiseki, yet he naturally incorporates its sensibilities through his seasonal ingredients and elegant presentation. His omakase focuses on seasonality and simplicity, using top-quality Japanese and Korean products to express the essence of each season. As a certified kikisakeshi, the chef can recommend pairings that elevate the meal, offering an even richer dining experience.",37.52291,127.04545,2026-02-17T22:25:57.141146+00:00,,,,무니,"강남구 도산대로 72길 16, Seoul"
michelin,Muoki,"2F, 12-12 Hakdong-ro 55-gil, Gangnam-gu, Seoul",Seoul,South Korea,1 Star,Contemporary,₩₩₩,,https://guide.michelin.com/us/en/seoul-capital-area/kr-seoul/restaurant/muoki,,"The raised open kitchen with its sizable brigade of chefs adds a little theatre to the dining experience at Chef Park Moo-hyun’s stylish restaurant. A smart, well-versed team of servers is also on hand to guide you through the meal. The set menu challenges the taste buds by mixing up dishes whose flavor combinations are complementary with those whose make-up is more innovative and unexpected. Presentation is strong–beets with goat’s cheese and hazelnuts is as delicious as it is good-looking–and dessert is often a highlight.",37.51896,127.04222,2026-02-17T22:25:57.141146+00:00,,,,무오키,"강남구 학동로 55길 12-12, 2층, Seoul"
michelin,Myeon Seoul,"805 Seolleung-ro, Gangnam-gu, Seoul",Seoul,South Korea,Bib Gourmand,Noodles,₩,,https://guide.michelin.com/us/en/seoul-capital-area/kr-seoul/restaurant/myeon-seoul,,"Myeon Seoul is Chef Do-yun Kim's second restaurant following the success of YUN. The inspiration came from a stream of customer requests at the original spot for a separate offering of its housemade noodles, which are made exclusively with whole wheat, mung bean, dried pollack, and without chemical additives. For a perfect flavour composition, the chef blends whole wheat varieties sourced from Korea, France, and Turkey. Highlights include perilla oil noodles imbued with fresh, nutty flavours; spicy noodles glazed with a piquant sauce; and bracken whole wheat noodles flavoured with bracken and perilla seeds.",37.52416,127.03906,2026-02-17T22:25:57.141146+00:00,,,,면서울,"강남구 선릉로 805, Seoul"
michelin,Myeongdong Kyoja,"29 Myeongdong 10-gil, Jung-gu, Seoul",Seoul,South Korea,Bib Gourmand,Kalguksu,₩,,https://guide.michelin.com/us/en/seoul-capital-area/kr-seoul/restaurant/myeongdong-kyoja,,"Myeongdong Kyoja is a family-owned place in operation since 1966. The restaurant, which offers only four items on the menu, specializes in dumplings and noodle soup. An impressive number of patrons flock here daily, largely because all the dishes, including its signature garlic-laden kimchi, are made in-house. Simple décor and service come with hefty portions at affordable prices.",37.56347,126.984552,2026-02-17T22:25:57.141146+00:00,,,,명동 교자,"중구 명동 10길 29, Seoul"
michelin,Myungbodang,"3F, 13-12 Seolleung-ro 158-gil, Gangnam-gu, Seoul",Seoul,South Korea,Selected,Contemporary,₩₩₩₩,,https://guide.michelin.com/us/en/seoul-capital-area/kr-seoul/restaurant/myungbodang,,"Drawing from her experience at a top New York restaurant, Chef Hyeon-ju Lim develops a creative approach to Nu-American French cuisine. Known for her bold ingredient choices and keen sense of composition, Chef Lim delivers dishes that highlight the character of each element. The signature Truffle features a crisp shell filled with fermented mushroom and truffle cream—rich and refined. The meal concludes with a distinctive chocolate foam, offering a memorable finish.",37.52635,127.041513,2026-02-17T22:25:57.141146+00:00,,,,명보당,"강남구 선릉로 158길 13-12, 3층, Seoul"
michelin,Nampo Myeonok,"24 Eulji-ro 3-gil, Jung-gu, Seoul",Seoul,South Korea,Selected,Naengmyeon,₩,,https://guide.michelin.com/us/en/seoul-capital-area/kr-seoul/restaurant/nampo-myeonok,,"Tucked away in a small alley among densely populated office buildings that sees a constant stream of foot traffic, the main building of this long-standing institution recently underwent a major facelift. A longtime favorite among patrons of all ages for its authentic Pyeongyang cold buckwheat noodles and beef hot pot, Nampo Myeonok continues to charm with its consistently good food and friendly service. Chair seating and floor seating are both available.",37.567269,126.981609,2026-02-17T22:25:57.141146+00:00,,,,남포면옥,"중구 을지로 3길 24, Seoul"
michelin,Neungdong Minari,"28 Hangang-daero 40-gil, Yongsan-gu, Seoul",Seoul,South Korea,Bib Gourmand,Gomtang,₩,,https://guide.michelin.com/us/en/seoul-capital-area/kr-seoul/restaurant/neungdong-minari,,"The gomtang at Neungdong Minari is topped with a pile of minari so tall that at a glance, it doesn’t look like a tang at all. The clear, clean broth is made from fresh hanwoo beef that was slaughtered on the day, which is topped with piquant minari that was grown in clear freshwater for added freshness. You should expect a wait, but you will think it is well worth it once you take your first bite.",37.53008,126.97078,2026-02-17T22:25:57.141146+00:00,,,,능동미나리,"용산구 한강대로 40길 28, Seoul"
michelin,Niuroumianguan,"75-2 Cheonggyecheon-ro, Jongno-gu, Seoul",Seoul,South Korea,Bib Gourmand,Noodles,₩,,https://guide.michelin.com/us/en/seoul-capital-area/kr-seoul/restaurant/niroumianguan,,"Niroumianguan features a memorable juxtaposition of clean white and vibrant rust colors in its décor. Chinese beef noodle soup, a popular delicacy across the Greater China region, is commonly known to have originated from Taiwan, but its real origin is Lanzhou in mainland China. As the chef learned the recipe from a noodle joint in China’s Shandong Province, his restaurant serves up fare that is slightly different from the classic Taiwanese style. Add plenty of cilantro to the mildly sweet broth, complete with a clean yet rich taste; or a dab of chili sauce to give your dish deeper flavor.",37.56854,126.98612,2026-02-17T22:25:57.141146+00:00,,,,진중 우육면관,"종로구 청계천로 75-2, Seoul"
michelin,Nishimuramen,"4F, 265 Donggyo-ro, Mapo-gu, Seoul",Seoul,South Korea,Bib Gourmand,Ramen,₩,,https://guide.michelin.com/us/en/seoul-capital-area/kr-seoul/restaurant/nishimuramen,,"This Fukuoka restaurant, known for its unique combination of Japanese ramen and French cooking, has now opened in Seoul. Created by Chef Takahito Nishimura as an expression of his deep passion for ramen, the restaurant showcases his personal style through layered flavours built from carefully balanced toppings, sauces, and oils. While remaining true to ramen tradition, the kitchen thoughtfully localises its dishes with elements such as laver oil, Cheongyang chilli pepper, and tsukemono inspired by white kimchi. A standout dish of freshly cooked pot rice mixed with cheese and ramen broth further underscores the restaurant’s inventive approach.",37.56337,126.92526,2026-02-17T22:25:57.141146+00:00,,,,니시무라멘,"서울 마포구 동교로 265, 4층, Seoul"
michelin,Oegojip Seolleongtang,"555 Samseong-ro, Gangnam-gu, Seoul",Seoul,South Korea,Selected,Seolleongtang,₩,,https://guide.michelin.com/us/en/seoul-capital-area/kr-seoul/restaurant/oegojip-sellongtang,,"Oegojip Seolleongtang, which means headstrong seollongtang in Korean, prides itself on the deep, full-bodied flavor. Made exclusively from 1++ grade hanwoo beef, the broth is rich yet clean, and the suyuk melts in your mouth. The dogani, is meticulously prepared for an exceptionally chewy texture and clean flavor, and the tender hanwoo suyuk topped with a mound of shredded green onion is a signature dish. The owner, who inherited his mother-in-law’s recipe and refined it with his own expertise.",37.51097,127.05388,2026-02-17T22:25:57.141146+00:00,,,,외고집 설렁탕,"강남구 삼성로 555, Seoul"
michelin,Oilje,"29 Hangang-daero 62da-gil, Yongsan-gu, Seoul",Seoul,South Korea,Selected,Korean,₩,,https://guide.michelin.com/us/en/seoul-capital-area/kr-seoul/restaurant/oilje,,"The regulars at Oilje return for one dish: the perilla seed miyeok-guk. The clean broth and nutty perilla seeds pair perfectly to create a flavourful soup. Simple banchan—such as soy sauce for dipping miyeok, nakji-jeotgal, and gat kimchi—round out a well-balanced meal alongside freshly cooked rice. Diners can view the soup and rice being cooked in the gamasot in the spotless open kitchen. The restaurant offers special birthday meals every Friday to guests celebrating their special days.",37.53254,126.97473,2026-02-17T22:25:57.141146+00:00,,,,오일제,"용산구 한강대로 62다길 29, Seoul"
michelin,Okdol Heyonok,"26-1 Ogeum-ro  36-gil, Songpa-gu, Seoul",Seoul,South Korea,Bib Gourmand,Naengmyeon,₩,,https://guide.michelin.com/us/en/seoul-capital-area/kr-seoul/restaurant/okdol-heyonok,,"Taste the deeply savory broth and the nutty flavor of the noodles made from 100% buckwheat that intensifies the more you chew at Okdol Hyeonok. The restaurant is fairly new, but it has gained a solid following among Pyongyang naengmyeon connoisseurs. Some of their most popular dishes are mandu with a nuttiness that comes from plenty of tofu in the filling, eobok jaengban, and gajami shikhye. You can also have your favorite wine with your meal for a corkage fee. Enjoy the mild flavors with incredible depth.",37.50153,127.12408,2026-02-17T22:25:57.141146+00:00,,,,옥돌현옥,"송파구 오금로 36길 26-1, Seoul"
michelin,Okdongsik,"44-10 Yanghwa-ro 7-gil, Mapo-gu, Seoul",Seoul,South Korea,Bib Gourmand,Dwaeji-gukbap,₩,,https://guide.michelin.com/us/en/seoul-capital-area/kr-seoul/restaurant/okdongsik,,"Okdongsik has defined its own refined take on dwaeji gukbap, offering a light, clean broth reminiscent of gomtang. Made from the ham and foreleg of native Korean black pigs raised on Jirisan Mountain, the broth is subtle yet elegant in flavour. Prepared using the toryeom method—repeatedly pouring hot broth over the rice—each grain comes alive, enhancing the dish's depth. The house dipping sauce complements paper-thin slices of pork beautifully. Delicately crafted kimchi dumplings complete the comforting dining experience.",37.55261,126.91449,2026-02-17T22:25:57.141146+00:00,,,,옥동식,"마포구 양화로 7길 44-10, Seoul"
michelin,Olh Eum,"3F, 37 Seolleung-ro 152-gil, Gangnam-gu, Seoul",Seoul,South Korea,Selected,Contemporary,₩₩₩₩,,https://guide.michelin.com/us/en/seoul-capital-area/kr-seoul/restaurant/olh-eum,,"Cooking honest food that respects the integrity of ingredients is the motto of Chef Seo Ho-young, who cooks with the freshest produce sent to him by his farmer parents. Transporting familiar flavors to new territories is his game. Take, for example, his shrimp and sea urchin capellini in a silky smooth bisque-like sauce made with freshwater shrimp heads, fermented fish sauce and doenjang, or his smoked striploin carpaccio served with a mushroom and soy sauce consommé.",37.52451,127.04266,2026-02-17T22:25:57.141146+00:00,,,,옳음,"강남구 선릉로 152길 37, 3층, Seoul"
michelin,ON,"B1F, 42 Dosan-daero 92-gil, Gangnam-gu, Seoul",Seoul,South Korea,Selected,French,₩₩₩,,https://guide.michelin.com/us/en/seoul-capital-area/kr-seoul/restaurant/on565623,,"ON offers warm, comforting cuisine that reflects the chef’s gentle, thoughtful approach. The intimate space—designed with guests’ privacy in mind—accommodates only a few tables and operates strictly by reservation. The menu centres on seasonal ingredients, with a signature vegetable dish that combines two types of slow-dried tomatoes with ruby grapefruit for a bright, elegant balance. Throughout the meal, the chef personally visits each table to explain the intent behind every dish, creating a warm and engaging dining experience.",37.52192,127.04938,2026-02-17T22:25:57.141146+00:00,,,,온,"강남구 도산대로 92길 42, 지하 1층, Seoul"
michelin,One Degree North,"8 Hakdong-ro 43-gil, Gangnam-gu, Seoul",Seoul,South Korea,Selected,Asian,₩,,https://guide.michelin.com/us/en/seoul-capital-area/kr-seoul/restaurant/one-degree-north,,"'One Degree North refers to the latitude of Singapore. And true to its name, it serves popular Singaporean dishes and Asian style barbecue. The chef even imported the Apollo oven straight from Singapore to recreate the local flavors. The signature Cantonese style crispy roast pork, which strikes a perfect balance between the light and crispy skin and moist meat underneath, tastes authentically Singaporean. Another highlight is the incredibly popular and iconic Singaporean chicken rice.",37.516773,127.037424,2026-02-17T22:25:57.141146+00:00,,,,원 디그리 노스,"강남구 학동로 43길 8, Seoul"
michelin,Onjium,"4F, 49 Hyoja-ro, Jongno-gu, Seoul",Seoul,South Korea,1 Star,Korean,₩₩₩₩,,https://guide.michelin.com/us/en/seoul-capital-area/kr-seoul/restaurant/onjium,,"Across the street from the stone wall of Gyeongbokgung Palace, Onjium blends traditional Korean aesthetics with modern architectural calm. Guided by court cuisine specialist Cho Eun-hee and Park Sung-bae, the culinary team reinterprets traditional Korean flavours through modern techniques, seasonal ingredients, and years of research. Each dish is rooted in history yet speaks to today’s palate. Counter seating offers a glimpse into the quiet focus of the kitchen, while carefully curated beverage pairings enhance the experience.",37.58048,126.97345,2026-02-17T22:25:57.141146+00:00,,,,온지음,"종로구 효자로 49, 4층, Seoul"
michelin,Onyva,"B1, 15 Dosan-daero 75-gil, Gangnam-gu, Seoul",Seoul,South Korea,Selected,French,₩₩,,https://guide.michelin.com/us/en/seoul-capital-area/kr-seoul/restaurant/onyva,,"Tucked away in a quiet alley, Onyva embodies the chef’s vision of a relaxed, welcoming dining space. While rooted in French cuisine, the restaurant’s menu creatively incorporates Korean ingredients to present distinctive flavours. A standout is the buckwheat galette filled with grilled eel, crispy ginger, and caramelised onions for exceptional texture and depth. The six-course tasting menu is the standard offering, but à la carte options paired with wine are available at more accessible prices after 9 p.m.",37.52515,127.0457,2026-02-17T22:25:57.141146+00:00,,,,오니바,"강남구 도산대로 75길 15, 지하 1층, Seoul"
michelin,OPNNG,"B1, 22 Dosan-daero 34-gil, Gangnam-gu, Seoul",Seoul,South Korea,Selected,Contemporary,₩₩₩,,https://guide.michelin.com/us/en/seoul-capital-area/kr-seoul/restaurant/opnng,,"At OPNNG, delight your taste buds with hard-to-find rare wines while relishing the overall vibe. The name symbolizes “the opening up of new taste vistas through gastronomy and wine.” Resembling more of a gallery than a wine bar or restaurant, this fine dining venue impresses patrons with an arch-shaped entrance, paintings by renowned artists, and a vast wine cellar that plays host to more than 500 different types of wine. It offers handmade pasta dishes and refined à la carte items.",37.51844,127.03105,2026-02-17T22:25:57.141146+00:00,,,,오프닝,"강남구 도산대로 34길 22, 지하1층, Seoul"
michelin,Oreno Ramen,"16 Dongmak-ro 8-gil, Mapo-gu, Seoul",Seoul,South Korea,Bib Gourmand,Ramen,₩,,https://guide.michelin.com/us/en/seoul-capital-area/kr-seoul/restaurant/oreno-ramen,,"Oreno Ramen blends its broth just before serving, creating a frothy soup that pleasantly coats the palate. The paitan, made by boiling a whole chicken, is a milky broth with a nutty flavour and creamy texture. House-made noodles, melt-in-your-mouth chicken, kelp, and egg complete an exceptional bowl. For an extra kick, opt for the spicy broth, and take advantage of complimentary refills of noodles, rice, and broth. Though the restaurant often has a long queue, turnover is quick, so waits are usually short. A side of chilli peppers is also recommended and provided free of charge.",37.54725,126.91781,2026-02-17T22:25:57.141146+00:00,,,,오레노 라멘,"마포구 독막로 8길 16, Seoul"
michelin,Original Numbers,"24 Dosan-daero 55-gil, Gangnam-gu, Seoul",Seoul,South Korea,Selected,Contemporary,₩₩,,https://guide.michelin.com/us/en/seoul-capital-area/kr-seoul/restaurant/original-numbers,,"Original Numbers offers refined dining at a fair price under the slogan ‘reasonable dining’. Grounded in French technique, the cuisine blends seasonal ingredients with umami-rich sauces such as sabayon and beurre blanc, reflecting contemporary trends and the chef’s creativity. The dishes unfold like a musical narrative, delivering a coherent and engaging gastronomic journey, while the antique-inspired interior further reinforces the restaurant’s immersive atmosphere.",37.52509,127.04071,2026-02-17T22:25:57.141146+00:00,,,,오리지널 넘버스,"강남구 도산대로 55길 24, Seoul"
michelin,Osteria Orzo,"2F, 47 Hannam-daero 20-gil, Yongsan-gu, Seoul",Seoul,South Korea,Selected,Italian,₩₩,,https://guide.michelin.com/us/en/seoul-capital-area/kr-seoul/restaurant/osteria-orzo,,Osteria Orzo continues to offer an authentic taste of a casual and cozy Italian osteria at its Hannam-dong location. Signature offerings on the menu include the white ragù pasta which features home-made fresh pasta drenched in rich meat sauce with mascarpone cheese and truffles. The spicy tagliatelle and the seafood tartare are also among the restaurant's all-time favorites. Reserve a table across from the open kitchen and watch the chefs in action.,37.53486,127.00946,2026-02-17T22:25:57.141146+00:00,,,,오스테리아 오르조,"용산구 한남대로 20길 47, 2층, Seoul"
michelin,Palais de Chine,"6F L'Escape Hotel, 67 Toegye-ro, Jung-gu, Seoul",Seoul,South Korea,Selected,Chinese,₩₩₩,,https://guide.michelin.com/us/en/seoul-capital-area/kr-seoul/restaurant/palais-de-chine,,"Located inside the Parisian Belle Époque-inspired L'Escape Hotel, Palais de Chine is the only space within the hotel that offers Eastern tastes and sensibilities. Inspired by designs from Shanghai's own belle époque, the modern space offers both authentic and modern interpretations of Chinese cuisine. There is a good range of dishes on the menu that stay true to their regional eccentricities, including the dim sum selection. Palais de Chine prides itself on its Peking duck, another celebrated Chinese dish with regional distinctiveness.",37.55983,126.97949,2026-02-17T22:25:57.141146+00:00,,,,팔레드 신,"중구 퇴계로 67, 레스케이프 호텔 6층, Seoul"
michelin,PERIGEE,"6-5 Bongeunsa-ro 68-gil, Gangnam-gu, Seoul",Seoul,South Korea,Selected,Italian Contemporary,₩₩,,https://guide.michelin.com/us/en/seoul-capital-area/kr-seoul/restaurant/perigee,,"Perigee means the point in the orbit of a satellite at which it is closest to the Earth. The restaurant was named in the hope of bringing diners closer to food and wine. The restaurant, which is run by chef couple Shin Ga-young and Lim Hong-keun, serves pasta that is all made fresh in-house. Diners can enjoy different types of pastas with textures and shapes rarely found in Korea, such as cavatelli, andarinos, and pici. Experience familiar yet unique combinations like vongole with pici, and lobster pasta with andarinos.",37.51126,127.04949,2026-02-17T22:25:57.141146+00:00,,,,페리지,"강남구 봉은사로 68길 6-5, Seoul"
michelin,Pierre Gagnaire,"35F Lotte Hotel, 30 Eulji-ro, Jung-gu, Seoul",Seoul,South Korea,Selected,French,₩₩₩₩,,https://guide.michelin.com/us/en/seoul-capital-area/kr-seoul/restaurant/pierre-gagnaire,,"Internationally celebrated French Chef Pierre Gagnaire opened his eponymous contemporary fine dining restaurant on top of Lotte Hotel’s New Wing in 2008. The elegant dining space, adorned with Murano chandeliers and gold trim walls, exudes classic French luxury. The artfully presented food, made with 80% local ingredients, is respectful of the Paris-based chef’s creative style. With more than 250 labels, the wine cellar display also impresses.",37.56529,126.98103,2026-02-17T22:25:57.141146+00:00,,,,피에르 가니에르,"중구 을지로 30, 롯데호텔 35층, Seoul"
michelin,Pildong Myeonok,"26 Seoae-ro, Jung-gu, Seoul",Seoul,South Korea,Bib Gourmand,Naengmyeon,₩,,https://guide.michelin.com/us/en/seoul-capital-area/kr-seoul/restaurant/pildong-myeonok,,"Located near Namsangol Hanok Village by Chungmuro subway station, this restaurant is a Pil-dong landmark that has been serving Pyeongyang cold buckwheat noodles for decades. The restaurant’s chilled broth has a delicate beef flavor, its subtlety both loved and disputed among cold buckwheat noodle aficionados. Another highlight of the restaurant is the buttery and tender boiled pork slices, served in thick slices with a dipping sauce. Homemade dumplings are also popular.",37.56035,126.99689,2026-02-17T22:25:57.141146+00:00,,,,필동면옥,"중구 서애로 26, Seoul"
michelin,Pyeongyang Myeonok,"207 Jangchungdan-ro, Jung-gu, Seoul",Seoul,South Korea,Selected,Naengmyeon,₩,,https://guide.michelin.com/us/en/seoul-capital-area/kr-seoul/restaurant/pyeongyang-myeonok,,"Pyeongyang Myeonok is a historic restaurant in Seoul that has served Pyongyang naengmyeon for three generations. Expect a long wait on a hot summer’s day. The broth is exceptionally clear with an understated meaty flavor; it is clean and mellow, and the fragrant noodles are full of buckwheat flavor. The mandu, that is stuffed full of different ingredients except kimchi, and the thinly sliced suyuk are also fan favorites. Do note that they have been closing every Monday since January 2025.",37.56325,127.00664,2026-02-17T22:25:57.141146+00:00,,,,평양면옥,"중구 장충단로 207, Seoul"
michelin,Restaurant Allen,"2F Center field EAST E205, 231 Teheran-ro, Gangnam-gu, Seoul",Seoul,South Korea,2 Stars,Contemporary,₩₩₩₩,,https://guide.michelin.com/us/en/seoul-capital-area/kr-seoul/restaurant/restaurant-allen,,"At Restaurant Allen, Chef Hyun-min Suh’s sensibility shines through in contemporary dishes accented with light French touches. The elegant yet comfortable dining room, paired with carefully chosen tableware and views into the orderly kitchen, enhances the experience. The cuisine is delicately constructed around seasonal local ingredients and reinterpreted throughout the year. A sourcing map in the menu highlights the origins and seasonality of the products used. The makgeolli-yeast sourdough, with its crisp crust and balanced acidity, is a standout. Warm, polished service brings the meal to a graceful close.",37.5036,127.0418,2026-02-17T22:25:57.141146+00:00,,,,레스토랑 알렌,"강남구 테헤란로 231, 센터필드 East 2층 E205호, Seoul"
michelin,JUEUN,"8F Gyeonghuidang, 36 Gyeonghuigung-gil, Jongno-gu, Seoul",Seoul,South Korea,Selected,Korean,₩₩₩₩,,https://guide.michelin.com/us/en/seoul-capital-area/kr-seoul/restaurant/restaurant-jueun,,"JUEUN offers a delicate expression of Korea’s four seasons, favouring a classic, understated approach over trends or ornamentation. A variety of fermented sauces form the backbone of the menu, enhancing ingredients with natural depth and harmony, while the seasonally changing courses provide a strong incentive for return visits. The meal follows a thoughtful progression and concludes with a traditional Korean table that highlights a wide spectrum of flavours. Ceramics by local artists and subtle media art create a space where tradition and modernity coexist with quiet elegance. The curated pairings of traditional Korean spirits and wine further elevate the experience.",37.57276,126.96991,2026-02-17T22:25:57.141146+00:00,,,,레스토랑 주은,"서울 종로구 경희궁길 36, 경희당 8층, Seoul"
michelin,Restaurant OY,"B1F, 48-12 Seolleung-ro 148-gil, Gangnam-gu, Seoul",Seoul,South Korea,Selected,French,₩₩₩₩,,https://guide.michelin.com/us/en/seoul-capital-area/kr-seoul/restaurant/restaurant-oy,,"Tucked away on a quiet residential street, Restaurant OY blends seamlessly into its surroundings with a modest, serene façade. Run by chef duo Sehun Oh, a veteran of French kitchens, and Le Cordon Bleu-trained Ah-young Yoon, the restaurant offers elegantly restrained French cuisine. Oh handles the savoury courses while Yoon crafts the desserts. Their deep understanding of ingredients and polished technique result in dishes that are simple, balanced, and refined, such as a delicate bean soup, tender pork tenderloin with a rich sauce, and a decadent fondant au chocolat.",37.522219,127.04329,2026-02-17T22:25:57.141146+00:00,,,,레스토랑 오와이,"강남구 선릉로 148길 48-12, 지하 1층, Seoul"
michelin,Rialto,"2F, 13 Samseong-ro 149-gil, Gangnam-gu, Seoul",Seoul,South Korea,Selected,Italian,₩₩,,https://guide.michelin.com/us/en/seoul-capital-area/kr-seoul/restaurant/rialto,,"Over the past few years, a streamlined selection of antipasti paired with a stronger focus on primi has become a clear trend in Seoul’s Italian dining scene. In keeping with this shift, the restaurant presents a concise menu that stays true to its northern Italian roots as well as the chef’s personal philosophy, sensibility, and style. Standout dishes include tajarin and cacio e pepe, richly flavoured and marked by a beguiling harmony of butter and cheese. The kitchen’s other pasta dishes show the same fine balance of sauces and seasonings. The pickled ponytail radish is another highlight, offering a nostalgic note that lingers on the palate.",37.52318,127.04655,2026-02-17T22:25:57.141146+00:00,,,,리알토,"강남구 삼성로 149길 13, 2층, Seoul"
michelin,RMW Carne,"2F, 12 Daesagwan-ro 5-gil, Yongsan-gu, Seoul",Seoul,South Korea,Selected,Steakhouse,₩₩,,https://guide.michelin.com/us/en/seoul-capital-area/kr-seoul/restaurant/rmw-carne,,"RMW Carne, which is located on the second floor of a renovated old house, isn’t particularly spacious, but you can enjoy your food in a comfortably petite, cozy venue. The restaurant which is named after the first letters of steak doneness - rare, medium, and well-done - dry ages various cuts of beef of a variety of different cattle breeds. Salami, chorizo, pastrami, sausages and other charcuterie, all cured in-house, are available for purchase at the store inside the restaurant. They also serve simpler dishes like grilled vegetables and pasta that can be enjoyed as a light meal or refreshment.",37.53483,127.00085,2026-02-17T22:25:57.141146+00:00,,,,RMW Carne,"용산구 대사관로 5길 12, 2층, Seoul"
michelin,Ryunique,"8-1 Dosan-daero 45-gil, Gangnam-gu, Seoul",Seoul,South Korea,Selected,Innovative,₩₩₩₩,,https://guide.michelin.com/us/en/seoul-capital-area/kr-seoul/restaurant/ryunique,,"Since opening in 2011, Ryunique has continually redefined its cuisine through Chef Tae-hwan Ryu’s independent research and creative interpretation of ingredients. The menu evolves with the seasons and solar terms, highlighting fresh produce selected for peak quality. The chef's ability to translate boundless culinary ideas into refined dishes defines the restaurant’s identity. The tidy, modern space houses both the chef’s research centre on the first floor and the dining room above. Altogether, Ryunique offers a distinctive experience that feels both charming and inventive.",37.52291,127.03599,2026-02-17T22:25:57.141146+00:00,,,,류니끄,"강남구 도산대로 45길 8-1, Seoul"
michelin,Samcheongdong Sujebi,"101-1 Samcheong-ro, Jongno-gu, Seoul",Seoul,South Korea,Bib Gourmand,Sujebi,₩,,https://guide.michelin.com/us/en/seoul-capital-area/kr-seoul/restaurant/samcheongdong-sujebi,,"This local haunt has been an integral part of Samcheong-dong’s history since 1982. The signature dish here is sujebi — rustic hand-pulled dough soup served in a savory anchovy broth. The restaurant is also known for its potato pancakes, made with grated potatoes that are pan-fried until crispy on the outside and pleasantly chewy on the inside. Avoid the lunch rush if you don’t want to stand in line, but be warned — the restaurant is always busy.",37.58449,126.89189,2026-02-17T22:25:57.141146+00:00,,,,삼청동 수제비,"종로구 삼청로 101-1, Seoul"
michelin,Samwon Garden,"835 Eonju-ro, Gangnam-gu, Seoul",Seoul,South Korea,Selected,Barbecue,₩₩,,https://guide.michelin.com/us/en/seoul-capital-area/kr-seoul/restaurant/samwon-garden,,"For several decades, Samwon Garden has transformed Korean barbecue culture and enjoyed a reputation for its intricate balance between comfort and haute cuisine. Diverse cuts of prime Korean beef meet the staff’s seasoned grilling skills, creating a delightful gastronomic experience. What's more, a gorgeously landscaped outdoor garden, coupled with high ceilings and glass walls infused with the Korean aesthetics, adds a feeling of spaciousness. Visit this culinary landmark and enjoy a meal loaded with great flavours.",37.52499,127.03297,2026-02-17T22:25:57.141146+00:00,,,,삼원가든,"강남구 언주로 835, Seoul"
michelin,SAN,"B1, 6 Eonju-ro 168-gil, Gangnam-gu, Seoul",Seoul,South Korea,Selected,Innovative,₩₩₩₩,,https://guide.michelin.com/us/en/seoul-capital-area/kr-seoul/restaurant/san,,"SAN blends modern cuisine with a creative flair. The flavours of seasonal ingredients are highlighted and paired with sauces to create a balance of complexity and restraint. Lobster jeotgal and chamoe dongchimi are fine examples of Chef Seong-hyun Jo's imagination. Milmyeon and dweji-gukbap deliver the robust flavours of Korean cuisine, elevated by the chef’s unique interpretation. Quiet service and thoughtful wine pairings add to the dining experience, which is further enhanced by the forest ambience of the space.",37.52631,127.03391,2026-02-17T22:25:57.141146+00:00,,,,레스토랑 산,"강남구 언주로 168길 6, 지하1층, Seoul"
michelin,Sanro,"2F, 518 Dosan-daero, Gangnam-gu, Seoul",Seoul,South Korea,Selected,Japanese,₩₩₩₩,,https://guide.michelin.com/us/en/seoul-capital-area/kr-seoul/restaurant/sanro,,"Chef Sung-yup Yoo’s dedication to washoku cuisine shines through at Sanro. The nuanced, chic objets d’art that adorn the space are in harmony with the chef’s sensibilities expressed through both his menu and the dining environment. When seasonal ingredients meet his refined technique and passion for culinary craft, a succession of subtle flavours unfolds, gently pleasing the palate throughout the meal. To complete the experience, the service is as polished as the clean, elegant flavours that define his washoku cuisine.",37.52417,127.04978,2026-02-17T22:25:57.141146+00:00,,,,산로,"강남구 도산대로 518, 2층, Seoul"
michelin,Sarukame,"15 Yeonnam-ro, Mapo-gu, Seoul",Seoul,South Korea,Bib Gourmand,Ramen,₩,,https://guide.michelin.com/us/en/seoul-capital-area/kr-seoul/restaurant/sarukame,,"Sarukame is currently run by its second-generation owner-chef Hiroto Honma. He is carrying on its culinary legacy by preserving its original recipes. Such effort, coupled with his gastronomic sensibility and international experience in the restaurant business, is adding new narrative layers to this establishment. Sarukame continues to create exclusive menus that combine the flavours of trendy ramen in Japan, classic flavours, and new original flavours, thereby shaping its brand identity and serving the ever-changing needs of Seoul's ramen aficionados.",37.56103,126.92267,2026-02-17T22:25:57.141146+00:00,,,,사루카메,"마포구 연남로 15, Seoul"
michelin,Seokyonanmyunbang,"16 Donggyo-ro 12-gil, Mapo-gu, Seoul",Seoul,South Korea,Bib Gourmand,Noodles,₩,,https://guide.michelin.com/us/en/seoul-capital-area/kr-seoul/restaurant/seokyonanmyunbang,,"Chef Nak-young Kim, an expert on Italian cuisine, offers his unique take on noodle dishes at Seokyonanmyunbang. His nanmyeon is a unique, creative fusion of Korean and Italian culinary traditions. The chef delicately balances these two distinctive traditions to highlight the texture of noodles and the delectable flavours of broth. Signature dishes include gueomdak nanmyeon made from a Jeju breed of chicken and seokyo nanmyeon featuring a broth made from chicken and Hanwoo beef. The chef creates seasonal noodle dishes, making it worthwhile to make multiple visits for new experiences.",37.55359,126.91231,2026-02-17T22:25:57.141146+00:00,,,,서교난면방,"마포구 동교로 12길 16, Seoul"
michelin,Seoryung,"10 Sowol-ro, Jung-gu, Seoul",Seoul,South Korea,Bib Gourmand,Memil-guksu,₩,,https://guide.michelin.com/us/en/seoul-capital-area/kr-seoul/restaurant/seoryung,,"Seoryung began its journey in Hongcheon, moved via Ganghwa, and finally settled in Namdaemun, Seoul. The restaurant has drawn noodle lovers wherever it relocated and continued to expand its connection with diners by preparing authentic noodles and broths with dedication. All of its noodles are made purely from buckwheat sourced and prepared by Chef Jong-moon Jeong. This is the secret to the fragrant buckwheat flavour that shines through in all its noodle dishes. The mandu and jeyuk, made from the most tender part of the pork shoulder, provide an even more satisfying experience.",37.55857,126.97546,2026-02-17T22:25:57.141146+00:00,,,,서령,"중구 소월로 10, Seoul"
michelin,Seoul Dining,"2F, Designhouse, 272 Dongho-ro, Jung-gu, Seoul",Seoul,South Korea,Selected,Contemporary,₩₩,,https://guide.michelin.com/us/en/seoul-capital-area/kr-seoul/restaurant/seoul-dining,,"Guided by the vision of presenting a culinary journey that captures the essence of Seoul, the establishment combines seasonal ingredients with boundless creativity to bring brilliant, one-of-a-kind dishes to the table. The use of ingredients and sauces that deliver a wide variety of flavours adds to its appeal, reflecting the co-existence of diverse food cultures in Seoul. The contemporary and vibrant dining space also creates a sense of harmony worthy of its buoyant dishes.",37.55919,127.00359,2026-02-17T22:25:57.141146+00:00,,,,서울 다이닝,"중구 동호로 272, 디자인하우스 2층, Seoul"
michelin,SIIO,"33 Dosan-daero 54-gil, Gangnam-gu, Seoul",Seoul,South Korea,Selected,Contemporary,₩₩₩,,https://guide.michelin.com/us/en/seoul-capital-area/kr-seoul/restaurant/siio,,"At SIIO, the head chef’s experience is seen in imaginative dishes featuring seasonal Korean ingredients, ready to delight diners with sumptuous flavors. SIIO’s fare breaks free from the mold and embraces freedom of expression. At this fine diner, novel dishes represent a melting pot of culinary cultures and techniques. Yet, under the veneer of this freewheeling, fresh take on food lies the careful selection of ingredients that reflect Korea’s four distinct seasons. Meticulous rules dictate the perfect balance of subtle flavors.",37.5205428,127.0391949,2026-02-17T22:25:57.141146+00:00,,,,시오,"강남구 도산대로 54길 33, Seoul"
michelin,Sobajuu,"B1 #22, 75 Keunumul-ro, Mapo-gu, Seoul",Seoul,South Korea,Selected,Japanese,₩₩,,https://guide.michelin.com/us/en/seoul-capital-area/kr-seoul/restaurant/sobajuu,,"Sobajuu is a place that offers creative Japanese dishes using buckwheat as the main ingredient. It was initially run by two brothers, but now the younger sibling is in charge. By employing various cooking techniques, each course showcases different textures and flavors of buckwheat. For example, they offer self-made soba rolls with tuna and seaweed sauce, along with French-style buckwheat pancakes called galettes and grilled fish. The modern yet cozy space, combined with the clean presentation of the dishes, reflects the chef's dedication and attention to detail.",37.54126,126.94629,2026-02-17T22:25:57.141146+00:00,,,,소바쥬,"마포구 큰우물로 75, 지하 1층 22호, Seoul"
michelin,Sobakeeri Suzu,"98 Dongho-ro 12-gil, Jung-gu, Seoul",Seoul,South Korea,Selected,Soba,₩,,https://guide.michelin.com/us/en/seoul-capital-area/kr-seoul/restaurant/sobakeeri-suzu,,"After honing his culinary skills in Japan, the owner-chef returned to reinterpret the beloved soba tradition using Korean buckwheat. Instead of following the typical buckwheat-to-flour ratios such as juwari or nihachi, the chef opted for sotoichi. The soba features a gentle grain aroma and a pleasantly chewy texture. You can enjoy classic zaru soba along with tasty braised dishes and crispy tempura, all great choices to pair with sake.",37.55949,127.01243,2026-02-17T22:25:57.141146+00:00,,,,소바키리 스즈,"중구 동호로 12길 98, Seoul"
michelin,Soigné,"#201, 2F, Sinsa square, 652 Gangnam-daero, Gangnam-gu, Seoul",Seoul,South Korea,2 Stars,Contemporary,₩₩₩₩,,https://guide.michelin.com/us/en/seoul-capital-area/kr-seoul/restaurant/soigne,,"Soigné is celebrated for a tasting menu that reflects the changing seasons and brings each ingredient to life. Owner-chef Jun Lee blends Korean sensibilities with contemporary techniques, creating dishes articulated entirely in his own voice. His signature ‘Episode’ menus unfold like a classical narrative, from introduction to conclusion, as a paced culinary performance. In a minimalist, white-toned space centred on the kitchen, with elegant plating and attentive service, the dining experience is one to remember.",37.51933,127.01903,2026-02-17T22:25:57.141146+00:00,,,,스와니예,"강남구 강남대로 652 신사스퀘어 2층 201호, Seoul"
michelin,Solbam,"2F, 231 Hakdong-ro, Gangnam-gu, Seoul",Seoul,South Korea,1 Star,Contemporary,₩₩₩₩,,https://guide.michelin.com/us/en/seoul-capital-area/kr-seoul/restaurant/solbam,,"An evening at Solbam begins with drinks and snacks in the atmospherically lit drawing room before you are led into a bright, spacious dining area with an open kitchen. Chef-owner Tae-jun Eom’s extensive experience and technical skill are put to excellent use, especially when paired with the best of Korea’s seasonal produce. Whether it is snow crab with cauliflower, abalone with bamboo shoots, or Hanwoo with dallae, the dishes are often original and striking, presented with a touch of theatricality by a highly formal service team. For the full experience, opt for the three- or seven-glass wine pairing.",37.516,127.03378,2026-02-17T22:25:57.141146+00:00,,,,솔밤,"강남구 학동로 231, 2층, Seoul"
michelin,Sonnet,"3F, Seolleung-ro 157-gil, Gangnam-gu, Seoul",Seoul,South Korea,Selected,French Contemporary,₩₩,,https://guide.michelin.com/us/en/seoul-capital-area/kr-seoul/restaurant/sonnet-1241886,,"Sonnet translates as 'a short song' in French, an apt name for a restaurant devoted to small plates. It offers a casual take on French cuisine, with a menu ranging from bite-sized morsels to desserts crafted using sophisticated culinary techniques. Cocoa rolls filled with chicken liver mousse, topped with truffle and raspberry jam, balance two distinct flavours, while the buckwheat pasta with fresh clams and caviar offers a subtle aromatic note.",37.52628,127.03704,2026-02-17T22:25:57.141146+00:00,,,,소넷,"강남구 선릉로 157길 33, 3층, Seoul"
michelin,Sooksoodoga,"28 Dongsomun-ro 17-gil, Seongbuk-gu, Seoul",Seoul,South Korea,Selected,Barbecue,₩₩,,https://guide.michelin.com/us/en/seoul-capital-area/kr-seoul/restaurant/sooksoodoga,,"Sooksoodoga carefully selects the finest premium hanwoo beef, which is matured using proprietary methods for anywhere from 46 to 720 hours; the aim is to offer only the very best in aged meat.  The tasting menu offers diners a choice from three different cuts, accompanied by small Korean dishes. À la carte options are also available. The reasonable pricing, designed to make aged beef more accessible, is reason enough to visit.",37.5935,127.01539,2026-02-17T22:25:57.141146+00:00,,,,숙수도가,"성북구 동소문로 17길 28, Seoul"
michelin,Joo052,"26 Gosanja-ro 14-gil, Seongdong-gu, Seoul",Seoul,South Korea,Selected,Korean,₩₩,,https://guide.michelin.com/us/en/seoul-capital-area/kr-seoul/restaurant/sool052,,"Joo052 is a portmanteau of 'Joo' (alcohol) and '052', the area code of the region the chefs live in. It is a Korean gastropub brimming with culinary ideas as playful as the restaurant’s name. Employing diverse fermented pastes and fermentation techniques, the basis of Korean cuisine, the chef duo offers unique dishes prepared with exceptional care and attention to detail to bring out unforgettable flavours. Additionally, the varied menu selections tend to go well together, making it easy to enjoy multiple items at once. These charms make Joo052 a perfect place to experience the exquisite harmony between Korean food and Korean alcohol.",37.56344,127.03766,2026-02-17T22:25:57.141146+00:00,,,,주052,"성동구 고산자로 14길 26, Seoul"
michelin,Soseoul Hannam,"B1F, 21-18 Hannam-daero 20-gil, Yongsan-gu, Seoul",Seoul,South Korea,1 Star,Korean,₩₩₩₩,,https://guide.michelin.com/us/en/seoul-capital-area/kr-seoul/restaurant/soseoul-hannam,,"Inspired by local culinary traditions but dedicated to expressing the modern-day sensibilities of Seoul cuisine, Soseoul Hannam serves up contemporary Korean food using ingredients that are most familiar to the local palate. The chef's creations are an homage to some of the more typical dishes and preparation techniques, including seasoned salads, pan-fried and braised dishes. Kelp chips, rich soybean paste stew, sliced raw fish with gomchwi (Fischer's ragwort) and aged kimchi, and chargrilled webfoot octopus are some of its signature offerings. Embark on a flavorful and refined journey through Korea with this diverse collection of traditional liquors.",37.53528,127.00914,2026-02-17T22:25:57.141146+00:00,,,,소설한남,"용산구 한남대로 20길 21-18, 지하 1층, Seoul"
michelin,Sosuheon,"8 Mallijae-ro 21-gil, Jung-gu, Seoul",Seoul,South Korea,1 Star,Sushi,₩₩₩₩,,https://guide.michelin.com/us/en/seoul-capital-area/kr-seoul/restaurant/sosuheon,,"Juxtaposed with Seoul’s contemporary skyline, a traditional hanok is home to Chef  Kyung-jae Park’s Sosuheon. The serene setting offers an elegant retreat from the city. From the eight-seat counter, diners can watch the confident chef at work as he prepares nigiri with quiet concentration. Prior to the nigiri course, a range of well-executed dishes is served, from cod roe with hairy crab to steamed tilefish and grilled hairtail. Highlights include gizzard shad and creamy cuttlefish, and a bowl of matcha brings the memorable evening to a close.",37.55294,126.9634,2026-02-17T22:25:57.141146+00:00,,,,소수헌,"중구 만리재로 21길 8, Seoul"
michelin,Soul,"B1F, 35 Sinheung-ro 26-gil, Yongsan-gu, Seoul",Seoul,South Korea,1 Star,Contemporary,₩₩₩,,https://guide.michelin.com/us/en/seoul-capital-area/kr-seoul/restaurant/soul-dining,,"Located in a quaint part of Seoul, this operation is Chef Dae-hyun Yoon’s bold experiment in stylish fine dining. Here, the diverse culinary traditions and ingredients one may encounter in modern-day Korea converge with the familiar tastes found in everyday life to form unique fusion creations. Among the many connotations of the establishment’s name is the chef’s desire to serve food with soul, and this is palpable in every dish. Along with his wife, Chef Hee-eun Kim, this husband-and-wife duo have partitioned their establishment into several distinct sections, creating suitable dining spaces for disparate cuisines.",37.54533,126.98443,2026-02-17T22:25:57.141146+00:00,,,,소울,"용산구 신흥로 26길 35, 지하 1층, Seoul"
michelin,STAY,"81F Lotteworld Tower, 300 Olympic-ro, Songpa-gu, Seoul",Seoul,South Korea,Selected,French,₩₩₩₩,,https://guide.michelin.com/us/en/seoul-capital-area/kr-seoul/restaurant/stay,,"Located on the 81st floor, STAY offers a modern, luxurious dining experience in an elegant and comfortable setting. The menu, rooted in French technique, remains restrained rather than ornate, balancing meticulous detail with approachability. Some dishes are finished tableside, creating a natural sense of interaction, and the service is notably warm and attentive. The meal concludes with a delightful ritual at the central French Pastry Library, where guests may choose their preferred petits fours. A daytime visit is especially recommended—the expansive windows provide sweeping, refreshing views of the cityscape.",37.51271,127.10258,2026-02-17T22:25:57.141146+00:00,,,,스테이,"송파구 올림픽로 300, 롯데월드 타워 81층, Seoul"
michelin,Subaru,"7 Bangbae-jungangno 21-gil, Seocho-gu, Seoul",Seoul,South Korea,Bib Gourmand,Soba,₩,,https://guide.michelin.com/us/en/seoul-capital-area/kr-seoul/restaurant/subaru,,"Chef Young-chul Kang has spent years studying and refining the craft of soba making, driven by a single aim: to serve soba that matches the quality found in its birthplace. At Subaru, the soba follows the classic nihachi style and is made fresh using traditional Edo-period methods. Signature dishes include zaru soba, prized for its clean, pure flavour; soba with umami-rich duck and green onion; and soba with perilla oil. Diners can also enjoy foot-kneaded udon noodles, made in-house for a satisfyingly chewy texture.",37.49234,126.98611,2026-02-17T22:25:57.141146+00:00,,,,스바루,"서초구 방배중앙로 21길 7, Seoul"
michelin,Sushi Matsumoto,"24 Dosan-daero 75-gil, Gangnam-gu, Seoul",Seoul,South Korea,1 Star,Sushi,₩₩₩₩,,https://guide.michelin.com/us/en/seoul-capital-area/kr-seoul/restaurant/sushi-matsumoto-1195338,,"Chef Matsumoto Mizuho is renowned for replicating authenticity in local settings. Rather than chasing after gastronomic trends, this sushiya strives to faithfully reproduce the authentic sushi of mainland Japan amidst the Korean milieu. Such efforts are unmistakable—from the composition and arrangement of shari (rice) and neta (fish topping) to the knowledgeable service provided. The impressive line of tsumami (appetizers) and the progression of nigiri sushi —reflecting the natural cadence of flavors — remain the main culinary appeal.",37.52535,127.04573,2026-02-17T22:25:57.141146+00:00,,,,스시 마츠모토,"강남구 도산대로 75길 24, Seoul"
michelin,Table for Four,"5F, 25-12 Daesagwan-ro 31-gil, Yongsan-gu, Seoul",Seoul,South Korea,Selected,Contemporary,₩₩,,https://guide.michelin.com/us/en/seoul-capital-area/kr-seoul/restaurant/table-for-four,,"This 'Table' uses a wide range of seasonal ingredients infused with optimal flavors from Taean, South Chungcheong Province—the chef’s hometown. His affection for the region and genuine passion to serve the freshest and healthiest food to patrons are the reasons behind his use of such choice. The chef is able to skillfully transform his hometown ingredients into exciting dishes, and at other times there is minimal culinary intervention. Diners who visit are bound to relish the allure of this European cuisine, imbued with the flair of Taean and accompanied by a wine list strong on Burgundy.",37.53468,127.00523,2026-02-17T22:25:57.141146+00:00,,,,테이블 포 포,"용산구 대사관로 31길 25-12, 5층, Seoul"
michelin,Tasty Cube,"22-8 Yeonsei-ro 5da-gil, Seodaemun-gu, Seoul",Seoul,South Korea,Bib Gourmand,Noodles,₩,,https://guide.michelin.com/us/en/seoul-capital-area/kr-seoul/restaurant/tasty-cube,,"It is specialized in noodle dishes, with the signature being the hongtang and baektang noodles made from beef bone and meat. Another popular choice is kkaebusumyeon, a soupless tantanmen served with nutty zmajing sauce made from ground peanuts and sesame seeds. It offers Choyuringi, a chicken dish with a vinegar sauce, in small portions to accompany the noodles. Extra noodles are available free of charge, and the counter seating is ideal for solo diners.",37.55665,126.93576,2026-02-17T22:25:57.141146+00:00,,,,정육면체,"서대문구 연세로 5다길 22-8, Seoul"
michelin,Tenjimon,"4F, 41 Hakdong-ro 97-gil, Gangnam-gu, Seoul",Seoul,South Korea,Selected,Japanese,₩₩,,https://guide.michelin.com/us/en/seoul-capital-area/kr-seoul/restaurant/tenjimon,,"A collaboration between Chef Kim Dae-chun—owner of TOC TOC—and Chef Zaiyu Hasegawa—owner of Den in Tokyo—""Tenjimon' is the Japanese pronunciation of a Chinese/Korean word that means “To open the door to the gastronomic world via ingredients from heaven and earth.” Although this partnership requires that the menu be confirmed from Japan, Tenjimon’s omakase features fresh Korean ingredients. Of particular note, the signature hot pot rice is a uniquely flavored delicacy made with seasonal and local ingredients, such as amur wallflower and aster leaf. Since seating is limited for this unique culinary discovery, reservations are a must.",37.52237,127.05429,2026-02-17T22:25:57.141146+00:00,,,,텐지몽,"강남구 학동로 97길 41, 4층, Seoul"
michelin,Teppan,"B1F, Grand Hyatt Hotel, 322 Sowol-ro, Yongsan-gu, Seoul",Seoul,South Korea,Selected,Teppanyaki,₩₩₩,,https://guide.michelin.com/us/en/seoul-capital-area/kr-seoul/restaurant/teppan,,"Located along Grand Hyatt Seoul’s gourmet alley 322 Sowol-ro, Teppan is a restaurant where everything on the menu is cooked on an iron griddle — even appetizers and desserts. Food is prepared by chefs in front of the guests on flat-surface grills behind the bar counter. Diners can also gaze out at the scenic view of Namsan Mountain through the restaurant’s wide windows while enjoying their meal. The menu offers plenty of fresh seafood and meats as well as spectacular fire shows.",37.53929,126.9971,2026-02-17T22:25:57.141146+00:00,,,,테판,"용산구 소월로 322, 그랜드 하얏트 호텔 지하 1층, Seoul"
michelin,The Green Table,"5F Arario Space, 83 Yulgok-ro, Jongno-gu, Seoul",Seoul,South Korea,Selected,Contemporary,₩₩₩₩,,https://guide.michelin.com/us/en/seoul-capital-area/kr-seoul/restaurant/the-green-table,,"Chef Kim Eun-hee applies French culinary precision to vegetables and grains, thoughtfully pairing them with traditional jangajji. Her risotto-style composition—built on barley, black rice, and oats—highlights root vegetables, bound together by a delicately expressive vegetable stock sauce, patiently simmered to reveal quiet depth. The ever-changing view of Changgyeonggung Palace lends a sense of place and serenity, while attentive yet unobtrusive service subtly elevates the overall dining experience.",37.57781,126.98829,2026-02-17T22:25:57.141146+00:00,,,,더 그린테이블,"종로구 율곡로 83, 아라리오 스페이스 5층, Seoul"
michelin,The Ninth Gate,"1F The Westin Chosun Hotel, 106 Sogong-ro, Jung-gu, Seoul",Seoul,South Korea,Selected,French,₩₩₩,,https://guide.michelin.com/us/en/seoul-capital-area/kr-seoul/restaurant/the-ninth-gate,,"It would be challenging to discuss the evolution of French dining in Seoul without mentioning The Ninth Gate. Keeping up with Seoul’s ever-transforming restaurant scene, a newer and better The Ninth Gate reopened its doors to the delight of fans both old and new. While the food is still reflective of the classic French style from the days before its facelift, there is also greater sophistication that makes the restaurant more relevant than ever before. Wine-tasting programs are offered at the bar counter after 10 pm.",37.5644,126.97969,2026-02-17T22:25:57.141146+00:00,,,,나인스 게이트,"중구 소공로 106, 웨스틴 조선 호텔 1층, Seoul"
michelin,Tim Ho Wan,"30 Bongeunsa-ro 86-gil, Gangnam-gu, Seoul",Seoul,South Korea,Selected,Dim Sum,₩,,https://guide.michelin.com/us/en/seoul-capital-area/kr-seoul/restaurant/tim-ho-wan,,"Tim Ho Wan has played a major role in making Hong Kong-style dim sum popular in many countries worldwide. The main force behind such growing popularity has been its policy of maintaining the traditional form of Hong Kong dim sum dishes and making them available at affordable prices. This management philosophy has been upheld in its branches in Seoul, making them as authentic as the original. The franchise’s capacious Samseong outpost, which is also the main location in Seoul, can serve up to 110 customers at one time and offers ample parking spaces. It is the perfect place to indulge in a wide variety of traditional dim sum.",37.5115769,127.0567982,2026-02-17T22:25:57.141146+00:00,,,,팀호완,"강남구 봉은사로 86길 30, Seoul"
michelin,Toc Toc,"3F, 41 Hakdong-ro 97-gil, Gangnam-gu, Seoul",Seoul,South Korea,Selected,Contemporary,₩₩,,https://guide.michelin.com/us/en/seoul-capital-area/kr-seoul/restaurant/toc-toc,,"Chef Dae-chun Kim’s unwavering dedication to culinary excellence and his insistence on using only the finest ingredients are clearly reflected in the cuisine of Toc Toc. Chef Kim emphasises precision in technique to bring out the pure, natural flavours of each ingredient, highlighting his deep respect for the value of quality produce. His distinctive dishes are a testament to the care and creativity infused into every plate. In addition to his course menus, Toc Toc offers a thoughtfully curated selection of à la carte dishes, allowing guests to experience the full spectrum of flavours the restaurant has to offer.",37.52237,127.05429,2026-02-17T22:25:57.141146+00:00,,,,톡톡,"강남구 학동로 97길 41, 3층, Seoul"
michelin,Toh Lim,"37F Lotte Hotel, 30 Eulji-ro, Jung-gu, Seoul",Seoul,South Korea,Selected,Chinese,₩₩₩₩,,https://guide.michelin.com/us/en/seoul-capital-area/kr-seoul/restaurant/toh-lim,,"Located on the 37th floor of the Lotte Hotel, this Chinese restaurant offers a panoramic city view in a refined, East-inspired setting. The menu spans from dim sum to regional Chinese dishes, with a particular focus on seafood to accommodate a wide range of preferences. A signature highlight is the braised dish of matsutake mushrooms, abalone, and minced pork—a harmonious combination in which the mushroom’s subtle aroma and the abalone’s deep umami enrich the savory pork. Elegant private dining rooms of various sizes make it a fitting choice for family gatherings or business occasions.",37.56531,126.981,2026-02-17T22:25:57.141146+00:00,,,,도림,"중구 을지로 30, 롯데호텔 37층, Seoul"
michelin,Tongue & Groove Joint,"7 Bogwang-ro 60-gil, Yongsan-gu, Seoul",Seoul,South Korea,Selected,Barbecue,₩₩,,https://guide.michelin.com/us/en/seoul-capital-area/kr-seoul/restaurant/tongue-groove-joint,,"Don’t expect to walk into a typical Korean barbecue restaurant when you visit Tongue and Groove Joint, a casually cool and modern space that feels more like a café or a beer hall. The restaurant specializes in quality Korean beef aged for at least three weeks as well as tender lamb chops and beef ribeye. These cuts are grilled at the table by the staff and come with a side of house-made chili oil and cilantro pesto which help cut the richness. The restaurant also has a good variety of lunch offerings and a wide selection of craft beers.",37.53404,126.99451,2026-02-17T22:25:57.141146+00:00,,,,텅 앤 그루브 조인트,"용산구 보광로 60길 7, Seoul"
michelin,Trid,"2F, 16 Seolleung-ro 162-gil, Gangnam-gu, Seoul",Seoul,South Korea,Selected,Contemporary,₩₩₩,,https://guide.michelin.com/us/en/seoul-capital-area/kr-seoul/restaurant/trid,,"Diversity, deliciousness, and delight are the three D’s that form the basis for this restaurant's name. Trid focuses on these elements; in fact, it's the place where the perpetual culinary struggle to meet such standards is most strongly felt. The head chef has experienced diverse dining environments in different cultures, which has allowed him to make bold and interesting choices while pursuing new tastes and combinations of ingredients. The spatial cosiness, refined service, and elegantly designed open kitchen match the restaurant’s fare, creating a harmonious dining experience.",37.5267383,127.0416702,2026-02-17T22:25:57.141146+00:00,,,,트리드,"강남구 선릉로 162길 16, 2층, Seoul"
michelin,Tutoiement,"20 Gwangnaru-ro 11-gil, Seongdong-gu, Seoul",Seoul,South Korea,1 Star,French,₩₩₩₩,,https://guide.michelin.com/us/en/seoul-capital-area/kr-seoul/restaurant/tutoiement,,"The name Tutoiement means 'to speak in a friendly, informal way', reflecting Chef Do-hyeon Kim’s desire to connect casually with diners through food. Interestingly, in contrast to this relaxed approach, the precisely cooked and sophisticated French cuisine engages the senses, placing the focus firmly on the food. The chef expresses the subtle flavours, textures, and nuances of each ingredient with care, plating dishes to highlight harmony between the components and their accompanying sauces. His cooking reflects a personal journey, guided by clarity of vision and a desire to create a dining experience that feels both thoughtful and memorable.",37.54969,127.0666,2026-02-17T22:25:57.141146+00:00,,,,뛰뚜아멍,"성동구 광나루로 11길 20, Seoul"
michelin,Vault Steakhouse,"2F, 22 Apgujeong-ro 72-gil, Gangnam-gu, Seoul",Seoul,South Korea,Selected,Steakhouse,₩₩₩₩,,https://guide.michelin.com/us/en/seoul-capital-area/kr-seoul/restaurant/vault-steakhouse,,"The dimly lit masculine décor and a comprehensive whiskey collection with nearly 400 bottles to choose from make Vault+82 one of the most sought-after whiskey bars in Seoul. Right above it is the American-style Vault Steakhouse where premium USDA-approved American beef free of antibiotics and hormones is dry-aged for 14 and 28 days. Available cuts include T-bone, L-bone, bone-in ribeye, filet mignon, New York strip and boneless ribeye.",37.52496,127.04496,2026-02-17T22:25:57.141146+00:00,,,,볼트 스테이크하우스,"강남구 압구정로 72길 22, 2층, Seoul"
michelin,VINHO,"#162 Wellstone Bldg, 38 Hakdong-ro 43-gil, Gangnam-gu, Seoul",Seoul,South Korea,1 Star,Contemporary,₩₩₩,,https://guide.michelin.com/us/en/seoul-capital-area/kr-seoul/restaurant/vinho,,"Beneath an industrial-style ceiling, a dark-toned counter wraps around the open kitchen, allowing guests to observe each dish taking shape up close. Bright, upbeat music and the team’s easygoing service create an atmosphere that feels both relaxed and refined. Drawing on experience from well-known kitchens, co-owner Chef Sung-bin Jeon presents a seasonal menu that blends Korean tradition, modern technique, and personal interpretation. Subtle, expressive flavours and a bold yet minimalist aesthetic define the course experience. A thoughtfully curated wine pairing is recommended for those seeking a deeper journey.",37.51866,127.03814,2026-02-17T22:25:57.141146+00:00,,,,빈호,"강남구 학동로 43길 38, 논현웰스톤 162호, Seoul"
michelin,Woo Lae Oak,"62-29 Changgyeonggung-ro, Jung-gu, Seoul",Seoul,South Korea,Bib Gourmand,Naengmyeon,₩,,https://guide.michelin.com/us/en/seoul-capital-area/kr-seoul/restaurant/woo-lae-oak,,"Woo Lae Oak is one of the best-known Pyongyang naengmyeon restaurants in Seoul, and its traditions have been upheld since its opening in 1946. The broth is what sets this spot apart from other competitors. It is made by boiling Hanwoo foreshank for hours and seasoned with nothing more than salt and soy sauce to create the clean savoury flavour that can only be tasted here. The bulgogi, another popular dish, pairs well with the cold noodles. The restaurant has maintained consistent flavours  and has exclusively used local ingredients through its many years of service, which makes it packed with diners around the clock.",37.56815,126.99866,2026-02-17T22:25:57.141146+00:00,,,,우래옥,"중구 창경궁로 62-29, Seoul"
michelin,Wooga,"B1F, 22 Dosan-daero 49-gil, Gangnam-gu, Seoul",Seoul,South Korea,Selected,Barbecue,₩₩₩,,https://guide.michelin.com/us/en/seoul-capital-area/kr-seoul/restaurant/wooga,,"Wooga was originally born in Hoengseong, the beef capital of Korea. The restaurant is known for preparing the choicest quality local beef in its unique style: dry aged and well done. Chef Heo Se-byeong has been experimenting tirelessly with beef under the slogan meat science to maximize the characteristics of this meat such as tenderness, juiciness and flavor. Don’t miss out on another perennial favorite: a stew made with soybean paste fermented over long stages by the chef’s own mom.",37.52432,127.03734,2026-02-17T22:25:57.141146+00:00,,,,우가,"강남구 도산대로 49길 22, 지하 1층, Seoul"
michelin,y'east,"3F, 26-6 Eonju-ro 170-gil, Gangnam-gu, Seoul",Seoul,South Korea,1 Star,Contemporary,₩₩₩,,https://guide.michelin.com/us/en/seoul-capital-area/kr-seoul/restaurant/y-east,,"y'east is home to unlimited culinary possibilities, just as the name suggests. Chef Young-dong Cho delights diners with familiar dishes reimagined via his singular aesthetics. He channels his passion into creating novel flavours by artfully blending ingredients that are hard to come by in Korea. From the signature amuse bouche inspired by kaya toast to galbi stone, each dish embodies the balance between novelty and familiarity, providing out-of-the-box gastronomic pleasures while retaining the essence of the original flavour.",37.5263,127.03556,2026-02-17T22:25:57.141146+00:00,,,,이스트,"강남구 언주로 170길 26-6, 3층, Seoul"
michelin,Yakitori Kiyu,"31 Dohwa 4-gil, Mapo-gu, Seoul",Seoul,South Korea,Selected,Yakitori,₩₩,,https://guide.michelin.com/us/en/seoul-capital-area/kr-seoul/restaurant/yakitori-kiyu,,"The experienced chefs’ busy hands deftly grill the chicken as the enticing aroma of Korean tojongdak yakitori fills the entire space. Yakitori Kiyu's goal is to take the flavours of yakitori to the next level. The restaurant uses chickens naturally raised on various medicinal herbs to provide diners with healthy, high-quality cuts of chicken. The menu features unlaid chicken eggs, which can only be obtained when a laying hen is slaughtered, highlighting the freshness of the ingredients.",37.54059,126.95149,2026-02-17T22:25:57.141146+00:00,,,,야키토리 키유,"서울 마포구 도화 4길 31, Seoul"
michelin,Yakitori Mook,"165-1 Seongmisan-ro, Mapo-gu, Seoul",Seoul,South Korea,Selected,Yakitori,₩,,https://guide.michelin.com/us/en/seoul-capital-area/kr-seoul/restaurant/yakitori-mook,,"The chef prepares fresh tojongdak each day, offering a variety of cuts grilled over charcoal to showcase the bird’s unique flavors through the art of yakitori. A well-balanced marinade enhances the nuttiness and savory flavors of the meat. The tsukune, served with a poached egg, is tender and juicy, making it one of the most popular items alongside the negima. Do note that omakase pricing varies depending on the time, and ordering alcohol is required.",37.56461,126.92449,2026-02-17T22:25:57.141146+00:00,,,,야키토리 묵,"마포구 성미산로 165-1, Seoul"
michelin,Yangyang Memil Makguksu,"10 Donggwang-ro 15-gil, Seocho-gu, Seoul",Seoul,South Korea,Bib Gourmand,Memil-guksu,₩,,https://guide.michelin.com/us/en/seoul-capital-area/kr-seoul/restaurant/yangyang-memil-makguksu,,"The not-so-secret secret to the longevity and success of Yangyang Memil Makguksu is that its noodles are made with 100% buckwheat and that they are made to order every time. The proprietor of the restaurant began his business many years ago for one reason only - buckwheat noodles were his favorite food. Although the restaurant specializes in the Gangwon-do Province-style cold buckwheat noodles, it also makes a fine bowl of spicy noodles composed with homemade kimchi. The basic spread is simple, but it’s rustic food at its best, made with love.",37.49247,126.98826,2026-02-17T22:25:57.141146+00:00,,,,양양 메밀 막국수,"서초구 동광로 15길 10, Seoul"
michelin,Yonggeumok,"41-2 Jahamun-ro, Jongno-gu, Seoul",Seoul,South Korea,Bib Gourmand,Chueotang,₩,,https://guide.michelin.com/us/en/seoul-capital-area/kr-seoul/restaurant/yonggeumok,,"Since 1932, Yonggeumok has been offering piping hot bowls of loach soup, a popular local dish believed to boost energy, especially during the summer months. This restaurant serves two different versions of the hearty and comforting soup: the chunkier Seoul style with whole loach, and the smoother Jeolla province style with ground loach. Everything on the menu as well as the complimentary side dishes are prepared daily by the longtime owner and chef Han Jeong-ja.",37.57972,126.97088,2026-02-17T22:25:57.141146+00:00,,,,용금옥,"종로구 자하문로 41-2, Seoul"
michelin,Youhan,"10-5 Daesagwan-ro 5-gil, Yongsan-gu, Seoul",Seoul,South Korea,Bib Gourmand,Thai,₩,,https://guide.michelin.com/us/en/seoul-capital-area/kr-seoul/restaurant/youhan,,"Yuhan is a small, chic Thai bistro. It can be difficult to find for first-time visitors, as it is hidden deep in the alleys of Hannam-dong. Established by Chef Kim Yu-han, who attended culinary school in Thailand, the restaurant offers familiar dishes with a creative twist. Diners can experience diverse flavors, including Thai sausages, seasonal sashimi, and dishes topped with various Thai curries . The restaurant also offers natural wine recommendations that perfectly pair with the dishes.",37.53482,127.00108,2026-02-17T22:25:57.141146+00:00,,,,유한,"용산구 대사관로 5길 10-5, Seoul"
michelin,Yu Yuan,"11F Four Seasons Hotel, 97 Saemunan-ro, Jongno-gu, Seoul",Seoul,South Korea,1 Star,Chinese,₩₩₩₩,,https://guide.michelin.com/us/en/seoul-capital-area/kr-seoul/restaurant/yu-yuan,,"On your way to your table, you’ll walk past a cabinet of Peking duck that’s a favorite order of many of the guests here at this handsome and comfortable Chinese restaurant at the Four Seasons hotel. While the menu leans towards Cantonese cuisine–lunchtime dim sum is always popular and the choice is extensive–the kitchen also offers specialities from a number of Chinese regions. Wok-fried Hoengseong Hanwood beef with ginger is a dish to look out for.",37.57049,126.97545,2026-02-17T22:25:57.141146+00:00,,,,유 유안,"종로구 새문안로 97, 포시즌스 호텔 11층, Seoul"
michelin,Yukjeon Hoekwan,"47 Tojeong-ro 37-gil, Mapo-gu, Seoul",Seoul,South Korea,Bib Gourmand,Bulgogi,₩₩,,https://guide.michelin.com/us/en/seoul-capital-area/kr-seoul/restaurant/yukjeon-hoekwan,,"Three generations spanning five decades have kept this restaurant in business since its opening in 1962. At the time, their iconic crispy thin-sliced bulgogi, grilled over open flames, was all that was offered on the menu. The dish became so popular that the name bassak bulgogi was patented. Today, the restaurant stands four stories high, still serving the same dish that has fed generations. Their coagulated beef blood soup with a clear broth is another stunner.",37.566,126.947,2026-02-17T22:25:57.141146+00:00,,,,역전회관,"마포구 토정로 37길 47, Seoul"
michelin,YUN,"805 Seolleung-ro, Gangnam-gu, Seoul",Seoul,South Korea,1 Star,Korean,₩₩₩,,https://guide.michelin.com/us/en/seoul-capital-area/kr-seoul/restaurant/yun,,"Chef-Owner Kim Do-yun is someone clearly passionate about ingredients, and he holds a particular fascination for noodles. The counter allows those lucky enough to have secured reservations a front-row seat to witness the dishes’ creation and hear the detailed explanations of the aging, fermenting and drying techniques that are used to add such depth of flavor and contrasting textures to the fish and meats that make up the multi-course set menu. This is cooking from a chef who never stops learning or developing his skills.",37.52416,127.03906,2026-02-17T22:25:57.141146+00:00,,,,윤서울,"강남구 선릉로 805, Seoul"
michelin,Yurimmyeon,"139-1 Seosomun-ro, Jung-gu, Seoul",Seoul,South Korea,Bib Gourmand,Memil-guksu,₩,,https://guide.michelin.com/us/en/seoul-capital-area/kr-seoul/restaurant/yurimmyeon,,"For over 50 years, this family-run eatery has been serving bowls of noodles to those seeking comforting nourishment. The fresh buckwheat noodles, one of its bestsellers, are made from scratch, daily, using premium salt from Bigeumdo Island in Sinan County, and buckwheat flour from Bongpyeong. Topped with seasoned vegetables, thin strips of egg garnish, and a dollop of sweet and spicy sauce, a bowl of these noodles makes for a satisfying meal. Garak-guksu, wheat noodles in piping hot broth, comes with a generous serving of fishcake.",37.56419,126.9761,2026-02-17T22:25:57.141146+00:00,,,,유림면,"중구 서소문로 139-1, Seoul"
michelin,Zero Complex,"11-8 Seobinggo-ro 59-gil, Yongsan-gu, Seoul",Seoul,South Korea,1 Star,Innovative,₩₩₩₩,,https://guide.michelin.com/us/en/seoul-capital-area/kr-seoul/restaurant/zero-complex,,"Zero Complex has consistently presented innovative interpretations of the ingredients since its opening. Despite relocating twice, the flavours and creativity of the dishes have never wavered. The restaurant showcases the delightfully bouncy texture and rich, smoky flavour of sea mustard through one of their signature dishes—Pacific geoduck served with sides of chewy barley, sea spaghetti, and sea mustard mouse. Although the restaurant, located in a quiet residential area, might be a challenge to find, tasting the dishes while admiring the quiet garden will make it worth your while.",37.52079,126.99285,2026-02-17T22:25:57.141146+00:00,,,,제로 컴플렉스,"용산구 서빙고로 59길 11-8, Seoul"
michelin,Zhonghuafuchun Salon,"10 Yeonnam-ro, Mapo-gu, Seoul",Seoul,South Korea,Selected,Chinese,₩₩,,https://guide.michelin.com/us/en/seoul-capital-area/kr-seoul/restaurant/zhonghuafuchun-salon,,"Zhonghuafuchun Salon is a fascinating establishment where traditional Chinese recipes, combined with local twists, translate into a richly flavourful feast. A cuisine that transforms and responds to changing times must be founded on the chef's clear and accurate understanding of the culinary tradition. Chef Bok-chun Nam’s dedication to reforming Chinese cuisine is unmistakable in his culinary creations. To promote a gradual evolution in his native cuisine, he pays particular attention to selecting quality ingredients while engaging in active exchanges with chefs in Mainland China.",37.56068,126.92335,2026-02-17T22:25:57.141146+00:00,,,,중화복춘 살롱,"마포구 연남로 10, Seoul"
